"C:/RaylaFile/RaylaFeat/Rayla_Feat.uproject" 1
"../../../../../../RaylaFile/RaylaFeat/Binaries/Win64/UnrealEditor.modules" 2
"../../../Engine/Plugins/AudioInsights/AudioInsights.uplugin" 3
"../../../Engine/Plugins/BlueprintFileUtils/BlueprintFileUtils.uplugin" 4
"../../../Engine/Plugins/BaseMaterial/BaseMaterial.uplugin" 5
"../../../Engine/Plugins/ChaosInsights/ChaosInsights.uplugin" 6
"../../../Engine/Plugins/Bridge/Bridge.uplugin" 7
"../../../Engine/Plugins/AudioGameplayVolume/AudioGameplayVolume.uplugin" 8
"../../../Engine/Plugins/ChaosVD/ChaosVD.uplugin" 9
"../../../Engine/Plugins/ChaosClothAsset/ChaosClothAsset.uplugin" 10
"../../../Engine/Plugins/ChaosCloth/ChaosCloth.uplugin" 11
"../../../Engine/Plugins/DiscoveryBeaconReceiver/DiscoveryBeaconReceiver.uplugin" 12
"../../../Engine/Plugins/Fab/Fab.uplugin" 13
"../../../Engine/Plugins/EnhancedInput/EnhancedInput.uplugin" 14
"../../../Engine/Plugins/AudioGameplay/AudioGameplay.uplugin" 15
"../../../Engine/Plugins/JsonBlueprintUtilities/JsonBlueprintUtilities.uplugin" 16
"../../../Engine/Plugins/IoStoreInsights/IoStoreInsights.uplugin" 17
"../../../Engine/Plugins/Chooser/Chooser.uplugin" 18
"../../../Engine/Plugins/FastBuildController/FastBuildController.uplugin" 19
"../../../Engine/Plugins/ChaosClothAssetEditor/ChaosClothAssetEditor.uplugin" 20
"../../../Engine/Plugins/CmdLinkServer/CmdLinkServer.uplugin" 21
"../../../Engine/Plugins/Mutable/Mutable.uplugin" 22
"../../../Engine/Plugins/MeshPainting/MeshPainting.uplugin" 23
"../../../Engine/Plugins/ScriptPlugin/ScriptPlugin.uplugin" 24
"../../../Engine/Plugins/RenderGraphInsights/RenderGraphInsights.uplugin" 25
"../../../Engine/Plugins/PCG/PCG.uplugin" 26
"../../../Engine/Plugins/MemoryUsageQueries/MemoryUsageQueries.uplugin" 27
"../../../Engine/Plugins/MassInsights/MassInsights.uplugin" 28
"../../../Engine/Plugins/LightWeightInstancesEditor/LightWeightInstancesEditor.uplugin" 29
"../../../Engine/Plugins/WorldMetrics/WorldMetrics.uplugin" 30
"../../../Engine/Plugins/UbaController/UbaController.uplugin" 31
"../../../Engine/Plugins/Enterprise/AxFImporter/AxFImporter.uplugin" 32
"../../../Engine/Plugins/Enterprise/DatasmithContent/DatasmithContent.uplugin" 33
"../../../Engine/Plugins/XGEController/XGEController.uplugin" 34
"../../../Engine/Plugins/TextureGraph/TextureGraph.uplugin" 35
"../../../Engine/Plugins/Enterprise/GLTFExporter/GLTFExporter.uplugin" 36
"../../../Engine/Plugins/Enterprise/DataprepEditor/DataprepEditor.uplugin" 37
"../../../Engine/Plugins/Enterprise/DatasmithFBXImporter/DatasmithFBXImporter.uplugin" 38
"../../../Engine/Plugins/Enterprise/DatasmithCADImporter/DatasmithCADImporter.uplugin" 39
"../../../Engine/Plugins/Enterprise/DatasmithImporter/DatasmithImporter.uplugin" 40
"../../../Engine/Plugins/Enterprise/MDLImporter/MDLImporter.uplugin" 41
"../../../Engine/Plugins/FX/Niagara/Niagara.uplugin" 42
"../../../Engine/Plugins/Enterprise/DatasmithC4DImporter/DatasmithC4DImporter.uplugin" 43
"../../../Engine/Plugins/Enterprise/VariantManager/VariantManager.uplugin" 44
"../../../Engine/Plugins/FX/NiagaraMRQ/NiagaraMRQ.uplugin" 45
"../../../Engine/Plugins/FX/NiagaraNanite/NiagaraNanite.uplugin" 46
"../../../Engine/Plugins/Enterprise/VariantManagerContent/VariantManagerContent.uplugin" 47
"../../../Engine/Plugins/TraceUtilities/TraceUtilities.uplugin" 48
"../../../Engine/Plugins/Interchange/Runtime/Interchange.uplugin" 49
"../../../Engine/Plugins/FX/ExampleCustomDataInterface/ExampleCustomDataInterface.uplugin" 50
"../../../Engine/Plugins/Messaging/MessagingDebugger/MessagingDebugger.uplugin" 51
"../../../Engine/Plugins/FX/NiagaraFluids/NiagaraFluids.uplugin" 52
"../../../Engine/Plugins/FX/NiagaraPreviewContent/NiagaraPreviewContent.uplugin" 53
"../../../Engine/Plugins/Interchange/Assets/InterchangeAssets.uplugin" 54
"../../../Engine/Plugins/FX/CascadeToNiagaraConverter/CascadeToNiagaraConverter.uplugin" 55
"../../../Engine/Plugins/MovieScene/CustomizableSequencerTracks/CustomizableSequencerTracks.uplugin" 56
"../../../Engine/Plugins/FX/Cascade/Cascade.uplugin" 57
"../../../Engine/Plugins/MovieScene/ReplayTracks/ReplayTracks.uplugin" 58
"../../../Engine/Plugins/MovieScene/ActorSequence/ActorSequence.uplugin" 59
"../../../Engine/Plugins/Enterprise/LidarPointCloud/LidarPointCloud.uplugin" 60
"../../../Engine/Plugins/Messaging/UdpMessaging/UdpMessaging.uplugin" 61
"../../../Engine/Plugins/MovieScene/LevelSequenceEditor/LevelSequenceEditor.uplugin" 62
"../../../Engine/Plugins/NNE/NNEDenoiser/NNEDenoiser.uplugin" 63
"../../../Engine/Plugins/PCGInterops/PCGGeometryScriptInterop/PCGGeometryScriptInterop.uplugin" 64
"../../../Engine/Plugins/MovieScene/MovieRenderPipeline/MovieRenderPipeline.uplugin" 65
"../../../Engine/Plugins/Interchange/Editor/InterchangeEditor.uplugin" 66
"../../../Engine/Plugins/VirtualProduction/ActorModifier/ActorModifier.uplugin" 67
"../../../Engine/Plugins/MovieScene/MoviePipelineMaskRenderPass/MoviePipelineMaskRenderPass.uplugin" 68
"../../../Engine/Plugins/PCGInterops/PCGExternalDataInterop/PCGExternalDataInterop.uplugin" 69
"../../../Engine/Plugins/MovieScene/SequenceValidator/SequenceValidator.uplugin" 70
"../../../Engine/Plugins/NNE/NNERuntimeORT/NNERuntimeORT.uplugin" 71
"../../../Engine/Plugins/MovieScene/MovieSceneTextTrack/MovieSceneTextTrack.uplugin" 72
"../../../Engine/Plugins/Messaging/TcpMessaging/TcpMessaging.uplugin" 73
"../../../Engine/Plugins/VirtualProduction/CameraCalibration/CameraCalibration.uplugin" 74
"../../../Engine/Plugins/MovieScene/TemplateSequence/TemplateSequence.uplugin" 75
"../../../Engine/Plugins/VirtualProduction/Avalanche/Avalanche.uplugin" 76
"../../../Engine/Plugins/VirtualProduction/ActorModifierCore/ActorModifierCore.uplugin" 77
"../../../Engine/Plugins/FX/NiagaraSimCaching/NiagaraSimCaching.uplugin" 78
"../../../Engine/Plugins/PCGInterops/PCGPythonInterop/PCGPythonInterop.uplugin" 79
"../../../Engine/Plugins/VirtualProduction/CameraCalibrationML/CameraCalibrationML.uplugin" 80
"../../../Engine/Plugins/VirtualProduction/AvalancheSceneState/AvalancheSceneState.uplugin" 81
"../../../Engine/Plugins/VirtualProduction/DataLinkOAuth/DataLinkOAuth.uplugin" 82
"../../../Engine/Plugins/VirtualProduction/ICVFXTesting/ICVFXTesting.uplugin" 83
"../../../Engine/Plugins/VirtualProduction/AvalancheDataLink/AvalancheDataLink.uplugin" 84
"../../../Engine/Plugins/VirtualProduction/CaptureData/CaptureData.uplugin" 85
"../../../Engine/Plugins/VirtualProduction/DataLink/DataLink.uplugin" 86
"../../../Engine/Plugins/VirtualProduction/CompositePlane/CompositePlane.uplugin" 87
"../../../Engine/Plugins/VirtualProduction/CinematicAssemblyTools/CinematicAssemblyTools.uplugin" 88
"../../../Engine/Plugins/MovieScene/SequencerScripting/SequencerScripting.uplugin" 89
"../../../Engine/Plugins/VirtualProduction/LensComponent/LensComponent.uplugin" 90
"../../../Engine/Plugins/VirtualProduction/ICVFX/ICVFX.uplugin" 91
"../../../Engine/Plugins/VirtualProduction/DataCharts/DataCharts.uplugin" 92
"../../../Engine/Plugins/VirtualProduction/LevelSnapshots/LevelSnapshots.uplugin" 93
"../../../Engine/Plugins/VirtualProduction/CameraCalibrationCore/CameraCalibrationCore.uplugin" 94
"../../../Engine/Plugins/VirtualProduction/LiveLinkInputDevice/LiveLinkInputDevice.uplugin" 95
"../../../Engine/Plugins/VirtualProduction/EpicStageApp/EpicStageApp.uplugin" 96
"../../../Engine/Plugins/VirtualProduction/LiveLinkMasterLockit/LiveLinkMasterLockit.uplugin" 97
"../../../Engine/Plugins/VirtualProduction/LiveLinkPrestonMDR/LiveLinkPrestonMDR.uplugin" 98
"../../../Engine/Plugins/VirtualProduction/LiveLinkXR/LiveLinkXR.uplugin" 99
"../../../Engine/Plugins/VirtualProduction/LiveLinkCamera/LiveLinkCamera.uplugin" 100
"../../../Engine/Plugins/VirtualProduction/LiveLinkFreeD/LiveLinkFreeD.uplugin" 101
"../../../Engine/Plugins/VirtualProduction/PerformanceCaptureWorkflow/PerformanceCaptureWorkflow.uplugin" 102
"../../../Engine/Plugins/VirtualProduction/PropertyAnimatorCore/PropertyAnimatorCore.uplugin" 103
"../../../Engine/Plugins/VirtualProduction/RemoteControl/RemoteControl.uplugin" 104
"../../../Engine/Plugins/VirtualProduction/RemoteControlProtocolDMX/RemoteControlProtocolDMX.uplugin" 105
"../../../Engine/Plugins/VirtualProduction/RemoteControlWebInterface/RemoteControlWebInterface.uplugin" 106
"../../../Engine/Plugins/VirtualProduction/RemoteControlProtocolOSC/RemoteControlProtocolOSC.uplugin" 107
"../../../Engine/Plugins/VirtualProduction/LiveLinkLens/LiveLinkLens.uplugin" 108
"../../../Engine/Plugins/VirtualProduction/CustomDetailsView/CustomDetailsView.uplugin" 109
"../../../Engine/Plugins/VirtualProduction/GeometryMask/GeometryMask.uplugin" 110
"../../../Engine/Plugins/VirtualProduction/LiveLinkVRPN/LiveLinkVRPN.uplugin" 111
"../../../Engine/Plugins/VirtualProduction/RemoteControlInterception/RemoteControlInterception.uplugin" 112
"../../../Engine/Plugins/VirtualProduction/StormSync/StormSync.uplugin" 113
"../../../Engine/Plugins/VirtualProduction/DynamicMaterial/DynamicMaterial.uplugin" 114
"../../../Engine/Plugins/VirtualProduction/RemoteControlProtocolMIDI/RemoteControlProtocolMIDI.uplugin" 115
"../../../Engine/Plugins/VirtualProduction/SequencerPlaylists/SequencerPlaylists.uplugin" 116
"../../../Engine/Plugins/VirtualProduction/LiveLinkOpenTrackIO/LiveLinkOpenTrackIO.uplugin" 117
"../../../Engine/Plugins/VirtualProduction/SceneState/SceneState.uplugin" 118
"../../../Engine/Plugins/VirtualProduction/ClonerEffector/ClonerEffector.uplugin" 119
"../../../Engine/Plugins/VirtualProduction/SVGImporter/SVGImporter.uplugin" 120
"../../../Engine/Plugins/VirtualProduction/MultiUserTakes/MultiUserTakes.uplugin" 121
"../../../Engine/Plugins/VirtualProduction/TextureShare/TextureShare.uplugin" 122
"../../../Engine/Plugins/VirtualProduction/OperatorStack/OperatorStack.uplugin" 123
"../../../Engine/Plugins/VirtualProduction/Takes/Takes.uplugin" 124
"../../../Engine/Plugins/VirtualProduction/SceneStateDataLink/SceneStateDataLink.uplugin" 125
"../../../Engine/Plugins/VirtualProduction/Switchboard/Switchboard.uplugin" 126
"../../../Engine/Plugins/Media/AndroidCamera/AndroidCamera.uplugin" 127
"../../../Engine/Plugins/VirtualProduction/Text3D/Text3D.uplugin" 128
"../../../Engine/Plugins/Media/AjaMedia/AjaMedia.uplugin" 129
"../../../Engine/Plugins/Media/AndroidMedia/AndroidMedia.uplugin" 130
"../../../Engine/Plugins/VirtualProduction/TimedDataMonitor/TimedDataMonitor.uplugin" 131
"../../../Engine/Plugins/VirtualProduction/StageMonitoring/StageMonitoring.uplugin" 132
"../../../Engine/Plugins/VirtualProduction/VirtualCamera/VirtualCamera.uplugin" 133
"../../../Engine/Plugins/VirtualProduction/VirtualCameraCore/VirtualCameraCore.uplugin" 134
"../../../Engine/Plugins/Media/AppleProResMedia/AppleProResMedia.uplugin" 135
"../../../Engine/Plugins/VirtualProduction/StormSyncAvalancheBridge/StormSyncAvalancheBridge.uplugin" 136
"../../../Engine/Plugins/Media/AvfMedia/AvfMedia.uplugin" 137
"../../../Engine/Plugins/Media/AppleProResDecoderElectra/AppleProResDecoderElectra.uplugin" 138
"../../../Engine/Plugins/Media/BinkMedia/BinkMedia.uplugin" 139
"../../../Engine/Plugins/Media/AvidDNxMedia/AvidDNxMedia.uplugin" 140
"../../../Engine/Plugins/Media/D3D12VideoDecodersElectra/D3D12VideoDecodersElectra.uplugin" 141
"../../../Engine/Plugins/VirtualProduction/PropertyAnimator/PropertyAnimator.uplugin" 142
"../../../Engine/Plugins/Media/ElectraUtil/ElectraUtil.uplugin" 143
"../../../Engine/Plugins/VirtualProduction/VirtualScouting/VirtualScouting.uplugin" 144
"../../../Engine/Plugins/Media/ElectraPlayer/ElectraPlayer.uplugin" 145
"../../../Engine/Plugins/Media/HAPMedia/HAPMedia.uplugin" 146
"../../../Engine/Plugins/Media/HAPDecoderElectra/HAPDecoderElectra.uplugin" 147
"../../../Engine/Plugins/Media/LinearTimecode/LinearTimecode.uplugin" 148
"../../../Engine/Plugins/Media/AudioCaptureTimecodeProvider/AudioCaptureTimecodeProvider.uplugin" 149
"../../../Engine/Plugins/Media/AvidDNxHDDecoderElectra/AvidDNxHDDecoderElectra.uplugin" 150
"../../../Engine/Plugins/Media/MediaCompositing/MediaCompositing.uplugin" 151
"../../../Engine/Plugins/Media/BlackmagicMedia/BlackmagicMedia.uplugin" 152
"../../../Engine/Plugins/Media/ElectraCodecs/ElectraCodecs.uplugin" 153
"../../../Engine/Plugins/Media/MediaIOFramework/MediaIOFramework.uplugin" 154
"../../../Engine/Plugins/Media/ElectraCDM/ElectraCDM.uplugin" 155
"../../../Engine/Plugins/Media/MediaMovieStreamer/MediaMovieStreamer.uplugin" 156
"../../../Engine/Plugins/Media/ImgMedia/ImgMedia.uplugin" 157
"../../../Engine/Plugins/Media/ElectraSubtitles/ElectraSubtitles.uplugin" 158
"../../../Engine/Plugins/Media/MfMedia/MfMedia.uplugin" 159
"../../../Engine/Plugins/Media/HardwareEncoders/HardwareEncoders.uplugin" 160
"../../../Engine/Plugins/Media/MediaViewer/MediaViewer.uplugin" 161
"../../../Engine/Plugins/Media/WmfMedia/WmfMedia.uplugin" 162
"../../../Engine/Plugins/Media/TimecodeSynchronizer/TimecodeSynchronizer.uplugin" 163
"../../../Engine/Plugins/Media/OpusDecoderElectra/OpusDecoderElectra.uplugin" 164
"../../../Engine/Plugins/Media/NDIMedia/NDIMedia.uplugin" 165
"../../../Engine/Plugins/Media/MediaPlayerEditor/MediaPlayerEditor.uplugin" 166
"../../../Engine/Plugins/Media/MediaFrameworkUtilities/MediaFrameworkUtilities.uplugin" 167
"../../../Engine/Plugins/Media/FlacDecoderElectra/FlacDecoderElectra.uplugin" 168
"../../../Engine/Plugins/Media/WebMMedia/WebMMedia.uplugin" 169
"../../../Engine/Plugins/MetaHuman/MetaHumanAnimator/MetaHuman.uplugin" 170
"../../../Engine/Plugins/Media/MediaPlate/MediaPlate.uplugin" 171
"../../../Engine/Plugins/Media/VPxDecoderElectra/VPxDecoderElectra.uplugin" 172
"../../../Engine/Plugins/Media/PixelCapture/PixelCapture.uplugin" 173
"../../../Engine/Plugins/Media/PixelStreaming/PixelStreaming.uplugin" 174
"../../../Engine/Plugins/MetaHuman/MetaHumanLiveLink/MetaHumanLiveLink.uplugin" 175
"../../../Engine/Plugins/Media/MJPEGDecoderElectra/MJPEGDecoderElectra.uplugin" 176
"../../../Engine/Plugins/Slate/SlateScripting/SlateScripting.uplugin" 177
"../../../Engine/Plugins/MetaHuman/MetaHumanCalibrationProcessing/MetaHumanCalibrationProcessing.uplugin" 178
"../../../Engine/Plugins/MetaHuman/MetaHumanCharacter/MetaHumanCharacter.uplugin" 179
"../../../Engine/Plugins/MetaHuman/MetaHumanCoreTechLib/MetaHumanCoreTech.uplugin" 180
"../../../Engine/Plugins/Media/PixelStreaming2/PixelStreaming2.uplugin" 181
"../../../Engine/Plugins/NetcodeUnitTest/NUTUnrealEngine/NUTUnrealEngine.uplugin" 182
"../../../Engine/Plugins/Performance/PerformanceMonitor/PerformanceMonitor.uplugin" 183
"../../../Engine/Plugins/NetcodeUnitTest/NetcodeUnitTest/NetcodeUnitTest.uplugin" 184
"../../../Engine/Plugins/MetaHuman/MetaHumanSDK/MetaHumanSDK.uplugin" 185
"../../../Engine/Plugins/Performance/AutomatedPerfTesting/AutomatedPerfTesting.uplugin" 186
"../../../Engine/Plugins/Slate/SlateInsights/SlateInsights.uplugin" 187
"../../../Engine/Plugins/AI/HTNPlanner/HTNPlanner.uplugin" 188
"../../../Engine/Plugins/Protocols/MQTT/MQTT.uplugin" 189
"../../../Engine/Plugins/AI/MassAI/MassAI.uplugin" 190
"../../../Engine/Plugins/AI/AISupport/AISupport.uplugin" 191
"../../../Engine/Plugins/AI/MLAdapter/MLAdapter.uplugin" 192
"../../../Engine/Plugins/Animation/AnimationData/AnimationData.uplugin" 193
"../../../Engine/Plugins/AI/MassCrowd/MassCrowd.uplugin" 194
"../../../Engine/Plugins/Animation/AnimationWarping/AnimationWarping.uplugin" 195
"../../../Engine/Plugins/Animation/ControlRig/ControlRig.uplugin" 196
"../../../Engine/Plugins/2D/Paper2D/Paper2D.uplugin" 197
"../../../Engine/Plugins/Animation/AnimationModifierLibrary/AnimationModifierLibrary.uplugin" 198
"../../../Engine/Plugins/Animation/ControlRigSpline/ControlRigSpline.uplugin" 199
"../../../Engine/Plugins/Animation/BlendStack/BlendStack.uplugin" 200
"../../../Engine/Plugins/Animation/AnimationLocomotionLibrary/AnimationLocomotionLibrary.uplugin" 201
"../../../Engine/Plugins/Animation/GeneSplicer/GeneSplicer.uplugin" 202
"../../../Engine/Plugins/Animation/ACLPlugin/ACLPlugin.uplugin" 203
"../../../Engine/Plugins/AI/EnvironmentQueryEditor/EnvironmentQueryEditor.uplugin" 204
"../../../Engine/Plugins/Animation/ControlRigModules/ControlRigModules.uplugin" 205
"../../../Engine/Plugins/Animation/LiveLinkHub/LiveLinkHub.uplugin" 206
"../../../Engine/Plugins/Animation/BlendSpaceMotionAnalysis/BlendSpaceMotionAnalysis.uplugin" 207
"../../../Engine/Plugins/Animation/EaseCurveTool/EaseCurveTool.uplugin" 208
"../../../Engine/Plugins/Animation/LiveLinkCurveDebugUI/LiveLinkCurveDebugUI.uplugin" 209
"../../../Engine/Plugins/Animation/DNACalib/DNACalib.uplugin" 210
"../../../Engine/Plugins/Animation/RigLogic/RigLogic.uplugin" 211
"../../../Engine/Plugins/Animation/GameplayInsights/GameplayInsights.uplugin" 212
"../../../Engine/Plugins/Animation/LiveLink/LiveLink.uplugin" 213
"../../../Engine/Plugins/Animation/LiveLinkDevice/LiveLinkDevice.uplugin" 214
"../../../Engine/Plugins/Animation/DeformerGraph/DeformerGraph.uplugin" 215
"../../../Engine/Plugins/Animation/SkeletalMeshModelingTools/SkeletalMeshModelingTools.uplugin" 216
"../../../Engine/Plugins/Animation/TweeningUtils/TweeningUtils.uplugin" 217
"../../../Engine/Plugins/Cameras/EngineCameras/EngineCameras.uplugin" 218
"../../../Engine/Plugins/Animation/LiveLinkExampleDevice/LiveLinkExampleDevice.uplugin" 219
"../../../Engine/Plugins/Animation/PerformanceCaptureCore/PerformanceCaptureCore.uplugin" 220
"../../../Engine/Plugins/Animation/IKRig/IKRig.uplugin" 221
"../../../Engine/Plugins/Animation/AnimatorKit/AnimatorKit.uplugin" 222
"../../../Engine/Plugins/Animation/PoseSearch/PoseSearch.uplugin" 223
"../../../Engine/Plugins/Cameras/CameraShakePreviewer/CameraShakePreviewer.uplugin" 224
"../../../Engine/Plugins/Compositing/LensDistortion/LensDistortion.uplugin" 225
"../../../Engine/Plugins/Animation/LiveLinkUnrealDevice/LiveLinkUnrealDevice.uplugin" 226
"../../../Engine/Plugins/Compositing/Composite/Composite.uplugin" 227
"../../../Engine/Plugins/Developer/BlankPlugin/BlankPlugin.uplugin" 228
"../../../Engine/Plugins/Compositing/Composure/Composure.uplugin" 229
"../../../Engine/Plugins/Compositing/OpenColorIO/OpenColorIO.uplugin" 230
"../../../Engine/Plugins/Developer/CLionSourceCodeAccess/CLionSourceCodeAccess.uplugin" 231
"../../../Engine/Plugins/Compositing/HoldoutComposite/HoldoutComposite.uplugin" 232
"../../../Engine/Plugins/Developer/KDevelopSourceCodeAccess/KDevelopSourceCodeAccess.uplugin" 233
"../../../Engine/Plugins/Developer/N10XSourceCodeAccess/N10XSourceCodeAccess.uplugin" 234
"../../../Engine/Plugins/Compression/OodleNetwork/OodleNetwork.uplugin" 235
"../../../Engine/Plugins/Developer/CodeLiteSourceCodeAccess/CodeLiteSourceCodeAccess.uplugin" 236
"../../../Engine/Plugins/Developer/GPUReshape/GPUReshape.uplugin" 237
"../../../Engine/Plugins/Compositing/OpenCVLensDistortion/OpenCVLensDistortion.uplugin" 238
"../../../Engine/Plugins/Developer/GitSourceControl/GitSourceControl.uplugin" 239
"../../../Engine/Plugins/Developer/NullSourceCodeAccess/NullSourceCodeAccess.uplugin" 240
"../../../Engine/Plugins/Animation/MotionWarping/MotionWarping.uplugin" 241
"../../../Engine/Plugins/Developer/DirectoryPlaceholder/DirectoryPlaceholder.uplugin" 242
"../../../Engine/Plugins/Developer/OneSkyLocalizationService/OneSkyLocalizationService.uplugin" 243
"../../../Engine/Plugins/Developer/DumpGPUServices/DumpGPUServices.uplugin" 244
"../../../Engine/Plugins/Developer/FieldNotificationTrace/FieldNotificationTrace.uplugin" 245
"../../../Engine/Plugins/Developer/AnimationSharing/AnimationSharing.uplugin" 246
"../../../Engine/Plugins/Developer/TextureFormatOodle/TextureFormatOodle.uplugin" 247
"../../../Engine/Plugins/Developer/TraceSourceFiltering/TraceSourceFilters.uplugin" 248
"../../../Engine/Plugins/Developer/NamingTokens/NamingTokens.uplugin" 249
"../../../Engine/Plugins/Developer/PerforceSourceControl/PerforceSourceControl.uplugin" 250
"../../../Engine/Plugins/Developer/VisualStudioCodeSourceCodeAccess/VisualStudioCodeSourceCodeAccess.uplugin" 251
"../../../Engine/Plugins/Developer/RenderDocPlugin/RenderDocPlugin.uplugin" 252
"../../../Engine/Plugins/Developer/RiderSourceCodeAccess/RiderSourceCodeAccess.uplugin" 253
"../../../Engine/Plugins/Developer/PluginUtils/PluginUtils.uplugin" 254
"../../../Engine/Plugins/Developer/PropertyAccessNode/PropertyAccessNode.uplugin" 255
"../../../Engine/Plugins/Developer/PixWinPlugin/PixWinPlugin.uplugin" 256
"../../../Engine/Plugins/Developer/XcodeGPUDebuggerPlugin/XcodeGPUDebuggerPlugin.uplugin" 257
"../../../Engine/Plugins/Developer/UObjectPlugin/UObjectPlugin.uplugin" 258
"../../../Engine/Plugins/Developer/XCodeSourceCodeAccess/XCodeSourceCodeAccess.uplugin" 259
"../../../Engine/Plugins/Developer/SubversionSourceControl/SubversionSourceControl.uplugin" 260
"../../../Engine/Plugins/Editor/ColorGrading/ColorGrading.uplugin" 261
"../../../Engine/Plugins/Developer/VisualStudioSourceCodeAccess/VisualStudioSourceCodeAccess.uplugin" 262
"../../../Engine/Plugins/Editor/BlueprintMaterialTextureNodes/BlueprintMaterialTextureNodes.uplugin" 263
"../../../Engine/Plugins/Editor/AssetSearch/AssetSearch.uplugin" 264
"../../../Engine/Plugins/Developer/ProjectLauncher/ProjectLauncher.uplugin" 265
"../../../Engine/Plugins/Editor/AssetManagerEditor/AssetManagerEditor.uplugin" 266
"../../../Engine/Plugins/Editor/BlueprintHeaderView/BlueprintHeaderView.uplugin" 267
"../../../Engine/Plugins/Editor/ChangelistReview/ChangelistReview.uplugin" 268
"../../../Engine/Plugins/Compositing/CompositeCore/CompositeCore.uplugin" 269
"../../../Engine/Plugins/Editor/EditorSysConfigAssistant/EditorSysConfigAssistant.uplugin" 270
"../../../Engine/Plugins/Editor/CryptoKeys/CryptoKeys.uplugin" 271
"../../../Engine/Plugins/Developer/PlasticSourceControl/PlasticSourceControl.uplugin" 272
"../../../Engine/Plugins/Editor/CurveEditorTools/CurveEditorTools.uplugin" 273
"../../../Engine/Plugins/Cameras/GameplayCameras/GameplayCameras.uplugin" 274
"../../../Engine/Plugins/Editor/FacialAnimation/FacialAnimation.uplugin" 275
"../../../Engine/Plugins/Editor/GameplayTagsEditor/GameplayTagsEditor.uplugin" 276
"../../../Engine/Plugins/Editor/EditorDebugTools/EditorDebugTools.uplugin" 277
"../../../Engine/Plugins/Editor/ConsoleVariablesEditor/ConsoleVariables.uplugin" 278
"../../../Engine/Plugins/Editor/DisplayClusterLaunch/DisplayClusterLaunch.uplugin" 279
"../../../Engine/Plugins/Editor/GuidedTutorials/GuidedTutorials.uplugin" 280
"../../../Engine/Plugins/Editor/EditorScriptingUtilities/EditorScriptingUtilities.uplugin" 281
"../../../Engine/Plugins/Editor/DataValidation/DataValidation.uplugin" 282
"../../../Engine/Plugins/Editor/AssetReferenceRestrictions/AssetReferenceRestrictions.uplugin" 283
"../../../Engine/Plugins/Editor/GeometryMode/GeometryMode.uplugin" 284
"../../../Engine/Plugins/Editor/EngineAssetDefinitions/EngineAssetDefinitions.uplugin" 285
"../../../Engine/Plugins/Editor/AssetRegistryExport/AssetRegistryExport.uplugin" 286
"../../../Engine/Plugins/Editor/LandscapePatch/LandscapePatch.uplugin" 287
"../../../Engine/Plugins/Editor/MobileLauncherProfileWizard/MobileLauncherProfileWizard.uplugin" 288
"../../../Engine/Plugins/Editor/ModelingToolsEditorMode/ModelingToolsEditorMode.uplugin" 289
"../../../Engine/Plugins/Editor/LiveUpdateForSlate/LiveUpdateForSlate.uplugin" 290
"../../../Engine/Plugins/Editor/ModelViewViewModelPreview/ModelViewViewModelPreview.uplugin" 291
"../../../Engine/Plugins/Editor/PluginBrowser/PluginBrowser.uplugin" 292
"../../../Engine/Plugins/Editor/MeshLODToolset/MeshLODToolset.uplugin" 293
"../../../Engine/Plugins/Editor/MacGraphicsSwitching/MacGraphicsSwitching.uplugin" 294
"../../../Engine/Plugins/Editor/StaticMeshEditorModeling/StaticMeshEditorModeling.uplugin" 295
"../../../Engine/Plugins/Editor/SequencerAnimTools/SequencerAnimTools.uplugin" 296
"../../../Engine/Plugins/Editor/SpeedTreeImporter/SpeedTreeImporter.uplugin" 297
"../../../Engine/Plugins/Editor/ScriptableToolsEditorMode/ScriptableToolsEditorMode.uplugin" 298
"../../../Engine/Plugins/Editor/WorldPartitionHLODUtilities/WorldPartitionHLODUtilities.uplugin" 299
"../../../Engine/Plugins/Experimental/AdvancedRenamer/AdvancedRenamer.uplugin" 300
"../../../Engine/Plugins/Editor/MakeCookedEditorAsDLC/MakeCookedEditorAsDLC.uplugin" 301
"../../../Engine/Plugins/Editor/WaveformEditor/WaveformEditor.uplugin" 302
"../../../Engine/Plugins/Editor/StylusInput/StylusInput.uplugin" 303
"../../../Engine/Plugins/Editor/ProxyLODPlugin/ProxyLODPlugin.uplugin" 304
"../../../Engine/Plugins/Experimental/AsyncMessageSystem/AsyncMessageSystem.uplugin" 305
"../../../Engine/Plugins/Editor/SampleToolsEditorMode/SampleToolsEditorMode.uplugin" 306
"../../../Engine/Plugins/Editor/UVEditor/UVEditor.uplugin" 307
"../../../Engine/Plugins/Experimental/AbilitySystemGameFeatureActions/AbilitySystemGameFeatureActions.uplugin" 308
"../../../Engine/Plugins/Experimental/BackChannel/BackChannel.uplugin" 309
"../../../Engine/Plugins/Experimental/AutomationUtils/AutomationUtils.uplugin" 310
"../../../Engine/Plugins/Experimental/BlueprintStats/BlueprintStats.uplugin" 311
"../../../Engine/Plugins/Experimental/ChaosCachingUSD/ChaosCachingUSD.uplugin" 312
"../../../Engine/Plugins/Experimental/AvalancheSequenceNavigator/AvalancheSequenceNavigator.uplugin" 313
"../../../Engine/Plugins/Experimental/AvalancheDisplayCluster/AvalancheDisplayCluster.uplugin" 314
"../../../Engine/Plugins/Editor/UMGWidgetPreview/UMGWidgetPreview.uplugin" 315
"../../../Engine/Plugins/Experimental/AIAssistant/AIAssistant.uplugin" 316
"../../../Engine/Plugins/Experimental/ChaosModularVehicle/ChaosModularVehicle.uplugin" 317
"../../../Engine/Plugins/Experimental/BlueprintSnapNodes/BlueprintSnapNodes.uplugin" 318
"../../../Engine/Plugins/Experimental/Buoyancy/Buoyancy.uplugin" 319
"../../../Engine/Plugins/Experimental/ChaosEditor/ChaosEditor.uplugin" 320
"../../../Engine/Plugins/Experimental/CelestialVault/CelestialVault.uplugin" 321
"../../../Engine/Plugins/Experimental/ChaosClothEditor/ChaosClothEditor.uplugin" 322
"../../../Engine/Plugins/Experimental/ActorPalette/ActorPalette.uplugin" 323
"../../../Engine/Plugins/Experimental/AnimToTexture/AnimToTexture.uplugin" 324
"../../../Engine/Plugins/Experimental/ChaosModularVehicleExamples/ChaosModularVehicleExamples.uplugin" 325
"../../../Engine/Plugins/Experimental/ChaosFlesh/ChaosFlesh.uplugin" 326
"../../../Engine/Plugins/Experimental/ChaosRigidAsset/ChaosRigidAsset.uplugin" 327
"../../../Engine/Plugins/Experimental/ChaosCaching/ChaosCaching.uplugin" 328
"../../../Engine/Plugins/Experimental/ChaosOutfitAsset/ChaosOutfitAsset.uplugin" 329
"../../../Engine/Plugins/Experimental/AsyncMessageSystemTests/AsyncMessageSystemTests.uplugin" 330
"../../../Engine/Plugins/Experimental/CharacterAI/CharacterAI.uplugin" 331
"../../../Engine/Plugins/Experimental/CodeEditor/CodeEditor.uplugin" 332
"../../../Engine/Plugins/Experimental/ChaosNiagara/ChaosNiagara.uplugin" 333
"../../../Engine/Plugins/Experimental/ChaosMover/ChaosMover.uplugin" 334
"../../../Engine/Plugins/Experimental/ChaosUserDataPT/ChaosUserDataPT.uplugin" 335
"../../../Engine/Plugins/Experimental/CinematicSequenceNavigator/CinematicSequenceNavigator.uplugin" 336
"../../../Engine/Plugins/Experimental/CommonConversation/CommonConversation.uplugin" 337
"../../../Engine/Plugins/Experimental/ChaosVehiclesPlugin/ChaosVehiclesPlugin.uplugin" 338
"../../../Engine/Plugins/Experimental/CinematicPrestreaming/CinematicPrestreaming.uplugin" 339
"../../../Engine/Plugins/Experimental/CineCameraRigs/CineCameraRigs.uplugin" 340
"../../../Engine/Plugins/Experimental/DynamicMaterialMediaStreamBridge/DynamicMaterialMediaStreamBridge.uplugin" 341
"../../../Engine/Plugins/Experimental/ChaosSolverPlugin/ChaosSolverPlugin.uplugin" 342
"../../../Engine/Plugins/Experimental/DaySequence/DaySequence.uplugin" 343
"../../../Engine/Plugins/Experimental/ColorCorrectRegions/ColorCorrectRegions.uplugin" 344
"../../../Engine/Plugins/Experimental/ControlRigPhysics/ControlRigPhysics.uplugin" 345
"../../../Engine/Plugins/Experimental/CineCameraSceneCapture/CineCameraSceneCapture.uplugin" 346
"../../../Engine/Plugins/Experimental/CodeView/CodeView.uplugin" 347
"../../../Engine/Plugins/Experimental/DefaultInstallBundleManager/DefaultInstallBundleManager.uplugin" 348
"../../../Engine/Plugins/Experimental/ControlFlows/ControlFlows.uplugin" 349
"../../../Engine/Plugins/Experimental/DrawDebugLibrary/DrawDebugLibrary.uplugin" 350
"../../../Engine/Plugins/Experimental/EvaluationNotifies/EvaluationNotifies.uplugin" 351
"../../../Engine/Plugins/Experimental/DynamicWind/DynamicWind.uplugin" 352
"../../../Engine/Plugins/Experimental/FloatingProperties/FloatingProperties.uplugin" 353
"../../../Engine/Plugins/Experimental/GameplayBehaviors/GameplayBehaviors.uplugin" 354
"../../../Engine/Plugins/Experimental/EditorDataStorage/EditorDataStorage.uplugin" 355
"../../../Engine/Plugins/Experimental/FastGeoStreaming/FastGeoStreaming.uplugin" 356
"../../../Engine/Plugins/Experimental/Fracture/Fracture.uplugin" 357
"../../../Engine/Plugins/Experimental/EditorDataStorageFeatures/EditorDataStorageFeatures.uplugin" 358
"../../../Engine/Plugins/Experimental/GameplayGraph/GameplayGraph.uplugin" 359
"../../../Engine/Plugins/Experimental/GeometryCollectionPlugin/GeometryCollectionPlugin.uplugin" 360
"../../../Engine/Plugins/Experimental/EditorPerformance/EditorPerformance.uplugin" 361
"../../../Engine/Plugins/Experimental/GameInputWindows/GameInputWindows.uplugin" 362
"../../../Engine/Plugins/Experimental/EditorTelemetry/EditorTelemetry.uplugin" 363
"../../../Engine/Plugins/Experimental/Dataflow/Dataflow.uplugin" 364
"../../../Engine/Plugins/Experimental/Gauntlet/Gauntlet.uplugin" 365
"../../../Engine/Plugins/Experimental/GameplayTargetingSystem/TargetingSystem.uplugin" 366
"../../../Engine/Plugins/Experimental/FullBodyIK/FullBodyIK.uplugin" 367
"../../../Engine/Plugins/Experimental/FieldSystemPlugin/FieldSystemPlugin.uplugin" 368
"../../../Engine/Plugins/Experimental/GPULightmass/GPULightmass.uplugin" 369
"../../../Engine/Plugins/Experimental/GizmoFramework/GizmoFramework.uplugin" 370
"../../../Engine/Plugins/Experimental/GlobalConfigurationData/GlobalConfigurationData.uplugin" 371
"../../../Engine/Plugins/Experimental/GeometryDataflow/GeometryDataflow.uplugin" 372
"../../../Engine/Plugins/Editor/MaterialAnalyzer/MaterialAnalyzer.uplugin" 373
"../../../Engine/Plugins/Experimental/GeometryCacheLevelSequenceBaker/GeometryCacheLevelSequenceBaker.uplugin" 374
"../../../Engine/Plugins/Experimental/HairStrandsMutable/HairStrandsMutable.uplugin" 375
"../../../Engine/Plugins/Experimental/Iris/Iris.uplugin" 376
"../../../Engine/Plugins/Experimental/ImagePlate/ImagePlate.uplugin" 377
"../../../Engine/Plugins/Experimental/GeometryFlow/GeometryFlow.uplugin" 378
"../../../Engine/Plugins/Experimental/GizmoEdMode/GizmoEdMode.uplugin" 379
"../../../Engine/Plugins/Experimental/GeometryCacheAbcFile/GeometryCacheAbcFile.uplugin" 380
"../../../Engine/Plugins/Experimental/InEditorDocumentation/InEditorDocumentation.uplugin" 381
"../../../Engine/Plugins/Experimental/JWT/JWT.uplugin" 382
"../../../Engine/Plugins/Experimental/HairModelingToolset/HairModelingToolset.uplugin" 383
"../../../Engine/Plugins/Experimental/LiveLinkFaceImporter/LiveLinkFaceImporter.uplugin" 384
"../../../Engine/Plugins/Experimental/InteractionInterface/InteractionInterface.uplugin" 385
"../../../Engine/Plugins/Experimental/LocalizableMessage/LocalizableMessage.uplugin" 386
"../../../Engine/Plugins/Experimental/MeshResizing/MeshResizing.uplugin" 387
"../../../Engine/Plugins/Experimental/InstanceDataObjectFixupTool/InstanceDataObjectFixupTool.uplugin" 388
"../../../Engine/Plugins/Experimental/ImageWidgets/ImageWidgets.uplugin" 389
"../../../Engine/Plugins/Experimental/ImpostorBaker/ImpostorBaker.uplugin" 390
"../../../Engine/Plugins/Experimental/LowLevelNetTrace/LowLevelNetTrace.uplugin" 391
"../../../Engine/Plugins/Experimental/HairCardGenerator/HairCardGenerator.uplugin" 392
"../../../Engine/Plugins/Experimental/LearningAgents/LearningAgents.uplugin" 393
"../../../Engine/Plugins/Experimental/Mover/Mover.uplugin" 394
"../../../Engine/Plugins/Experimental/LiveLinkControlRig/LiveLinkControlRig.uplugin" 395
"../../../Engine/Plugins/Experimental/MLflow/MLflow.uplugin" 396
"../../../Engine/Plugins/Experimental/MotorSimOutputMotoSynth/MotorSimOutputMotoSynth.uplugin" 397
"../../../Engine/Plugins/Experimental/MetasoundExperimental/MetasoundExperimental.uplugin" 398
"../../../Engine/Plugins/Experimental/MediaStream/MediaStream.uplugin" 399
"../../../Engine/Plugins/Experimental/LevelSequenceNavigatorBridge/LevelSequenceNavigatorBridge.uplugin" 400
"../../../Engine/Plugins/Experimental/MeshModelingToolsetExp/MeshModelingToolsetExp.uplugin" 401
"../../../Engine/Plugins/Experimental/MovieSceneAnimMixer/MovieSceneAnimMixer.uplugin" 402
"../../../Engine/Plugins/Experimental/MoverIntegrations/MoverIntegrations.uplugin" 403
"../../../Engine/Plugins/Experimental/MutablePopulation/MutablePopulation.uplugin" 404
"../../../Engine/Plugins/Experimental/NaniteAssemblyEditorUtils/NaniteAssemblyEditorUtils.uplugin" 405
"../../../Engine/Plugins/Experimental/MoverAnimNext/MoverAnimNext.uplugin" 406
"../../../Engine/Plugins/Experimental/NNERuntimeBasicCpu/NNERuntimeBasicCpu.uplugin" 407
"../../../Engine/Plugins/Experimental/MovieScenePoseSearchTracks/MovieScenePoseSearchTracks.uplugin" 408
"../../../Engine/Plugins/Experimental/LiveLinkOpenVR/LiveLinkOpenVR.uplugin" 409
"../../../Engine/Plugins/Experimental/MotoSynth/MotoSynth.uplugin" 410
"../../../Engine/Plugins/Experimental/OpenImageDenoise/OpenImageDenoise.uplugin" 411
"../../../Engine/Plugins/Experimental/NFORDenoise/NFORDenoise.uplugin" 412
"../../../Engine/Plugins/Experimental/OptiXDenoise/OptiXDenoise.uplugin" 413
"../../../Engine/Plugins/Experimental/NeuralRendering/NeuralRendering.uplugin" 414
"../../../Engine/Plugins/Experimental/Landmass/Landmass.uplugin" 415
"../../../Engine/Plugins/Experimental/MoverExamples/MoverExamples.uplugin" 416
"../../../Engine/Plugins/Experimental/MutableDataflow/MutableDataflow.uplugin" 417
"../../../Engine/Plugins/Experimental/MutableClothing/MutableClothing.uplugin" 418
"../../../Engine/Plugins/Experimental/NaniteDisplacedMesh/NaniteDisplacedMesh.uplugin" 419
"../../../Engine/Plugins/Experimental/PCGBiomeSample/PCGBiomeSample.uplugin" 420
"../../../Engine/Plugins/Experimental/PlanarCutPlugin/PlanarCut.uplugin" 421
"../../../Engine/Plugins/Experimental/InlineMaterialInstance/InlineMaterialInstance.uplugin" 422
"../../../Engine/Plugins/Experimental/NNERuntimeIREE/NNERuntimeIREE.uplugin" 423
"../../../Engine/Plugins/Experimental/PCGBiomeCore/PCGBiomeCore.uplugin" 424
"../../../Engine/Plugins/Experimental/PluginReferenceViewer/PluginReferenceViewer.uplugin" 425
"../../../Engine/Plugins/Experimental/PlainProps/PlainProps.uplugin" 426
"../../../Engine/Plugins/Experimental/PixelStreamingPlayer/PixelStreamingPlayer.uplugin" 427
"../../../Engine/Plugins/Experimental/PSDImporterMaterialDesignerBridge/PSDImporterMaterialDesignerBridge.uplugin" 428
"../../../Engine/Plugins/Experimental/ProceduralVegetationEditor/ProceduralVegetationEditor.uplugin" 429
"../../../Engine/Plugins/Experimental/PSDImporter/PSDImporter.uplugin" 430
"../../../Engine/Plugins/Experimental/QuicMessaging/QuicMessaging.uplugin" 431
"../../../Engine/Plugins/Experimental/PlainPropsUObject/PlainPropsUObject.uplugin" 432
"../../../Engine/Plugins/Experimental/RemoteSession/RemoteSession.uplugin" 433
"../../../Engine/Plugins/Experimental/RawInput/RawInput.uplugin" 434
"../../../Engine/Plugins/Experimental/RemoteControlActorModifierBridge/RemoteControlActorModifierBridge.uplugin" 435
"../../../Engine/Plugins/Experimental/NNERuntimeCoreML/NNERuntimeCoreML.uplugin" 436
"../../../Engine/Plugins/Experimental/PhysicsControl/PhysicsControl.uplugin" 437
"../../../Engine/Plugins/Experimental/PluginAudit/PluginAudit.uplugin" 438
"../../../Engine/Plugins/Experimental/PluginTemplateTool/PluginTemplateTool.uplugin" 439
"../../../Engine/Plugins/Experimental/PlainPropsEngine/PlainPropsEngine.uplugin" 440
"../../../Engine/Plugins/Experimental/PythonFoundationPackages/PythonFoundationPackages.uplugin" 441
"../../../Engine/Plugins/Experimental/RuntimeTelemetry/RuntimeTelemetry.uplugin" 442
"../../../Engine/Plugins/Experimental/PostProcessMaterialChainGraph/PostProcessMaterialChainGraph.uplugin" 443
"../../../Engine/Plugins/Experimental/PythonMLPackages/PythonMLPackages.uplugin" 444
"../../../Engine/Plugins/Experimental/RazerChromaDevices/RazerChromaDevices.uplugin" 445
"../../../Engine/Plugins/Experimental/PythonScriptPlugin/PythonScriptPlugin.uplugin" 446
"../../../Engine/Plugins/Experimental/Shotgrid/Shotgrid.uplugin" 447
"../../../Engine/Plugins/Experimental/SimpleHMD/SimpleHMD.uplugin" 448
"../../../Engine/Plugins/Experimental/NNERuntimeRDG/NNERuntimeRDG.uplugin" 449
"../../../Engine/Plugins/Experimental/RenderGrid/RenderGrid.uplugin" 450
"../../../Engine/Plugins/Experimental/SlateIM/SlateIM.uplugin" 451
"../../../Engine/Plugins/Experimental/SerializationUtils/SerializationUtils.uplugin" 452
"../../../Engine/Plugins/Experimental/RigLogicMutable/RigLogicMutable.uplugin" 453
"../../../Engine/Plugins/Experimental/StructUtils/StructUtils.uplugin" 454
"../../../Engine/Plugins/Experimental/PlatformCrypto/PlatformCrypto.uplugin" 455
"../../../Engine/Plugins/Experimental/TargetDeviceServicesScripting/TargetDeviceServicesScripting.uplugin" 456
"../../../Engine/Plugins/Experimental/RigLogicUAF/RigLogicUAF.uplugin" 457
"../../../Engine/Plugins/Experimental/SubmitToolEditor/SubmitToolEditor.uplugin" 458
"../../../Engine/Plugins/Experimental/SequenceNavigator/SequenceNavigator.uplugin" 459
"../../../Engine/Plugins/Experimental/SkeletalReduction/SkeletalReduction.uplugin" 460
"../../../Engine/Plugins/Experimental/ScreenReader/ScreenReader.uplugin" 461
"../../../Engine/Plugins/Experimental/TechAudioTools/TechAudioTools.uplugin" 462
"../../../Engine/Plugins/Experimental/SecuritySandbox/SecuritySandbox.uplugin" 463
"../../../Engine/Plugins/Experimental/SpatialReadiness/SpatialReadiness.uplugin" 464
"../../../Engine/Plugins/Experimental/SurfaceEffects/SurfaceEffects.uplugin" 465
"../../../Engine/Plugins/Experimental/SlateModelViewViewModel/SlateModelViewViewModel.uplugin" 466
"../../../Engine/Plugins/Experimental/StateGraph/StateGraph.uplugin" 467
"../../../Engine/Plugins/Experimental/Tensorboard/Tensorboard.uplugin" 468
"../../../Engine/Plugins/Experimental/UserToolBoxBasicCommand/UserToolBoxBasicCommand.uplugin" 469
"../../../Engine/Plugins/Experimental/PanoramicCapture/PanoramicCapture.uplugin" 470
"../../../Engine/Plugins/Experimental/UserToolBoxCore/UserToolBoxCore.uplugin" 471
"../../../Engine/Plugins/Experimental/WaterExtras/WaterExtras.uplugin" 472
"../../../Engine/Plugins/Experimental/WaterAdvanced/WaterAdvanced.uplugin" 473
"../../../Engine/Plugins/Experimental/SubtitlesAndClosedCaptions/SubtitlesAndClosedCaptions.uplugin" 474
"../../../Engine/Plugins/Experimental/Water/Water.uplugin" 475
"../../../Engine/Plugins/Experimental/VirtualHeightfieldMesh/VirtualHeightfieldMesh.uplugin" 476
"../../../Engine/Plugins/Experimental/TetMeshing/TetMeshing.uplugin" 477
"../../../Engine/Plugins/Experimental/WidgetEditorToolPalette/WidgetEditorToolPalette.uplugin" 478
"../../../Engine/Plugins/Experimental/ToolPresets/ToolPresets.uplugin" 479
"../../../Engine/Plugins/Importers/USDMultiUser/USDMultiUser.uplugin" 480
"../../../Engine/Plugins/Experimental/TextToSpeech/TextToSpeech.uplugin" 481
"../../../Engine/Plugins/Experimental/RemoteControlComponents/RemoteControlComponents.uplugin" 482
"../../../Engine/Plugins/Experimental/VirtualProductionUtilities/VirtualProductionUtilities.uplugin" 483
"../../../Engine/Plugins/Experimental/WebSocketMessaging/WebSocketMessaging.uplugin" 484
"../../../Engine/Plugins/Experimental/WaveFunctionCollapse/WaveFunctionCollapse.uplugin" 485
"../../../Engine/Plugins/Online/OnlineBase/OnlineBase.uplugin" 486
"../../../Engine/Plugins/Experimental/WebSocketNetworking/WebSocketNetworking.uplugin" 487
"../../../Engine/Plugins/Online/OnlineFramework/OnlineFramework.uplugin" 488
"../../../Engine/Plugins/Experimental/UIFramework/UIFramework.uplugin" 489
"../../../Engine/Plugins/Online/OnlineServicesEOS/OnlineServicesEOS.uplugin" 490
"../../../Engine/Plugins/Experimental/SlateScreenReader/SlateScreenReader.uplugin" 491
"../../../Engine/Plugins/Importers/USDImporter/USDImporter.uplugin" 492
"../../../Engine/Plugins/Online/OnlineFrameworkCommon/OnlineFrameworkCommon.uplugin" 493
"../../../Engine/Plugins/Online/OnlineSubsystem/OnlineSubsystem.uplugin" 494
"../../../Engine/Plugins/Experimental/Workspace/Workspace.uplugin" 495
"../../../Engine/Plugins/Online/OnlineServicesNull/OnlineServicesNull.uplugin" 496
"../../../Engine/Plugins/Importers/USDImporterMDL/USDImporterMDL.uplugin" 497
"../../../Engine/Plugins/Online/EOSShared/EOSShared.uplugin" 498
"../../../Engine/Plugins/Importers/AlembicHairImporter/AlembicHairImporter.uplugin" 499
"../../../Engine/Plugins/Online/OnlineSubsystemAmazon/OnlineSubsystemAmazon.uplugin" 500
"../../../Engine/Plugins/Online/OnlineServicesEOSGS/OnlineServicesEOSGS.uplugin" 501
"../../../Engine/Plugins/Online/OnlineSubsystemApple/OnlineSubsystemApple.uplugin" 502
"../../../Engine/Plugins/Online/OnlineSubsystemGoogle/OnlineSubsystemGoogle.uplugin" 503
"../../../Engine/Plugins/Online/OnlineSubsystemEOS/OnlineSubsystemEOS.uplugin" 504
"../../../Engine/Plugins/Online/OnlineServicesEpicCommon/OnlineServicesEpicCommon.uplugin" 505
"../../../Engine/Plugins/Online/OnlineSubsystemFacebook/OnlineSubsystemFacebook.uplugin" 506
"../../../Engine/Plugins/Portal/LauncherChunkInstaller/LauncherChunkInstaller.uplugin" 507
"../../../Engine/Plugins/Online/WebAuth/WebAuth.uplugin" 508
"../../../Engine/Plugins/Online/SocketSubsystemEOS/SocketSubsystemEOS.uplugin" 509
"../../../Engine/Plugins/Experimental/Volumetrics/Volumetrics.uplugin" 510
"../../../Engine/Plugins/Online/EOSOverlayInputProvider/EOSOverlayInputProvider.uplugin" 511
"../../../Engine/Plugins/Online/OnlineSubsystemSteam/OnlineSubsystemSteam.uplugin" 512
"../../../Engine/Plugins/Importers/AlembicImporter/AlembicImporter.uplugin" 513
"../../../Engine/Plugins/Experimental/XRCreativeFramework/XRCreativeFramework.uplugin" 514
"../../../Engine/Plugins/Runtime/ActorLayerUtilities/ActorLayerUtilities.uplugin" 515
"../../../Engine/Plugins/Runtime/AndroidBackgroundService/AndroidBackgroundService.uplugin" 516
"../../../Engine/Plugins/Runtime/AndroidDeviceProfileSelector/AndroidDeviceProfileSelector.uplugin" 517
"../../../Engine/Plugins/Runtime/AndroidPermission/AndroidPermission.uplugin" 518
"../../../Engine/Plugins/Online/OnlineServicesOSSAdapter/OnlineServicesOSSAdapter.uplugin" 519
"../../../Engine/Plugins/Online/SocketSubsystemSteamIP/SocketSubsystemSteamIP.uplugin" 520
"../../../Engine/Plugins/Runtime/AnimationBudgetAllocator/AnimationBudgetAllocator.uplugin" 521
"../../../Engine/Plugins/Runtime/AssetTags/AssetTags.uplugin" 522
"../../../Engine/Plugins/Runtime/AudioCapture/AudioCapture.uplugin" 523
"../../../Engine/Plugins/Online/OnlineServices/OnlineServices.uplugin" 524
"../../../Engine/Plugins/Runtime/ADM/ADM.uplugin" 525
"../../../Engine/Plugins/Online/OnlineSubsystemTencent/OnlineSubsystemTencent.uplugin" 526
"../../../Engine/Plugins/Runtime/AndroidFileServer/AndroidFileServer.uplugin" 527
"../../../Engine/Plugins/Runtime/AudioSynesthesia/AudioSynesthesia.uplugin" 528
"../../../Engine/Plugins/Runtime/AudioModulation/AudioModulation.uplugin" 529
"../../../Engine/Plugins/Runtime/CommonUI/CommonUI.uplugin" 530
"../../../Engine/Plugins/Runtime/CustomMeshComponent/CustomMeshComponent.uplugin" 531
"../../../Engine/Plugins/Runtime/ApexDestruction/ApexDestruction.uplugin" 532
"../../../Engine/Plugins/Runtime/AppleImageUtils/AppleImageUtils.uplugin" 533
"../../../Engine/Plugins/Runtime/DataRegistry/DataRegistry.uplugin" 534
"../../../Engine/Plugins/Runtime/ComputeFramework/ComputeFramework.uplugin" 535
"../../../Engine/Plugins/Online/OnlineSubsystemUtils/OnlineSubsystemUtils.uplugin" 536
"../../../Engine/Plugins/Runtime/CableComponent/CableComponent.uplugin" 537
"../../../Engine/Plugins/Runtime/AudioWidgets/AudioWidgets.uplugin" 538
"../../../Engine/Plugins/Runtime/AppleMoviePlayer/AppleMoviePlayer.uplugin" 539
"../../../Engine/Plugins/Runtime/AndroidMoviePlayer/AndroidMoviePlayer.uplugin" 540
"../../../Engine/Plugins/Runtime/GeometryProcessing/GeometryProcessing.uplugin" 541
"../../../Engine/Plugins/Runtime/AudioMotorSim/AudioMotorSim.uplugin" 542
"../../../Engine/Plugins/Runtime/GeometryCache/GeometryCache.uplugin" 543
"../../../Engine/Plugins/Online/OnlineSubsystemNull/OnlineSubsystemNull.uplugin" 544
"../../../Engine/Plugins/Runtime/Firebase/Firebase.uplugin" 545
"../../../Engine/Plugins/Runtime/GameplayAbilities/GameplayAbilities.uplugin" 546
"../../../Engine/Plugins/Runtime/ChunkDownloader/ChunkDownloader.uplugin" 547
"../../../Engine/Plugins/Runtime/ArchVisCharacter/ArchVisCharacter.uplugin" 548
"../../../Engine/Plugins/Runtime/GameInput/GameInput.uplugin" 549
"../../../Engine/Plugins/Runtime/GameplayStateTree/GameplayStateTree.uplugin" 550
"../../../Engine/Plugins/Runtime/GeoReferencing/GeoReferencing.uplugin" 551
"../../../Engine/Plugins/Runtime/ExampleDeviceProfileSelector/ExampleDeviceProfileSelector.uplugin" 552
"../../../Engine/Plugins/Runtime/GoogleCloudMessaging/GoogleCloudMessaging.uplugin" 553
"../../../Engine/Plugins/Runtime/InputDebugging/InputDebugging.uplugin" 554
"../../../Engine/Plugins/Runtime/ExternalGPUStatistics/ExternalGPUStatistics.uplugin" 555
"../../../Engine/Plugins/Runtime/GameFeatures/GameFeatures.uplugin" 556
"../../../Engine/Plugins/Runtime/GameplayInteractions/GameplayInteractions.uplugin" 557
"../../../Engine/Plugins/Runtime/GameplayBehaviorSmartObjects/GameplayBehaviorSmartObjects.uplugin" 558
"../../../Engine/Plugins/Runtime/GeometryScripting/GeometryScripting.uplugin" 559
"../../../Engine/Plugins/Runtime/HairStrands/HairStrands.uplugin" 560
"../../../Engine/Plugins/Runtime/Harmonix/Harmonix.uplugin" 561
"../../../Engine/Plugins/Runtime/HTTPChunkInstaller/HTTPChunkInstaller.uplugin" 562
"../../../Engine/Plugins/Runtime/LinuxDeviceProfileSelector/LinuxDeviceProfileSelector.uplugin" 563
"../../../Engine/Plugins/Runtime/LocationServicesIOSImpl/LocationServicesIOSImpl.uplugin" 564
"../../../Engine/Plugins/Runtime/LocationServicesAndroidImpl/LocationServicesAndroidImpl.uplugin" 565
"../../../Engine/Plugins/Runtime/HPMotionController/HPMotionController.uplugin" 566
"../../../Engine/Plugins/Runtime/IOSDeviceProfileSelector/IOSDeviceProfileSelector.uplugin" 567
"../../../Engine/Plugins/Runtime/InstancedActors/InstancedActors.uplugin" 568
"../../../Engine/Plugins/Runtime/Metasound/Metasound.uplugin" 569
"../../../Engine/Plugins/Runtime/ModelViewViewModel/ModelViewViewModel.uplugin" 570
"../../../Engine/Plugins/Runtime/MIDIDevice/MIDIDevice.uplugin" 571
"../../../Engine/Plugins/Runtime/IOSReplayKit/IOSReplayKit.uplugin" 572
"../../../Engine/Plugins/Runtime/MobilePatchingUtils/MobilePatchingUtils.uplugin" 573
"../../../Engine/Plugins/Runtime/GooglePAD/GooglePAD.uplugin" 574
"../../../Engine/Plugins/Runtime/HDRIBackdrop/HDRIBackdrop.uplugin" 575
"../../../Engine/Plugins/Runtime/LocationServicesBPLibrary/LocationServicesBPLibrary.uplugin" 576
"../../../Engine/Plugins/Runtime/MassEntity/MassEntity.uplugin" 577
"../../../Engine/Plugins/Runtime/MassGameplay/MassGameplay.uplugin" 578
"../../../Engine/Plugins/Runtime/MeshModelingToolset/MeshModelingToolset.uplugin" 579
"../../../Engine/Plugins/Runtime/ModularGameplay/ModularGameplay.uplugin" 580
"../../../Engine/Plugins/Runtime/NavCorridor/NavCorridor.uplugin" 581
"../../../Engine/Plugins/Runtime/LevelStreamingPersistence/LevelStreamingPersistence.uplugin" 582
"../../../Engine/Plugins/Runtime/MixedRealityCaptureFramework/MixedRealityCaptureFramework.uplugin" 583
"../../../Engine/Plugins/Runtime/LiveLinkOvernDisplay/LiveLinkOverNDisplay.uplugin" 584
"../../../Engine/Plugins/Runtime/OpenXRHandTracking/OpenXRHandTracking.uplugin" 585
"../../../Engine/Plugins/Runtime/NetworkPrediction/NetworkPrediction.uplugin" 586
"../../../Engine/Plugins/Runtime/NetworkPredictionInsights/NetworkPredictionInsights.uplugin" 587
"../../../Engine/Plugins/Runtime/MultiServerReplication/MultiServerReplication.uplugin" 588
"../../../Engine/Plugins/Runtime/nDisplay/nDisplay.uplugin" 589
"../../../Engine/Plugins/Runtime/MsQuic/MsQuic.uplugin" 590
"../../../Engine/Plugins/Runtime/OpenXREyeTracker/OpenXREyeTracker.uplugin" 591
"../../../Engine/Plugins/Runtime/OpenXR/OpenXR.uplugin" 592
"../../../Engine/Plugins/Runtime/OptionalMobileFeaturesBPLibrary/OptionalMobileFeaturesBPLibrary.uplugin" 593
"../../../Engine/Plugins/Runtime/MicrosoftSpatialAudio/MicroSoftSpatialSound.uplugin" 594
"../../../Engine/Plugins/Runtime/OpenCV/OpenCV.uplugin" 595
"../../../Engine/Plugins/Runtime/PropertyBindingUtils/PropertyBindingUtils.uplugin" 596
"../../../Engine/Plugins/Runtime/NetworkPredictionExtras/NetworkPredictionExtras.uplugin" 597
"../../../Engine/Plugins/Runtime/RenderTrace/RenderTrace.uplugin" 598
"../../../Engine/Plugins/Runtime/OpenXRViveTracker/OpenXRViveTracker.uplugin" 599
"../../../Engine/Plugins/Runtime/MusicEnvironment/MusicEnvironment.uplugin" 600
"../../../Engine/Plugins/Runtime/nDisplayModularFeatures/nDisplayModularFeatures.uplugin" 601
"../../../Engine/Plugins/Runtime/ResonanceAudio/ResonanceAudio.uplugin" 602
"../../../Engine/Plugins/Runtime/PropertyAccess/PropertyAccessEditor.uplugin" 603
"../../../Engine/Plugins/Runtime/ProceduralMeshComponent/ProceduralMeshComponent.uplugin" 604
"../../../Engine/Plugins/Runtime/PreLoadScreenMoviePlayer/PreLoadScreenMoviePlayer.uplugin" 605
"../../../Engine/Plugins/Runtime/OSC/OSC.uplugin" 606
"../../../Engine/Plugins/Runtime/OpenXRMsftHandInteraction/OpenXRMsftHandInteraction.uplugin" 607
"../../../Engine/Plugins/Runtime/ReplicationSystemTestPlugin/ReplicationSystemTestPlugin.uplugin" 608
"../../../Engine/Plugins/Runtime/ReplicationGraph/ReplicationGraph.uplugin" 609
"../../../Engine/Plugins/Runtime/SoundCueTemplates/SoundCueTemplates.uplugin" 610
"../../../Engine/Plugins/Runtime/SmartObjects/SmartObjects.uplugin" 611
"../../../Engine/Plugins/Runtime/Synthesis/Synthesis.uplugin" 612
"../../../Engine/Plugins/Runtime/RigVM/RigVM.uplugin" 613
"../../../Engine/Plugins/Runtime/WaveTable/WaveTable.uplugin" 614
"../../../Engine/Plugins/Runtime/SoundUtilities/SoundUtilities.uplugin" 615
"../../../Engine/Plugins/Runtime/SoundMod/SoundMod.uplugin" 616
"../../../Engine/Plugins/Runtime/StateTree/StateTree.uplugin" 617
"../../../Engine/Plugins/Runtime/Soundscape/Soundscape.uplugin" 618
"../../../Engine/Plugins/Runtime/SignificanceManager/SignificanceManager.uplugin" 619
"../../../Engine/Plugins/Runtime/Spatialization/Spatialization.uplugin" 620
"../../../Engine/Plugins/Runtime/WebBrowserNativeProxy/WebBrowserNativeProxy.uplugin" 621
"../../../Engine/Plugins/Runtime/USDCore/USDCore.uplugin" 622
"../../../Engine/Plugins/Runtime/SoundFields/SoundFields.uplugin" 623
"../../../Engine/Plugins/Runtime/SkeletalMerging/SkeletalMerging.uplugin" 624
"../../../Engine/Plugins/Runtime/WarpUtils/WarpUtils.uplugin" 625
"../../../Engine/Plugins/Runtime/WindowsMoviePlayer/WindowsMoviePlayer.uplugin" 626
"../../../Engine/Plugins/Tests/AudioCQTests/AudioCQTests.uplugin" 627
"../../../Engine/Plugins/Runtime/SunPosition/SunPosition.uplugin" 628
"../../../Engine/Plugins/Runtime/WebMMoviePlayer/WebMMoviePlayer.uplugin" 629
"../../../Engine/Plugins/Runtime/WebBrowserWidget/WebBrowserWidget.uplugin" 630
"../../../Engine/Plugins/Runtime/WindowsDeviceProfileSelector/WindowsDeviceProfileSelector.uplugin" 631
"../../../Engine/Plugins/Runtime/ZoneGraphAnnotations/ZoneGraphAnnotations.uplugin" 632
"../../../Engine/Plugins/Tests/CQTestExperimental/CQTestExperimental.uplugin" 633
"../../../Engine/Plugins/Runtime/ScriptableToolsFramework/ScriptableToolsFramework.uplugin" 634
"../../../Engine/Plugins/Runtime/ZoneGraph/ZoneGraph.uplugin" 635
"../../../Engine/Plugins/Tests/AutomationDriverTests/AutomationDriverTests.uplugin" 636
"../../../Engine/Plugins/Tests/EditorTests/EditorTests.uplugin" 637
"../../../Engine/Plugins/Tests/FunctionalTestingEditor/FunctionalTestingEditor.uplugin" 638
"../../../Engine/Plugins/Tests/FbxAutomationTestBuilder/FbxAutomationTestBuilder.uplugin" 639
"../../../Engine/Plugins/Tests/PythonAutomationTest/PythonAutomationTest.uplugin" 640
"../../../Engine/Plugins/Tests/CQTestEnhancedInput/CQTestEnhancedInput.uplugin" 641
"../../../Engine/Plugins/Tests/TestSamples/TestSamples.uplugin" 642
"../../../Engine/Plugins/Tests/TestFramework/TestFramework.uplugin" 643
"../../../Engine/Plugins/Tests/CQTest/CQTest.uplugin" 644
"../../../Engine/Plugins/Runtime/WorldConditions/WorldConditions.uplugin" 645
"../../../Engine/Plugins/Runtime/XRBase/XRBase.uplugin" 646
"../../../Engine/Plugins/Tests/RuntimeTests/RuntimeTests.uplugin" 647
"../../../Engine/Plugins/Tests/WidgetAutomationTests/WidgetAutomationTests.uplugin" 648
"../../../Engine/Plugins/Experimental/MoverTests/MoverTests.uplugin" 649
"../../../Engine/Plugins/Tests/InterchangeTests/InterchangeTests.uplugin" 650
"../../../Engine/Plugins/VirtualProduction/DMX/DatasmithMVR/DatasmithMVR.uplugin" 651
"../../../Engine/Plugins/Web/HttpBlueprint/HttpBlueprint.uplugin" 652
"../../../Engine/Plugins/VirtualProduction/DMX/DMXFixtures/DMXFixtures.uplugin" 653
"../../../Engine/Plugins/VirtualProduction/DMX/DMXEngine/DMXEngine.uplugin" 654
"../../../Engine/Plugins/VirtualProduction/DMX/DMXControlConsole/DMXControlConsole.uplugin" 655
"../../../Engine/Plugins/Tests/RHITests/RHITests.uplugin" 656
"../../../Engine/Plugins/VirtualProduction/DMX/DMXGDTF/DMXGDTF.uplugin" 657
"../../../Engine/Plugins/VirtualProduction/DMX/DMXProtocol/DMXProtocol.uplugin" 658
"../../../Engine/Plugins/VirtualProduction/Rivermax/RivermaxCore/RivermaxCore.uplugin" 659
"../../../Engine/Plugins/Developer/Concert/ConcertMain/ConcertMain.uplugin" 660
"../../../Engine/Plugins/VirtualProduction/Rivermax/RivermaxMedia/RivermaxMedia.uplugin" 661
"../../../Engine/Plugins/Editor/ContentBrowser/ContentBrowserClassDataSource/ContentBrowserClassDataSource.uplugin" 662
"../../../Engine/Plugins/Editor/ContentBrowser/ContentBrowserFileDataSource/ContentBrowserFileDataSource.uplugin" 663
"../../../Engine/Plugins/Editor/ContentBrowser/ContentBrowserAssetDataSource/ContentBrowserAssetDataSource.uplugin" 664
"../../../Engine/Plugins/VirtualProduction/DMX/DMXPixelMapping/DMXPixelMapping.uplugin" 665
"../../../Engine/Plugins/VirtualProduction/CaptureManager/CaptureManagerApp/CaptureManagerApp.uplugin" 666
"../../../Engine/Plugins/VirtualProduction/DMX/DMXDisplayCluster/DMXDisplayCluster.uplugin" 667
"../../../Engine/Plugins/VirtualProduction/CaptureManager/CaptureManagerDevices/CaptureManagerDevices.uplugin" 668
"../../../Engine/Plugins/Experimental/PCGInterops/PCGFastGeoInterop/PCGFastGeoInterop.uplugin" 669
"../../../Engine/Plugins/Experimental/Enterprise/DatasmithRuntime/DatasmithRuntime.uplugin" 670
"../../../Engine/Plugins/Experimental/MetaHuman/MetaHumanCharacterUAF/MetaHumanCharacterUAF.uplugin" 671
"../../../Engine/Plugins/Experimental/Enterprise/DatasmithInterchange/DatasmithInterchange.uplugin" 672
"../../../Engine/Plugins/VirtualProduction/Rivermax/RivermaxSync/RivermaxSync.uplugin" 673
"../../../Engine/Plugins/VirtualProduction/CaptureManager/CaptureManagerEditor/CaptureManagerEditor.uplugin" 674
"../../../Engine/Plugins/VirtualProduction/DMX/DMXModularFeatures/DMXModularFeatures.uplugin" 675
"../../../Engine/Plugins/Experimental/PCGInterops/PCGInstancedActorsInterop/PCGInstancedActorsInterop.uplugin" 676
"../../../Engine/Plugins/Experimental/Enterprise/DataprepGeometryOperations/DataprepGeometryOperations.uplugin" 677
"../../../Engine/Plugins/Experimental/Web/WebAPI/WebAPI.uplugin" 678
"../../../Engine/Plugins/Editor/ContentBrowser/ContentBrowserAliasDataSource/ContentBrowserAliasDataSource.uplugin" 679
"../../../Engine/Plugins/Experimental/PCGInterops/PCGWaterInterop/PCGWaterInterop.uplugin" 680
"../../../Engine/Plugins/Experimental/Animation/ContextualAnimation/ContextualAnimation.uplugin" 681
"../../../Engine/Plugins/Experimental/MetaHuman/MetaHumanRuntime/MetaHumanRuntime.uplugin" 682
"../../../Engine/Plugins/Experimental/PCGInterops/PCGNaniteAssembliesInterop/PCGNaniteAssembliesInterop.uplugin" 683
"../../../Engine/Plugins/Experimental/MetaHuman/MetaHumanCalibrationDiagnostics/MetaHumanCalibrationDiagnostics.uplugin" 684
"../../../Engine/Plugins/Experimental/PCGInterops/PCGNiagaraInterop/PCGNiagaraInterop.uplugin" 685
"../../../Engine/Plugins/Experimental/Animation/CurveExpression/CurveExpression.uplugin" 686
"../../../Engine/Plugins/Runtime/Advertising/IOSTapJoy/IOSTapJoy.uplugin" 687
"../../../Engine/Plugins/Experimental/CharacterFXEditor/ExampleCharacterFXEditor/ExampleCharacterFXEditor.uplugin" 688
"../../../Engine/Plugins/Experimental/Animation/HierarchyTableAnimation/HierarchyTableAnimation.uplugin" 689
"../../../Engine/Plugins/Experimental/Animation/RigMapper/RigMapper.uplugin" 690
"../../../Engine/Plugins/VirtualProduction/CaptureManager/CaptureManagerCore/CaptureManagerCore.uplugin" 691
"../../../Engine/Plugins/Experimental/Animation/HierarchyTable/HierarchyTable.uplugin" 692
"../../../Engine/Plugins/Experimental/Animation/PackedAttributes/PackedAttributes.uplugin" 693
"../../../Engine/Plugins/Experimental/Animation/RigMapperOp/RigMapperOp.uplugin" 694
"../../../Engine/Plugins/Experimental/Animation/RelativeIKOp/RelativeIKOp.uplugin" 695
"../../../Engine/Plugins/Online/IOS/OnlineSubsystemIOS/OnlineSubsystemIOS.uplugin" 696
"../../../Engine/Plugins/Experimental/Animation/Optimus/Optimus.uplugin" 697
"../../../Engine/Plugins/Experimental/AVCodecs/VTCodecs/VTCodecs.uplugin" 698
"../../../Engine/Plugins/Experimental/AVCodecs/AMFCodecs/AMFCodecs.uplugin" 699
"../../../Engine/Plugins/Experimental/Animation/Locomotor/Locomotor.uplugin" 700
"../../../Engine/Plugins/Experimental/VirtualProduction/VPRoles/VPRoles.uplugin" 701
"../../../Engine/Plugins/Experimental/VirtualProduction/LedWallCalibration/LedWallCalibration.uplugin" 702
"../../../Engine/Plugins/Experimental/AVCodecs/AVCodecsCore/AVCodecsCore.uplugin" 703
"../../../Engine/Plugins/Online/Android/OnlineSubsystemGooglePlay/OnlineSubsystemGooglePlay.uplugin" 704
"../../../Engine/Plugins/Experimental/AVCodecs/LibVpxCodecs/LibVpxCodecs.uplugin" 705
"../../../Engine/Plugins/Experimental/VirtualProduction/VPSettings/VPSettings.uplugin" 706
"../../../Engine/Plugins/Experimental/Animation/TrajectoryTools/TrajectoryTools.uplugin" 707
"../../../Engine/Plugins/Experimental/Animation/SkeletalMeshMorphTargetEditingTools/SkeletalMeshMorphTargetEditingTools.uplugin" 708
"../../../Engine/Plugins/Experimental/AVCodecs/WMFCodecs/WMFCodecs.uplugin" 709
"../../../Engine/Plugins/Runtime/Database/DatabaseSupport/DatabaseSupport.uplugin" 710
"../../../Engine/Plugins/Experimental/CharacterFXEditor/BaseCharacterFXEditor/BaseCharacterFXEditor.uplugin" 711
"../../../Engine/Plugins/Runtime/XR/XRScribe/XRScribe.uplugin" 712
"../../../Engine/Plugins/Runtime/AR/ARUtilities/ARUtilities.uplugin" 713
"../../../Engine/Plugins/Runtime/Database/SQLiteCore/SQLiteCore.uplugin" 714
"../../../Engine/Plugins/Animation/MLDeformer/ChaosFleshGenerator/ChaosFleshGenerator.uplugin" 715
"../../../Engine/Plugins/Animation/MLDeformer/MLDeformerFramework/MLDeformerFramework.uplugin" 716
"../../../Engine/Plugins/Runtime/Database/ADOSupport/ADOSupport.uplugin" 717
"../../../Engine/Plugins/Online/Android/AndroidFetchBackgroundDownload/AndroidFetchBackgroundDownload.uplugin" 718
"../../../Engine/Plugins/Experimental/AVCodecs/NVCodecs/NVCodecs.uplugin" 719
"../../../Engine/Plugins/Animation/MLDeformer/ChaosClothGenerator/ChaosClothGenerator.uplugin" 720
"../../../Engine/Plugins/Runtime/Database/SQLiteSupport/SQLiteSupport.uplugin" 721
"../../../Engine/Plugins/Experimental/UAF/UAFChooser/UAFChooser.uplugin" 722
"../../../Engine/Plugins/Experimental/UAF/UAF/UAF.uplugin" 723
"../../../Engine/Plugins/Experimental/UAF/UAFAnimGraph/UAFAnimGraph.uplugin" 724
"../../../Engine/Plugins/Animation/MLDeformer/NeuralMorphModel/NeuralMorphModel.uplugin" 725
"../../../Engine/Plugins/Editor/ObjectMixer/LightMixer/LightMixer.uplugin" 726
"../../../Engine/Plugins/Experimental/UAF/UAFTests/UAFTests.uplugin" 727
"../../../Engine/Plugins/Runtime/XR/XRVisualization/XRVisualization.uplugin" 728
"../../../Engine/Plugins/Experimental/UAF/UAFPoseSearch/UAFPoseSearch.uplugin" 729
"../../../Engine/Plugins/Editor/ObjectMixer/ObjectMixer/ObjectMixer.uplugin" 730
"../../../Engine/Plugins/Experimental/UAF/UAFStateTree/UAFStateTree.uplugin" 731
"../../../Engine/Plugins/Runtime/Database/RemoteDatabaseSupport/RemoteDatabaseSupport.uplugin" 732
"../../../Engine/Plugins/Experimental/UAF/UAFMirroring/UAFMirroring.uplugin" 733
"../../../Engine/Plugins/Runtime/PacketHandlers/DTLSHandlerComponent/DTLSHandlerComponent.uplugin" 734
"../../../Engine/Plugins/Runtime/Steam/SteamController/SteamController.uplugin" 735
"../../../Engine/Plugins/Runtime/Steam/SteamSockets/SteamSockets.uplugin" 736
"../../../Engine/Plugins/Animation/MLDeformer/NearestNeighborModel/NearestNeighborModel.uplugin" 737
"../../../Engine/Plugins/Runtime/PacketHandlers/AESGCMHandlerComponent/AESGCMHandlerComponent.uplugin" 738
"../../../Engine/Plugins/Experimental/UAF/UAFWarping/UAFWarping.uplugin" 739
"../../../Engine/Plugins/Runtime/Steam/SteamAudio/SteamAudio.uplugin" 740
"../../../Engine/Plugins/Runtime/PacketHandlers/AESHandlerComponent/AESHandlerComponent.uplugin" 741
"../../../Engine/Plugins/Experimental/Animation/MotionTrajectory/MotionTrajectory.uplugin" 742
"../../../Engine/Plugins/Runtime/Analytics/Adjust/Adjust.uplugin" 743
"../../../Engine/Plugins/Animation/MLDeformer/VertexDeltaModel/VertexDeltaModel.uplugin" 744
"../../../Engine/Plugins/Experimental/UAF/UAFControlRig/UAFControlRig.uplugin" 745
"../../../Engine/Plugins/Runtime/Analytics/AnalyticsBlueprintLibrary/AnalyticsBlueprintLibrary.uplugin" 746
"../../../Engine/Plugins/Runtime/Analytics/AnalyticsMulticast/AnalyticsMulticast.uplugin" 747
"../../../Engine/Plugins/Editor/Localization/PortableObjectFileDataSource/PortableObjectFileDataSource.uplugin" 748
"../../../Engine/Plugins/Online/VoiceChat/VoiceChat/VoiceChat.uplugin" 749
"../../../Engine/Plugins/Runtime/MeshReconstruction/DummyMeshReconstructor/DummyMeshReconstructor.uplugin" 750
"../../../Engine/Plugins/Runtime/Windows/XInputDevice/XInputDevice.uplugin" 751
"../../../Engine/Plugins/Runtime/Nvidia/GeForceNOWWrapper/GeForceNOWWrapper.uplugin" 752
"../../../Engine/Plugins/Runtime/Windows/WinDualShock/WinDualShock.uplugin" 753
"../../../Engine/Plugins/Online/VoiceChat/EOSVoiceChat/EOSVoiceChat.uplugin" 754
"../../../Engine/Plugins/Interchange/Extensions/OpenUSD/InterchangeOpenUSD.uplugin" 755
"../../../Engine/Plugins/Runtime/Windows/WinVirtualKeyboard/WinVirtualKeyboard.uplugin" 756
"../../../Engine/Plugins/Runtime/Steam/SteamShared/SteamShared.uplugin" 757
"../../../Engine/Plugins/Runtime/Analytics/FileLogging/FileLogging.uplugin" 758
"../../../Engine/Plugins/Runtime/Nvidia/Reflex/Reflex.uplugin" 759
"../../../Engine/Plugins/Runtime/AR/AppleAR/AppleARKit/AppleARKit.uplugin" 760
"../../../Engine/Plugins/Developer/Concert/ConcertUI/ConcertSharedSlate/ConcertSharedSlate.uplugin" 761
"../../../Engine/Plugins/Developer/Concert/ConcertApp/MultiUserClient/MultiUserClient.uplugin" 762
"../../../Engine/Plugins/Runtime/AR/AppleAR/AppleARKitFaceSupport/AppleARKitFaceSupport.uplugin" 763
"../../../Engine/Plugins/Interchange/Extensions/OpenVDB/InterchangeOpenVDB.uplugin" 764
"../../../Engine/Plugins/Developer/Concert/ConcertApp/DisasterRecoveryClient/DisasterRecoveryClient.uplugin" 765
"../../../Engine/Plugins/Developer/Concert/ConcertApp/MultiUserServer/MultiUserServer.uplugin" 766
"../../../Engine/Plugins/Developer/Concert/ConcertUI/ConcertClientSharedSlate/ConcertClientSharedSlate.uplugin" 767
"../../../Engine/Plugins/Developer/Concert/ConcertInsights/ConcertInsightsCore/ConcertInsightsCore.uplugin" 768
"../../../Engine/Plugins/Developer/Concert/ConcertInsights/ConcertInsightsServer/ConcertInsightsServer.uplugin" 769
"../../../Engine/Plugins/Developer/Concert/ConcertInsights/ConcertInsightsVisualizer/ConcertInsightsVisualizer.uplugin" 770
"../../../Engine/Plugins/Developer/Concert/ConcertScripting/ConcertReplicationScripting/ConcertReplicationScripting.uplugin" 771
"../../../Engine/Plugins/Developer/Concert/ConcertSync/ConcertSyncCore/ConcertSyncCore.uplugin" 772
"../../../Engine/Plugins/Developer/Concert/ConcertSync/ConcertSyncServer/ConcertSyncServer.uplugin" 773
"../../../Engine/Plugins/Runtime/AR/Google/GoogleARCoreServices/GoogleARCoreServices.uplugin" 774
"../../../Engine/Plugins/Developer/Concert/ConcertSync/ConcertSyncTest/ConcertSyncTest.uplugin" 775
"../../../Engine/Plugins/Developer/Concert/ConcertSync/ConcertSyncClient/ConcertSyncClient.uplugin" 776
"../../../Engine/Plugins/Experimental/Animation/MLDeformer/DetailPoseModel/DetailPoseModel.uplugin" 777
"../../../Engine/Plugins/Developer/Concert/ConcertInsights/ConcertInsightsClient/ConcertInsightsClient.uplugin" 778
"../../../Engine/Plugins/Runtime/AR/Google/GoogleARCore/GoogleARCore.uplugin" 779
"../../../Engine/Platforms/Android/Plugins/Animation/ACLPlugin/ACLPlugin_Android.uplugin" 780
"../../../Engine/Platforms/Android/Plugins/Animation/RigLogic/RigLogic_Android.uplugin" 781
"../../../Engine/Platforms/IOS/Plugins/Animation/RigLogic/RigLogic_IOS.uplugin" 782
"../../../Engine/Content/Internationalization/icudt64l/cnvalias.icu" 783
"../../../Engine/Content/Internationalization/icudt64l/res_index.res" 784
"../../../Engine/Content/Internationalization/icudt64l/plurals.res" 785
"../../../Engine/Content/Internationalization/icudt64l/lang/ja_JP.res" 786
"../../../Engine/Content/Internationalization/icudt64l/lang/pool.res" 787
"../../../Engine/Content/Internationalization/icudt64l/lang/ja.res" 788
"../../../Engine/Content/Internationalization/icudt64l/lang/root.res" 789
"../../../Engine/Content/Internationalization/icudt64l/region/ja_JP.res" 790
"../../../Engine/Content/Internationalization/icudt64l/region/pool.res" 791
"../../../Engine/Content/Internationalization/icudt64l/region/ja.res" 792
"../../../Engine/Content/Internationalization/icudt64l/region/root.res" 793
"../../../Engine/Content/Internationalization/icudt64l/lang/en.res" 794
"../../../Engine/Content/Internationalization/icudt64l/region/en.res" 795
"../../../Engine/Content/Internationalization/icudt64l/windowsZones.res" 796
"../../../Engine/Content/Internationalization/icudt64l/zoneinfo64.res" 797
"../../../Engine/Content/Internationalization/icudt64l/keyTypeData.res" 798
"../../../Engine/Content/Internationalization/icudt64l/timezoneTypes.res" 799
"../../../Engine/Content/Internationalization/icudt64l/likelySubtags.res" 800
"../../../Engine/Content/Internationalization/icudt64l/ja_JP.res" 801
"../../../Engine/Content/Internationalization/icudt64l/pool.res" 802
"../../../Engine/Content/Internationalization/icudt64l/ja.res" 803
"../../../Engine/Content/Internationalization/icudt64l/root.res" 804
"../../../Engine/Content/Internationalization/icudt64l/supplementalData.res" 805
"../../../Engine/Config/ConfigRedirects.ini" 806
"C:/Users/onigi/AppData/Local/UnrealEngine/5.7/Saved/Config/WindowsEditor/Manifest.ini" 807
"../../../Engine/Config/BaseEngine.ini" 808
"../../../Engine/Config/Windows/BaseWindowsEngine.ini" 809
"../../../../../../RaylaFile/RaylaFeat/Config/DefaultEngine.ini" 810
"../../../Engine/Config/BaseGame.ini" 811
"../../../../../../RaylaFile/RaylaFeat/Config/DefaultGame.ini" 812
"../../../Engine/Config/Windows/WindowsGame.ini" 813
"C:/RaylaFile/RaylaFeat/Saved/Config/WindowsEditor/Game.ini" 814
"../../../Engine/Config/BaseInput.ini" 815
"../../../Engine/Config/Windows/BaseWindowsInput.ini" 816
"../../../../../../RaylaFile/RaylaFeat/Config/DefaultInput.ini" 817
"../../../Engine/Config/Windows/WindowsInput.ini" 818
"../../../Engine/Config/BaseDeviceProfiles.ini" 819
"../../../Engine/Config/BaseGameUserSettings.ini" 820
"C:/RaylaFile/RaylaFeat/Saved/Config/WindowsEditor/GameUserSettings.ini" 821
"../../../Engine/Config/BaseScalability.ini" 822
"../../../Engine/Config/BaseRuntimeOptions.ini" 823
"../../../Engine/Config/BaseInstallBundle.ini" 824
"../../../Engine/Config/BaseHardware.ini" 825
"../../../Engine/Config/BaseCompat.ini" 826
"../../../Engine/Config/BaseLightmass.ini" 827
"../../../Engine/Config/BaseEditor.ini" 828
"../../../../../../RaylaFile/RaylaFeat/Config/DefaultEditor.ini" 829
"C:/RaylaFile/RaylaFeat/Saved/Config/WindowsEditor/Editor.ini" 830
"../../../Engine/Config/BaseMaterialExpressions.ini" 831
"../../../Engine/Config/BaseEditorPerProjectUserSettings.ini" 832
"../../../Engine/Config/Windows/WindowsEditorPerProjectUserSettings.ini" 833
"C:/RaylaFile/RaylaFeat/Saved/Config/WindowsEditor/EditorPerProjectUserSettings.ini" 834
"../../../Engine/Config/BaseEditorSettings.ini" 835
"../../../Engine/Config/Windows/WindowsEditorSettings.ini" 836
"C:/Users/onigi/AppData/Local/UnrealEngine/5.7/Saved/Config/WindowsEditor/EditorSettings.ini" 837
"../../../Engine/Config/BaseEditorKeyBindings.ini" 838
"C:/Users/onigi/AppData/Local/UnrealEngine/5.7/Saved/Config/WindowsEditor/EditorLayout.ini" 839
"../../../Engine/Config/Android/BaseAndroidEngine.ini" 840
"../../../Engine/Config/IOS/BaseIOSEngine.ini" 841
"../../../Engine/Config/Android/AndroidEngine.ini" 842
"../../../Engine/Config/TVOS/TVOSEngine.ini" 843
"../../../../../../RaylaFile/RaylaFeat/Binaries/Win64/Rayla_Feat.target" 844
"../../../Engine/Config/Linux/BaseLinuxEngine.ini" 845
"../../../Engine/Config/Mac/BaseMacEngine.ini" 846
"../../../Engine/Platforms/VisionOS/Config/BaseVisionOSEngine.ini" 847
"../../../Engine/Config/Unix/UnixEngine.ini" 848
"../../../../../../RaylaFile/RaylaFeat/Intermediate/CachedAssetRegistryDiscovery.bin" 849
"../../../Engine/Config/Android/BaseAndroidGame.ini" 850
"../../../Engine/Config/IOS/BaseIOSGame.ini" 851
"../../../../../../RaylaFile/RaylaFeat/Binaries/Win64/Rayla_FeatEditor.target" 852
"../../../Engine/Platforms/VisionOS/Config/VisionOSEngine.ini" 853
"../../../Engine/Config/Mac/MacGame.ini" 854
"../../../Engine/Config/IOS/IOSGame.ini" 855
"../../../Engine/Config/Linux/LinuxEngine.ini" 856
"../../../Engine/Config/Mac/BaseMacInput.ini" 857
"../../../Engine/Config/IOS/BaseIOSInput.ini" 858
"../../../Engine/Config/Linux/LinuxGame.ini" 859
"../../../Engine/Config/Android/BaseAndroidInput.ini" 860
"../../../Engine/Config/IOS/IOSScalability.ini" 861
"../../../Engine/Config/IOS/BaseIOSInstallBundle.ini" 862
"../../../Engine/Config/Android/AndroidScalability.ini" 863
"../../../Engine/Config/Android/BaseAndroidInstallBundle.ini" 864
"../../../Engine/Config/PluginBase.ini" 865
"../../../Engine/Plugins/ChaosVD/Config/DefaultChaosVD.ini" 866
"../../../Engine/Plugins/EnhancedInput/Config/BaseEnhancedInput.ini" 867
"../../../Engine/Plugins/Fab/Config/BaseFab.ini" 868
"../../../Engine/Plugins/TraceUtilities/Config/BaseTraceUtilities.ini" 869
"../../../Engine/Plugins/Enterprise/DatasmithContent/Config/BaseDatasmithContent.ini" 870
"../../../Engine/Plugins/Enterprise/GLTFExporter/Config/BaseGLTFExporter.ini" 871
"../../../Engine/Plugins/Enterprise/GLTFExporter/Config/DefaultGLTFExporter.ini" 872
"../../../Engine/Plugins/Enterprise/VariantManagerContent/Config/BaseVariantManagerContent.ini" 873
"../../../Engine/Plugins/FX/Niagara/Config/BaseNiagara.ini" 874
"../../../Engine/Plugins/Interchange/Assets/Config/BaseInterchangeAssets.ini" 875
"../../../Engine/Plugins/Interchange/Runtime/Config/BaseInterchange.ini" 876
"../../../Engine/Plugins/VirtualProduction/Takes/Config/BaseTakes.ini" 877
"../../../Engine/Plugins/MetaHuman/MetaHumanSDK/Config/BaseMetaHumanSDK.ini" 878
"../../../Engine/Plugins/2D/Paper2D/Config/BasePaper2D.ini" 879
"../../../Engine/Plugins/Animation/ControlRig/Config/BaseControlRig.ini" 880
"../../../Engine/Plugins/Animation/DeformerGraph/Config/BaseDeformerGraph.ini" 881
"../../../Engine/Plugins/Animation/IKRig/Config/BaseIKRig.ini" 882
"../../../Engine/Plugins/Cameras/GameplayCameras/Config/BaseGameplayCameras.ini" 883
"../../../Engine/Plugins/Compositing/CompositeCore/Config/BaseCompositeCore.ini" 884
"../../../Engine/Plugins/Editor/EditorScriptingUtilities/Config/BaseEditorScriptingUtilities.ini" 885
"../../../Engine/Plugins/Experimental/FullBodyIK/Config/BaseFullBodyIK.ini" 886
"../../../Engine/Plugins/Experimental/ToolPresets/Config/BaseToolPresets.ini" 887
"../../../Engine/Plugins/Runtime/HairStrands/Config/BaseHairStrands.ini" 888
"../../../Engine/Plugins/Runtime/Metasound/Config/BaseMetasound.ini" 889
"../../../Engine/Plugins/Runtime/Metasound/Config/DefaultMetasound.ini" 890
"../../../Engine/Plugins/Runtime/PropertyBindingUtils/Config/BasePropertyBindingUtils.ini" 891
"../../../Engine/Plugins/Runtime/RigVM/Config/BaseRigVM.ini" 892
"../../../Engine/Plugins/Runtime/StateTree/Config/BaseStateTree.ini" 893
"../../../Engine/Plugins/Runtime/Synthesis/Config/BaseSynthesis.ini" 894
"../../../Engine/Plugins/ChaosVD/Config/Engine.ini" 895
"../../../Engine/Plugins/EnhancedInput/Config/Input.ini" 896
"../../../Engine/Plugins/Runtime/InputDebugging/Config/Input.ini" 897
"../../../Engine/Plugins/Runtime/Windows/XInputDevice/Config/Input.ini" 898
"../../../Engine/Plugins/NNE/NNEDenoiser/Config/Game.ini" 899
"../../../Engine/Plugins/Online/OnlineSubsystemUtils/Config/Editor.ini" 900
"../../../Engine/Plugins/Runtime/RigVM/Config/Editor.ini" 901
"../../../Engine/Plugins/Editor/ModelingToolsEditorMode/Binaries/Win64/UnrealEditor.modules" 902
"../../../Engine/Plugins/Runtime/MeshModelingToolset/Binaries/Win64/UnrealEditor.modules" 903
"../../../Engine/Plugins/Experimental/MeshModelingToolsetExp/Binaries/Win64/UnrealEditor.modules" 904
"../../../Engine/Plugins/Editor/MeshLODToolset/Binaries/Win64/UnrealEditor.modules" 905
"../../../Engine/Plugins/Experimental/ToolPresets/Binaries/Win64/UnrealEditor.modules" 906
"../../../Engine/Plugins/Editor/StylusInput/Binaries/Win64/UnrealEditor.modules" 907
"../../../Engine/Plugins/Runtime/GeometryProcessing/Binaries/Win64/UnrealEditor.modules" 908
"../../../Engine/Plugins/Editor/ProxyLODPlugin/Binaries/Win64/UnrealEditor.modules" 909
"../../../Engine/Plugins/Experimental/PlanarCutPlugin/Binaries/Win64/UnrealEditor.modules" 910
"../../../Engine/Plugins/Runtime/GeometryCache/Binaries/Win64/UnrealEditor.modules" 911
"../../../Engine/Plugins/Experimental/GeometryFlow/Binaries/Win64/UnrealEditor.modules" 912
"../../../Engine/Plugins/Editor/EditorScriptingUtilities/Binaries/Win64/UnrealEditor.modules" 913
"../../../Engine/Plugins/FX/Niagara/Binaries/Win64/UnrealEditor.modules" 914
"../../../Engine/Plugins/Experimental/PythonScriptPlugin/Binaries/Win64/UnrealEditor.modules" 915
"../../../Engine/Plugins/Editor/ContentBrowser/ContentBrowserFileDataSource/Binaries/Win64/UnrealEditor.modules" 916
"../../../Engine/Plugins/AudioInsights/Binaries/Win64/UnrealEditor.modules" 917
"../../../Engine/Plugins/Runtime/AudioWidgets/Binaries/Win64/UnrealEditor.modules" 918
"../../../Engine/Plugins/Runtime/AudioSynesthesia/Binaries/Win64/UnrealEditor.modules" 919
"../../../Engine/Plugins/Bridge/Binaries/Win64/UnrealEditor.modules" 920
"../../../Engine/Plugins/MetaHuman/MetaHumanSDK/Binaries/Win64/UnrealEditor.modules" 921
"../../../Engine/Plugins/Animation/ControlRig/Binaries/Win64/UnrealEditor.modules" 922
"../../../Engine/Plugins/Runtime/HairStrands/Binaries/Win64/UnrealEditor.modules" 923
"../../../Engine/Plugins/Animation/RigLogic/Binaries/Win64/UnrealEditor.modules" 924
"../../../Engine/Plugins/Interchange/Runtime/Binaries/Win64/UnrealEditor.modules" 925
"../../../Engine/Plugins/Online/EOSShared/Binaries/Win64/UnrealEditor.modules" 926
"../../../Engine/Plugins/Runtime/RigVM/Binaries/Win64/UnrealEditor.modules" 927
"../../../Engine/Plugins/MovieScene/LevelSequenceEditor/Binaries/Win64/UnrealEditor.modules" 928
"../../../Engine/Plugins/Runtime/PropertyAccess/Binaries/Win64/UnrealEditor.modules" 929
"../../../Engine/Plugins/MovieScene/SequencerScripting/Binaries/Win64/UnrealEditor.modules" 930
"../../../Engine/Plugins/Animation/TweeningUtils/Binaries/Win64/UnrealEditor.modules" 931
"../../../Engine/Plugins/Animation/DeformerGraph/Binaries/Win64/UnrealEditor.modules" 932
"../../../Engine/Plugins/Experimental/Dataflow/Binaries/Win64/UnrealEditor.modules" 933
"../../../Engine/Plugins/Runtime/ComputeFramework/Binaries/Win64/UnrealEditor.modules" 934
"../../../Engine/Plugins/Enterprise/VariantManagerContent/Binaries/Win64/UnrealEditor.modules" 935
"../../../Engine/Plugins/Enterprise/VariantManager/Binaries/Win64/UnrealEditor.modules" 936
"../../../Engine/Plugins/Interchange/Assets/Binaries/Win64/UnrealEditor.modules" 937
"../../../Engine/Plugins/Experimental/CharacterFXEditor/BaseCharacterFXEditor/Binaries/Win64/UnrealEditor.modules" 938
"../../../Engine/Plugins/Runtime/ProceduralMeshComponent/Binaries/Win64/UnrealEditor.modules" 939
"../../../Engine/Plugins/Experimental/ChaosCaching/Binaries/Win64/UnrealEditor.modules" 940
"../../../Engine/Plugins/Experimental/EditorDataStorage/Binaries/Win64/UnrealEditor.modules" 941
"../../../Engine/Plugins/Experimental/EditorDataStorageFeatures/Binaries/Win64/UnrealEditor.modules" 942
"../../../Engine/Plugins/Animation/SkeletalMeshModelingTools/Binaries/Win64/UnrealEditor.modules" 943
"../../../Engine/Plugins/VirtualProduction/Takes/Binaries/Win64/UnrealEditor.modules" 944
"../../../Engine/Plugins/Runtime/AudioCapture/Binaries/Win64/UnrealEditor.modules" 945
"../../../Engine/Plugins/Developer/NamingTokens/Binaries/Win64/UnrealEditor.modules" 946
"../../../Engine/Plugins/Editor/EngineAssetDefinitions/Binaries/Win64/UnrealEditor.modules" 947
"../../../Engine/Plugins/ChaosCloth/Binaries/Win64/UnrealEditor.modules" 948
"../../../Engine/Plugins/ChaosInsights/Binaries/Win64/UnrealEditor.modules" 949
"../../../Engine/Plugins/ChaosVD/Binaries/Win64/UnrealEditor.modules" 950
"../../../Engine/Plugins/CmdLinkServer/Binaries/Win64/UnrealEditor.modules" 951
"../../../Engine/Plugins/EnhancedInput/Binaries/Win64/UnrealEditor.modules" 952
"../../../Engine/Plugins/Editor/DataValidation/Binaries/Win64/UnrealEditor.modules" 953
"../../../Engine/Plugins/Fab/Binaries/Win64/UnrealEditor.modules" 954
"../../../Engine/Plugins/IoStoreInsights/Binaries/Win64/UnrealEditor.modules" 955
"../../../Engine/Plugins/MassInsights/Binaries/Win64/UnrealEditor.modules" 956
"../../../Engine/Plugins/MeshPainting/Binaries/Win64/UnrealEditor.modules" 957
"../../../Engine/Plugins/Interchange/Editor/Binaries/Win64/UnrealEditor.modules" 958
"../../../Engine/Plugins/RenderGraphInsights/Binaries/Win64/UnrealEditor.modules" 959
"../../../Engine/Plugins/TraceUtilities/Binaries/Win64/UnrealEditor.modules" 960
"../../../Engine/Plugins/UbaController/Binaries/Win64/UnrealEditor.modules" 961
"../../../Engine/Plugins/WorldMetrics/Binaries/Win64/UnrealEditor.modules" 962
"../../../Engine/Plugins/XGEController/Binaries/Win64/UnrealEditor.modules" 963
"../../../Engine/Plugins/Enterprise/DatasmithContent/Binaries/Win64/UnrealEditor.modules" 964
"../../../Engine/Plugins/Enterprise/GLTFExporter/Binaries/Win64/UnrealEditor.modules" 965
"../../../Engine/Plugins/FX/Cascade/Binaries/Win64/UnrealEditor.modules" 966
"../../../Engine/Plugins/FX/NiagaraPreviewContent/Binaries/Win64/UnrealEditor.modules" 967
"../../../Engine/Plugins/Messaging/TcpMessaging/Binaries/Win64/UnrealEditor.modules" 968
"../../../Engine/Plugins/Messaging/UdpMessaging/Binaries/Win64/UnrealEditor.modules" 969
"../../../Engine/Plugins/MovieScene/ActorSequence/Binaries/Win64/UnrealEditor.modules" 970
"../../../Engine/Plugins/FX/NiagaraSimCaching/Binaries/Win64/UnrealEditor.modules" 971
"../../../Engine/Plugins/MovieScene/SequenceValidator/Binaries/Win64/UnrealEditor.modules" 972
"../../../Engine/Plugins/NNE/NNEDenoiser/Binaries/Win64/UnrealEditor.modules" 973
"../../../Engine/Plugins/NNE/NNERuntimeORT/Binaries/Win64/UnrealEditor.modules" 974
"../../../Engine/Plugins/Media/AvfMedia/Binaries/Win64/UnrealEditor.modules" 975
"../../../Engine/Plugins/Media/AndroidMedia/Binaries/Win64/UnrealEditor.modules" 976
"../../../Engine/Plugins/Media/ImgMedia/Binaries/Win64/UnrealEditor.modules" 977
"../../../Engine/Plugins/Media/MediaPlayerEditor/Binaries/Win64/UnrealEditor.modules" 978
"../../../Engine/Plugins/Media/MediaCompositing/Binaries/Win64/UnrealEditor.modules" 979
"../../../Engine/Plugins/Media/MediaPlate/Binaries/Win64/UnrealEditor.modules" 980
"../../../Engine/Plugins/Compositing/CompositeCore/Binaries/Win64/UnrealEditor.modules" 981
"../../../Engine/Plugins/Media/WmfMedia/Binaries/Win64/UnrealEditor.modules" 982
"../../../Engine/Plugins/2D/Paper2D/Binaries/Win64/UnrealEditor.modules" 983
"../../../Engine/Plugins/AI/EnvironmentQueryEditor/Binaries/Win64/UnrealEditor.modules" 984
"../../../Engine/Plugins/AI/AISupport/Binaries/Win64/UnrealEditor.modules" 985
"../../../Engine/Plugins/Animation/AnimationData/Binaries/Win64/UnrealEditor.modules" 986
"../../../Engine/Plugins/Animation/AnimationModifierLibrary/Binaries/Win64/UnrealEditor.modules" 987
"../../../Engine/Plugins/Animation/ACLPlugin/Binaries/Win64/UnrealEditor.modules" 988
"../../../Engine/Plugins/Animation/BlendSpaceMotionAnalysis/Binaries/Win64/UnrealEditor.modules" 989
"../../../Engine/Plugins/Animation/ControlRigSpline/Binaries/Win64/UnrealEditor.modules" 990
"../../../Engine/Plugins/Animation/EaseCurveTool/Binaries/Win64/UnrealEditor.modules" 991
"../../../Engine/Plugins/Animation/IKRig/Binaries/Win64/UnrealEditor.modules" 992
"../../../Engine/Plugins/Experimental/FullBodyIK/Binaries/Win64/UnrealEditor.modules" 993
"../../../Engine/Plugins/Cameras/EngineCameras/Binaries/Win64/UnrealEditor.modules" 994
"../../../Engine/Plugins/MovieScene/TemplateSequence/Binaries/Win64/UnrealEditor.modules" 995
"../../../Engine/Plugins/Cameras/CameraShakePreviewer/Binaries/Win64/UnrealEditor.modules" 996
"../../../Engine/Plugins/Cameras/GameplayCameras/Binaries/Win64/UnrealEditor.modules" 997
"../../../Engine/Plugins/Runtime/StateTree/Binaries/Win64/UnrealEditor.modules" 998
"../../../Engine/Plugins/Animation/GameplayInsights/Binaries/Win64/UnrealEditor.modules" 999
"../../../Engine/Plugins/Runtime/PropertyBindingUtils/Binaries/Win64/UnrealEditor.modules" 1000
"../../../Engine/Plugins/Compression/OodleNetwork/Binaries/Win64/UnrealEditor.modules" 1001
"../../../Engine/Plugins/Developer/CLionSourceCodeAccess/Binaries/Win64/UnrealEditor.modules" 1002
"../../../Engine/Plugins/Developer/AnimationSharing/Binaries/Win64/UnrealEditor.modules" 1003
"../../../Engine/Plugins/Runtime/SignificanceManager/Binaries/Win64/UnrealEditor.modules" 1004
"../../../Engine/Plugins/Developer/GPUReshape/Binaries/Win64/UnrealEditor.modules" 1005
"../../../Engine/Plugins/Developer/GitSourceControl/Binaries/Win64/UnrealEditor.modules" 1006
"../../../Engine/Plugins/Developer/N10XSourceCodeAccess/Binaries/Win64/UnrealEditor.modules" 1007
"../../../Engine/Plugins/Developer/PerforceSourceControl/Binaries/Win64/UnrealEditor.modules" 1008
"../../../Engine/Plugins/Developer/DumpGPUServices/Binaries/Win64/UnrealEditor.modules" 1009
"../../../Engine/Plugins/Developer/PluginUtils/Binaries/Win64/UnrealEditor.modules" 1010
"../../../Engine/Plugins/Developer/PixWinPlugin/Binaries/Win64/UnrealEditor.modules" 1011
"../../../Engine/Plugins/Developer/PropertyAccessNode/Binaries/Win64/UnrealEditor.modules" 1012
"../../../Engine/Plugins/Developer/RiderSourceCodeAccess/Binaries/Win64/UnrealEditor.modules" 1013
"../../../Engine/Plugins/Developer/TextureFormatOodle/Binaries/Win64/UnrealEditor.modules" 1014
"../../../Engine/Plugins/Developer/UObjectPlugin/Binaries/Win64/UnrealEditor.modules" 1015
"../../../Engine/Plugins/Developer/SubversionSourceControl/Binaries/Win64/UnrealEditor.modules" 1016
"../../../Engine/Plugins/Developer/VisualStudioCodeSourceCodeAccess/Binaries/Win64/UnrealEditor.modules" 1017
"../../../Engine/Plugins/Developer/RenderDocPlugin/Binaries/Win64/UnrealEditor.modules" 1018
"../../../Engine/Plugins/Developer/VisualStudioSourceCodeAccess/Binaries/Win64/UnrealEditor.modules" 1019
"../../../Engine/Plugins/Developer/ProjectLauncher/Binaries/Win64/UnrealEditor.modules" 1020
"../../../Engine/Plugins/Editor/BlueprintHeaderView/Binaries/Win64/UnrealEditor.modules" 1021
"../../../Engine/Plugins/Editor/AssetManagerEditor/Binaries/Win64/UnrealEditor.modules" 1022
"../../../Engine/Plugins/Editor/ContentBrowser/ContentBrowserAssetDataSource/Binaries/Win64/UnrealEditor.modules" 1023
"../../../Engine/Plugins/Editor/ChangelistReview/Binaries/Win64/UnrealEditor.modules" 1024
"../../../Engine/Plugins/Editor/ColorGrading/Binaries/Win64/UnrealEditor.modules" 1025
"../../../Engine/Plugins/Editor/ObjectMixer/ObjectMixer/Binaries/Win64/UnrealEditor.modules" 1026
"../../../Engine/Plugins/Developer/PlasticSourceControl/Binaries/Win64/UnrealEditor.modules" 1027
"../../../Engine/Plugins/Editor/CryptoKeys/Binaries/Win64/UnrealEditor.modules" 1028
"../../../Engine/Plugins/Editor/CurveEditorTools/Binaries/Win64/UnrealEditor.modules" 1029
"../../../Engine/Plugins/Editor/FacialAnimation/Binaries/Win64/UnrealEditor.modules" 1030
"../../../Engine/Plugins/Editor/GameplayTagsEditor/Binaries/Win64/UnrealEditor.modules" 1031
"../../../Engine/Plugins/Editor/GeometryMode/Binaries/Win64/UnrealEditor.modules" 1032
"../../../Engine/Plugins/Editor/EditorDebugTools/Binaries/Win64/UnrealEditor.modules" 1033
"../../../Engine/Plugins/Editor/MobileLauncherProfileWizard/Binaries/Win64/UnrealEditor.modules" 1034
"../../../Engine/Plugins/Editor/PluginBrowser/Binaries/Win64/UnrealEditor.modules" 1035
"../../../Engine/Plugins/Editor/SpeedTreeImporter/Binaries/Win64/UnrealEditor.modules" 1036
"../../../Engine/Plugins/Editor/SequencerAnimTools/Binaries/Win64/UnrealEditor.modules" 1037
"../../../Engine/Plugins/Editor/UMGWidgetPreview/Binaries/Win64/UnrealEditor.modules" 1038
"../../../Engine/Plugins/Editor/UVEditor/Binaries/Win64/UnrealEditor.modules" 1039
"../../../Engine/Plugins/Editor/WorldPartitionHLODUtilities/Binaries/Win64/UnrealEditor.modules" 1040
"../../../Engine/Plugins/Experimental/AdvancedRenamer/Binaries/Win64/UnrealEditor.modules" 1041
"../../../Engine/Plugins/Experimental/AutomationUtils/Binaries/Win64/UnrealEditor.modules" 1042
"../../../Engine/Plugins/Experimental/BackChannel/Binaries/Win64/UnrealEditor.modules" 1043
"../../../Engine/Plugins/Experimental/ChaosEditor/Binaries/Win64/UnrealEditor.modules" 1044
"../../../Engine/Plugins/Experimental/GeometryCollectionPlugin/Binaries/Win64/UnrealEditor.modules" 1045
"../../../Engine/Plugins/Experimental/Fracture/Binaries/Win64/UnrealEditor.modules" 1046
"../../../Engine/Plugins/Experimental/ChaosSolverPlugin/Binaries/Win64/UnrealEditor.modules" 1047
"../../../Engine/Plugins/Experimental/GeometryDataflow/Binaries/Win64/UnrealEditor.modules" 1048
"../../../Engine/Plugins/Experimental/ChaosNiagara/Binaries/Win64/UnrealEditor.modules" 1049
"../../../Engine/Plugins/Experimental/CharacterAI/Binaries/Win64/UnrealEditor.modules" 1050
"../../../Engine/Plugins/Experimental/ChaosUserDataPT/Binaries/Win64/UnrealEditor.modules" 1051
"../../../Engine/Plugins/Experimental/EditorTelemetry/Binaries/Win64/UnrealEditor.modules" 1052
"../../../Engine/Plugins/Experimental/EditorPerformance/Binaries/Win64/UnrealEditor.modules" 1053
"../../../Engine/Plugins/Experimental/GlobalConfigurationData/Binaries/Win64/UnrealEditor.modules" 1054
"../../../Engine/Plugins/Editor/MaterialAnalyzer/Binaries/Win64/UnrealEditor.modules" 1055
"../../../Engine/Plugins/Experimental/LevelSequenceNavigatorBridge/Binaries/Win64/UnrealEditor.modules" 1056
"../../../Engine/Plugins/Experimental/SequenceNavigator/Binaries/Win64/UnrealEditor.modules" 1057
"../../../Engine/Plugins/Experimental/LocalizableMessage/Binaries/Win64/UnrealEditor.modules" 1058
"../../../Engine/Plugins/Experimental/NFORDenoise/Binaries/Win64/UnrealEditor.modules" 1059
"../../../Engine/Plugins/Experimental/PlatformCrypto/Binaries/Win64/UnrealEditor.modules" 1060
"../../../Engine/Plugins/Experimental/RuntimeTelemetry/Binaries/Win64/UnrealEditor.modules" 1061
"../../../Engine/Plugins/Experimental/SkeletalReduction/Binaries/Win64/UnrealEditor.modules" 1062
"../../../Engine/Plugins/Importers/AlembicImporter/Binaries/Win64/UnrealEditor.modules" 1063
"../../../Engine/Plugins/Online/OnlineBase/Binaries/Win64/UnrealEditor.modules" 1064
"../../../Engine/Plugins/Online/OnlineSubsystem/Binaries/Win64/UnrealEditor.modules" 1065
"../../../Engine/Plugins/Online/OnlineSubsystemUtils/Binaries/Win64/UnrealEditor.modules" 1066
"../../../Engine/Plugins/Online/OnlineServices/Binaries/Win64/UnrealEditor.modules" 1067
"../../../Engine/Plugins/Portal/LauncherChunkInstaller/Binaries/Win64/UnrealEditor.modules" 1068
"../../../Engine/Plugins/Runtime/ActorLayerUtilities/Binaries/Win64/UnrealEditor.modules" 1069
"../../../Engine/Plugins/Runtime/AndroidDeviceProfileSelector/Binaries/Win64/UnrealEditor.modules" 1070
"../../../Engine/Plugins/Runtime/AndroidPermission/Binaries/Win64/UnrealEditor.modules" 1071
"../../../Engine/Plugins/Runtime/AndroidFileServer/Binaries/Win64/UnrealEditor.modules" 1072
"../../../Engine/Plugins/Runtime/AssetTags/Binaries/Win64/UnrealEditor.modules" 1073
"../../../Engine/Plugins/Runtime/CableComponent/Binaries/Win64/UnrealEditor.modules" 1074
"../../../Engine/Plugins/Runtime/CustomMeshComponent/Binaries/Win64/UnrealEditor.modules" 1075
"../../../Engine/Plugins/Online/OnlineSubsystemNull/Binaries/Win64/UnrealEditor.modules" 1076
"../../../Engine/Plugins/Runtime/ExampleDeviceProfileSelector/Binaries/Win64/UnrealEditor.modules" 1077
"../../../Engine/Plugins/Runtime/ChunkDownloader/Binaries/Win64/UnrealEditor.modules" 1078
"../../../Engine/Plugins/Runtime/AppleImageUtils/Binaries/Win64/UnrealEditor.modules" 1079
"../../../Engine/Plugins/Runtime/ArchVisCharacter/Binaries/Win64/UnrealEditor.modules" 1080
"../../../Engine/Plugins/Runtime/InputDebugging/Binaries/Win64/UnrealEditor.modules" 1081
"../../../Engine/Plugins/Runtime/GooglePAD/Binaries/Win64/UnrealEditor.modules" 1082
"../../../Engine/Plugins/Runtime/LocationServicesBPLibrary/Binaries/Win64/UnrealEditor.modules" 1083
"../../../Engine/Plugins/Runtime/Metasound/Binaries/Win64/UnrealEditor.modules" 1084
"../../../Engine/Plugins/Runtime/WaveTable/Binaries/Win64/UnrealEditor.modules" 1085
"../../../Engine/Plugins/Runtime/MobilePatchingUtils/Binaries/Win64/UnrealEditor.modules" 1086
"../../../Engine/Plugins/Runtime/MsQuic/Binaries/Win64/UnrealEditor.modules" 1087
"../../../Engine/Plugins/Runtime/ResonanceAudio/Binaries/Win64/UnrealEditor.modules" 1088
"../../../Engine/Plugins/Runtime/SoundFields/Binaries/Win64/UnrealEditor.modules" 1089
"../../../Engine/Plugins/Runtime/Synthesis/Binaries/Win64/UnrealEditor.modules" 1090
"../../../Engine/Plugins/Runtime/WebMMoviePlayer/Binaries/Win64/UnrealEditor.modules" 1091
"../../../Engine/Plugins/Media/WebMMedia/Binaries/Win64/UnrealEditor.modules" 1092
"../../../Engine/Plugins/Runtime/WindowsMoviePlayer/Binaries/Win64/UnrealEditor.modules" 1093
"../../../Engine/Plugins/Runtime/WindowsDeviceProfileSelector/Binaries/Win64/UnrealEditor.modules" 1094
"../../../Engine/Plugins/Tests/InterchangeTests/Binaries/Win64/UnrealEditor.modules" 1095
"../../../Engine/Plugins/Editor/ContentBrowser/ContentBrowserClassDataSource/Binaries/Win64/UnrealEditor.modules" 1096
"../../../Engine/Plugins/Editor/ObjectMixer/LightMixer/Binaries/Win64/UnrealEditor.modules" 1097
"../../../Engine/Plugins/Editor/Localization/PortableObjectFileDataSource/Binaries/Win64/UnrealEditor.modules" 1098
"../../../Engine/Plugins/Runtime/Windows/XInputDevice/Binaries/Win64/UnrealEditor.modules" 1099
"../../../Engine/Config/BaseSourceControlSettings.ini" 1100
"../../../Engine/Content/Internationalization/icudt64l/coll/ucadata.icu" 1101
"../../../Engine/Content/Internationalization/icudt64l/coll/ja.res" 1102
"../../../Engine/Content/Internationalization/icudt64l/coll/root.res" 1103
"../../../Engine/Content/Certificates/ThirdParty/cacert.pem" 1104
"../../../Engine/Config/ConsoleVariables.ini" 1105
"../../../Engine/Binaries/Win64/Android/UnrealEditor.modules" 1106
"../../../Engine/Binaries/Win64/IOS/UnrealEditor.modules" 1107
"../../../Engine/Binaries/Win64/Linux/UnrealEditor.modules" 1108
"../../../Engine/Content/Localization/Editor/en/Editor.locres" 1109
"../../../Engine/Content/Localization/Keywords/en/Keywords.locres" 1110
"../../../Engine/Content/Localization/Category/en/Category.locres" 1111
"../../../Engine/Content/Localization/ToolTips/en/ToolTips.locres" 1112
"../../../Engine/Content/Localization/PropertyNames/en/PropertyNames.locres" 1113
"../../../Engine/Content/Localization/Engine/en/Engine.locres" 1114
"../../../Engine/Plugins/MetaHuman/MetaHumanSDK/Content/Localization/MetaHumanSDK/en/MetaHumanSDK.locres" 1115
"../../../Engine/Plugins/MetaHuman/MetaHumanSDK/Content/Localization/MetaHumanSDK_Properties/en/MetaHumanSDK_Properties.locres" 1116
"../../../Engine/Plugins/MetaHuman/MetaHumanSDK/Content/Localization/MetaHumanSDK_Tooltips/en/MetaHumanSDK_Tooltips.locres" 1117
"../../../Engine/Plugins/Online/OnlineSubsystem/Content/Localization/OnlineSubsystem/en/OnlineSubsystem.locres" 1118
"../../../Engine/Plugins/Online/OnlineSubsystemUtils/Content/Localization/OnlineSubsystemUtils/en/OnlineSubsystemUtils.locres" 1119
"../../../Engine/Plugins/Online/IOS/OnlineSubsystemIOS/Content/Localization/OnlineSubsystemIOS/en/OnlineSubsystemIOS.locres" 1120
"../../../Engine/Plugins/Online/Android/OnlineSubsystemGooglePlay/Content/Localization/OnlineSubsystemGooglePlay/en/OnlineSubsystemGooglePlay.locres" 1121
"../../../Engine/Content/Internationalization/icudt64l/numberingSystems.res" 1122
"../../../Engine/Content/Internationalization/icudt64l/curr/supplementalData.res" 1123
"../../../Engine/Content/Internationalization/icudt64l/curr/ja_JP.res" 1124
"../../../Engine/Content/Internationalization/icudt64l/curr/pool.res" 1125
"../../../Engine/Content/Internationalization/icudt64l/curr/ja.res" 1126
"../../../Engine/Content/Internationalization/icudt64l/curr/root.res" 1127
"../../../Engine/Content/Internationalization/icudt64l/lang/af.res" 1128
"../../../Engine/Content/Internationalization/icudt64l/region/af.res" 1129
"../../../Engine/Content/Internationalization/icudt64l/lang/agq.res" 1130
"../../../Engine/Content/Internationalization/icudt64l/region/agq.res" 1131
"../../../Engine/Content/Internationalization/icudt64l/lang/ak.res" 1132
"../../../Engine/Content/Internationalization/icudt64l/region/ak.res" 1133
"../../../Engine/Content/Internationalization/icudt64l/lang/am.res" 1134
"../../../Engine/Content/Internationalization/icudt64l/region/am.res" 1135
"../../../Engine/Content/Internationalization/icudt64l/lang/ar.res" 1136
"../../../Engine/Content/Internationalization/icudt64l/region/ar.res" 1137
"../../../Engine/Content/Internationalization/icudt64l/region/ar_AE.res" 1138
"../../../Engine/Content/Internationalization/icudt64l/lang/ar_EG.res" 1139
"../../../Engine/Content/Internationalization/icudt64l/lang/ar_LY.res" 1140
"../../../Engine/Content/Internationalization/icudt64l/region/ar_LY.res" 1141
"../../../Engine/Content/Internationalization/icudt64l/lang/ar_SA.res" 1142
"../../../Engine/Content/Internationalization/icudt64l/region/ar_SA.res" 1143
"../../../Engine/Content/Internationalization/icudt64l/lang/as.res" 1144
"../../../Engine/Content/Internationalization/icudt64l/region/as.res" 1145
"../../../Engine/Content/Internationalization/icudt64l/lang/asa.res" 1146
"../../../Engine/Content/Internationalization/icudt64l/region/asa.res" 1147
"../../../Engine/Content/Internationalization/icudt64l/lang/ast.res" 1148
"../../../Engine/Content/Internationalization/icudt64l/region/ast.res" 1149
"../../../Engine/Content/Internationalization/icudt64l/lang/az.res" 1150
"../../../Engine/Content/Internationalization/icudt64l/lang/az_Cyrl.res" 1151
"../../../Engine/Content/Internationalization/icudt64l/lang/az_AZ.res" 1152
"../../../Engine/Content/Internationalization/icudt64l/lang/az_Latn_AZ.res" 1153
"../../../Engine/Content/Internationalization/icudt64l/lang/az_Latn.res" 1154
"../../../Engine/Content/Internationalization/icudt64l/region/az_AZ.res" 1155
"../../../Engine/Content/Internationalization/icudt64l/region/az_Latn_AZ.res" 1156
"../../../Engine/Content/Internationalization/icudt64l/region/az_Latn.res" 1157
"../../../Engine/Content/Internationalization/icudt64l/region/az.res" 1158
"../../../Engine/Content/Internationalization/icudt64l/region/az_Cyrl.res" 1159
"../../../Engine/Content/Internationalization/icudt64l/lang/bas.res" 1160
"../../../Engine/Content/Internationalization/icudt64l/region/bas.res" 1161
"../../../Engine/Content/Internationalization/icudt64l/lang/be.res" 1162
"../../../Engine/Content/Internationalization/icudt64l/region/be.res" 1163
"../../../Engine/Content/Internationalization/icudt64l/lang/bem.res" 1164
"../../../Engine/Content/Internationalization/icudt64l/region/bem.res" 1165
"../../../Engine/Content/Internationalization/icudt64l/lang/bez.res" 1166
"../../../Engine/Content/Internationalization/icudt64l/region/bez.res" 1167
"../../../Engine/Content/Internationalization/icudt64l/lang/bg.res" 1168
"../../../Engine/Content/Internationalization/icudt64l/region/bg.res" 1169
"../../../Engine/Content/Internationalization/icudt64l/lang/bm.res" 1170
"../../../Engine/Content/Internationalization/icudt64l/region/bm.res" 1171
"../../../Engine/Content/Internationalization/icudt64l/lang/bn.res" 1172
"../../../Engine/Content/Internationalization/icudt64l/region/bn.res" 1173
"../../../Engine/Content/Internationalization/icudt64l/lang/bn_IN.res" 1174
"../../../Engine/Content/Internationalization/icudt64l/region/bn_IN.res" 1175
"../../../Engine/Content/Internationalization/icudt64l/lang/bo.res" 1176
"../../../Engine/Content/Internationalization/icudt64l/region/bo.res" 1177
"../../../Engine/Content/Internationalization/icudt64l/region/bo_IN.res" 1178
"../../../Engine/Content/Internationalization/icudt64l/lang/br.res" 1179
"../../../Engine/Content/Internationalization/icudt64l/region/br.res" 1180
"../../../Engine/Content/Internationalization/icudt64l/lang/brx.res" 1181
"../../../Engine/Content/Internationalization/icudt64l/region/brx.res" 1182
"../../../Engine/Content/Internationalization/icudt64l/lang/bs.res" 1183
"../../../Engine/Content/Internationalization/icudt64l/lang/bs_Cyrl.res" 1184
"../../../Engine/Content/Internationalization/icudt64l/lang/bs_BA.res" 1185
"../../../Engine/Content/Internationalization/icudt64l/lang/bs_Latn_BA.res" 1186
"../../../Engine/Content/Internationalization/icudt64l/lang/bs_Latn.res" 1187
"../../../Engine/Content/Internationalization/icudt64l/region/bs_BA.res" 1188
"../../../Engine/Content/Internationalization/icudt64l/region/bs_Latn_BA.res" 1189
"../../../Engine/Content/Internationalization/icudt64l/region/bs_Latn.res" 1190
"../../../Engine/Content/Internationalization/icudt64l/region/bs.res" 1191
"../../../Engine/Content/Internationalization/icudt64l/region/bs_Cyrl.res" 1192
"../../../Engine/Content/Internationalization/icudt64l/lang/ca.res" 1193
"../../../Engine/Content/Internationalization/icudt64l/region/ca.res" 1194
"../../../Engine/Content/Internationalization/icudt64l/lang/ccp.res" 1195
"../../../Engine/Content/Internationalization/icudt64l/region/ccp.res" 1196
"../../../Engine/Content/Internationalization/icudt64l/lang/ce.res" 1197
"../../../Engine/Content/Internationalization/icudt64l/region/ce.res" 1198
"../../../Engine/Content/Internationalization/icudt64l/lang/ceb.res" 1199
"../../../Engine/Content/Internationalization/icudt64l/region/ceb.res" 1200
"../../../Engine/Content/Internationalization/icudt64l/lang/cgg.res" 1201
"../../../Engine/Content/Internationalization/icudt64l/region/cgg.res" 1202
"../../../Engine/Content/Internationalization/icudt64l/lang/chr.res" 1203
"../../../Engine/Content/Internationalization/icudt64l/region/chr.res" 1204
"../../../Engine/Content/Internationalization/icudt64l/lang/ckb.res" 1205
"../../../Engine/Content/Internationalization/icudt64l/region/ckb.res" 1206
"../../../Engine/Content/Internationalization/icudt64l/lang/cs.res" 1207
"../../../Engine/Content/Internationalization/icudt64l/region/cs.res" 1208
"../../../Engine/Content/Internationalization/icudt64l/lang/cy.res" 1209
"../../../Engine/Content/Internationalization/icudt64l/region/cy.res" 1210
"../../../Engine/Content/Internationalization/icudt64l/lang/da.res" 1211
"../../../Engine/Content/Internationalization/icudt64l/region/da.res" 1212
"../../../Engine/Content/Internationalization/icudt64l/lang/dav.res" 1213
"../../../Engine/Content/Internationalization/icudt64l/region/dav.res" 1214
"../../../Engine/Content/Internationalization/icudt64l/lang/de.res" 1215
"../../../Engine/Content/Internationalization/icudt64l/lang/de_AT.res" 1216
"../../../Engine/Content/Internationalization/icudt64l/region/de_AT.res" 1217
"../../../Engine/Content/Internationalization/icudt64l/region/de.res" 1218
"../../../Engine/Content/Internationalization/icudt64l/lang/de_CH.res" 1219
"../../../Engine/Content/Internationalization/icudt64l/region/de_CH.res" 1220
"../../../Engine/Content/Internationalization/icudt64l/lang/de_LU.res" 1221
"../../../Engine/Content/Internationalization/icudt64l/lang/dje.res" 1222
"../../../Engine/Content/Internationalization/icudt64l/region/dje.res" 1223
"../../../Engine/Content/Internationalization/icudt64l/lang/dsb.res" 1224
"../../../Engine/Content/Internationalization/icudt64l/region/dsb.res" 1225
"../../../Engine/Content/Internationalization/icudt64l/lang/dua.res" 1226
"../../../Engine/Content/Internationalization/icudt64l/region/dua.res" 1227
"../../../Engine/Content/Internationalization/icudt64l/lang/dyo.res" 1228
"../../../Engine/Content/Internationalization/icudt64l/region/dyo.res" 1229
"../../../Engine/Content/Internationalization/icudt64l/lang/dz.res" 1230
"../../../Engine/Content/Internationalization/icudt64l/region/dz.res" 1231
"../../../Engine/Content/Internationalization/icudt64l/lang/ebu.res" 1232
"../../../Engine/Content/Internationalization/icudt64l/region/ebu.res" 1233
"../../../Engine/Content/Internationalization/icudt64l/lang/ee.res" 1234
"../../../Engine/Content/Internationalization/icudt64l/region/ee.res" 1235
"../../../Engine/Content/Internationalization/icudt64l/lang/el.res" 1236
"../../../Engine/Content/Internationalization/icudt64l/region/el.res" 1237
"../../../Engine/Content/Internationalization/icudt64l/lang/en_001.res" 1238
"../../../Engine/Content/Internationalization/icudt64l/lang/en_150.res" 1239
"../../../Engine/Content/Internationalization/icudt64l/region/en_150.res" 1240
"../../../Engine/Content/Internationalization/icudt64l/lang/en_AG.res" 1241
"../../../Engine/Content/Internationalization/icudt64l/region/en_AG.res" 1242
"../../../Engine/Content/Internationalization/icudt64l/lang/en_AI.res" 1243
"../../../Engine/Content/Internationalization/icudt64l/region/en_AI.res" 1244
"../../../Engine/Content/Internationalization/icudt64l/lang/en_AT.res" 1245
"../../../Engine/Content/Internationalization/icudt64l/region/en_AT.res" 1246
"../../../Engine/Content/Internationalization/icudt64l/lang/en_AU.res" 1247
"../../../Engine/Content/Internationalization/icudt64l/region/en_AU.res" 1248
"../../../Engine/Content/Internationalization/icudt64l/lang/en_BB.res" 1249
"../../../Engine/Content/Internationalization/icudt64l/region/en_BB.res" 1250
"../../../Engine/Content/Internationalization/icudt64l/lang/en_BE.res" 1251
"../../../Engine/Content/Internationalization/icudt64l/region/en_BE.res" 1252
"../../../Engine/Content/Internationalization/icudt64l/lang/en_BM.res" 1253
"../../../Engine/Content/Internationalization/icudt64l/region/en_BM.res" 1254
"../../../Engine/Content/Internationalization/icudt64l/lang/en_BS.res" 1255
"../../../Engine/Content/Internationalization/icudt64l/region/en_BS.res" 1256
"../../../Engine/Content/Internationalization/icudt64l/lang/en_BW.res" 1257
"../../../Engine/Content/Internationalization/icudt64l/region/en_BW.res" 1258
"../../../Engine/Content/Internationalization/icudt64l/lang/en_BZ.res" 1259
"../../../Engine/Content/Internationalization/icudt64l/region/en_BZ.res" 1260
"../../../Engine/Content/Internationalization/icudt64l/lang/en_CA.res" 1261
"../../../Engine/Content/Internationalization/icudt64l/region/en_CA.res" 1262
"../../../Engine/Content/Internationalization/icudt64l/lang/en_CC.res" 1263
"../../../Engine/Content/Internationalization/icudt64l/region/en_CC.res" 1264
"../../../Engine/Content/Internationalization/icudt64l/lang/en_CH.res" 1265
"../../../Engine/Content/Internationalization/icudt64l/region/en_CH.res" 1266
"../../../Engine/Content/Internationalization/icudt64l/lang/en_CK.res" 1267
"../../../Engine/Content/Internationalization/icudt64l/region/en_CK.res" 1268
"../../../Engine/Content/Internationalization/icudt64l/lang/en_CM.res" 1269
"../../../Engine/Content/Internationalization/icudt64l/region/en_CM.res" 1270
"../../../Engine/Content/Internationalization/icudt64l/lang/en_CX.res" 1271
"../../../Engine/Content/Internationalization/icudt64l/region/en_CX.res" 1272
"../../../Engine/Content/Internationalization/icudt64l/lang/en_CY.res" 1273
"../../../Engine/Content/Internationalization/icudt64l/region/en_CY.res" 1274
"../../../Engine/Content/Internationalization/icudt64l/lang/en_DE.res" 1275
"../../../Engine/Content/Internationalization/icudt64l/region/en_DE.res" 1276
"../../../Engine/Content/Internationalization/icudt64l/lang/en_DG.res" 1277
"../../../Engine/Content/Internationalization/icudt64l/region/en_DG.res" 1278
"../../../Engine/Content/Internationalization/icudt64l/lang/en_DK.res" 1279
"../../../Engine/Content/Internationalization/icudt64l/region/en_DK.res" 1280
"../../../Engine/Content/Internationalization/icudt64l/lang/en_DM.res" 1281
"../../../Engine/Content/Internationalization/icudt64l/region/en_DM.res" 1282
"../../../Engine/Content/Internationalization/icudt64l/lang/en_ER.res" 1283
"../../../Engine/Content/Internationalization/icudt64l/region/en_ER.res" 1284
"../../../Engine/Content/Internationalization/icudt64l/lang/en_FI.res" 1285
"../../../Engine/Content/Internationalization/icudt64l/region/en_FI.res" 1286
"../../../Engine/Content/Internationalization/icudt64l/lang/en_FJ.res" 1287
"../../../Engine/Content/Internationalization/icudt64l/region/en_FJ.res" 1288
"../../../Engine/Content/Internationalization/icudt64l/lang/en_FK.res" 1289
"../../../Engine/Content/Internationalization/icudt64l/region/en_FK.res" 1290
"../../../Engine/Content/Internationalization/icudt64l/lang/en_FM.res" 1291
"../../../Engine/Content/Internationalization/icudt64l/region/en_FM.res" 1292
"../../../Engine/Content/Internationalization/icudt64l/lang/en_GB.res" 1293
"../../../Engine/Content/Internationalization/icudt64l/region/en_GB.res" 1294
"../../../Engine/Content/Internationalization/icudt64l/lang/en_GD.res" 1295
"../../../Engine/Content/Internationalization/icudt64l/region/en_GD.res" 1296
"../../../Engine/Content/Internationalization/icudt64l/lang/en_GG.res" 1297
"../../../Engine/Content/Internationalization/icudt64l/region/en_GG.res" 1298
"../../../Engine/Content/Internationalization/icudt64l/lang/en_GH.res" 1299
"../../../Engine/Content/Internationalization/icudt64l/region/en_GH.res" 1300
"../../../Engine/Content/Internationalization/icudt64l/lang/en_GI.res" 1301
"../../../Engine/Content/Internationalization/icudt64l/region/en_GI.res" 1302
"../../../Engine/Content/Internationalization/icudt64l/lang/en_GM.res" 1303
"../../../Engine/Content/Internationalization/icudt64l/region/en_GM.res" 1304
"../../../Engine/Content/Internationalization/icudt64l/lang/en_GY.res" 1305
"../../../Engine/Content/Internationalization/icudt64l/region/en_GY.res" 1306
"../../../Engine/Content/Internationalization/icudt64l/lang/en_HK.res" 1307
"../../../Engine/Content/Internationalization/icudt64l/region/en_HK.res" 1308
"../../../Engine/Content/Internationalization/icudt64l/lang/en_IE.res" 1309
"../../../Engine/Content/Internationalization/icudt64l/region/en_IE.res" 1310
"../../../Engine/Content/Internationalization/icudt64l/lang/en_IL.res" 1311
"../../../Engine/Content/Internationalization/icudt64l/region/en_IL.res" 1312
"../../../Engine/Content/Internationalization/icudt64l/lang/en_IM.res" 1313
"../../../Engine/Content/Internationalization/icudt64l/region/en_IM.res" 1314
"../../../Engine/Content/Internationalization/icudt64l/lang/en_IN.res" 1315
"../../../Engine/Content/Internationalization/icudt64l/region/en_IN.res" 1316
"../../../Engine/Content/Internationalization/icudt64l/lang/en_IO.res" 1317
"../../../Engine/Content/Internationalization/icudt64l/region/en_IO.res" 1318
"../../../Engine/Content/Internationalization/icudt64l/lang/en_JE.res" 1319
"../../../Engine/Content/Internationalization/icudt64l/region/en_JE.res" 1320
"../../../Engine/Content/Internationalization/icudt64l/lang/en_JM.res" 1321
"../../../Engine/Content/Internationalization/icudt64l/region/en_JM.res" 1322
"../../../Engine/Content/Internationalization/icudt64l/lang/en_KE.res" 1323
"../../../Engine/Content/Internationalization/icudt64l/region/en_KE.res" 1324
"../../../Engine/Content/Internationalization/icudt64l/lang/en_KI.res" 1325
"../../../Engine/Content/Internationalization/icudt64l/region/en_KI.res" 1326
"../../../Engine/Content/Internationalization/icudt64l/lang/en_KN.res" 1327
"../../../Engine/Content/Internationalization/icudt64l/region/en_KN.res" 1328
"../../../Engine/Content/Internationalization/icudt64l/lang/en_KY.res" 1329
"../../../Engine/Content/Internationalization/icudt64l/region/en_KY.res" 1330
"../../../Engine/Content/Internationalization/icudt64l/lang/en_LC.res" 1331
"../../../Engine/Content/Internationalization/icudt64l/region/en_LC.res" 1332
"../../../Engine/Content/Internationalization/icudt64l/lang/en_LR.res" 1333
"../../../Engine/Content/Internationalization/icudt64l/region/en_LR.res" 1334
"../../../Engine/Content/Internationalization/icudt64l/lang/en_LS.res" 1335
"../../../Engine/Content/Internationalization/icudt64l/region/en_LS.res" 1336
"../../../Engine/Content/Internationalization/icudt64l/lang/en_MG.res" 1337
"../../../Engine/Content/Internationalization/icudt64l/region/en_MG.res" 1338
"../../../Engine/Content/Internationalization/icudt64l/lang/en_MO.res" 1339
"../../../Engine/Content/Internationalization/icudt64l/region/en_MO.res" 1340
"../../../Engine/Content/Internationalization/icudt64l/lang/en_MS.res" 1341
"../../../Engine/Content/Internationalization/icudt64l/region/en_MS.res" 1342
"../../../Engine/Content/Internationalization/icudt64l/lang/en_MT.res" 1343
"../../../Engine/Content/Internationalization/icudt64l/region/en_MT.res" 1344
"../../../Engine/Content/Internationalization/icudt64l/lang/en_MU.res" 1345
"../../../Engine/Content/Internationalization/icudt64l/region/en_MU.res" 1346
"../../../Engine/Content/Internationalization/icudt64l/lang/en_MW.res" 1347
"../../../Engine/Content/Internationalization/icudt64l/region/en_MW.res" 1348
"../../../Engine/Content/Internationalization/icudt64l/lang/en_MY.res" 1349
"../../../Engine/Content/Internationalization/icudt64l/region/en_MY.res" 1350
"../../../Engine/Content/Internationalization/icudt64l/lang/en_NA.res" 1351
"../../../Engine/Content/Internationalization/icudt64l/region/en_NA.res" 1352
"../../../Engine/Content/Internationalization/icudt64l/lang/en_NF.res" 1353
"../../../Engine/Content/Internationalization/icudt64l/region/en_NF.res" 1354
"../../../Engine/Content/Internationalization/icudt64l/lang/en_NG.res" 1355
"../../../Engine/Content/Internationalization/icudt64l/region/en_NG.res" 1356
"../../../Engine/Content/Internationalization/icudt64l/lang/en_NL.res" 1357
"../../../Engine/Content/Internationalization/icudt64l/region/en_NL.res" 1358
"../../../Engine/Content/Internationalization/icudt64l/lang/en_NR.res" 1359
"../../../Engine/Content/Internationalization/icudt64l/region/en_NR.res" 1360
"../../../Engine/Content/Internationalization/icudt64l/lang/en_NU.res" 1361
"../../../Engine/Content/Internationalization/icudt64l/region/en_NU.res" 1362
"../../../Engine/Content/Internationalization/icudt64l/lang/en_NZ.res" 1363
"../../../Engine/Content/Internationalization/icudt64l/region/en_NZ.res" 1364
"../../../Engine/Content/Internationalization/icudt64l/lang/en_PG.res" 1365
"../../../Engine/Content/Internationalization/icudt64l/region/en_PG.res" 1366
"../../../Engine/Content/Internationalization/icudt64l/lang/en_PH.res" 1367
"../../../Engine/Content/Internationalization/icudt64l/region/en_PH.res" 1368
"../../../Engine/Content/Internationalization/icudt64l/lang/en_PK.res" 1369
"../../../Engine/Content/Internationalization/icudt64l/region/en_PK.res" 1370
"../../../Engine/Content/Internationalization/icudt64l/lang/en_PN.res" 1371
"../../../Engine/Content/Internationalization/icudt64l/region/en_PN.res" 1372
"../../../Engine/Content/Internationalization/icudt64l/lang/en_PW.res" 1373
"../../../Engine/Content/Internationalization/icudt64l/region/en_PW.res" 1374
"../../../Engine/Content/Internationalization/icudt64l/lang/en_RW.res" 1375
"../../../Engine/Content/Internationalization/icudt64l/region/en_RW.res" 1376
"../../../Engine/Content/Internationalization/icudt64l/lang/en_SB.res" 1377
"../../../Engine/Content/Internationalization/icudt64l/region/en_SB.res" 1378
"../../../Engine/Content/Internationalization/icudt64l/lang/en_SC.res" 1379
"../../../Engine/Content/Internationalization/icudt64l/region/en_SC.res" 1380
"../../../Engine/Content/Internationalization/icudt64l/lang/en_SD.res" 1381
"../../../Engine/Content/Internationalization/icudt64l/region/en_SD.res" 1382
"../../../Engine/Content/Internationalization/icudt64l/lang/en_SE.res" 1383
"../../../Engine/Content/Internationalization/icudt64l/region/en_SE.res" 1384
"../../../Engine/Content/Internationalization/icudt64l/lang/en_SG.res" 1385
"../../../Engine/Content/Internationalization/icudt64l/region/en_SG.res" 1386
"../../../Engine/Content/Internationalization/icudt64l/lang/en_SH.res" 1387
"../../../Engine/Content/Internationalization/icudt64l/region/en_SH.res" 1388
"../../../Engine/Content/Internationalization/icudt64l/lang/en_SI.res" 1389
"../../../Engine/Content/Internationalization/icudt64l/region/en_SI.res" 1390
"../../../Engine/Content/Internationalization/icudt64l/lang/en_SL.res" 1391
"../../../Engine/Content/Internationalization/icudt64l/region/en_SL.res" 1392
"../../../Engine/Content/Internationalization/icudt64l/lang/en_SS.res" 1393
"../../../Engine/Content/Internationalization/icudt64l/region/en_SS.res" 1394
"../../../Engine/Content/Internationalization/icudt64l/lang/en_SX.res" 1395
"../../../Engine/Content/Internationalization/icudt64l/region/en_SX.res" 1396
"../../../Engine/Content/Internationalization/icudt64l/lang/en_SZ.res" 1397
"../../../Engine/Content/Internationalization/icudt64l/region/en_SZ.res" 1398
"../../../Engine/Content/Internationalization/icudt64l/lang/en_TC.res" 1399
"../../../Engine/Content/Internationalization/icudt64l/region/en_TC.res" 1400
"../../../Engine/Content/Internationalization/icudt64l/lang/en_TK.res" 1401
"../../../Engine/Content/Internationalization/icudt64l/region/en_TK.res" 1402
"../../../Engine/Content/Internationalization/icudt64l/lang/en_TO.res" 1403
"../../../Engine/Content/Internationalization/icudt64l/region/en_TO.res" 1404
"../../../Engine/Content/Internationalization/icudt64l/lang/en_TT.res" 1405
"../../../Engine/Content/Internationalization/icudt64l/region/en_TT.res" 1406
"../../../Engine/Content/Internationalization/icudt64l/lang/en_TV.res" 1407
"../../../Engine/Content/Internationalization/icudt64l/region/en_TV.res" 1408
"../../../Engine/Content/Internationalization/icudt64l/lang/en_TZ.res" 1409
"../../../Engine/Content/Internationalization/icudt64l/region/en_TZ.res" 1410
"../../../Engine/Content/Internationalization/icudt64l/lang/en_UG.res" 1411
"../../../Engine/Content/Internationalization/icudt64l/region/en_UG.res" 1412
"../../../Engine/Content/Internationalization/icudt64l/lang/en_VC.res" 1413
"../../../Engine/Content/Internationalization/icudt64l/region/en_VC.res" 1414
"../../../Engine/Content/Internationalization/icudt64l/lang/en_VG.res" 1415
"../../../Engine/Content/Internationalization/icudt64l/region/en_VG.res" 1416
"../../../Engine/Content/Internationalization/icudt64l/lang/en_VU.res" 1417
"../../../Engine/Content/Internationalization/icudt64l/region/en_VU.res" 1418
"../../../Engine/Content/Internationalization/icudt64l/lang/en_WS.res" 1419
"../../../Engine/Content/Internationalization/icudt64l/region/en_WS.res" 1420
"../../../Engine/Content/Internationalization/icudt64l/lang/en_ZA.res" 1421
"../../../Engine/Content/Internationalization/icudt64l/region/en_ZA.res" 1422
"../../../Engine/Content/Internationalization/icudt64l/lang/en_ZM.res" 1423
"../../../Engine/Content/Internationalization/icudt64l/region/en_ZM.res" 1424
"../../../Engine/Content/Internationalization/icudt64l/lang/en_ZW.res" 1425
"../../../Engine/Content/Internationalization/icudt64l/region/en_ZW.res" 1426
"../../../Engine/Content/Internationalization/icudt64l/lang/eo.res" 1427
"../../../Engine/Content/Internationalization/icudt64l/region/eo.res" 1428
"../../../Engine/Content/Internationalization/icudt64l/lang/es.res" 1429
"../../../Engine/Content/Internationalization/icudt64l/lang/es_419.res" 1430
"../../../Engine/Content/Internationalization/icudt64l/region/es_419.res" 1431
"../../../Engine/Content/Internationalization/icudt64l/region/es.res" 1432
"../../../Engine/Content/Internationalization/icudt64l/lang/es_AR.res" 1433
"../../../Engine/Content/Internationalization/icudt64l/region/es_AR.res" 1434
"../../../Engine/Content/Internationalization/icudt64l/lang/es_BO.res" 1435
"../../../Engine/Content/Internationalization/icudt64l/region/es_BO.res" 1436
"../../../Engine/Content/Internationalization/icudt64l/lang/es_BR.res" 1437
"../../../Engine/Content/Internationalization/icudt64l/region/es_BR.res" 1438
"../../../Engine/Content/Internationalization/icudt64l/lang/es_BZ.res" 1439
"../../../Engine/Content/Internationalization/icudt64l/region/es_BZ.res" 1440
"../../../Engine/Content/Internationalization/icudt64l/lang/es_CL.res" 1441
"../../../Engine/Content/Internationalization/icudt64l/region/es_CL.res" 1442
"../../../Engine/Content/Internationalization/icudt64l/lang/es_CO.res" 1443
"../../../Engine/Content/Internationalization/icudt64l/region/es_CO.res" 1444
"../../../Engine/Content/Internationalization/icudt64l/lang/es_CR.res" 1445
"../../../Engine/Content/Internationalization/icudt64l/region/es_CR.res" 1446
"../../../Engine/Content/Internationalization/icudt64l/lang/es_CU.res" 1447
"../../../Engine/Content/Internationalization/icudt64l/region/es_CU.res" 1448
"../../../Engine/Content/Internationalization/icudt64l/lang/es_DO.res" 1449
"../../../Engine/Content/Internationalization/icudt64l/region/es_DO.res" 1450
"../../../Engine/Content/Internationalization/icudt64l/lang/es_EC.res" 1451
"../../../Engine/Content/Internationalization/icudt64l/region/es_EC.res" 1452
"../../../Engine/Content/Internationalization/icudt64l/lang/es_GT.res" 1453
"../../../Engine/Content/Internationalization/icudt64l/region/es_GT.res" 1454
"../../../Engine/Content/Internationalization/icudt64l/lang/es_HN.res" 1455
"../../../Engine/Content/Internationalization/icudt64l/region/es_HN.res" 1456
"../../../Engine/Content/Internationalization/icudt64l/lang/es_MX.res" 1457
"../../../Engine/Content/Internationalization/icudt64l/region/es_MX.res" 1458
"../../../Engine/Content/Internationalization/icudt64l/lang/es_NI.res" 1459
"../../../Engine/Content/Internationalization/icudt64l/region/es_NI.res" 1460
"../../../Engine/Content/Internationalization/icudt64l/lang/es_PA.res" 1461
"../../../Engine/Content/Internationalization/icudt64l/region/es_PA.res" 1462
"../../../Engine/Content/Internationalization/icudt64l/lang/es_PE.res" 1463
"../../../Engine/Content/Internationalization/icudt64l/region/es_PE.res" 1464
"../../../Engine/Content/Internationalization/icudt64l/lang/es_PR.res" 1465
"../../../Engine/Content/Internationalization/icudt64l/region/es_PR.res" 1466
"../../../Engine/Content/Internationalization/icudt64l/lang/es_PY.res" 1467
"../../../Engine/Content/Internationalization/icudt64l/region/es_PY.res" 1468
"../../../Engine/Content/Internationalization/icudt64l/lang/es_SV.res" 1469
"../../../Engine/Content/Internationalization/icudt64l/region/es_SV.res" 1470
"../../../Engine/Content/Internationalization/icudt64l/lang/es_US.res" 1471
"../../../Engine/Content/Internationalization/icudt64l/region/es_US.res" 1472
"../../../Engine/Content/Internationalization/icudt64l/lang/es_UY.res" 1473
"../../../Engine/Content/Internationalization/icudt64l/region/es_UY.res" 1474
"../../../Engine/Content/Internationalization/icudt64l/lang/es_VE.res" 1475
"../../../Engine/Content/Internationalization/icudt64l/region/es_VE.res" 1476
"../../../Engine/Content/Internationalization/icudt64l/lang/et.res" 1477
"../../../Engine/Content/Internationalization/icudt64l/region/et.res" 1478
"../../../Engine/Content/Internationalization/icudt64l/lang/eu.res" 1479
"../../../Engine/Content/Internationalization/icudt64l/region/eu.res" 1480
"../../../Engine/Content/Internationalization/icudt64l/lang/ewo.res" 1481
"../../../Engine/Content/Internationalization/icudt64l/region/ewo.res" 1482
"../../../Engine/Content/Internationalization/icudt64l/lang/fa.res" 1483
"../../../Engine/Content/Internationalization/icudt64l/lang/fa_AF.res" 1484
"../../../Engine/Content/Internationalization/icudt64l/region/fa_AF.res" 1485
"../../../Engine/Content/Internationalization/icudt64l/region/fa.res" 1486
"../../../Engine/Content/Internationalization/icudt64l/lang/ff.res" 1487
"../../../Engine/Content/Internationalization/icudt64l/lang/ff_Latn.res" 1488
"../../../Engine/Content/Internationalization/icudt64l/region/ff.res" 1489
"../../../Engine/Content/Internationalization/icudt64l/region/ff_Latn.res" 1490
"../../../Engine/Content/Internationalization/icudt64l/lang/ff_CM.res" 1491
"../../../Engine/Content/Internationalization/icudt64l/lang/ff_Latn_CM.res" 1492
"../../../Engine/Content/Internationalization/icudt64l/region/ff_CM.res" 1493
"../../../Engine/Content/Internationalization/icudt64l/region/ff_Latn_CM.res" 1494
"../../../Engine/Content/Internationalization/icudt64l/lang/ff_GN.res" 1495
"../../../Engine/Content/Internationalization/icudt64l/lang/ff_Latn_GN.res" 1496
"../../../Engine/Content/Internationalization/icudt64l/region/ff_GN.res" 1497
"../../../Engine/Content/Internationalization/icudt64l/region/ff_Latn_GN.res" 1498
"../../../Engine/Content/Internationalization/icudt64l/lang/ff_MR.res" 1499
"../../../Engine/Content/Internationalization/icudt64l/lang/ff_Latn_MR.res" 1500
"../../../Engine/Content/Internationalization/icudt64l/region/ff_MR.res" 1501
"../../../Engine/Content/Internationalization/icudt64l/region/ff_Latn_MR.res" 1502
"../../../Engine/Content/Internationalization/icudt64l/lang/ff_SN.res" 1503
"../../../Engine/Content/Internationalization/icudt64l/lang/ff_Latn_SN.res" 1504
"../../../Engine/Content/Internationalization/icudt64l/region/ff_SN.res" 1505
"../../../Engine/Content/Internationalization/icudt64l/region/ff_Latn_SN.res" 1506
"../../../Engine/Content/Internationalization/icudt64l/lang/fi.res" 1507
"../../../Engine/Content/Internationalization/icudt64l/region/fi.res" 1508
"../../../Engine/Content/Internationalization/icudt64l/lang/fil.res" 1509
"../../../Engine/Content/Internationalization/icudt64l/lang/fil_PH.res" 1510
"../../../Engine/Content/Internationalization/icudt64l/region/fil_PH.res" 1511
"../../../Engine/Content/Internationalization/icudt64l/region/fil.res" 1512
"../../../Engine/Content/Internationalization/icudt64l/lang/fo.res" 1513
"../../../Engine/Content/Internationalization/icudt64l/region/fo.res" 1514
"../../../Engine/Content/Internationalization/icudt64l/lang/fr.res" 1515
"../../../Engine/Content/Internationalization/icudt64l/lang/fr_BE.res" 1516
"../../../Engine/Content/Internationalization/icudt64l/region/fr_BE.res" 1517
"../../../Engine/Content/Internationalization/icudt64l/region/fr.res" 1518
"../../../Engine/Content/Internationalization/icudt64l/lang/fr_CA.res" 1519
"../../../Engine/Content/Internationalization/icudt64l/region/fr_CA.res" 1520
"../../../Engine/Content/Internationalization/icudt64l/lang/fr_CH.res" 1521
"../../../Engine/Content/Internationalization/icudt64l/lang/fur.res" 1522
"../../../Engine/Content/Internationalization/icudt64l/region/fur.res" 1523
"../../../Engine/Content/Internationalization/icudt64l/lang/fy.res" 1524
"../../../Engine/Content/Internationalization/icudt64l/region/fy.res" 1525
"../../../Engine/Content/Internationalization/icudt64l/lang/ga.res" 1526
"../../../Engine/Content/Internationalization/icudt64l/region/ga.res" 1527
"../../../Engine/Content/Internationalization/icudt64l/lang/gd.res" 1528
"../../../Engine/Content/Internationalization/icudt64l/region/gd.res" 1529
"../../../Engine/Content/Internationalization/icudt64l/lang/gl.res" 1530
"../../../Engine/Content/Internationalization/icudt64l/region/gl.res" 1531
"../../../Engine/Content/Internationalization/icudt64l/lang/gsw.res" 1532
"../../../Engine/Content/Internationalization/icudt64l/region/gsw.res" 1533
"../../../Engine/Content/Internationalization/icudt64l/lang/gu.res" 1534
"../../../Engine/Content/Internationalization/icudt64l/region/gu.res" 1535
"../../../Engine/Content/Internationalization/icudt64l/lang/guz.res" 1536
"../../../Engine/Content/Internationalization/icudt64l/region/guz.res" 1537
"../../../Engine/Content/Internationalization/icudt64l/lang/gv.res" 1538
"../../../Engine/Content/Internationalization/icudt64l/region/gv.res" 1539
"../../../Engine/Content/Internationalization/icudt64l/lang/ha.res" 1540
"../../../Engine/Content/Internationalization/icudt64l/region/ha.res" 1541
"../../../Engine/Content/Internationalization/icudt64l/lang/ha_NE.res" 1542
"../../../Engine/Content/Internationalization/icudt64l/region/ha_NE.res" 1543
"../../../Engine/Content/Internationalization/icudt64l/lang/haw.res" 1544
"../../../Engine/Content/Internationalization/icudt64l/region/haw.res" 1545
"../../../Engine/Content/Internationalization/icudt64l/lang/he.res" 1546
"../../../Engine/Content/Internationalization/icudt64l/lang/he_IL.res" 1547
"../../../Engine/Content/Internationalization/icudt64l/region/he_IL.res" 1548
"../../../Engine/Content/Internationalization/icudt64l/region/he.res" 1549
"../../../Engine/Content/Internationalization/icudt64l/lang/hi.res" 1550
"../../../Engine/Content/Internationalization/icudt64l/region/hi.res" 1551
"../../../Engine/Content/Internationalization/icudt64l/lang/hr.res" 1552
"../../../Engine/Content/Internationalization/icudt64l/region/hr.res" 1553
"../../../Engine/Content/Internationalization/icudt64l/lang/hsb.res" 1554
"../../../Engine/Content/Internationalization/icudt64l/region/hsb.res" 1555
"../../../Engine/Content/Internationalization/icudt64l/lang/hu.res" 1556
"../../../Engine/Content/Internationalization/icudt64l/region/hu.res" 1557
"../../../Engine/Content/Internationalization/icudt64l/lang/hy.res" 1558
"../../../Engine/Content/Internationalization/icudt64l/region/hy.res" 1559
"../../../Engine/Content/Internationalization/icudt64l/lang/ia.res" 1560
"../../../Engine/Content/Internationalization/icudt64l/region/ia.res" 1561
"../../../Engine/Content/Internationalization/icudt64l/lang/id.res" 1562
"../../../Engine/Content/Internationalization/icudt64l/lang/id_ID.res" 1563
"../../../Engine/Content/Internationalization/icudt64l/region/id_ID.res" 1564
"../../../Engine/Content/Internationalization/icudt64l/region/id.res" 1565
"../../../Engine/Content/Internationalization/icudt64l/lang/ig.res" 1566
"../../../Engine/Content/Internationalization/icudt64l/region/ig.res" 1567
"../../../Engine/Content/Internationalization/icudt64l/lang/ii.res" 1568
"../../../Engine/Content/Internationalization/icudt64l/region/ii.res" 1569
"../../../Engine/Content/Internationalization/icudt64l/lang/is.res" 1570
"../../../Engine/Content/Internationalization/icudt64l/region/is.res" 1571
"../../../Engine/Content/Internationalization/icudt64l/lang/it.res" 1572
"../../../Engine/Content/Internationalization/icudt64l/region/it.res" 1573
"../../../Engine/Content/Internationalization/icudt64l/lang/jgo.res" 1574
"../../../Engine/Content/Internationalization/icudt64l/region/jgo.res" 1575
"../../../Engine/Content/Internationalization/icudt64l/lang/jmc.res" 1576
"../../../Engine/Content/Internationalization/icudt64l/region/jmc.res" 1577
"../../../Engine/Content/Internationalization/icudt64l/lang/jv.res" 1578
"../../../Engine/Content/Internationalization/icudt64l/region/jv.res" 1579
"../../../Engine/Content/Internationalization/icudt64l/lang/ka.res" 1580
"../../../Engine/Content/Internationalization/icudt64l/region/ka.res" 1581
"../../../Engine/Content/Internationalization/icudt64l/lang/kab.res" 1582
"../../../Engine/Content/Internationalization/icudt64l/region/kab.res" 1583
"../../../Engine/Content/Internationalization/icudt64l/lang/kam.res" 1584
"../../../Engine/Content/Internationalization/icudt64l/region/kam.res" 1585
"../../../Engine/Content/Internationalization/icudt64l/lang/kde.res" 1586
"../../../Engine/Content/Internationalization/icudt64l/region/kde.res" 1587
"../../../Engine/Content/Internationalization/icudt64l/lang/kea.res" 1588
"../../../Engine/Content/Internationalization/icudt64l/region/kea.res" 1589
"../../../Engine/Content/Internationalization/icudt64l/lang/khq.res" 1590
"../../../Engine/Content/Internationalization/icudt64l/region/khq.res" 1591
"../../../Engine/Content/Internationalization/icudt64l/lang/ki.res" 1592
"../../../Engine/Content/Internationalization/icudt64l/region/ki.res" 1593
"../../../Engine/Content/Internationalization/icudt64l/lang/kk.res" 1594
"../../../Engine/Content/Internationalization/icudt64l/region/kk.res" 1595
"../../../Engine/Content/Internationalization/icudt64l/lang/kkj.res" 1596
"../../../Engine/Content/Internationalization/icudt64l/region/kkj.res" 1597
"../../../Engine/Content/Internationalization/icudt64l/lang/kl.res" 1598
"../../../Engine/Content/Internationalization/icudt64l/region/kl.res" 1599
"../../../Engine/Content/Internationalization/icudt64l/lang/kln.res" 1600
"../../../Engine/Content/Internationalization/icudt64l/region/kln.res" 1601
"../../../Engine/Content/Internationalization/icudt64l/lang/km.res" 1602
"../../../Engine/Content/Internationalization/icudt64l/region/km.res" 1603
"../../../Engine/Content/Internationalization/icudt64l/lang/kn.res" 1604
"../../../Engine/Content/Internationalization/icudt64l/region/kn.res" 1605
"../../../Engine/Content/Internationalization/icudt64l/lang/ko.res" 1606
"../../../Engine/Content/Internationalization/icudt64l/region/ko_KP.res" 1607
"../../../Engine/Content/Internationalization/icudt64l/region/ko.res" 1608
"../../../Engine/Content/Internationalization/icudt64l/lang/kok.res" 1609
"../../../Engine/Content/Internationalization/icudt64l/region/kok.res" 1610
"../../../Engine/Content/Internationalization/icudt64l/lang/ks.res" 1611
"../../../Engine/Content/Internationalization/icudt64l/region/ks.res" 1612
"../../../Engine/Content/Internationalization/icudt64l/lang/ksb.res" 1613
"../../../Engine/Content/Internationalization/icudt64l/region/ksb.res" 1614
"../../../Engine/Content/Internationalization/icudt64l/lang/ksf.res" 1615
"../../../Engine/Content/Internationalization/icudt64l/region/ksf.res" 1616
"../../../Engine/Content/Internationalization/icudt64l/lang/ksh.res" 1617
"../../../Engine/Content/Internationalization/icudt64l/region/ksh.res" 1618
"../../../Engine/Content/Internationalization/icudt64l/lang/ku.res" 1619
"../../../Engine/Content/Internationalization/icudt64l/region/ku.res" 1620
"../../../Engine/Content/Internationalization/icudt64l/lang/kw.res" 1621
"../../../Engine/Content/Internationalization/icudt64l/region/kw.res" 1622
"../../../Engine/Content/Internationalization/icudt64l/lang/ky.res" 1623
"../../../Engine/Content/Internationalization/icudt64l/region/ky.res" 1624
"../../../Engine/Content/Internationalization/icudt64l/lang/lag.res" 1625
"../../../Engine/Content/Internationalization/icudt64l/region/lag.res" 1626
"../../../Engine/Content/Internationalization/icudt64l/lang/lb.res" 1627
"../../../Engine/Content/Internationalization/icudt64l/region/lb.res" 1628
"../../../Engine/Content/Internationalization/icudt64l/lang/lg.res" 1629
"../../../Engine/Content/Internationalization/icudt64l/region/lg.res" 1630
"../../../Engine/Content/Internationalization/icudt64l/lang/lkt.res" 1631
"../../../Engine/Content/Internationalization/icudt64l/region/lkt.res" 1632
"../../../Engine/Content/Internationalization/icudt64l/lang/ln.res" 1633
"../../../Engine/Content/Internationalization/icudt64l/region/ln.res" 1634
"../../../Engine/Content/Internationalization/icudt64l/lang/lo.res" 1635
"../../../Engine/Content/Internationalization/icudt64l/region/lo.res" 1636
"../../../Engine/Content/Internationalization/icudt64l/lang/lrc.res" 1637
"../../../Engine/Content/Internationalization/icudt64l/region/lrc.res" 1638
"../../../Engine/Content/Internationalization/icudt64l/lang/lt.res" 1639
"../../../Engine/Content/Internationalization/icudt64l/region/lt.res" 1640
"../../../Engine/Content/Internationalization/icudt64l/lang/lu.res" 1641
"../../../Engine/Content/Internationalization/icudt64l/region/lu.res" 1642
"../../../Engine/Content/Internationalization/icudt64l/lang/luo.res" 1643
"../../../Engine/Content/Internationalization/icudt64l/region/luo.res" 1644
"../../../Engine/Content/Internationalization/icudt64l/lang/luy.res" 1645
"../../../Engine/Content/Internationalization/icudt64l/region/luy.res" 1646
"../../../Engine/Content/Internationalization/icudt64l/lang/lv.res" 1647
"../../../Engine/Content/Internationalization/icudt64l/region/lv.res" 1648
"../../../Engine/Content/Internationalization/icudt64l/lang/mas.res" 1649
"../../../Engine/Content/Internationalization/icudt64l/region/mas.res" 1650
"../../../Engine/Content/Internationalization/icudt64l/lang/mer.res" 1651
"../../../Engine/Content/Internationalization/icudt64l/region/mer.res" 1652
"../../../Engine/Content/Internationalization/icudt64l/lang/mfe.res" 1653
"../../../Engine/Content/Internationalization/icudt64l/region/mfe.res" 1654
"../../../Engine/Content/Internationalization/icudt64l/lang/mg.res" 1655
"../../../Engine/Content/Internationalization/icudt64l/region/mg.res" 1656
"../../../Engine/Content/Internationalization/icudt64l/lang/mgh.res" 1657
"../../../Engine/Content/Internationalization/icudt64l/region/mgh.res" 1658
"../../../Engine/Content/Internationalization/icudt64l/lang/mgo.res" 1659
"../../../Engine/Content/Internationalization/icudt64l/region/mgo.res" 1660
"../../../Engine/Content/Internationalization/icudt64l/lang/mi.res" 1661
"../../../Engine/Content/Internationalization/icudt64l/region/mi.res" 1662
"../../../Engine/Content/Internationalization/icudt64l/lang/mk.res" 1663
"../../../Engine/Content/Internationalization/icudt64l/region/mk.res" 1664
"../../../Engine/Content/Internationalization/icudt64l/lang/ml.res" 1665
"../../../Engine/Content/Internationalization/icudt64l/region/ml.res" 1666
"../../../Engine/Content/Internationalization/icudt64l/lang/mn.res" 1667
"../../../Engine/Content/Internationalization/icudt64l/region/mn.res" 1668
"../../../Engine/Content/Internationalization/icudt64l/lang/mr.res" 1669
"../../../Engine/Content/Internationalization/icudt64l/region/mr.res" 1670
"../../../Engine/Content/Internationalization/icudt64l/lang/ms.res" 1671
"../../../Engine/Content/Internationalization/icudt64l/region/ms.res" 1672
"../../../Engine/Content/Internationalization/icudt64l/lang/mt.res" 1673
"../../../Engine/Content/Internationalization/icudt64l/region/mt.res" 1674
"../../../Engine/Content/Internationalization/icudt64l/lang/mua.res" 1675
"../../../Engine/Content/Internationalization/icudt64l/region/mua.res" 1676
"../../../Engine/Content/Internationalization/icudt64l/lang/my.res" 1677
"../../../Engine/Content/Internationalization/icudt64l/region/my.res" 1678
"../../../Engine/Content/Internationalization/icudt64l/lang/mzn.res" 1679
"../../../Engine/Content/Internationalization/icudt64l/region/mzn.res" 1680
"../../../Engine/Content/Internationalization/icudt64l/lang/naq.res" 1681
"../../../Engine/Content/Internationalization/icudt64l/region/naq.res" 1682
"../../../Engine/Content/Internationalization/icudt64l/lang/nb.res" 1683
"../../../Engine/Content/Internationalization/icudt64l/lang/nb_NO.res" 1684
"../../../Engine/Content/Internationalization/icudt64l/region/nb_NO.res" 1685
"../../../Engine/Content/Internationalization/icudt64l/region/nb.res" 1686
"../../../Engine/Content/Internationalization/icudt64l/lang/nd.res" 1687
"../../../Engine/Content/Internationalization/icudt64l/region/nd.res" 1688
"../../../Engine/Content/Internationalization/icudt64l/lang/nds.res" 1689
"../../../Engine/Content/Internationalization/icudt64l/region/nds.res" 1690
"../../../Engine/Content/Internationalization/icudt64l/lang/ne.res" 1691
"../../../Engine/Content/Internationalization/icudt64l/region/ne.res" 1692
"../../../Engine/Content/Internationalization/icudt64l/lang/nl.res" 1693
"../../../Engine/Content/Internationalization/icudt64l/region/nl.res" 1694
"../../../Engine/Content/Internationalization/icudt64l/lang/nmg.res" 1695
"../../../Engine/Content/Internationalization/icudt64l/region/nmg.res" 1696
"../../../Engine/Content/Internationalization/icudt64l/lang/nn.res" 1697
"../../../Engine/Content/Internationalization/icudt64l/lang/nn_NO.res" 1698
"../../../Engine/Content/Internationalization/icudt64l/region/nn_NO.res" 1699
"../../../Engine/Content/Internationalization/icudt64l/region/nn.res" 1700
"../../../Engine/Content/Internationalization/icudt64l/lang/nnh.res" 1701
"../../../Engine/Content/Internationalization/icudt64l/region/nnh.res" 1702
"../../../Engine/Content/Internationalization/icudt64l/lang/nus.res" 1703
"../../../Engine/Content/Internationalization/icudt64l/region/nus.res" 1704
"../../../Engine/Content/Internationalization/icudt64l/lang/nyn.res" 1705
"../../../Engine/Content/Internationalization/icudt64l/region/nyn.res" 1706
"../../../Engine/Content/Internationalization/icudt64l/lang/om.res" 1707
"../../../Engine/Content/Internationalization/icudt64l/region/om.res" 1708
"../../../Engine/Content/Internationalization/icudt64l/lang/or.res" 1709
"../../../Engine/Content/Internationalization/icudt64l/region/or.res" 1710
"../../../Engine/Content/Internationalization/icudt64l/lang/os.res" 1711
"../../../Engine/Content/Internationalization/icudt64l/region/os.res" 1712
"../../../Engine/Content/Internationalization/icudt64l/lang/pa.res" 1713
"../../../Engine/Content/Internationalization/icudt64l/lang/pa_Arab.res" 1714
"../../../Engine/Content/Internationalization/icudt64l/lang/pa_PK.res" 1715
"../../../Engine/Content/Internationalization/icudt64l/lang/pa_Arab_PK.res" 1716
"../../../Engine/Content/Internationalization/icudt64l/region/pa_PK.res" 1717
"../../../Engine/Content/Internationalization/icudt64l/region/pa_Arab_PK.res" 1718
"../../../Engine/Content/Internationalization/icudt64l/region/pa_Arab.res" 1719
"../../../Engine/Content/Internationalization/icudt64l/lang/pa_Guru.res" 1720
"../../../Engine/Content/Internationalization/icudt64l/lang/pa_IN.res" 1721
"../../../Engine/Content/Internationalization/icudt64l/lang/pa_Guru_IN.res" 1722
"../../../Engine/Content/Internationalization/icudt64l/region/pa_IN.res" 1723
"../../../Engine/Content/Internationalization/icudt64l/region/pa_Guru_IN.res" 1724
"../../../Engine/Content/Internationalization/icudt64l/region/pa_Guru.res" 1725
"../../../Engine/Content/Internationalization/icudt64l/region/pa.res" 1726
"../../../Engine/Content/Internationalization/icudt64l/lang/pl.res" 1727
"../../../Engine/Content/Internationalization/icudt64l/region/pl.res" 1728
"../../../Engine/Content/Internationalization/icudt64l/lang/ps.res" 1729
"../../../Engine/Content/Internationalization/icudt64l/region/ps.res" 1730
"../../../Engine/Content/Internationalization/icudt64l/lang/ps_PK.res" 1731
"../../../Engine/Content/Internationalization/icudt64l/region/ps_PK.res" 1732
"../../../Engine/Content/Internationalization/icudt64l/lang/pt.res" 1733
"../../../Engine/Content/Internationalization/icudt64l/lang/pt_AO.res" 1734
"../../../Engine/Content/Internationalization/icudt64l/lang/pt_PT.res" 1735
"../../../Engine/Content/Internationalization/icudt64l/region/pt_AO.res" 1736
"../../../Engine/Content/Internationalization/icudt64l/region/pt_PT.res" 1737
"../../../Engine/Content/Internationalization/icudt64l/region/pt.res" 1738
"../../../Engine/Content/Internationalization/icudt64l/lang/pt_CH.res" 1739
"../../../Engine/Content/Internationalization/icudt64l/region/pt_CH.res" 1740
"../../../Engine/Content/Internationalization/icudt64l/lang/pt_CV.res" 1741
"../../../Engine/Content/Internationalization/icudt64l/region/pt_CV.res" 1742
"../../../Engine/Content/Internationalization/icudt64l/lang/pt_GQ.res" 1743
"../../../Engine/Content/Internationalization/icudt64l/region/pt_GQ.res" 1744
"../../../Engine/Content/Internationalization/icudt64l/lang/pt_GW.res" 1745
"../../../Engine/Content/Internationalization/icudt64l/region/pt_GW.res" 1746
"../../../Engine/Content/Internationalization/icudt64l/lang/pt_LU.res" 1747
"../../../Engine/Content/Internationalization/icudt64l/region/pt_LU.res" 1748
"../../../Engine/Content/Internationalization/icudt64l/lang/pt_MO.res" 1749
"../../../Engine/Content/Internationalization/icudt64l/region/pt_MO.res" 1750
"../../../Engine/Content/Internationalization/icudt64l/lang/pt_MZ.res" 1751
"../../../Engine/Content/Internationalization/icudt64l/region/pt_MZ.res" 1752
"../../../Engine/Content/Internationalization/icudt64l/lang/pt_ST.res" 1753
"../../../Engine/Content/Internationalization/icudt64l/region/pt_ST.res" 1754
"../../../Engine/Content/Internationalization/icudt64l/lang/pt_TL.res" 1755
"../../../Engine/Content/Internationalization/icudt64l/region/pt_TL.res" 1756
"../../../Engine/Content/Internationalization/icudt64l/lang/qu.res" 1757
"../../../Engine/Content/Internationalization/icudt64l/region/qu.res" 1758
"../../../Engine/Content/Internationalization/icudt64l/lang/rm.res" 1759
"../../../Engine/Content/Internationalization/icudt64l/region/rm.res" 1760
"../../../Engine/Content/Internationalization/icudt64l/lang/rn.res" 1761
"../../../Engine/Content/Internationalization/icudt64l/region/rn.res" 1762
"../../../Engine/Content/Internationalization/icudt64l/lang/ro.res" 1763
"../../../Engine/Content/Internationalization/icudt64l/lang/ro_MD.res" 1764
"../../../Engine/Content/Internationalization/icudt64l/region/ro_MD.res" 1765
"../../../Engine/Content/Internationalization/icudt64l/region/ro.res" 1766
"../../../Engine/Content/Internationalization/icudt64l/lang/rof.res" 1767
"../../../Engine/Content/Internationalization/icudt64l/region/rof.res" 1768
"../../../Engine/Content/Internationalization/icudt64l/lang/ru.res" 1769
"../../../Engine/Content/Internationalization/icudt64l/region/ru.res" 1770
"../../../Engine/Content/Internationalization/icudt64l/region/ru_UA.res" 1771
"../../../Engine/Content/Internationalization/icudt64l/lang/rw.res" 1772
"../../../Engine/Content/Internationalization/icudt64l/region/rw.res" 1773
"../../../Engine/Content/Internationalization/icudt64l/lang/rwk.res" 1774
"../../../Engine/Content/Internationalization/icudt64l/region/rwk.res" 1775
"../../../Engine/Content/Internationalization/icudt64l/lang/sah.res" 1776
"../../../Engine/Content/Internationalization/icudt64l/region/sah.res" 1777
"../../../Engine/Content/Internationalization/icudt64l/lang/saq.res" 1778
"../../../Engine/Content/Internationalization/icudt64l/region/saq.res" 1779
"../../../Engine/Content/Internationalization/icudt64l/lang/sbp.res" 1780
"../../../Engine/Content/Internationalization/icudt64l/region/sbp.res" 1781
"../../../Engine/Content/Internationalization/icudt64l/lang/sd.res" 1782
"../../../Engine/Content/Internationalization/icudt64l/region/sd.res" 1783
"../../../Engine/Content/Internationalization/icudt64l/lang/se.res" 1784
"../../../Engine/Content/Internationalization/icudt64l/lang/se_FI.res" 1785
"../../../Engine/Content/Internationalization/icudt64l/region/se_FI.res" 1786
"../../../Engine/Content/Internationalization/icudt64l/region/se.res" 1787
"../../../Engine/Content/Internationalization/icudt64l/lang/seh.res" 1788
"../../../Engine/Content/Internationalization/icudt64l/region/seh.res" 1789
"../../../Engine/Content/Internationalization/icudt64l/lang/ses.res" 1790
"../../../Engine/Content/Internationalization/icudt64l/region/ses.res" 1791
"../../../Engine/Content/Internationalization/icudt64l/lang/sg.res" 1792
"../../../Engine/Content/Internationalization/icudt64l/region/sg.res" 1793
"../../../Engine/Content/Internationalization/icudt64l/lang/shi.res" 1794
"../../../Engine/Content/Internationalization/icudt64l/lang/shi_Latn.res" 1795
"../../../Engine/Content/Internationalization/icudt64l/lang/shi_MA.res" 1796
"../../../Engine/Content/Internationalization/icudt64l/lang/shi_Tfng_MA.res" 1797
"../../../Engine/Content/Internationalization/icudt64l/lang/shi_Tfng.res" 1798
"../../../Engine/Content/Internationalization/icudt64l/region/shi_MA.res" 1799
"../../../Engine/Content/Internationalization/icudt64l/region/shi_Tfng_MA.res" 1800
"../../../Engine/Content/Internationalization/icudt64l/region/shi_Tfng.res" 1801
"../../../Engine/Content/Internationalization/icudt64l/region/shi.res" 1802
"../../../Engine/Content/Internationalization/icudt64l/region/shi_Latn.res" 1803
"../../../Engine/Content/Internationalization/icudt64l/lang/si.res" 1804
"../../../Engine/Content/Internationalization/icudt64l/region/si.res" 1805
"../../../Engine/Content/Internationalization/icudt64l/lang/sk.res" 1806
"../../../Engine/Content/Internationalization/icudt64l/region/sk.res" 1807
"../../../Engine/Content/Internationalization/icudt64l/lang/sl.res" 1808
"../../../Engine/Content/Internationalization/icudt64l/region/sl.res" 1809
"../../../Engine/Content/Internationalization/icudt64l/lang/smn.res" 1810
"../../../Engine/Content/Internationalization/icudt64l/region/smn.res" 1811
"../../../Engine/Content/Internationalization/icudt64l/lang/sn.res" 1812
"../../../Engine/Content/Internationalization/icudt64l/region/sn.res" 1813
"../../../Engine/Content/Internationalization/icudt64l/lang/so.res" 1814
"../../../Engine/Content/Internationalization/icudt64l/region/so.res" 1815
"../../../Engine/Content/Internationalization/icudt64l/lang/sq.res" 1816
"../../../Engine/Content/Internationalization/icudt64l/region/sq.res" 1817
"../../../Engine/Content/Internationalization/icudt64l/lang/sr.res" 1818
"../../../Engine/Content/Internationalization/icudt64l/lang/sr_Cyrl.res" 1819
"../../../Engine/Content/Internationalization/icudt64l/lang/sr_BA.res" 1820
"../../../Engine/Content/Internationalization/icudt64l/lang/sr_Cyrl_BA.res" 1821
"../../../Engine/Content/Internationalization/icudt64l/region/sr_BA.res" 1822
"../../../Engine/Content/Internationalization/icudt64l/region/sr_Cyrl_BA.res" 1823
"../../../Engine/Content/Internationalization/icudt64l/region/sr_Cyrl.res" 1824
"../../../Engine/Content/Internationalization/icudt64l/region/sr.res" 1825
"../../../Engine/Content/Internationalization/icudt64l/lang/sr_ME.res" 1826
"../../../Engine/Content/Internationalization/icudt64l/lang/sr_Latn_ME.res" 1827
"../../../Engine/Content/Internationalization/icudt64l/lang/sr_Latn.res" 1828
"../../../Engine/Content/Internationalization/icudt64l/region/sr_ME.res" 1829
"../../../Engine/Content/Internationalization/icudt64l/region/sr_Latn_ME.res" 1830
"../../../Engine/Content/Internationalization/icudt64l/region/sr_Latn.res" 1831
"../../../Engine/Content/Internationalization/icudt64l/lang/sr_Cyrl_ME.res" 1832
"../../../Engine/Content/Internationalization/icudt64l/region/sr_Cyrl_ME.res" 1833
"../../../Engine/Content/Internationalization/icudt64l/lang/sr_RS.res" 1834
"../../../Engine/Content/Internationalization/icudt64l/lang/sr_Cyrl_RS.res" 1835
"../../../Engine/Content/Internationalization/icudt64l/region/sr_RS.res" 1836
"../../../Engine/Content/Internationalization/icudt64l/region/sr_Cyrl_RS.res" 1837
"../../../Engine/Content/Internationalization/icudt64l/lang/sr_XK.res" 1838
"../../../Engine/Content/Internationalization/icudt64l/lang/sr_Cyrl_XK.res" 1839
"../../../Engine/Content/Internationalization/icudt64l/region/sr_XK.res" 1840
"../../../Engine/Content/Internationalization/icudt64l/region/sr_Cyrl_XK.res" 1841
"../../../Engine/Content/Internationalization/icudt64l/lang/sr_Latn_BA.res" 1842
"../../../Engine/Content/Internationalization/icudt64l/region/sr_Latn_BA.res" 1843
"../../../Engine/Content/Internationalization/icudt64l/lang/sr_Latn_RS.res" 1844
"../../../Engine/Content/Internationalization/icudt64l/region/sr_Latn_RS.res" 1845
"../../../Engine/Content/Internationalization/icudt64l/lang/sr_Latn_XK.res" 1846
"../../../Engine/Content/Internationalization/icudt64l/region/sr_Latn_XK.res" 1847
"../../../Engine/Content/Internationalization/icudt64l/lang/sv.res" 1848
"../../../Engine/Content/Internationalization/icudt64l/region/sv.res" 1849
"../../../Engine/Content/Internationalization/icudt64l/lang/sv_FI.res" 1850
"../../../Engine/Content/Internationalization/icudt64l/lang/sw.res" 1851
"../../../Engine/Content/Internationalization/icudt64l/lang/sw_CD.res" 1852
"../../../Engine/Content/Internationalization/icudt64l/region/sw_CD.res" 1853
"../../../Engine/Content/Internationalization/icudt64l/region/sw.res" 1854
"../../../Engine/Content/Internationalization/icudt64l/lang/sw_KE.res" 1855
"../../../Engine/Content/Internationalization/icudt64l/region/sw_KE.res" 1856
"../../../Engine/Content/Internationalization/icudt64l/lang/ta.res" 1857
"../../../Engine/Content/Internationalization/icudt64l/region/ta.res" 1858
"../../../Engine/Content/Internationalization/icudt64l/lang/te.res" 1859
"../../../Engine/Content/Internationalization/icudt64l/region/te.res" 1860
"../../../Engine/Content/Internationalization/icudt64l/lang/teo.res" 1861
"../../../Engine/Content/Internationalization/icudt64l/region/teo.res" 1862
"../../../Engine/Content/Internationalization/icudt64l/lang/tg.res" 1863
"../../../Engine/Content/Internationalization/icudt64l/region/tg.res" 1864
"../../../Engine/Content/Internationalization/icudt64l/lang/th.res" 1865
"../../../Engine/Content/Internationalization/icudt64l/lang/th_TH.res" 1866
"../../../Engine/Content/Internationalization/icudt64l/region/th_TH.res" 1867
"../../../Engine/Content/Internationalization/icudt64l/region/th.res" 1868
"../../../Engine/Content/Internationalization/icudt64l/lang/ti.res" 1869
"../../../Engine/Content/Internationalization/icudt64l/region/ti.res" 1870
"../../../Engine/Content/Internationalization/icudt64l/lang/tk.res" 1871
"../../../Engine/Content/Internationalization/icudt64l/region/tk.res" 1872
"../../../Engine/Content/Internationalization/icudt64l/lang/to.res" 1873
"../../../Engine/Content/Internationalization/icudt64l/region/to.res" 1874
"../../../Engine/Content/Internationalization/icudt64l/lang/tr.res" 1875
"../../../Engine/Content/Internationalization/icudt64l/region/tr.res" 1876
"../../../Engine/Content/Internationalization/icudt64l/lang/tt.res" 1877
"../../../Engine/Content/Internationalization/icudt64l/region/tt.res" 1878
"../../../Engine/Content/Internationalization/icudt64l/lang/twq.res" 1879
"../../../Engine/Content/Internationalization/icudt64l/region/twq.res" 1880
"../../../Engine/Content/Internationalization/icudt64l/lang/tzm.res" 1881
"../../../Engine/Content/Internationalization/icudt64l/region/tzm.res" 1882
"../../../Engine/Content/Internationalization/icudt64l/lang/ug.res" 1883
"../../../Engine/Content/Internationalization/icudt64l/region/ug.res" 1884
"../../../Engine/Content/Internationalization/icudt64l/lang/uk.res" 1885
"../../../Engine/Content/Internationalization/icudt64l/region/uk.res" 1886
"../../../Engine/Content/Internationalization/icudt64l/lang/ur.res" 1887
"../../../Engine/Content/Internationalization/icudt64l/lang/ur_IN.res" 1888
"../../../Engine/Content/Internationalization/icudt64l/region/ur_IN.res" 1889
"../../../Engine/Content/Internationalization/icudt64l/region/ur.res" 1890
"../../../Engine/Content/Internationalization/icudt64l/lang/uz.res" 1891
"../../../Engine/Content/Internationalization/icudt64l/lang/uz_Arab.res" 1892
"../../../Engine/Content/Internationalization/icudt64l/lang/uz_AF.res" 1893
"../../../Engine/Content/Internationalization/icudt64l/lang/uz_Arab_AF.res" 1894
"../../../Engine/Content/Internationalization/icudt64l/region/uz_AF.res" 1895
"../../../Engine/Content/Internationalization/icudt64l/region/uz_Arab_AF.res" 1896
"../../../Engine/Content/Internationalization/icudt64l/region/uz_Arab.res" 1897
"../../../Engine/Content/Internationalization/icudt64l/lang/uz_Cyrl.res" 1898
"../../../Engine/Content/Internationalization/icudt64l/lang/uz_UZ.res" 1899
"../../../Engine/Content/Internationalization/icudt64l/lang/uz_Latn_UZ.res" 1900
"../../../Engine/Content/Internationalization/icudt64l/lang/uz_Latn.res" 1901
"../../../Engine/Content/Internationalization/icudt64l/region/uz_UZ.res" 1902
"../../../Engine/Content/Internationalization/icudt64l/region/uz_Latn_UZ.res" 1903
"../../../Engine/Content/Internationalization/icudt64l/region/uz_Latn.res" 1904
"../../../Engine/Content/Internationalization/icudt64l/region/uz.res" 1905
"../../../Engine/Content/Internationalization/icudt64l/region/uz_Cyrl.res" 1906
"../../../Engine/Content/Internationalization/icudt64l/lang/vai.res" 1907
"../../../Engine/Content/Internationalization/icudt64l/lang/vai_Latn.res" 1908
"../../../Engine/Content/Internationalization/icudt64l/lang/vai_LR.res" 1909
"../../../Engine/Content/Internationalization/icudt64l/lang/vai_Vaii_LR.res" 1910
"../../../Engine/Content/Internationalization/icudt64l/lang/vai_Vaii.res" 1911
"../../../Engine/Content/Internationalization/icudt64l/region/vai_LR.res" 1912
"../../../Engine/Content/Internationalization/icudt64l/region/vai_Vaii_LR.res" 1913
"../../../Engine/Content/Internationalization/icudt64l/region/vai_Vaii.res" 1914
"../../../Engine/Content/Internationalization/icudt64l/region/vai.res" 1915
"../../../Engine/Content/Internationalization/icudt64l/region/vai_Latn.res" 1916
"../../../Engine/Content/Internationalization/icudt64l/lang/vi.res" 1917
"../../../Engine/Content/Internationalization/icudt64l/region/vi.res" 1918
"../../../Engine/Content/Internationalization/icudt64l/lang/vun.res" 1919
"../../../Engine/Content/Internationalization/icudt64l/region/vun.res" 1920
"../../../Engine/Content/Internationalization/icudt64l/lang/wae.res" 1921
"../../../Engine/Content/Internationalization/icudt64l/region/wae.res" 1922
"../../../Engine/Content/Internationalization/icudt64l/lang/wo.res" 1923
"../../../Engine/Content/Internationalization/icudt64l/region/wo.res" 1924
"../../../Engine/Content/Internationalization/icudt64l/lang/xh.res" 1925
"../../../Engine/Content/Internationalization/icudt64l/region/xh.res" 1926
"../../../Engine/Content/Internationalization/icudt64l/lang/xog.res" 1927
"../../../Engine/Content/Internationalization/icudt64l/region/xog.res" 1928
"../../../Engine/Content/Internationalization/icudt64l/lang/yav.res" 1929
"../../../Engine/Content/Internationalization/icudt64l/region/yav.res" 1930
"../../../Engine/Content/Internationalization/icudt64l/lang/yi.res" 1931
"../../../Engine/Content/Internationalization/icudt64l/region/yi.res" 1932
"../../../Engine/Content/Internationalization/icudt64l/lang/yo.res" 1933
"../../../Engine/Content/Internationalization/icudt64l/lang/yo_BJ.res" 1934
"../../../Engine/Content/Internationalization/icudt64l/region/yo_BJ.res" 1935
"../../../Engine/Content/Internationalization/icudt64l/region/yo.res" 1936
"../../../Engine/Content/Internationalization/icudt64l/lang/yue.res" 1937
"../../../Engine/Content/Internationalization/icudt64l/lang/yue_Hans.res" 1938
"../../../Engine/Content/Internationalization/icudt64l/lang/yue_CN.res" 1939
"../../../Engine/Content/Internationalization/icudt64l/lang/yue_Hans_CN.res" 1940
"../../../Engine/Content/Internationalization/icudt64l/region/yue_CN.res" 1941
"../../../Engine/Content/Internationalization/icudt64l/region/yue_Hans_CN.res" 1942
"../../../Engine/Content/Internationalization/icudt64l/region/yue_Hans.res" 1943
"../../../Engine/Content/Internationalization/icudt64l/lang/yue_Hant.res" 1944
"../../../Engine/Content/Internationalization/icudt64l/lang/yue_HK.res" 1945
"../../../Engine/Content/Internationalization/icudt64l/lang/yue_Hant_HK.res" 1946
"../../../Engine/Content/Internationalization/icudt64l/region/yue_HK.res" 1947
"../../../Engine/Content/Internationalization/icudt64l/region/yue_Hant_HK.res" 1948
"../../../Engine/Content/Internationalization/icudt64l/region/yue_Hant.res" 1949
"../../../Engine/Content/Internationalization/icudt64l/region/yue.res" 1950
"../../../Engine/Content/Internationalization/icudt64l/lang/zgh.res" 1951
"../../../Engine/Content/Internationalization/icudt64l/region/zgh.res" 1952
"../../../Engine/Content/Internationalization/icudt64l/lang/zh.res" 1953
"../../../Engine/Content/Internationalization/icudt64l/lang/zh_Hans.res" 1954
"../../../Engine/Content/Internationalization/icudt64l/lang/zh_CN.res" 1955
"../../../Engine/Content/Internationalization/icudt64l/lang/zh_Hans_CN.res" 1956
"../../../Engine/Content/Internationalization/icudt64l/region/zh_CN.res" 1957
"../../../Engine/Content/Internationalization/icudt64l/region/zh_Hans_CN.res" 1958
"../../../Engine/Content/Internationalization/icudt64l/region/zh_Hans.res" 1959
"../../../Engine/Content/Internationalization/icudt64l/region/zh.res" 1960
"../../../Engine/Content/Internationalization/icudt64l/lang/zh_HK.res" 1961
"../../../Engine/Content/Internationalization/icudt64l/lang/zh_Hant_HK.res" 1962
"../../../Engine/Content/Internationalization/icudt64l/lang/zh_Hant.res" 1963
"../../../Engine/Content/Internationalization/icudt64l/region/zh_HK.res" 1964
"../../../Engine/Content/Internationalization/icudt64l/region/zh_Hant_HK.res" 1965
"../../../Engine/Content/Internationalization/icudt64l/region/zh_Hant.res" 1966
"../../../Engine/Content/Internationalization/icudt64l/lang/zh_MO.res" 1967
"../../../Engine/Content/Internationalization/icudt64l/lang/zh_Hant_MO.res" 1968
"../../../Engine/Content/Internationalization/icudt64l/region/zh_MO.res" 1969
"../../../Engine/Content/Internationalization/icudt64l/region/zh_Hant_MO.res" 1970
"../../../Engine/Content/Internationalization/icudt64l/lang/zh_SG.res" 1971
"../../../Engine/Content/Internationalization/icudt64l/lang/zh_Hans_SG.res" 1972
"../../../Engine/Content/Internationalization/icudt64l/region/zh_SG.res" 1973
"../../../Engine/Content/Internationalization/icudt64l/region/zh_Hans_SG.res" 1974
"../../../Engine/Content/Internationalization/icudt64l/lang/zh_TW.res" 1975
"../../../Engine/Content/Internationalization/icudt64l/lang/zh_Hant_TW.res" 1976
"../../../Engine/Content/Internationalization/icudt64l/region/zh_TW.res" 1977
"../../../Engine/Content/Internationalization/icudt64l/region/zh_Hant_TW.res" 1978
"../../../Engine/Content/Internationalization/icudt64l/lang/zu.res" 1979
"../../../Engine/Content/Internationalization/icudt64l/region/zu.res" 1980
"../../../Engine/Content/Internationalization/icudt64l/lang/no.res" 1981
"../../../Engine/Content/Internationalization/icudt64l/lang/tl.res" 1982
"../../../Engine/Config/Android/DataDrivenPlatformInfo.ini" 1983
"../../../Engine/Config/IOS/DataDrivenPlatformInfo.ini" 1984
"../../../Engine/Config/Linux/DataDrivenPlatformInfo.ini" 1985
"../../../Engine/Config/Mac/DataDrivenPlatformInfo.ini" 1986
"../../../Engine/Config/TVOS/DataDrivenPlatformInfo.ini" 1987
"../../../Engine/Config/Unix/DataDrivenPlatformInfo.ini" 1988
"../../../Engine/Config/VulkanPC/DataDrivenPlatformInfo.ini" 1989
"../../../Engine/Config/Windows/DataDrivenPlatformInfo.ini" 1990
"../../../Engine/Platforms/VisionOS/Config/DataDrivenPlatformInfo.ini" 1991
"../../../Engine/Content/Renderer/TessellationTable.bin" 1992
"../../../Engine/DerivedDataCache/Compressed.ddp" 1993
"C:/Users/onigi/AppData/Local/UnrealEngine/5.7/Saved/Zen/zen.version" 1994
"C:/Users/onigi/AppData/Local/UnrealEngine/Common/Zen/Install/zen.version" 1995
"C:/Users/onigi/AppData/Local/UnrealEngine/Common/Zen/Install/zenserver.runcontext" 1996
"C:/Users/onigi/AppData/Local/UnrealEngine/Common/DerivedDataCache/TestData/0/TestData_4kb.dat" 1997
"C:/Users/onigi/AppData/Local/UnrealEngine/Common/DerivedDataCache/TestData/1/TestData_4kb.dat" 1998
"C:/Users/onigi/AppData/Local/UnrealEngine/Common/DerivedDataCache/TestData/0/TestData_8kb.dat" 1999
"C:/Users/onigi/AppData/Local/UnrealEngine/Common/DerivedDataCache/TestData/1/TestData_8kb.dat" 2000
"C:/Users/onigi/AppData/Local/UnrealEngine/Common/DerivedDataCache/TestData/0/TestData_16kb.dat" 2001
"C:/Users/onigi/AppData/Local/UnrealEngine/Common/DerivedDataCache/TestData/1/TestData_16kb.dat" 2002
"C:/Users/onigi/AppData/Local/UnrealEngine/Common/DerivedDataCache/TestData/0/TestData_64kb.dat" 2003
"C:/Users/onigi/AppData/Local/UnrealEngine/Common/DerivedDataCache/TestData/1/TestData_64kb.dat" 2004
"C:/Users/onigi/AppData/Local/UnrealEngine/Common/DerivedDataCache/TestData/0/TestData_128kb.dat" 2005
"C:/Users/onigi/AppData/Local/UnrealEngine/Common/DerivedDataCache/TestData/1/TestData_128kb.dat" 2006
"C:/Users/onigi/AppData/Local/UnrealEngine/Common/DerivedDataCache/TestData/0/TestData_256kb.dat" 2007
"C:/Users/onigi/AppData/Local/UnrealEngine/Common/DerivedDataCache/TestData/1/TestData_256kb.dat" 2008
"C:/Users/onigi/AppData/Roaming/Unreal Engine/UnrealBuildTool/BuildConfiguration.xml" 2009
"../../../../../../RaylaFile/RaylaFeat/Intermediate/ShaderAutogen/PCD3D_SM6/AutogenShaderHeaders.ush" 2010
"../../../Engine/Shaders/Private/HairStrands/HairStrandsVertexFactory.ush" 2011
"../../../Engine/Shaders/Private/VertexFactoryCommon.ush" 2012
"../../../Engine/Shaders/Private/Common.ush" 2013
"../../../Engine/Shaders/Public/Platform.ush" 2014
"../../../Engine/Shaders/Public/FP16Math.ush" 2015
"../../../Engine/Shaders/Public/Platform/D3D/D3DCommon.ush" 2016
"../../../Engine/Shaders/Shared/HLSLReservedSpaces.h" 2017
"../../../Engine/Shaders/Public/BindlessResources.ush" 2018
"../../../Engine/Shaders/Public/Platform/D3D/PlatformBindlessResources.ush" 2019
"../../../Engine/Shaders/Shared/RayTracingBuiltInResources.h" 2020
"../../../Engine/Shaders/Shared/RayTracingDefinitions.h" 2021
"../../../Engine/Shaders/Shared/MaterialCacheDefinitions.h" 2022
"../../../Engine/Shaders/Shared/HLSLTypeAliases.h" 2023
"../../../Engine/Shaders/Public/IndirectVirtualTexture.ush" 2024
"../../../Engine/Shaders/Shared/IndirectVirtualTextureDefinitions.h" 2025
"../../../Engine/Shaders/Public/OverloadMacros.ush" 2026
"../../../Engine/Shaders/Public/ShaderVersion.ush" 2027
"../../../Engine/Shaders/Shared/ThirdParty/NVIDIA/nvHLSLExtns.h" 2028
"../../../Engine/Shaders/Shared/ThirdParty/NVIDIA/nvHLSLExtnsInternal.h" 2029
"../../../Engine/Shaders/Shared/ThirdParty/NVIDIA/nvShaderExtnEnums.h" 2030
"../../../Engine/Shaders/Private/PackUnpack.ush" 2031
"../../../Engine/Shaders/Private/GeneratedUniformBufferTypes.ush" 2032
"../../../Engine/Shaders/Private/Nanite/NanitePackedNaniteView.ush" 2033
"../../../Engine/Shaders/Private/HairStrands/HairStrandsVisibilityCommonStruct.ush" 2034
"../../../Engine/Shaders/Private/HairStrands/HairStrandsVoxelPageCommonStruct.ush" 2035
"../../../Engine/Shaders/Private/HairStrands/HairStrandsDeepShadowCommonStruct.ush" 2036
"../../../Engine/Shaders/Shared/LightSceneData.h" 2037
"../../../Engine/Shaders/Private/LargeWorldCoordinates.ush" 2038
"../../../Engine/Shaders/Private/DoubleFloat.ush" 2039
"../../../Engine/Shaders/Private/RandomPCG.ush" 2040
"../../../Engine/Shaders/Private/DoubleFloatOperations.ush" 2041
"../../../Engine/Shaders/Private/DoubleFloatVectorDefinition.ush" 2042
"../../../Engine/Shaders/Private/LWCOperations.ush" 2043
"../../../Engine/Shaders/Shared/LightViewData.h" 2044
"../../../Engine/Shaders/Shared/RayTracingTypes.h" 2045
"../../../Engine/Shaders/Shared/HLSLStaticAssert.h" 2046
"../../../Engine/Shaders/Private/CommonViewUniformBuffer.ush" 2047
"../../../Engine/Shaders/Private/InstancedStereo.ush" 2048
"../../../Engine/Shaders/Private/Definitions.usf" 2049
"../../../Engine/Shaders/Private/AssertionMacros.ush" 2050
"../../../Engine/Shaders/Private/FastMath.ush" 2051
"../../../Engine/Shaders/Private/FastMathThirdParty.ush" 2052
"../../../Engine/Shaders/Private/Random.ush" 2053
"../../../Engine/Shaders/Private/RandomInterleavedGradientNoise.ush" 2054
"../../../Engine/Shaders/Private/SceneData.ush" 2055
"../../../Engine/Shaders/Private/OctahedralCommon.ush" 2056
"../../../Engine/Shaders/Private/WaveOpUtil.ush" 2057
"../../../Engine/Shaders/Private/ByteBuffer.ush" 2058
"../../../Engine/Shaders/Shared/SceneDefinitions.h" 2059
"../../../Engine/Shaders/Private/SceneDataMobileLoader.ush" 2060
"../../../Engine/Shaders/Private/LocalVertexFactoryCommon.ush" 2061
"../../../Engine/Shaders/Private/HairStrands/HairStrandsVisibilityCommon.ush" 2062
"../../../Engine/Shaders/Shared/HairStrandsDefinitions.h" 2063
"../../../Engine/Shaders/Private/HairStrands/HairStrandsVertexFactoryCommon.ush" 2064
"../../../Engine/Shaders/Private/HairStrands/HairStrandsPack.ush" 2065
"../../../Engine/Shaders/Private/HairStrands/HairStrandsAttributeCommon.ush" 2066
"../../../Engine/Shaders/Private/HairStrands/HairStrandsAttributeTemplate.ush" 2067
"../../../Engine/Shaders/Private/VertexFactoryDefaultInterface.ush" 2068
"../../../Engine/Shaders/Private/HairStrands/HairCardsVertexFactory.ush" 2069
"../../../Engine/Shaders/Private/HairStrands/HairCardsAttributeCommon.ush" 2070
"../../../Engine/Shaders/Private/RayTracing/RayTracingCommon.ush" 2071
"../../../Engine/Shaders/Private/ShadingCommon.ush" 2072
"../../../Engine/Shaders/Shared/RayTracingPayloadType.h" 2073
"../../../Engine/Shaders/Private/RayTracing/RayTracingRayCone.ush" 2074
"../../../Engine/Shaders/Private/Substrate/Substrate.ush" 2075
"../../../Engine/Shaders/Private/ShadingEnergyConservation.ush" 2076
"../../../Engine/Shaders/Private/ShadingEnergyConservationTemplate.ush" 2077
"../../../Engine/Shaders/Private/BRDF.ush" 2078
"../../../Engine/Shaders/Private/ColorSpace.ush" 2079
"../../../Engine/Shaders/Private/DeferredShadingCommon.ush" 2080
"../../../Engine/Shaders/Private/LightAccumulator.ush" 2081
"../../../Engine/Shaders/Private/SceneTexturesCommon.ush" 2082
"../../../Engine/Shaders/Private/MonteCarlo.ush" 2083
"../../../Engine/Shaders/Private/GBufferHelpers.ush" 2084
"../../../Engine/Shaders/Private/SceneTextureParameters.ush" 2085
"C:/RaylaFile/RaylaFeat/Intermediate/ShaderAutogen/PCD3D_SM6/AutogenShaderHeaders.ush" 2086
"../../../Engine/Shaders/Private/ParticipatingMediaCommon.ush" 2087
"../../../Engine/Shaders/Private/ThinFilmBSDF.ush" 2088
"../../../Engine/Shaders/Private/MortonCode.ush" 2089
"../../../Engine/Shaders/Private/SubsurfaceProfileCommon.ush" 2090
"../../../Engine/Shaders/Private/BurleyNormalizedSSSCommon.ush" 2091
"../../../Engine/Shaders/Private/GammaCorrectionCommon.ush" 2092
"../../../Engine/Shaders/Shared/SubstrateDefinitions.h" 2093
"../../../Engine/Shaders/Private/Substrate/SubstrateStatisticalOperators.ush" 2094
"../../../Engine/Shaders/Private/Substrate/SubstrateSubsurface.ush" 2095
"../../../Engine/Shaders/Private/TransmissionCommon.ush" 2096
"../../../Engine/Shaders/Private/Substrate/SubstrateExportCommon.ush" 2097
"../../../Engine/Shaders/Private/SpecularProfileCommon.ush" 2098
"../../../Engine/Shaders/Private/RayTracing/RayTracingCommonMetal.ush" 2099
"../../../Engine/Shaders/Private/PositionReconstructionCommon.ush" 2100
"../../../Engine/Shaders/Private/RayTracing/TraceRayInline.ush" 2101
"../../../Engine/Shaders/Private/RayTracing/TraceRayInlineCommon.ush" 2102
"../../../Engine/Shaders/Private/RayTracing/TraceRayInlineVulkan.ush" 2103
"../../../Engine/Shaders/Private/RayTracing/TraceRayInlineMetal.ush" 2104
"../../../Engine/Shaders/Private/RayTracing/RayTracingHitGroupCommon.ush" 2105
"../../../Engine/Shaders/Private/Nanite/NaniteRayTrace.ush" 2106
"../../../Engine/Shaders/Private/Nanite/NaniteDataDecode.ush" 2107
"../../../Engine/Shaders/Private/BitPacking.ush" 2108
"../../../Engine/Shaders/Private/BitStreamReaderImplementation.ush" 2109
"../../../Engine/Shaders/Private/BoneTransform.ush" 2110
"../../../Engine/Shaders/Private/Quaternion.ush" 2111
"../../../Engine/Shaders/Private/Skinning/SkinningDataDecode.ush" 2112
"../../../Engine/Shaders/Private/GpuSkinCommon.ush" 2113
"../../../Engine/Shaders/Shared/SkinningDefinitions.h" 2114
"../../../Engine/Shaders/Shared/NaniteDefinitions.h" 2115
"../../../Engine/Shaders/Private/Nanite/NaniteAttributeDecode.ush" 2116
"../../../Engine/Shaders/Private/Barycentrics.ush" 2117
"../../../Engine/Shaders/Private/DualNumber.ush" 2118
"../../../Engine/Shaders/Shared/ThirdParty/RayTriangleIntersection.h" 2119
"../../../Engine/Shaders/Private/Nanite/NaniteVertexFetch.ush" 2120
"../../../Engine/Shaders/Private/ViewData.ush" 2121
"../../../Engine/Shaders/Shared/ViewDefinitions.h" 2122
"../../../Engine/Shaders/Private/Nanite/NaniteSceneCommon.ush" 2123
"../../../Engine/Shaders/Private/RayTracing/TraceRayInlineD3D12.ush" 2124
"../../../Engine/Plugins/FX/Niagara/Shaders/Private/NiagaraSpriteVertexFactory.ush" 2125
"../../../Engine/Shaders/Private/ParticleVertexFactoryCommon.ush" 2126
"../../../Engine/Plugins/FX/Niagara/Shaders/Private/NiagaraVFCommon.usf" 2127
"../../../Engine/Plugins/FX/Niagara/Shaders/Private/NiagaraVFParticleAccess.usf" 2128
"../../../Engine/Plugins/FX/Niagara/Shaders/Private/NiagaraParticleAccess.ush" 2129
"../../../Engine/Plugins/FX/Niagara/Shaders/Private/NiagaraRibbonVertexFactory.ush" 2130
"../../../Engine/Plugins/FX/Niagara/Shaders/Private/NiagaraMeshVertexFactory.ush" 2131
"../../../Engine/Plugins/FX/Niagara/Shaders/Private/NiagaraCommon.ush" 2132
"../../../Engine/Plugins/FX/Niagara/Shaders/Private/NiagaraMeshParticleUtils.ush" 2133
"../../../Engine/Shaders/Private/VectorFieldVisualizationVertexFactory.ush" 2134
"../../../Engine/Shaders/Private/Nanite/NaniteVertexFactory.ush" 2135
"../../../Engine/Shaders/Private/LightmapData.ush" 2136
"../../../Engine/Shaders/Private/SplineMeshCommon.ush" 2137
"../../../Engine/Shaders/Shared/SplineMeshShaderParams.h" 2138
"../../../Engine/Shaders/Private/ShaderPrint.ush" 2139
"../../../Engine/Shaders/Private/ShaderPrintCommon.ush" 2140
"../../../Engine/Shaders/Private/MiniFontCommon.ush" 2141
"../../../Engine/Shaders/Private/SGGX.ush" 2142
"../../../Engine/Shaders/Private/MaterialCache/MaterialCacheCommon.ush" 2143
"../../../Engine/Shaders/Private/Nanite/NaniteVertexDeformation.ush" 2144
"../../../Engine/Shaders/Private/Matrices.ush" 2145
"../../../Engine/Shaders/Private/ParticleSpriteVertexFactory.ush" 2146
"../../../Engine/Shaders/Private/ParticleGPUSpriteVertexFactory.ush" 2147
"../../../Engine/Shaders/Private/ParticleSimulationCommon.ush" 2148
"../../../Engine/Shaders/Private/ParticleBeamTrailVertexFactory.ush" 2149
"../../../Engine/Shaders/Private/MeshParticleVertexFactory.ush" 2150
"../../../Engine/Shaders/Private/LocalVertexFactory.ush" 2151
"../../../Engine/Shaders/Private/GpuSkinVertexFactory.ush" 2152
"../../../Engine/Shaders/Private/GeometryCollectionVertexFactory.ush" 2153
"../../../Engine/Shaders/Private/GeometryCacheVertexFactory.ush" 2154
"../../../Engine/Shaders/Private/LandscapeVertexFactory.ush" 2155
"../../../Engine/Plugins/Experimental/NFORDenoise/Shaders/NFORDenoise.usf" 2156
"../../../Engine/Shaders/Private/ScreenPass.ush" 2157
"../../../Engine/Plugins/Experimental/NFORDenoise/Shaders/NFORRegressionCommon.ush" 2158
"../../../Engine/Plugins/Experimental/NFORDenoise/Shaders/NFORRegression.ush" 2159
"../../../Engine/Plugins/Compositing/CompositeCore/Shaders/Private/CompositeCoreMerge.usf" 2160
"../../../Engine/Shaders/Private/LensDistortion.ush" 2161
"../../../Engine/Plugins/Compositing/CompositeCore/Shaders/Private/CompositeCoreBlending.ush" 2162
"../../../Engine/Plugins/Compositing/CompositeCore/Shaders/Private/CompositeCoreDisplayTransform.usf" 2163
"../../../Engine/Plugins/Compositing/CompositeCore/Shaders/Private/CompositeCoreDilate.usf" 2164
"../../../Engine/Plugins/Runtime/ComputeFramework/Shaders/Private/ComputeKernel.usf" 2165
"../../../Engine/Plugins/Runtime/ComputeFramework/Shaders/Private/ComputeKernelCommon.ush" 2166
"../../../Engine/Plugins/Media/WmfMedia/Shaders/Private/MediaHardwareVideoDecoding.usf" 2167
"../../../Engine/Shaders/Private/ColorUtils.ush" 2168
"../../../Engine/Plugins/Media/ImgMedia/Shaders/Private/ExrSwizzler.usf" 2169
"../../../Engine/Plugins/NNE/NNEDenoiser/Shaders/NNEDenoiserShadersTransferFunctionOidn.usf" 2170
"../../../Engine/Plugins/NNE/NNEDenoiser/Shaders/NNEDenoiserShadersMappedCopy.usf" 2171
"../../../Engine/Plugins/NNE/NNEDenoiser/Shaders/NNEDenoiserShadersDefaultIOProcess.usf" 2172
"../../../Engine/Plugins/NNE/NNEDenoiser/Shaders/NNEDenoiserShadersAutoExposureReduceFinal.usf" 2173
"../../../Engine/Plugins/NNE/NNEDenoiser/Shaders/NNEDenoiserShadersAutoExposureReduce.usf" 2174
"../../../Engine/Plugins/NNE/NNEDenoiser/Shaders/NNEDenoiserShadersAutoExposureDownsample.usf" 2175
"../../../Engine/Plugins/Enterprise/GLTFExporter/Shaders/Private/SimpleTexture2DPS.usf" 2176
"../../../Engine/Shaders/Private/SimpleElementNormalMapPixelShader.usf" 2177
"../../../Engine/Plugins/Runtime/HairStrands/Shaders/Private/NiagaraCopyVelocityGrid.usf" 2178
"../../../Engine/Plugins/Runtime/HairStrands/Shaders/Private/NiagaraClearVelocityGrid.usf" 2179
"../../../Engine/Plugins/Runtime/HairStrands/Shaders/Private/NiagaraClearPressureGrid.usf" 2180
"../../../Engine/Plugins/Runtime/HairStrands/Shaders/Private/NiagaraInterpolateGroomGuides.usf" 2181
"../../../Engine/Plugins/Runtime/HairStrands/Shaders/Private/NiagaraGroomInterpolationUtils.ush" 2182
"../../../Engine/Plugins/FX/Niagara/Shaders/Private/NiagaraQuaternionUtils.ush" 2183
"../../../Engine/Shaders/Private/HairStrands/HairStrandsMesh.usf" 2184
"../../../Engine/Shaders/Private/HairStrands/HairStrandsBindingCommon.ush" 2185
"../../../Engine/Shaders/Private/HairStrands/HairStrandsFollicleMask.usf" 2186
"../../../Engine/Shaders/Private/HairStrands/HairStrandsSkinUpdate.usf" 2187
"../../../Engine/Shaders/Private/HairStrands/HairStrandsClusterCulling.usf" 2188
"../../../Engine/Shaders/Private/ColorMap.ush" 2189
"../../../Engine/Shaders/Private/HairStrands/HairStrandsAABBCommon.ush" 2190
"../../../Engine/Shaders/Private/HairStrands/HairStrandsClusterCommon.ush" 2191
"../../../Engine/Shaders/Private/ThreadGroupPrefixSum.ush" 2192
"../../../Engine/Shaders/Private/HairStrands/HairStrandsRaytracingGeometry.usf" 2193
"../../../Engine/Shaders/Private/HairStrands/HairStrandsTangent.usf" 2194
"../../../Engine/Shaders/Private/HairStrands/HairCardsDeformation.usf" 2195
"../../../Engine/Shaders/Private/HairStrands/HairStrandsInterpolation.usf" 2196
"../../../Engine/Shaders/Private/HairStrands/HairStrandsGuideDeform.usf" 2197
"../../../Engine/Shaders/Private/HairStrands/HairStrandsTexturesGeneration.usf" 2198
"../../../Engine/Shaders/Private/HairStrands/HairCardsTextureCommon.ush" 2199
"../../../Engine/Shaders/Private/HairStrands/HairStrandsTranscode.usf" 2200
"../../../Engine/Shaders/Private/HairStrands/HairStrandsDebug.usf" 2201
"../../../Engine/Shaders/Private/HairShadingCommon.ush" 2202
"../../../Engine/Shaders/Private/PostProcessCommon.ush" 2203
"../../../Engine/Shaders/Private/ShadingModels.ush" 2204
"../../../Engine/Shaders/Private/CapsuleLight.ush" 2205
"../../../Engine/Shaders/Private/RectLight.ush" 2206
"../../../Engine/Shaders/Private/LightData.ush" 2207
"../../../Engine/Shaders/Shared/LightDefinitions.h" 2208
"../../../Engine/Shaders/Private/AreaLightCommon.ush" 2209
"../../../Engine/Shaders/Private/HairBsdf.ush" 2210
"../../../Engine/Shaders/Private/PathTracing/Utilities/PathTracingRandomSequence.ush" 2211
"../../../Engine/Shaders/Private/MobileGGX.ush" 2212
"../../../Engine/Shaders/Private/HairStrands/HairStrandsCommon.ush" 2213
"../../../Engine/Shaders/Private/HairStrands/HairStrandsEnvironmentLightingCommon.ush" 2214
"../../../Engine/Shaders/Private/HairStrands/HairStrandsDeepTransmittanceCommon.ush" 2215
"../../../Engine/Shaders/Private/HairStrands/HairStrandsDeepTransmittanceDualScattering.ush" 2216
"../../../Engine/Shaders/Private/HairStrands/HairStrandsDeepShadowCommon.ush" 2217
"../../../Engine/Shaders/Private/HairStrands/HairStrandsDebugCommonStruct.ush" 2218
"../../../Engine/Plugins/FX/Niagara/Shaders/Private/NiagaraVertexFactoryExport.usf" 2219
"../../../Engine/Shaders/Private/ComputeShaderUtils.ush" 2220
"../../../Engine/Shaders/Private/MaterialTemplate.ush" 2221
"../../../Engine/Shaders/Private/WorldSpaceMath.ush" 2222
"../../../Engine/Shaders/Private/EyeAdaptationCommon.ush" 2223
"../../../Engine/Shaders/Private/SobolRandom.ush" 2224
"../../../Engine/Shaders/Private/DepthOfFieldCommon.ush" 2225
"../../../Engine/Shaders/Private/CircleDOFCommon.ush" 2226
"../../../Engine/Shaders/Private/DistanceField/GlobalDistanceFieldShared.ush" 2227
"../../../Engine/Shaders/Private/PhysicsFieldSampler.ush" 2228
"../../../Engine/Shaders/Private/PhysicsFieldShared.ush" 2229
"../../../Engine/Shaders/Private/SparseVolumeTexture/SparseVolumeTextureCommon.ush" 2230
"../../../Engine/Shaders/Shared/EnvironmentComponentsFlags.h" 2231
"../../../Engine/Shaders/Private/MeshPaintTextureCommon.ush" 2232
"../../../Engine/Shaders/Private/VirtualTextureMaterial.ush" 2233
"../../../Engine/Shaders/Private/MaterialCache/MaterialCacheMaterialCommon.ush" 2234
"../../../Engine/Shaders/Private/Quantization.ush" 2235
"../../../Engine/Shaders/Private/SpeedTreeCommon.ush" 2236
"../../../Engine/Shaders/Private/VirtualTextureCommon.ush" 2237
"../../../Engine/Shaders/Public/IndirectVirtualTextureCommon.ush" 2238
"../../../Engine/Shaders/Private/MaterialTexture.ush" 2239
"../../../Engine/Shaders/Private/MinMaterialTexCoords.ush" 2240
"../../../Engine/Shaders/Private/SkyAtmosphereCommon.ush" 2241
"../../../Engine/Shaders/Private/SingleLayerWaterCommon.ush" 2242
"../../../Engine/Shaders/Private/TextureSampling.ush" 2243
"../../../Engine/Shaders/Private/PaniniProjection.ush" 2244
"../../../Engine/Shaders/Private/DBufferNormalReprojection.ush" 2245
"../../../Engine/Shaders/Public/SubstratePublic.ush" 2246
"../../../Engine/Shaders/Private/Substrate/SubstrateRead.ush" 2247
"../../../Engine/Shaders/Private/Substrate/SubstrateTree.ush" 2248
"../../../Engine/Shaders/Private/Substrate/SubstrateEvaluation.ush" 2249
"../../../Engine/Shaders/Private/Substrate/Glint/GlintThirdParty.ush" 2250
"../../../Engine/Shaders/Private/BlueNoise.ush" 2251
"../../../Engine/Shaders/Private/SHCommon.ush" 2252
"../../../Engine/Shaders/Private/ShadingModelsSampling.ush" 2253
"../../../Engine/Shaders/Private/HairStrands/HairBsdfSample.ush" 2254
"../../../Engine/Shaders/Private/Substrate/SubstrateLegacyConversion.ush" 2255
"../../../Engine/Shaders/Private/DBufferDecalShared.ush" 2256
"../../../Engine/Plugins/FX/Niagara/Shaders/Private/NiagaraSortKeyGen.usf" 2257
"../../../Engine/Plugins/FX/Niagara/Shaders/Private/NiagaraGPURayTracingTransforms.usf" 2258
"../../../Engine/Plugins/FX/Niagara/Shaders/Private/NiagaraDrawIndirectArgsGen.usf" 2259
"../../../Engine/Plugins/FX/Niagara/Shaders/Private/NiagaraDispatchIndirectArgsGen.usf" 2260
"../../../Engine/Plugins/FX/Niagara/Shaders/Private/Stateless/NiagaraStatelessSimulationDefault.usf" 2261
"../../../Engine/Plugins/FX/Niagara/Shaders/Private/Stateless/NiagaraStatelessCommon.ush" 2262
"../../../Engine/Plugins/FX/Niagara/Shaders/Shared/NiagaraStatelessDefinitions.h" 2263
"../../../Engine/Plugins/FX/Niagara/Shaders/Shared/NiagaraStatelessBuiltDistribution.h" 2264
"../../../Engine/Plugins/FX/Niagara/Shaders/Private/Stateless/NiagaraStatelessDistribution.ush" 2265
"../../../Engine/Plugins/FX/Niagara/Shaders/Private/Stateless/Template/GenerateCS_PreModules.ush" 2266
"../../../Engine/Plugins/FX/Niagara/Shaders/Private/Stateless/Modules/NiagaraStatelessModule_CalculateAccurateVelocity.ush" 2267
"../../../Engine/Plugins/FX/Niagara/Shaders/Private/Stateless/Modules/NiagaraStatelessModule_CameraOffset.ush" 2268
"../../../Engine/Plugins/FX/Niagara/Shaders/Private/Stateless/Modules/NiagaraStatelessModule_DynamicMaterialParameters.ush" 2269
"../../../Engine/Plugins/FX/Niagara/Shaders/Private/Stateless/Modules/NiagaraStatelessModule_InitializeParticle.ush" 2270
"../../../Engine/Plugins/FX/Niagara/Shaders/Private/Stateless/Modules/NiagaraStatelessModule_InitialMeshOrientation.ush" 2271
"../../../Engine/Plugins/FX/Niagara/Shaders/Private/Stateless/Modules/NiagaraStatelessModule_MeshIndex.ush" 2272
"../../../Engine/Plugins/FX/Niagara/Shaders/Private/Stateless/Modules/NiagaraStatelessModule_MeshRotationRate.ush" 2273
"../../../Engine/Plugins/FX/Niagara/Shaders/Private/Stateless/Modules/NiagaraStatelessModule_RotateAroundPoint.ush" 2274
"../../../Engine/Plugins/FX/Niagara/Shaders/Private/Stateless/Modules/NiagaraStatelessModule_ShapeLocation.ush" 2275
"../../../Engine/Plugins/FX/Niagara/Shaders/Private/Stateless/Modules/NiagaraStatelessModule_ScaleColor.ush" 2276
"../../../Engine/Plugins/FX/Niagara/Shaders/Private/Stateless/Modules/NiagaraStatelessModule_ScaleRibbonWidth.ush" 2277
"../../../Engine/Plugins/FX/Niagara/Shaders/Private/Stateless/Modules/NiagaraStatelessModule_ScaleSpriteSize.ush" 2278
"../../../Engine/Plugins/FX/Niagara/Shaders/Private/Stateless/Modules/NiagaraStatelessModule_ScaleSpriteSizeBySpeed.ush" 2279
"../../../Engine/Plugins/FX/Niagara/Shaders/Private/Stateless/Modules/NiagaraStatelessModule_ScaleMeshSize.ush" 2280
"../../../Engine/Plugins/FX/Niagara/Shaders/Private/Stateless/Modules/NiagaraStatelessModule_ScaleMeshSizebySpeed.ush" 2281
"../../../Engine/Plugins/FX/Niagara/Shaders/Private/Stateless/Modules/NiagaraStatelessModule_SolveVelocitiesAndForces.ush" 2282
"../../../Engine/Plugins/FX/Niagara/Shaders/Private/Stateless/Modules/NiagaraStatelessModule_SpriteFacingAndAlignment.ush" 2283
"../../../Engine/Plugins/FX/Niagara/Shaders/Private/Stateless/Modules/NiagaraStatelessModule_SpriteRotationRate.ush" 2284
"../../../Engine/Plugins/FX/Niagara/Shaders/Private/Stateless/Modules/NiagaraStatelessModule_SubUVAnimation.ush" 2285
"../../../Engine/Plugins/FX/Niagara/Shaders/Private/Stateless/Template/GenerateCS_PostModules.ush" 2286
"../../../Engine/Plugins/FX/Niagara/Shaders/Private/NiagaraBlendSVTsToDenseBuffer.usf" 2287
"../../../Engine/Plugins/FX/Niagara/Shaders/Private/NiagaraSVTToDenseBuffer.usf" 2288
"../../../Engine/Plugins/FX/Niagara/Shaders/Private/NiagaraFillIntBuffer.usf" 2289
"../../../Engine/Plugins/FX/Niagara/Shaders/Private/NiagaraComputeFreeIDs.usf" 2290
"../../../Engine/Plugins/FX/Niagara/Shaders/Private/NiagaraInitFreeIDBuffer.usf" 2291
"../../../Engine/Plugins/FX/Niagara/Shaders/Private/NiagaraEmitterInstanceShader.usf" 2292
"../../../Engine/Plugins/FX/Niagara/Shaders/Private/NiagaraShaderVersion.ush" 2293
"../../../Engine/Plugins/FX/Niagara/Shaders/Private/NiagaraPhysicsCommon.ush" 2294
"../../../Engine/Plugins/FX/Niagara/Shaders/Private/Ribbons/NiagaraRibbonAggregationApply.usf" 2295
"../../../Engine/Plugins/FX/Niagara/Shaders/Private/Ribbons/NiagaraRibbonCommon.ush" 2296
"../../../Engine/Plugins/FX/Niagara/Shaders/Shared/NiagaraRibbonShared.h" 2297
"../../../Engine/Plugins/FX/Niagara/Shaders/Private/Ribbons/NiagaraRibbonAggregationStep.usf" 2298
"../../../Engine/Plugins/FX/Niagara/Shaders/Private/Ribbons/NiagaraRibbonGenerateIndices.usf" 2299
"../../../Engine/Plugins/FX/Niagara/Shaders/Private/Ribbons/NiagaraRibbonInitializeIndices.usf" 2300
"../../../Engine/Plugins/FX/Niagara/Shaders/Private/Ribbons/NiagaraRibbonRibbonUVParamCalculation.usf" 2301
"../../../Engine/Plugins/FX/Niagara/Shaders/Private/Ribbons/NiagaraRibbonVertexReductionFinalization.usf" 2302
"../../../Engine/Plugins/FX/Niagara/Shaders/Private/Ribbons/NiagaraRibbonVertexReductionInitialization.usf" 2303
"../../../Engine/Plugins/FX/Niagara/Shaders/Private/Ribbons/NiagaraRibbonSortParticles.usf" 2304
"../../../Engine/Plugins/FX/Niagara/Shaders/Private/NiagaraLWCHelper.usf" 2305
"../../../Engine/Plugins/FX/Niagara/Shaders/Private/NiagaraUpdateMeshGPUSceneInstances.usf" 2306
"../../../Engine/Shaders/Private/GPUScene/GPUSceneWriter.ush" 2307
"../../../Engine/Plugins/FX/Niagara/Shaders/Private/NiagaraGenerateMips.usf" 2308
"../../../Engine/Plugins/FX/Niagara/Shaders/Private/NiagaraDebugDraw.usf" 2309
"../../../Engine/Plugins/FX/Niagara/Shaders/Private/NiagaraDebugDraw.ush" 2310
"../../../Engine/Plugins/FX/Niagara/Shaders/Private/NiagaraVisualizeTexture.usf" 2311
"../../../Engine/Plugins/FX/Niagara/Shaders/Private/NiagaraClearCounts.usf" 2312
"../../../Engine/Plugins/FX/Niagara/Shaders/Private/NiagaraBatchedElements.usf" 2313
"../../../Engine/Plugins/FX/Niagara/Shaders/Private/NiagaraRayTracingShaders.usf" 2314
"../../../Engine/Plugins/FX/Niagara/Shaders/Private/NiagaraAsyncGpuTraceCommon.ush" 2315
"../../../Engine/Shaders/Private/HashTable.ush" 2316
"../../../Engine/Shaders/Private/Hash.ush" 2317
"../../../Engine/Shaders/Private/RayTracing/VFXTraceRay.ush" 2318
"../../../Engine/Plugins/FX/Niagara/Shaders/Private/NiagaraRayMarchingShaders.usf" 2319
"../../../Engine/Plugins/FX/Niagara/Shaders/Private/NiagaraRayTraceCollisionGroupShaders.usf" 2320
"../../../Engine/Plugins/FX/Niagara/Shaders/Private/NiagaraAsyncGpuTraceUtils.usf" 2321
"../../../Engine/Shaders/Private/VirtualTextureAdapter.usf" 2322
"../../../Engine/Shaders/Private/BlockCompressionCommon.ush" 2323
"../../../Engine/Shaders/Private/BCCompressionCommon.ush" 2324
"../../../Engine/Shaders/Private/TranslucentLightingShaders.usf" 2325
"../../../Engine/Shaders/Private/TranslucencyVolumeInjectionCommon.ush" 2326
"../../../Engine/Shaders/Private/CubemapCommon.ush" 2327
"../../../Engine/Shaders/Private/VectorFieldCompositeShaders.usf" 2328
"../../../Engine/Shaders/Private/UpdateTextureShaders.usf" 2329
"../../../Engine/Shaders/Private/StereoLayerShader.usf" 2330
"../../../Engine/Shaders/Private/SparseVolumeTexture/UpdateSparseVolumeTexture.usf" 2331
"../../../Engine/Shaders/Private/MorphTargets.usf" 2332
"../../../Engine/Shaders/Private/SimpleElementColorChannelMaskPixelShader.usf" 2333
"../../../Engine/Shaders/Private/SimpleElementHitProxyPixelShader.usf" 2334
"../../../Engine/Shaders/Private/SimpleElementPixelShader.usf" 2335
"../../../Engine/Shaders/Private/IESLightProfilesCommon.ush" 2336
"../../../Engine/Shaders/Private/SimpleElementVertexShader.usf" 2337
"../../../Engine/Shaders/Private/ScreenPixelShaderOES.usf" 2338
"../../../Engine/Shaders/Private/ScreenVertexShader.usf" 2339
"../../../Engine/Shaders/Private/ScreenPixelShader.usf" 2340
"../../../Engine/Shaders/Private/SSProfilePreIntegratedMobile.usf" 2341
"../../../Engine/Shaders/Private/SpecularProfile.usf" 2342
"../../../Engine/Shaders/Private/Nanite/NaniteStreaming.usf" 2343
"../../../Engine/Shaders/Private/Nanite/NaniteStreaming.ush" 2344
"../../../Engine/Shaders/Private/VolumetricLightmapStreaming.usf" 2345
"../../../Engine/Shaders/Private/PhysicsFieldReset.usf" 2346
"../../../Engine/Shaders/Private/PhysicsFieldBuilder.usf" 2347
"../../../Engine/Shaders/Private/PhysicsFieldEval.ush" 2348
"../../../Engine/Shaders/Private/ParticleSortKeyGen.usf" 2349
"../../../Engine/Shaders/Private/ParticleBoundsShader.usf" 2350
"../../../Engine/Shaders/Private/ParticleSimVisualizeShader.usf" 2351
"../../../Engine/Shaders/Private/ParticleInjectionShader.usf" 2352
"../../../Engine/Shaders/Private/ParticleSimulationShader.usf" 2353
"../../../Engine/Shaders/Private/ParticleCurveInjectionShader.usf" 2354
"../../../Engine/Shaders/Private/Nanite/NaniteTranscode.usf" 2355
"../../../Engine/Shaders/Private/Nanite/NaniteScatterUpdates.usf" 2356
"../../../Engine/Shaders/Private/CopyUIntBuffer.usf" 2357
"../../../Engine/Shaders/Private/RadixSortShaders.usf" 2358
"../../../Engine/Shaders/Private/RecomputeTangentsPerVertexPass.usf" 2359
"../../../Engine/Shaders/Private/RecomputeTangentsCommon.ush" 2360
"../../../Engine/Shaders/Private/RecomputeTangentsPerTrianglePass.usf" 2361
"../../../Engine/Shaders/Private/DynamicMeshBounds.usf" 2362
"../../../Engine/Shaders/Private/GpuSkinCacheComputeShader.usf" 2363
"../../../Engine/Shaders/Private/DynamicMeshBounds.ush" 2364
"../../../Engine/Shaders/Private/HeightFieldAtlasManagement.usf" 2365
"../../../Engine/Shaders/Private/Landscape/LandscapeEditLayersUtils.usf" 2366
"../../../Engine/Shaders/Private/Landscape/LandscapeCommon.ush" 2367
"../../../Engine/Shaders/Private/Landscape/LandscapeEditLayersWeightmaps.usf" 2368
"../../../Engine/Shaders/Private/Landscape/LandscapeEditLayersHeightmaps.usf" 2369
"../../../Engine/Shaders/Private/LandscapeLayersPS.usf" 2370
"../../../Engine/Shaders/Private/LandscapePhysicalMaterial.usf" 2371
"../../../Engine/Shaders/Private/LandscapeGrassWeight.usf" 2372
"../../../Engine/Shaders/Private/Landscape/LandscapeCulling.usf" 2373
"../../../Engine/Shaders/Private/Nanite/NaniteHZBCull.ush" 2374
"../../../Engine/Shaders/Private/HZB.ush" 2375
"../../../Engine/Shaders/Private/Landscape/LandscapeMergeTexturesPS.usf" 2376
"../../../Engine/Shaders/Private/WideCustomResolveShaders.usf" 2377
"../../../Engine/Shaders/Private/WideCustomResolve_Wide.ush" 2378
"../../../Engine/Shaders/Private/WideCustomResolve_Wider.ush" 2379
"../../../Engine/Shaders/Private/WideCustomResolve_Widest.ush" 2380
"../../../Engine/Shaders/Private/WaterInfoTextureBlur.usf" 2381
"../../../Engine/Shaders/Private/WaterInfoTextureMerge.usf" 2382
"../../../Engine/Shaders/Private/PageTableUpdate.usf" 2383
"../../../Engine/Shaders/Private/VirtualTextureCompress.usf" 2384
"../../../Engine/Shaders/Private/ASTCCompressionCommon.ush" 2385
"../../../Engine/Shaders/Private/IntegerSequenceEncoding.ush" 2386
"../../../Engine/Shaders/Private/ETCCompressionCommon.ush" 2387
"../../../Engine/Shaders/Private/VirtualTextureMaterial.usf" 2388
"../../../Engine/Shaders/Private/PixelShaderOutputCommon.ush" 2389
"../../../Engine/Shaders/Private/ShaderOutputCommon.ush" 2390
"../../../Engine/Shaders/Private/VolumetricRenderTarget.usf" 2391
"../../../Engine/Shaders/Private/HeightFogCommon.ush" 2392
"../../../Engine/Shaders/Private/LocalFogVolumes/LocalFogVolumeCommon.ush" 2393
"../../../Engine/Shaders/Private/ReflectionEnvironmentShared.ush" 2394
"../../../Engine/Shaders/Private/VolumetricFogVoxelization.usf" 2395
"../../../Engine/Shaders/Private/VolumetricCloudMaterialPixelCommon.ush" 2396
"../../../Engine/Shaders/Private/VolumetricFogLightFunction.usf" 2397
"../../../Engine/Shaders/Private/LightFunctionCommon.ush" 2398
"../../../Engine/Shaders/Private/VolumetricFog.usf" 2399
"../../../Engine/Shaders/Private/DeferredLightingCommon.ush" 2400
"../../../Engine/Shaders/Private/DynamicLightingCommon.ush" 2401
"../../../Engine/Shaders/Private/CapsuleLightIntegrate.ush" 2402
"../../../Engine/Shaders/Private/CapsuleLightSampling.ush" 2403
"../../../Engine/Shaders/Private/RectLightIntegrate.ush" 2404
"../../../Engine/Shaders/Private/ScreenSpaceShadowRayCast.ush" 2405
"../../../Engine/Shaders/Private/LightFunctionAtlas/LightFunctionAtlasCommon.usf" 2406
"../../../Engine/Shaders/Private/LightGridCommon.ush" 2407
"../../../Engine/Shaders/Private/DistanceFieldAOShared.ush" 2408
"../../../Engine/Shaders/Private/IntersectionUtils.ush" 2409
"../../../Engine/Shaders/Private/VolumeLightingCommon.ush" 2410
"../../../Engine/Shaders/Private/ShadowProjectionCommon.ush" 2411
"../../../Engine/Shaders/Private/ShadowFilteringCommon.ush" 2412
"../../../Engine/Shaders/Private/PixelQuadMessagePassing.ush" 2413
"../../../Engine/Shaders/Private/VolumeLightingCommonSampling.ush" 2414
"../../../Engine/Shaders/Private/VolumetricLightmapShared.ush" 2415
"../../../Engine/Shaders/Private/ForwardShadowingCommon.ush" 2416
"../../../Engine/Shaders/Private/LightDataUniforms.ush" 2417
"../../../Engine/Shaders/Private/Lumen/LumenTranslucencyVolumeShared.ush" 2418
"../../../Engine/Shaders/Private/Lumen/LumenRadianceCacheInterpolation.ush" 2419
"../../../Engine/Shaders/Private/VirtualShadowMaps/VirtualShadowMapProjectionCommon.ush" 2420
"../../../Engine/Shaders/Private/VirtualShadowMaps/VirtualShadowMapPageAccessCommon.ush" 2421
"../../../Engine/Shaders/Shared/VirtualShadowMapDefinitions.h" 2422
"../../../Engine/Shaders/Shared/HLSLMathAliases.h" 2423
"../../../Engine/Shaders/Private/VirtualShadowMaps/VirtualShadowMapHandle.ush" 2424
"../../../Engine/Shaders/Private/VirtualShadowMaps/VirtualShadowMapProjectionStructs.ush" 2425
"../../../Engine/Shaders/Private/DiaphragmDOF/DOFCommon.ush" 2426
"../../../Engine/Shaders/Private/VolumetricCloudCommon.ush" 2427
"../../../Engine/Shaders/Private/VolumetricCloud.usf" 2428
"../../../Engine/Shaders/Private/VisualizeVolumetricLightmap.usf" 2429
"../../../Engine/Shaders/Private/VirtualShadowMaps/VirtualShadowMapProjectionComposite.usf" 2430
"../../../Engine/Shaders/Private/LightShaderParameters.ush" 2431
"../../../Engine/Shaders/Private/VirtualShadowMaps/VirtualShadowMapMaskBitsCommon.ush" 2432
"../../../Engine/Shaders/Private/VirtualShadowMaps/VirtualShadowMapLightGrid.ush" 2433
"../../../Engine/Shaders/Private/VirtualShadowMaps/VirtualShadowMapProjection.usf" 2434
"../../../Engine/Shaders/Private/Visualization.ush" 2435
"../../../Engine/Shaders/Private/VirtualShadowMaps/VirtualShadowMapProjectionFilter.ush" 2436
"../../../Engine/Shaders/Private/VirtualShadowMaps/VirtualShadowMapProjectionDirectional.ush" 2437
"../../../Engine/Shaders/Private/VirtualShadowMaps/VirtualShadowMapSMRTCommon.ush" 2438
"../../../Engine/Shaders/Private/VirtualShadowMaps/VirtualShadowMapSMRTTemplate.ush" 2439
"../../../Engine/Shaders/Private/VirtualShadowMaps/VirtualShadowMapProjectionSpot.ush" 2440
"../../../Engine/Shaders/Private/VirtualShadowMaps/VirtualShadowMapTransmissionCommon.ush" 2441
"../../../Engine/Shaders/Private/VirtualShadowMaps/VirtualShadowMapScreenRayTrace.ush" 2442
"../../../Engine/Shaders/Private/VirtualShadowMaps/VirtualShadowMapStats.ush" 2443
"../../../Engine/Shaders/Private/HairStrands/HairStrandsVoxelPageCommon.ush" 2444
"../../../Engine/Shaders/Private/HairStrands/HairStrandsVoxelPageTraversal.ush" 2445
"../../../Engine/Shaders/Private/VirtualShadowMaps/VirtualShadowMapCacheGPUInvalidation.usf" 2446
"../../../Engine/Shaders/Private/VirtualShadowMaps/VirtualShadowMapPageCacheCommon.ush" 2447
"../../../Engine/Shaders/Private/VirtualShadowMaps/VirtualShadowMapCacheInvalidation.ush" 2448
"../../../Engine/Shaders/Private/VirtualShadowMaps/VirtualShadowMapPageOverlap.ush" 2449
"../../../Engine/Shaders/Private/ScreenSpaceDenoise/SSDDefinitions.ush" 2450
"../../../Engine/Shaders/Private/InstanceCulling/InstanceCullingLoadBalancer.ush" 2451
"../../../Engine/Shaders/Private/VirtualShadowMaps/VirtualShadowMapCacheLoadBalancer.usf" 2452
"../../../Engine/Shaders/Private/VirtualShadowMaps/VirtualShadowMapCopyStats.usf" 2453
"../../../Engine/Shaders/Private/VirtualShadowMaps/VirtualShadowMapShadowCasterBounds.usf" 2454
"../../../Engine/Shaders/Private/VirtualShadowMaps/VirtualShadowMapVisualize.ush" 2455
"../../../Engine/Shaders/Private/VirtualShadowMaps/VirtualShadowMapShadowCasterColor.usf" 2456
"../../../Engine/Shaders/Private/VirtualShadowMaps/VirtualShadowMapDebug.usf" 2457
"../../../Engine/Shaders/Private/VirtualShadowMaps/Desaturate.usf" 2458
"../../../Engine/Shaders/Private/VirtualShadowMaps/VirtualShadowMapPhysicalPageManagement.usf" 2459
"../../../Engine/Shaders/Private/ReductionCommon.ush" 2460
"../../../Engine/Shaders/Private/GPUMessaging.ush" 2461
"../../../Engine/Shaders/Private/VirtualShadowMaps/VirtualShadowMapPerPageDispatch.ush" 2462
"../../../Engine/Shaders/Private/VirtualShadowMaps/VirtualShadowMapComputeExplicitChunkDrawsViewMask.usf" 2463
"../../../Engine/Shaders/Shared/SceneCullingDefinitions.h" 2464
"../../../Engine/Shaders/Private/VirtualShadowMaps/VirtualShadowMapCompactViews.usf" 2465
"../../../Engine/Shaders/Private/VirtualShadowMaps/VirtualShadowMapBuildPerPageDrawCommands.usf" 2466
"../../../Engine/Shaders/Private/Nanite/NaniteCullingCommon.ush" 2467
"../../../Engine/Shaders/Private/Nanite/NaniteCulling.ush" 2468
"../../../Engine/Shaders/Private/Nanite/NaniteHierarchyTraversalCommon.ush" 2469
"../../../Engine/Shaders/Private/InstanceCulling/InstanceCullingCommon.ush" 2470
"../../../Engine/Shaders/Shared/InstanceCullingDefinitions.h" 2471
"../../../Engine/Shaders/Private/VirtualShadowMaps/VirtualShadowMapPrintStats.usf" 2472
"../../../Engine/Shaders/Private/VirtualShadowMaps/VirtualShadowMapPageManagement.usf" 2473
"../../../Engine/Shaders/Private/VirtualShadowMaps/VirtualShadowMapPageMarking.usf" 2474
"../../../Engine/Shaders/Private/VirtualShadowMaps/VirtualShadowMapPageMarking.ush" 2475
"../../../Engine/Shaders/Shared/SingleLayerWaterDefinitions.h" 2476
"../../../Engine/Shaders/Private/HairStrands/HairStrandsTileCommon.ush" 2477
"../../../Engine/Shaders/Private/Froxel/Froxel.ush" 2478
"../../../Engine/Shaders/Shared/FroxelDefinitions.h" 2479
"../../../Engine/Shaders/Private/VirtualShadowMaps/VirtualShadowMapThrottle.usf" 2480
"../../../Engine/Shaders/Private/VelocityUpdate.usf" 2481
"../../../Engine/Shaders/Private/VelocityCommon.ush" 2482
"../../../Engine/Shaders/Private/VelocityShader.usf" 2483
"../../../Engine/Shaders/Private/VariableRateShading/VRSShadingRatePreview.usf" 2484
"../../../Engine/Shaders/Private/VariableRateShading/VRSShadingRateCommon.ush" 2485
"../../../Engine/Shaders/Private/VariableRateShading/VRSShadingRateCombine.usf" 2486
"../../../Engine/Shaders/Private/VariableRateShading/VRSShadingRateFoveated.usf" 2487
"../../../Engine/Shaders/Private/VariableRateShading/VRSShadingRateReproject.usf" 2488
"../../../Engine/Shaders/Private/VariableRateShading/VRSShadingRateCalculate.usf" 2489
"../../../Engine/Shaders/Private/TranslucencyUpsampling.usf" 2490
"../../../Engine/Shaders/Private/ComposeSeparateTranslucency.usf" 2491
"../../../Engine/Shaders/Private/SeparateTranslucency.ush" 2492
"../../../Engine/Shaders/Private/TranslucencyVolumeVisualize.usf" 2493
"../../../Engine/Shaders/Private/TranslucencyVolumeCommon.ush" 2494
"../../../Engine/Shaders/Private/TranslucentLightInjectionShaders.usf" 2495
"../../../Engine/Shaders/Private/HeterogeneousVolumes/HeterogeneousVolumesAdaptiveVolumetricShadowMapSampling.ush" 2496
"../../../Engine/Shaders/Private/HeterogeneousVolumes/HeterogeneousVolumesAdaptiveVolumetricShadowMapUtils.ush" 2497
"../../../Engine/Shaders/Private/HeterogeneousVolumes/HeterogeneousVolumesBeerShadowMapUtils.ush" 2498
"../../../Engine/Shaders/Private/TranslucentShadowDepthShaders.usf" 2499
"../../../Engine/Shaders/Private/ShadowDepthCommon.ush" 2500
"../../../Engine/Shaders/Private/RayTracing/RayTracingTest.usf" 2501
"../../../Engine/Shaders/Private/PostprocessSubsurfaceTile.usf" 2502
"../../../Engine/Shaders/Private/PostProcessSubsurfaceCommon.ush" 2503
"../../../Engine/Shaders/Private/Substrate/SubstrateVisualize.usf" 2504
"../../../Engine/Shaders/Private/Substrate/SubstrateTile.ush" 2505
"../../../Engine/Shaders/Shared/SubstrateVisualizeDefinitions.h" 2506
"../../../Engine/Shaders/Private/Substrate/SubstrateVisualizeCommon.ush" 2507
"../../../Engine/Shaders/Private/SkyLightingDiffuseShared.ush" 2508
"../../../Engine/Shaders/Private/SkyLightingShared.ush" 2509
"../../../Engine/Shaders/Private/ClearCoatCommon.ush" 2510
"../../../Engine/Shaders/Private/ReflectionEnvironmentComposite.ush" 2511
"../../../Engine/Shaders/Private/Substrate/SubstrateLightingCommon.ush" 2512
"../../../Engine/Shaders/Private/Substrate/SubstrateRoughRefraction.usf" 2513
"../../../Engine/Shaders/Private/PathTracing/Material/PathTracingFresnel.ush" 2514
"../../../Engine/Shaders/Private/PathTracing/Material/PathTracingGlossy.ush" 2515
"../../../Engine/Shaders/Private/Substrate/SubstrateMaterialSampling.usf" 2516
"../../../Engine/Shaders/Private/Substrate/SubstrateMaterialSampling.ush" 2517
"../../../Engine/Shaders/Private/Lumen/LumenPosition.ush" 2518
"../../../Engine/Shaders/Private/Substrate/SubstrateTile.usf" 2519
"../../../Engine/Shaders/Private/Substrate/SubstrateMaterialClassification.usf" 2520
"../../../Engine/Shaders/Private/Substrate/SubstrateDBuffer.usf" 2521
"../../../Engine/Shaders/Private/StochasticLighting/StochasticLightingTileClassification.usf" 2522
"../../../Engine/Shaders/Private/Lumen/LumenMaterial.ush" 2523
"../../../Engine/Shaders/Private/HairStrands/HairStrandsVisibilityUtils.ush" 2524
"../../../Engine/Shaders/Private/Lumen/LumenReflectionCommon.ush" 2525
"../../../Engine/Shaders/Private/Lumen/LumenReflectionsCombine.ush" 2526
"../../../Engine/Shaders/Private/Lumen/LumenScreenProbeTileClassication.ush" 2527
"../../../Engine/Shaders/Private/MegaLights/MegaLightsTileClassification.ush" 2528
"../../../Engine/Shaders/Private/StochasticLighting/StochasticLightingUpsample.ush" 2529
"../../../Engine/Shaders/Private/StochasticLighting/StochasticLightingCommon.ush" 2530
"../../../Engine/Shaders/Private/SplineMeshSceneTexture.usf" 2531
"../../../Engine/Shaders/Private/SparseVolumeTexture/VisualizeSparseVolumeTexture.usf" 2532
"../../../Engine/Shaders/Private/SkyAtmosphere.usf" 2533
"../../../Engine/Shaders/Private/Nanite/NaniteSkinningUpdateViewData.usf" 2534
"../../../Engine/Shaders/Private/SceneCulling/SceneCulling.ush" 2535
"../../../Engine/Shaders/Private/Skinning/TransformProviders.usf" 2536
"../../../Engine/Shaders/Private/Skinning/SkinnedMeshDebug.usf" 2537
"../../../Engine/Shaders/Private/Skinning/AnimBankEval.usf" 2538
"../../../Engine/Shaders/Private/SingleLayerWaterComposite.usf" 2539
"../../../Engine/Shaders/Private/Froxel/FroxelBuild.ush" 2540
"../../../Engine/Shaders/Private/SingleLayerWaterRefractionCulling.usf" 2541
"../../../Engine/Shaders/Private/ScreenSpaceShadows.usf" 2542
"../../../Engine/Shaders/Private/bend_sss_gpu.ush" 2543
"../../../Engine/Shaders/Private/ShadowFactorsUpsampleCommon.ush" 2544
"../../../Engine/Shaders/Private/FirstPersonSelfShadow.usf" 2545
"../../../Engine/Shaders/Private/HZBTracing.ush" 2546
"../../../Engine/Shaders/Private/LateZDummyPS.usf" 2547
"../../../Engine/Shaders/Private/ShadowProjectionVertexShader.usf" 2548
"../../../Engine/Shaders/Private/ShadowProjectionPixelShader.usf" 2549
"../../../Engine/Shaders/Private/MobileLightingCommon.ush" 2550
"../../../Engine/Shaders/Private/PlanarReflectionShared.ush" 2551
"../../../Engine/Shaders/Private/MobileSSR.ush" 2552
"../../../Engine/Shaders/Private/SSRT/SSRTRayCast.ush" 2553
"../../../Engine/Shaders/Private/ShadowPercentageCloserFiltering.ush" 2554
"../../../Engine/Shaders/Private/TransmissionThickness.ush" 2555
"../../../Engine/Shaders/Private/CopyShadowMaps.usf" 2556
"../../../Engine/Shaders/Private/ShadowDepthPixelShader.usf" 2557
"../../../Engine/Shaders/Private/ShadowDepthVertexShader.usf" 2558
"../../../Engine/Shaders/Private/ShadingEnergyConservationTable.usf" 2559
"../../../Engine/Shaders/Shared/PathTracingDefinitions.h" 2560
"../../../Engine/Shaders/Private/ShadingFurnaceTest.usf" 2561
"../../../Engine/Shaders/Private/Substrate/SubstrateDeferredLighting.ush" 2562
"../../../Engine/Shaders/Private/ShaderPrintDraw.usf" 2563
"../../../Engine/Shaders/Private/ShaderPrintDrawPrimitive.usf" 2564
"../../../Engine/Shaders/Private/DefaultSSRTiles.usf" 2565
"../../../Engine/Shaders/Private/ScreenSpaceReflectionTileCommons.ush" 2566
"../../../Engine/Shaders/Private/SSRT/SSRTDiffuseIndirect.usf" 2567
"../../../Engine/Shaders/Private/SSRT/SSRTTileClassificationBuffer.ush" 2568
"../../../Engine/Shaders/Private/SSRT/SSRTReflections.usf" 2569
"../../../Engine/Shaders/Private/ScreenSpaceDenoise/SSDPublic.ush" 2570
"../../../Engine/Shaders/Private/SSRT/SSRTTileClassification.usf" 2571
"../../../Engine/Shaders/Private/SSRT/SSRTPrevFrameReduction.usf" 2572
"../../../Engine/Shaders/Private/ScreenSpaceDenoise/SSDComposeHarmonics.usf" 2573
"../../../Engine/Shaders/Private/ScreenSpaceDenoise/SSDPublicHarmonics.ush" 2574
"../../../Engine/Shaders/Private/ScreenSpaceDenoise/SSDSignalFramework.ush" 2575
"../../../Engine/Shaders/Private/ScreenSpaceDenoise/SSDCommon.ush" 2576
"../../../Engine/Shaders/Private/SphericalGaussian.ush" 2577
"../../../Engine/Shaders/Public/WaveBroadcastIntrinsics.ush" 2578
"../../../Engine/Shaders/Private/ScreenSpaceDenoise/SSDMetadata.ush" 2579
"../../../Engine/Shaders/Private/ScreenSpaceDenoise/SSDSignalCore.ush" 2580
"../../../Engine/Shaders/Private/ScreenSpaceDenoise/DenoisingCommon.ush" 2581
"../../../Engine/Shaders/Private/ScreenSpaceDenoise/SSDSignalArray.ush" 2582
"../../../Engine/Shaders/Private/ScreenSpaceDenoise/SSDSignalBufferEncoding.ush" 2583
"../../../Engine/Shaders/Private/ScreenSpaceDenoise/SSDPublicBufferEncoding.ush" 2584
"../../../Engine/Shaders/Private/Lumen/LumenBufferEncoding.ush" 2585
"../../../Engine/Shaders/Private/ScreenSpaceDenoise/SSDTemporalAccumulation.usf" 2586
"../../../Engine/Shaders/Private/ScreenSpaceDenoise/SSDSpatialKernel.ush" 2587
"../../../Engine/Shaders/Private/ScreenSpaceDenoise/SSDSignalAccumulatorArray.ush" 2588
"../../../Engine/Shaders/Private/ScreenSpaceDenoise/SSDSignalAccumulator.ush" 2589
"../../../Engine/Shaders/Private/ScreenSpaceDenoise/SSDSignalCompression.ush" 2590
"../../../Engine/Shaders/Private/ScreenSpaceDenoise/SSDSpatialAccumulation.usf" 2591
"../../../Engine/Shaders/Private/ScreenSpaceDenoise/SSDInjest.usf" 2592
"../../../Engine/Shaders/Private/ScreenSpaceDenoise/SSDCompressMetadata.usf" 2593
"../../../Engine/Shaders/Private/DownsampleDepthPixelShader.usf" 2594
"../../../Engine/Shaders/Private/ScreenPass.usf" 2595
"../../../Engine/Shaders/Private/HZB.usf" 2596
"../../../Engine/Shaders/Private/OcclusionFeedbackShaders.usf" 2597
"../../../Engine/Shaders/Private/HZBOcclusion.usf" 2598
"../../../Engine/Shaders/Private/OcclusionQueryPixelShader.usf" 2599
"../../../Engine/Shaders/Private/OcclusionQueryVertexShader.usf" 2600
"../../../Engine/Shaders/Private/HitProxyCopy.usf" 2601
"../../../Engine/Shaders/Private/HitProxyPixelShader.usf" 2602
"../../../Engine/Shaders/Private/HitProxyVertexShader.usf" 2603
"../../../Engine/Shaders/Private/SceneCulling/SceneCullingDebugRender.usf" 2604
"../../../Engine/Shaders/Private/SceneCulling/SceneCullingBuildExplicitBounds.usf" 2605
"../../../Engine/Shaders/Private/SceneCapturePixelShader.usf" 2606
"../../../Engine/Shaders/Private/RendererUtils.usf" 2607
"../../../Engine/Shaders/Private/RTWriteMaskDecode.usf" 2608
"../../../Engine/Shaders/Private/ReflectionEnvironmentShaders.usf" 2609
"../../../Engine/Shaders/Private/RectLightAtlas.usf" 2610
"../../../Engine/Shaders/Private/RayTracing/TraceRayInlineStatistics.usf" 2611
"../../../Engine/Shaders/Private/RayTracing/CompositeSkyLightPS.usf" 2612
"../../../Engine/Shaders/Private/RayTracing/GenerateSkyLightVisibilityRaysCS.usf" 2613
"../../../Engine/Shaders/Private/RayTracing/RayTracingSkyLightCommon.ush" 2614
"../../../Engine/Shaders/Private/RayTracing/SkyLightVisibilityRaysData.ush" 2615
"../../../Engine/Shaders/Private/Raytracing/RaytracingSkylightRGS.usf" 2616
"../../../Engine/Shaders/Private/HairStrands/HairStrandsRaytracing.ush" 2617
"../../../Engine/Shaders/Private/Raytracing/RayTracingSkyLightEvaluation.ush" 2618
"../../../Engine/Shaders/Private/Raytracing/RayTracingDeferredShadingCommon.ush" 2619
"../../../Engine/Shaders/Private/RayTracing/RayTracingOcclusionRGS.usf" 2620
"../../../Engine/Shaders/Private/RayTracing/RayTracingDirectionalLight.ush" 2621
"../../../Engine/Shaders/Private/RayTracing/RayTracingRectLight.ush" 2622
"../../../Engine/Shaders/Private/RayTracing/RayTracingSphereLight.ush" 2623
"../../../Engine/Shaders/Private/RayTracing/RayTracingCapsuleLight.ush" 2624
"../../../Engine/Shaders/Private/Raytracing/RayTracingFeedback.usf" 2625
"../../../Engine/Shaders/Shared/RayTracingDebugTypes.h" 2626
"../../../Engine/Shaders/Private/RayTracing/RayTracingPrimaryRays.usf" 2627
"../../../Engine/Shaders/Private/RayTracing/RayTracingLightingCommon.ush" 2628
"../../../Engine/Shaders/Private/RayTracing/RayTracingLightCullingCommon.ush" 2629
"../../../Engine/Shaders/Private/RayTracing/RayTracingMaterialDefaultHitShaders.usf" 2630
"../../../Engine/Shaders/Private/RayTracing/RayTracingMaterialHitShaders.usf" 2631
"../../../Engine/Shaders/Private/RayTracing/RayTracingShaderUtils.ush" 2632
"../../../Engine/Shaders/Private/RayTracing/RayTracingCalcInterpolants.ush" 2633
"../../../Engine/Shaders/Private/LightmapCommon.ush" 2634
"../../../Engine/Shaders/Private/Lumen/LumenHardwareRayTracingPayloadCommon.ush" 2635
"../../../Engine/Shaders/Shared/LumenDefinitions.h" 2636
"../../../Engine/Shaders/Private/Substrate/SubstrateExport.ush" 2637
"../../../Engine/Shaders/Private/RayTracing/RayTracingLightingMS.usf" 2638
"../../../Engine/Shaders/Private/Lumen/LumenDiffuseColorBoost.ush" 2639
"../../../Engine/Shaders/Private/RayTracing/RayTracingLightFunctionCommon.ush" 2640
"../../../Engine/Shaders/Private/RayTracing/RayTracingBuildLightGrid.usf" 2641
"../../../Engine/Shaders/Private/Raytracing/RayTracingInstanceBufferUtil.usf" 2642
"../../../Engine/Shaders/Private/RayTracing/RayTracingDynamicMesh.usf" 2643
"../../../Engine/Shaders/Private/RayTracing/RayTracingDefaultDecalHitShader.usf" 2644
"../../../Engine/Shaders/Private/RayTracing/RayTracingDecalMaterialShader.usf" 2645
"../../../Engine/Shaders/Private/PathTracing/PathTracingShaderUtils.ush" 2646
"../../../Engine/Shaders/Private/PathTracing/PathTracingCommon.ush" 2647
"../../../Engine/Shaders/Private/PathTracing/Material/PathTracingMaterialCommon.ush" 2648
"../../../Engine/Shaders/Private/PathTracing/Utilities/PathTracingRIS.ush" 2649
"../../../Engine/Shaders/Private/RayTracing/RayTracingBuildDecalGrid.usf" 2650
"../../../Engine/Shaders/Private/RayTracing/RayTracingDebugHitStatsUtils.usf" 2651
"../../../Engine/Shaders/Private/RayTracing/RayTracingDebugInstanceOverlap.usf" 2652
"../../../Engine/Shaders/Private/RayTracing/RayTracingDebugPicking.usf" 2653
"../../../Engine/Shaders/Private/RayTracing/RayTracingDebugUtils.ush" 2654
"../../../Engine/Shaders/Private/RayTracing/RayTracingDebugTraversal.usf" 2655
"../../../Engine/Shaders/Private/RayTracing/RayTracingDeferredMaterials.ush" 2656
"../../../Engine/Shaders/Shared/ThirdParty/AMD/ags_shader_intrinsics_dx12.h" 2657
"../../../Engine/Shaders/Shared/RayTracingDebugDefinitions.h" 2658
"../../../Engine/Shaders/Private/RayTracing/RayTracingDebugHitStatsCHS.usf" 2659
"../../../Engine/Shaders/Private/RayTracing/RayTracingDebugHitStats.usf" 2660
"../../../Engine/Shaders/Private/RayTracing/RayTracingDebugMS.usf" 2661
"../../../Engine/Shaders/Private/RayTracing/RayTracingDebugCHS.usf" 2662
"../../../Engine/Shaders/Private/RayTracing/RayTracingDebug.usf" 2663
"../../../Engine/Shaders/Private/RayTracing/RayTracingBuiltInShaders.usf" 2664
"../../../Engine/Shaders/Private/RayTracing/RayTracingBarycentrics.usf" 2665
"../../../Engine/Shaders/Private/RayTracing/RayTracingAmbientOcclusionRGS.usf" 2666
"../../../Engine/Shaders/Private/VisualizeShadingModels.usf" 2667
"../../../Engine/Shaders/Private/MotionBlur/VisualizeMotionVectors.usf" 2668
"../../../Engine/Shaders/Private/TemporalSuperResolution/TSRVisualize.usf" 2669
"../../../Engine/Shaders/Private/TemporalSuperResolution/TSRColorSpace.ush" 2670
"../../../Engine/Shaders/Private/TemporalSuperResolution/TSRCommon.ush" 2671
"../../../Engine/Shaders/Public/DualPixelVectorization.ush" 2672
"../../../Engine/Shaders/Private/TemporalSuperResolution/TSRReprojectionField.ush" 2673
"../../../Engine/Shaders/Private/TemporalSuperResolution/TSRResolveHistory.usf" 2674
"../../../Engine/Shaders/Private/TemporalSuperResolution/TSRConvolutionNetwork.ush" 2675
"../../../Engine/Shaders/Private/TemporalSuperResolution/TSRKernels.ush" 2676
"../../../Engine/Shaders/Public/LaneVectorization.ush" 2677
"../../../Engine/Shaders/Private/TemporalSuperResolution/TSRUpdateHistory.usf" 2678
"../../../Engine/Shaders/Private/TemporalSuperResolution/TSRSpatialAntiAliasing.ush" 2679
"../../../Engine/Shaders/Private/TemporalSuperResolution/TSRSpatialAntiAliasing.usf" 2680
"../../../Engine/Shaders/Private/TemporalSuperResolution/TSRRejectShading.usf" 2681
"../../../Engine/Shaders/Private/TemporalSuperResolution/TSRShadingAnalysis.ush" 2682
"../../../Engine/Shaders/Private/TemporalSuperResolution/TSRConvolutionNetworkPass.ush" 2683
"../../../Engine/Shaders/Private/TemporalSuperResolution/TSRDecimateHistory.usf" 2684
"../../../Engine/Shaders/Private/TemporalSuperResolution/TSRDepthVelocityAnalysis.ush" 2685
"../../../Engine/Shaders/Private/TemporalSuperResolution/TSRClosestOccluder.ush" 2686
"../../../Engine/Shaders/Private/TemporalSuperResolution/TSRWeightRelaxation.usf" 2687
"../../../Engine/Shaders/Private/TemporalSuperResolution/TSRThinGeometryCommon.ush" 2688
"../../../Engine/Shaders/Private/TemporalSuperResolution/TSRDetectThinGeometry.usf" 2689
"../../../Engine/Shaders/Private/TemporalSuperResolution/TSRDilateVelocity.usf" 2690
"../../../Engine/Shaders/Private/MotionBlur/MotionBlurVelocityFlatten.ush" 2691
"../../../Engine/Shaders/Private/MotionBlur/MotionBlurCommon.ush" 2692
"../../../Engine/Shaders/Private/TemporalSuperResolution/TSRClearPrevTextures.usf" 2693
"../../../Engine/Shaders/Private/TemporalSuperResolution/TSRMeasureCoverage.usf" 2694
"../../../Engine/Shaders/Private/TemporalSuperResolution/TSRMeasureFlickeringLuma.usf" 2695
"../../../Engine/Shaders/Private/TemporalAA.usf" 2696
"../../../Engine/Shaders/Private/SMAA/SMAADebugVisualization.usf" 2697
"../../../Engine/Shaders/Private/SMAA/SMAACommon.ush" 2698
"../../../Engine/Shaders/Private/SMAA/SMAA.ush" 2699
"../../../Engine/Shaders/Private/SMAA/SMAANeighborhoodBlendingShader.usf" 2700
"../../../Engine/Shaders/Private/SMAA/SMAABlendingWeightCalculationShader.usf" 2701
"../../../Engine/Shaders/Private/SMAA/SMAAEdgeDetectionShader.usf" 2702
"../../../Engine/Shaders/Private/FilterPixelShader.usf" 2703
"../../../Engine/Shaders/Private/FilterVertexShader.usf" 2704
"../../../Engine/Shaders/Private/VisualizeVirtualTexture.usf" 2705
"../../../Engine/Shaders/Private/PostProcessVisualizeBuffer.usf" 2706
"../../../Engine/Shaders/Private/PostProcessVisualizeLocalExposure.usf" 2707
"../../../Engine/Shaders/Private/PostProcessHistogramCommon.ush" 2708
"../../../Engine/Shaders/Private/TonemapCommon.ush" 2709
"../../../Engine/Shaders/Private/ACES/ACESCommon.ush" 2710
"../../../Engine/Shaders/Private/ACES/ACESOutputTransform.ush" 2711
"../../../Engine/Shaders/Private/ACES/ACESUtilities.ush" 2712
"../../../Engine/Shaders/Private/ACES/ACESTonescale.ush" 2713
"../../../Engine/Shaders/Private/ACES/ACESDisplayEncoding.ush" 2714
"../../../Engine/Shaders/Private/ACES/ACES_v1.3.ush" 2715
"../../../Engine/Shaders/Private/PostProcessVisualizeLevelInstance.usf" 2716
"../../../Engine/Shaders/Private/PostProcessVisualizeHDR.usf" 2717
"../../../Engine/Shaders/Private/ShaderComplexityApplyPixelShader.usf" 2718
"../../../Engine/Shaders/Private/QuadOverdraw.ush" 2719
"../../../Engine/Shaders/Private/PostProcessUpscale.usf" 2720
"../../../Engine/Shaders/Private/PostProcessTonemap.usf" 2721
"../../../Engine/Shaders/Private/PostProcessing/FilmGrainPackConstants.usf" 2722
"../../../Engine/Shaders/Private/PostProcessing/FilmGrainReduce.usf" 2723
"../../../Engine/Shaders/Private/PostProcessTestImage.usf" 2724
"../../../Engine/Shaders/Private/PostProcessSubsurface.usf" 2725
"../../../Engine/Shaders/Private/SeparableSSS.ush" 2726
"../../../Engine/Shaders/Private/SubsurfaceBurleyNormalized.ush" 2727
"../../../Engine/Shaders/Private/PostProcessSelectionOutline.usf" 2728
"../../../Engine/Shaders/Private/MotionBlur/MotionBlurVisualize.usf" 2729
"../../../Engine/Shaders/Private/MotionBlur/MotionBlurApply.usf" 2730
"../../../Engine/Shaders/Private/MotionBlur/MotionBlurFilterTileClassify.usf" 2731
"../../../Engine/Shaders/Private/MotionBlur/MotionBlurTileScatter.usf" 2732
"../../../Engine/Shaders/Private/MotionBlur/MotionBlurTileGather.usf" 2733
"../../../Engine/Shaders/Private/MotionBlur/MotionBlurVelocityFlatten.usf" 2734
"../../../Engine/Shaders/Private/PostProcessMobile.usf" 2735
"../../../Engine/Shaders/Private/PostProcessMitchellNetravali.usf" 2736
"../../../Engine/Shaders/Private/PostProcessMaterialShaders.usf" 2737
"../../../Engine/Shaders/Private/NeuralPostProcessCommon.usf" 2738
"../../../Engine/Shaders/Private/PostProcessLocalExposure.usf" 2739
"../../../Engine/Shaders/Private/PostProcessLensFlares.usf" 2740
"../../../Engine/Shaders/Private/PostProcessGBufferHints.usf" 2741
"../../../Engine/Shaders/Private/PostProcessHMD.usf" 2742
"../../../Engine/Shaders/Private/Histogram.usf" 2743
"../../../Engine/Shaders/Private/PostProcessExposureMaterial.ush" 2744
"../../../Engine/Shaders/Private/PostProcessHistogramReduce.usf" 2745
"../../../Engine/Shaders/Private/PostProcessHistogram.usf" 2746
"../../../Engine/Shaders/Private/Bloom/BloomFinalizeApplyConstants.usf" 2747
"../../../Engine/Shaders/Private/Bloom/BloomCommon.ush" 2748
"../../../Engine/Shaders/Private/Bloom/BloomResizeKernel.usf" 2749
"../../../Engine/Shaders/Private/Bloom/BloomDownsampleKernel.usf" 2750
"../../../Engine/Shaders/Private/Bloom/BloomClampKernel.usf" 2751
"../../../Engine/Shaders/Private/Bloom/BloomPackKernelConstants.usf" 2752
"../../../Engine/Shaders/Private/Bloom/BloomSumScatterDispersionEnergy.usf" 2753
"../../../Engine/Shaders/Private/Bloom/BloomReduceKernelSurvey.usf" 2754
"../../../Engine/Shaders/Private/Bloom/BloomSurveyKernelCenterEnergy.usf" 2755
"../../../Engine/Shaders/Private/Bloom/BloomSurveyMaxScatterDispersion.usf" 2756
"../../../Engine/Shaders/Private/Bloom/BloomFindKernelCenter.usf" 2757
"../../../Engine/Shaders/Private/PostProcessEyeAdaptation.usf" 2758
"../../../Engine/Shaders/Private/PostProcessEyeAdaptationUtils.usf" 2759
"../../../Engine/Shaders/Private/PostProcessDownsample.usf" 2760
"../../../Engine/Shaders/Private/PostProcessDOF.usf" 2761
"../../../Engine/Shaders/Private/PostProcessDeviceEncodingOnly.usf" 2762
"../../../Engine/Shaders/Private/PostProcessCompositePrimitives.usf" 2763
"../../../Engine/Shaders/Private/PostProcessCombineLUTs.usf" 2764
"../../../Engine/Shaders/Private/PostProcessVisualizeDOF.usf" 2765
"../../../Engine/Shaders/Private/PostProcessBloom.usf" 2766
"../../../Engine/Shaders/Private/PostProcessAmbientOcclusionMobile.usf" 2767
"../../../Engine/Shaders/Private/PostProcessAmbientOcclusionCommon.ush" 2768
"../../../Engine/Shaders/Private/FXAAShader.usf" 2769
"../../../Engine/Shaders/Private/Fxaa3_11.ush" 2770
"../../../Engine/Shaders/Private/PaniniProjection.usf" 2771
"../../../Engine/Shaders/Private/DiaphragmDOF/DOFRecombine.usf" 2772
"../../../Engine/Shaders/Private/DiaphragmDOF/DOFHybridScatterPixelShader.usf" 2773
"../../../Engine/Shaders/Private/DiaphragmDOF/DOFHybridScatterCommon.ush" 2774
"../../../Engine/Shaders/Private/DiaphragmDOF/DOFVignetteCommon.ush" 2775
"../../../Engine/Shaders/Private/DiaphragmDOF/DOFHybridScatterVertexShader.usf" 2776
"../../../Engine/Shaders/Private/DiaphragmDOF/DOFPostfiltering.usf" 2777
"../../../Engine/Shaders/Private/DiaphragmDOF/DOFGatherTileSuggest.ush" 2778
"../../../Engine/Shaders/Private/DiaphragmDOF/DOFCocTileCommon.ush" 2779
"../../../Engine/Shaders/Private/DiaphragmDOF/DOFGatherPass.usf" 2780
"../../../Engine/Shaders/Private/DiaphragmDOF/DOFGatherCommon.ush" 2781
"../../../Engine/Shaders/Private/DiaphragmDOF/DOFGatherAccumulator.ush" 2782
"../../../Engine/Shaders/Private/DiaphragmDOF/DOFGatherKernel.ush" 2783
"../../../Engine/Shaders/Private/DiaphragmDOF/DOFBokehLUT.usf" 2784
"../../../Engine/Shaders/Private/DiaphragmDOF/DOFHybridScatterCompilation.usf" 2785
"../../../Engine/Shaders/Private/DiaphragmDOF/DOFReduce.usf" 2786
"../../../Engine/Shaders/Private/DiaphragmDOF/DOFDownsample.ush" 2787
"../../../Engine/Shaders/Private/DiaphragmDOF/DOFHybridScatterCompilation.ush" 2788
"../../../Engine/Shaders/Private/DiaphragmDOF/DOFDownsample.usf" 2789
"../../../Engine/Shaders/Private/DiaphragmDOF/DOFCocTileDilate.usf" 2790
"../../../Engine/Shaders/Private/DiaphragmDOF/DOFCocTileFlatten.usf" 2791
"../../../Engine/Shaders/Private/DiaphragmDOF/DOFSetup.usf" 2792
"../../../Engine/Shaders/Private/Tools/DebugAlphaChannel.usf" 2793
"../../../Engine/Shaders/Private/PostProcessAlphaInvert.usf" 2794
"../../../Engine/Shaders/Private/PlanarReflectionShaders.usf" 2795
"../../../Engine/Shaders/Private/PhysicsFieldVisualizer.usf" 2796
"../../../Engine/Shaders/Private/PathTracing/PathTracingSpatialTemporalDenoising.usf" 2797
"../../../Engine/Shaders/Private/ColorDifference.ush" 2798
"../../../Engine/Shaders/Private/PathTracing/PathTracingCompositingPixelShader.usf" 2799
"../../../Engine/Shaders/Private/PathTracing/PathTracingAdaptiveUtils.ush" 2800
"../../../Engine/Shaders/Private/PathTracing/PathTracingDefaultHitShader.usf" 2801
"../../../Engine/Shaders/Private/PathTracing/PathTracingGPULightmassMaterialHitShader.usf" 2802
"../../../Engine/Shaders/Private/PathTracing/PathTracingMaterialHitShader.usf" 2803
"../../../Engine/Shaders/Private/PathTracing/Material/PathTracingSubstrateCommon.ush" 2804
"../../../Engine/Shaders/Private/PathTracing/PathTracingLightingMissShader.usf" 2805
"../../../Engine/Shaders/Private/PathTracing/PathTracingMissShader.usf" 2806
"../../../Engine/Shaders/Private/PathTracing/PathTracingAdaptiveStart.usf" 2807
"../../../Engine/Shaders/Private/PathTracing/PathTracingBuildAdaptiveError.usf" 2808
"../../../Engine/Shaders/Private/PathTracing/PathTracingVolumetricCloudMaterialShader.usf" 2809
"../../../Engine/Shaders/Private/PathTracing/Volume/PathTracingCloudsMaterialCommon.ush" 2810
"../../../Engine/Shaders/Private/PathTracing/Volume/PathTracingVolumeCommon.ush" 2811
"../../../Engine/Shaders/Private/PathTracing/Volume/PathTracingCloudsCommon.ush" 2812
"../../../Engine/Shaders/Private/PathTracing/Volume/PathTracingFog.ush" 2813
"../../../Engine/Shaders/Private/PathTracing/Volume/PathTracingAtmosphere.ush" 2814
"../../../Engine/Shaders/Private/PathTracing/Volume/PathTracingAtmosphereCommon.ush" 2815
"../../../Engine/Shaders/Private/PathTracing/Volume/PathTracingVolumeSampling.ush" 2816
"../../../Engine/Shaders/Private/PathTracing/PathTracingBuildCloudAccelerationMap.usf" 2817
"../../../Engine/Shaders/Private/PathTracing/PathTracingBuildAtmosphereLUT.usf" 2818
"../../../Engine/Shaders/Private/PathTracing/PathTracingSwizzleScanlines.usf" 2819
"../../../Engine/Shaders/Private/PathTracing/PathTracingInitExtinctionCoefficient.usf" 2820
"../../../Engine/Shaders/Private/PathTracing/PathTracingCopyDepth.usf" 2821
"../../../Engine/Shaders/Private/PathTracing/PathTracingDebug.usf" 2822
"../../../Engine/Shaders/Private/RayTracing/RayTracingDecalGrid.ush" 2823
"../../../Engine/Shaders/Private/PathTracing/Material/PathTracingMaterialSampling.ush" 2824
"../../../Engine/Shaders/Private/PathTracing/Material/PathTracingLambert.ush" 2825
"../../../Engine/Shaders/Private/PathTracing/Material/PathTracingSubstrate.ush" 2826
"../../../Engine/Shaders/Private/PathTracing/Material/PathTracingSubstrateFoliage.ush" 2827
"../../../Engine/Shaders/Private/PathTracing/Material/PathTracingSubstrateSolidGlass.ush" 2828
"../../../Engine/Shaders/Private/PathTracing/Material/PathTracingSubstrateThinGlass.ush" 2829
"../../../Engine/Shaders/Private/PathTracing/Material/PathTracingSolidGlass.ush" 2830
"../../../Engine/Shaders/Private/PathTracing/Material/PathTracingEnergyConservation.ush" 2831
"../../../Engine/Shaders/Private/PathTracing/Material/PathTracingThinGlass.ush" 2832
"../../../Engine/Shaders/Private/PathTracing/Material/PathTracingDefaultLit.ush" 2833
"../../../Engine/Shaders/Private/PathTracing/Material/PathTracingClearCoat.ush" 2834
"../../../Engine/Shaders/Private/PathTracing/Material/PathTracingTwoSidedFoliage.ush" 2835
"../../../Engine/Shaders/Private/PathTracing/Material/PathTracingCloth.ush" 2836
"../../../Engine/Shaders/Private/PathTracing/Material/PathTracingSubsurfaceProfile.ush" 2837
"../../../Engine/Shaders/Private/PathTracing/Material/PathTracingEye.ush" 2838
"../../../Engine/Shaders/Private/PathTracing/Material/PathTracingHair.ush" 2839
"../../../Engine/Shaders/Private/PathTracing/Material/PathTracingMedium.ush" 2840
"../../../Engine/Shaders/Private/PathTracing/Light/PathTracingLightSampling.ush" 2841
"../../../Engine/Shaders/Private/PathTracing/Light/PathTracingLightCommon.ush" 2842
"../../../Engine/Shaders/Private/PathTracing/Light/PathTracingDirectionalLight.ush" 2843
"../../../Engine/Shaders/Private/PathTracing/Light/PathTracingPointLight.ush" 2844
"../../../Engine/Shaders/Private/PathTracing/Light/PathTracingCapsuleLight.ush" 2845
"../../../Engine/Shaders/Private/PathTracing/Light/PathTracingRectLight.ush" 2846
"../../../Engine/Shaders/Private/PathTracing/Light/PathTracingSkyLight.ush" 2847
"../../../Engine/Shaders/Private/PathTracing/Light/PathTracingLightGrid.ush" 2848
"../../../Engine/Shaders/Private/PathTracing/PathTracing.usf" 2849
"../../../Engine/Shaders/Private/PathTracing/PathTracingCore.ush" 2850
"../../../Engine/Shaders/Private/HeterogeneousVolumes/HeterogeneousVolumesVoxelGridTypes.ush" 2851
"../../../Engine/Shaders/Private/PathTracing/Volume/PathTracingVolume.ush" 2852
"../../../Engine/Shaders/Private/PathTracing/Volume/PathTracingClouds.ush" 2853
"../../../Engine/Shaders/Private/PathTracing/Volume/PathTracingHeterogeneousVolumes.ush" 2854
"../../../Engine/Shaders/Private/HeterogeneousVolumes/HeterogeneousVolumesTracingUtils.ush" 2855
"../../../Engine/Shaders/Private/HeterogeneousVolumes/HeterogeneousVolumesVoxelGridTraversal.ush" 2856
"../../../Engine/Shaders/Private/HeterogeneousVolumes/HeterogeneousVolumesVoxelGridUtils.ush" 2857
"../../../Engine/Shaders/Private/HeterogeneousVolumes/HeterogeneousVolumesFrustumVoxelGridUtils.ush" 2858
"../../../Engine/Shaders/Private/PathTracing/PathTracingBuildLightGrid.usf" 2859
"../../../Engine/Shaders/Private/PathTracing/PathTracingSkylightMISCompensation.usf" 2860
"../../../Engine/Shaders/Private/PathTracing/PathTracingSkylightPrepare.usf" 2861
"../../../Engine/Shaders/Private/OIT/OITSorting.usf" 2862
"../../../Engine/Shaders/Private/OITCombine.usf" 2863
"../../../Engine/Shaders/Private/OITCommon.ush" 2864
"../../../Engine/Shaders/Private/Nanite/Voxel/RasterizeBricks.usf" 2865
"../../../Engine/Shaders/Private/Nanite/Voxel/Brick.ush" 2866
"../../../Engine/Shaders/Private/Nanite/Voxel/Voxel.ush" 2867
"../../../Engine/Shaders/Private/Nanite/Voxel/ScatterBricks.usf" 2868
"../../../Engine/Shaders/Private/Nanite/Voxel/TileBricks.usf" 2869
"../../../Engine/Shaders/Private/Nanite/Voxel/AutoVoxel.usf" 2870
"../../../Engine/Shaders/Private/Nanite/NaniteDebugViews.usf" 2871
"../../../Engine/Shaders/Private/Nanite/NaniteEditorCommon.ush" 2872
"../../../Engine/Shaders/Private/BinarySearch.ush" 2873
"../../../Engine/Shaders/Private/Nanite/NaniteDepthDecode.usf" 2874
"../../../Engine/Shaders/Private/HTileEncoding.ush" 2875
"../../../Engine/Shaders/Private/Nanite/NaniteVisualize.usf" 2876
"../../../Engine/Shaders/Private/Nanite/NaniteStreamOut.usf" 2877
"../../../Engine/Shaders/Private/Nanite/NaniteHierarchyTraversal.ush" 2878
"../../../Engine/Shaders/Private/Nanite/NaniteShadeBinning.usf" 2879
"../../../Engine/Shaders/Private/Nanite/NaniteShadeCommon.ush" 2880
"../../../Engine/Shaders/Private/Nanite/NaniteFastClear.usf" 2881
"../../../Engine/Shaders/Private/Nanite/NaniteRayTracing.usf" 2882
"../../../Engine/Shaders/Private/Nanite/NaniteExportGBuffer.usf" 2883
"../../../Engine/Shaders/Private/Nanite/NaniteClusterCulling.usf" 2884
"../../../Engine/Shaders/Private/Nanite/NanitePrintStats.usf" 2885
"../../../Engine/Shaders/Private/Nanite/NaniteRasterizer.usf" 2886
"../../../Engine/Shaders/Private/Nanite/NaniteRasterizationCommon.ush" 2887
"../../../Engine/Shaders/Private/Nanite/NaniteRasterizer.ush" 2888
"../../../Engine/Shaders/Private/Nanite/NaniteWritePixel.ush" 2889
"../../../Engine/Shaders/Private/Nanite/NaniteTessellation.ush" 2890
"../../../Engine/Shaders/Private/WorkDistribution.ush" 2891
"../../../Engine/Shaders/Private/Nanite/NaniteDice.ush" 2892
"../../../Engine/Shaders/Private/ShaderBundleWorkGraphCommon.ush" 2893
"../../../Engine/Shaders/Public/RootConstants.ush" 2894
"../../../Engine/Shaders/Public/Platform/D3D/D3DRootConstants.ush" 2895
"../../../Engine/Shaders/Private/Nanite/NaniteSplit.usf" 2896
"../../../Engine/Shaders/Private/Nanite/NaniteRasterBinning.usf" 2897
"../../../Engine/Shaders/Private/Nanite/NaniteInstanceCulling.usf" 2898
"../../../Engine/Shaders/Private/Nanite/NaniteImposter.ush" 2899
"../../../Engine/Shaders/Private/Nanite/NaniteInstanceHierarchyCulling.usf" 2900
"../../../Engine/Shaders/Private/WorkGroupLoadBalancer.ush" 2901
"../../../Engine/Shaders/Private/Nanite/NanitePrimitiveFilter.usf" 2902
"../../../Engine/Shaders/Private/Nanite/NaniteRasterClear.usf" 2903
"../../../Engine/Shaders/Private/Nanite/NaniteDepthExport.usf" 2904
"../../../Engine/Shaders/Private/Nanite/NaniteEmitShadow.usf" 2905
"../../../Engine/Shaders/Private/MobileDeferredUtils.usf" 2906
"../../../Engine/Shaders/Private/MobileLocalLightsBuffer.usf" 2907
"../../../Engine/Shaders/Private/MobileFog.usf" 2908
"../../../Engine/Shaders/Private/DistortApplyScreenPS.usf" 2909
"../../../Engine/Shaders/Private/MobileDeferredShading.usf" 2910
"../../../Engine/Shaders/Private/MobileBasePassPixelShader.usf" 2911
"../../../Engine/Shaders/Private/MobileBasePassCommon.ush" 2912
"../../../Engine/Shaders/Private/BasePassCommon.ush" 2913
"../../../Engine/Shaders/Private/ShadingModelsMaterial.ush" 2914
"../../../Engine/Shaders/Private/ThinTranslucentCommon.ush" 2915
"../../../Engine/Shaders/Private/SingleLayerWaterShading.ush" 2916
"../../../Engine/Shaders/Private/DistortionCommon.ush" 2917
"../../../Engine/Shaders/Private/Substrate/SubstrateMobileForwardLighting.ush" 2918
"../../../Engine/Shaders/Private/MobileBasePassVertexShader.usf" 2919
"../../../Engine/Shaders/Private/MeshEdges.usf" 2920
"../../../Engine/Shaders/Private/MegaLights/MegaLightsSampling.usf" 2921
"../../../Engine/Shaders/Shared/MegaLightsDefinitions.h" 2922
"../../../Engine/Shaders/Private/MegaLights/MegaLightsShading.ush" 2923
"../../../Engine/Shaders/Private/MegaLights/MegaLights.ush" 2924
"../../../Engine/Shaders/Private/MegaLights/MegaLightsMaterial.ush" 2925
"../../../Engine/Shaders/Private/MegaLights/MegaLightsRayTracing.ush" 2926
"../../../Engine/Shaders/Private/MegaLights/MegaLightsSampling.ush" 2927
"../../../Engine/Shaders/Private/MegaLights/MegaLightsVolumeSampling.usf" 2928
"../../../Engine/Shaders/Private/MegaLights/MegaLightsVolume.ush" 2929
"../../../Engine/Shaders/Private/MegaLights/MegaLights.usf" 2930
"../../../Engine/Shaders/Private/HairStrands/HairStrandsScreenTracing.ush" 2931
"../../../Engine/Shaders/Private/MegaLights/MegaLightsFilterVisibleLightHash.usf" 2932
"../../../Engine/Shaders/Private/MegaLights/MegaLightsShading.usf" 2933
"../../../Engine/Shaders/Private/Lumen/LumenReflectionDenoiserCommon.ush" 2934
"../../../Engine/Shaders/Private/MegaLights/MegaLightsVisibleLightHash.usf" 2935
"../../../Engine/Shaders/Private/MegaLights/MegaLightsVolumeShading.usf" 2936
"../../../Engine/Shaders/Private/MegaLights/MegaLightsVSMMarking.usf" 2937
"../../../Engine/Shaders/Private/MegaLights/MegaLightsVSMTracing.usf" 2938
"../../../Engine/Shaders/Private/MegaLights/MegaLightsRayTracing.usf" 2939
"../../../Engine/Shaders/Private/DistanceField/GlobalDistanceFieldUtils.ush" 2940
"../../../Engine/Shaders/Private/Lumen/LumenScreenTracing.ush" 2941
"../../../Engine/Shaders/Private/MegaLights/MegaLightsVolumeRayTracing.usf" 2942
"../../../Engine/Shaders/Private/MegaLights/MegaLightsVolumeHardwareRayTracing.usf" 2943
"../../../Engine/Shaders/Private/Lumen/LumenHardwareRayTracingCommon.ush" 2944
"../../../Engine/Shaders/Private/RayTracing/RayTracingReflectionEnvironment.ush" 2945
"../../../Engine/Shaders/Private/Lumen/LumenHardwareRayTracingPlatformCommon.ush" 2946
"../../../Engine/Shaders/Private/Lumen/LumenTracingCommon.ush" 2947
"../../../Engine/Shaders/Private/Lumen/SurfaceCache/LumenSurfaceCacheSampling.ush" 2948
"../../../Engine/Shaders/Private/Lumen/SurfaceCache/LumenSurfaceCache.ush" 2949
"../../../Engine/Shaders/Private/Lumen/LumenCardCommon.ush" 2950
"../../../Engine/Shaders/Private/Lumen/LumenCardTileShadowDownsampleFactor.ush" 2951
"../../../Engine/Shaders/Private/MegaLights/MegaLightsHardwareRayTracing.usf" 2952
"../../../Engine/Shaders/Private/MegaLights/MegaLightsDebug.usf" 2953
"../../../Engine/Shaders/Private/MegaLights/MegaLightsDenoiserSpatial.usf" 2954
"../../../Engine/Shaders/Private/MegaLights/MegaLightsDenoiserTemporal.usf" 2955
"../../../Engine/Shaders/Private/MaterialCache/MaterialCacheABufferPages.usf" 2956
"../../../Engine/Shaders/Private/MaterialCache/MaterialCacheShade.usf" 2957
"../../../Engine/Shaders/Private/MaterialCache/MaterialCacheShadeCommon.ush" 2958
"../../../Engine/Shaders/Private/MaterialCache/MaterialCacheUnwrapNaniteShade.usf" 2959
"../../../Engine/Shaders/Private/MaterialCache/MaterialCacheUnwrapPixelShader.usf" 2960
"../../../Engine/Shaders/Private/MaterialCache/MaterialCacheUnwrapVertexShader.usf" 2961
"../../../Engine/Shaders/Private/Lumen/LumenVisualizeRadianceCache.usf" 2962
"../../../Engine/Shaders/Private/Lumen/LumenRadianceCacheCommon.ush" 2963
"../../../Engine/Shaders/Private/Lumen/LumenVisualizeHardwareRayTracing.usf" 2964
"../../../Engine/Shaders/Private/Lumen/LumenVisualize.ush" 2965
"../../../Engine/Shaders/Private/Lumen/LumenHairTracing.ush" 2966
"../../../Engine/Shaders/Private/Lumen/LumenVisualize.usf" 2967
"../../../Engine/Shaders/Private/Lumen/LumenSoftwareRayTracing.ush" 2968
"../../../Engine/Shaders/Private/DistanceField/GlobalDistanceFieldObjectGrid.ush" 2969
"../../../Engine/Shaders/Private/DistanceFieldLightingShared.ush" 2970
"../../../Engine/Shaders/Private/Lumen/LumenVisualizeTraces.ush" 2971
"../../../Engine/Shaders/Private/Lumen/LumenTranslucencyVolumeLighting.usf" 2972
"../../../Engine/Shaders/Private/Lumen/LumenRadianceCacheMarkCommon.ush" 2973
"../../../Engine/Shaders/Private/Lumen/LumenTranslucencyVolumeLightingShared.ush" 2974
"../../../Engine/Shaders/Private/Lumen/LumenScreenProbeCommon.ush" 2975
"../../../Engine/Shaders/Private/RayTracing/RayGenUtils.ush" 2976
"../../../Engine/Shaders/Private/Lumen/LumenRadianceCacheTracingCommon.ush" 2977
"../../../Engine/Shaders/Private/Lumen/LumenTranslucencyVolumeHardwareRayTracing.usf" 2978
"../../../Engine/Shaders/Private/Lumen/LumenTranslucencyRadianceCacheMarkShaders.usf" 2979
"../../../Engine/Shaders/Private/Lumen/SurfaceCache/LumenSurfaceCache.usf" 2980
"../../../Engine/Shaders/Private/Lumen/LumenVirtualTextureCommon.ush" 2981
"../../../Engine/Shaders/Private/Lumen/LumenShortRangeAOHardwareRayTracing.usf" 2982
"../../../Engine/Shaders/Private/Lumen/LumenScreenSpaceBentNormal.ush" 2983
"../../../Engine/Shaders/Private/Lumen/LumenScreenSpaceBentNormal.usf" 2984
"../../../Engine/Shaders/Private/Lumen/LumenScreenProbeTracing.usf" 2985
"../../../Engine/Shaders/Private/Lumen/LumenScreenProbeTracingCommon.ush" 2986
"../../../Engine/Shaders/Private/Lumen/LumenFloatQuantization.ush" 2987
"../../../Engine/Shaders/Private/Lumen/LumenScreenProbeImportanceSampling.usf" 2988
"../../../Engine/Shaders/Private/Lumen/LumenScreenProbeImportanceSamplingShared.ush" 2989
"../../../Engine/Shaders/Private/Lumen/LumenScreenProbeHardwareRayTracing.usf" 2990
"../../../Engine/Shaders/Private/Lumen/LumenScreenProbeDebug.usf" 2991
"../../../Engine/Shaders/Private/Lumen/LumenScreenProbeGather.usf" 2992
"../../../Engine/Shaders/Private/Lumen/LumenScreenProbeGatherTemporal.usf" 2993
"../../../Engine/Shaders/Private/Lumen/LumenScreenProbeFiltering.usf" 2994
"../../../Engine/Shaders/Private/Lumen/LumenSceneLighting.usf" 2995
"../../../Engine/Shaders/Private/Lumen/LumenCardTile.ush" 2996
"../../../Engine/Shaders/Private/Lumen/LumenSceneLighting.ush" 2997
"../../../Engine/Shaders/Private/Lumen/Radiosity/LumenRadiosity.ush" 2998
"../../../Engine/Shaders/Private/Lumen/LumenSceneLightingDebug.usf" 2999
"../../../Engine/Shaders/Private/Lumen/LumenScene.usf" 3000
"../../../Engine/Shaders/Private/Lumen/LumenSceneDirectLightingHardwareRayTracing.usf" 3001
"../../../Engine/Shaders/Private/Lumen/LumenSceneDirectLightingStochastic.ush" 3002
"../../../Engine/Shaders/Private/Lumen/LumenSceneDirectLighting.ush" 3003
"../../../Engine/Shaders/Private/Lumen/LumenSceneDebugHardwareRayTracing.usf" 3004
"../../../Engine/Shaders/Private/Lumen/LumenSceneDirectLightingStochastic.usf" 3005
"../../../Engine/Shaders/Private/Lumen/LumenSceneDirectLightingSoftwareRayTracing.usf" 3006
"../../../Engine/Shaders/Private/DistanceFieldShadowingShared.ush" 3007
"../../../Engine/Shaders/Private/Lumen/LumenSceneDirectLightingPerLightShadowCommon.ush" 3008
"../../../Engine/Shaders/Private/Lumen/LumenSceneDirectLightingShadowMask.usf" 3009
"../../../Engine/Shaders/Private/Lumen/LumenSceneDirectLighting.usf" 3010
"../../../Engine/Shaders/Private/Lumen/LumenSceneDirectLightingCulling.usf" 3011
"../../../Engine/Shaders/Private/Lumen/LumenCardComputeShader.usf" 3012
"../../../Engine/Shaders/Private/Lumen/LumenCardBasePass.ush" 3013
"../../../Engine/Shaders/Private/Lumen/LumenCardPixelShader.usf" 3014
"../../../Engine/Shaders/Private/Lumen/LumenCardVertexShader.usf" 3015
"../../../Engine/Shaders/Private/Lumen/LumenReSTIRGather.usf" 3016
"../../../Engine/Shaders/Private/Lumen/LumenReflectionTracing.usf" 3017
"../../../Engine/Shaders/Private/Lumen/LumenReflectionDenoiserSpatial.usf" 3018
"../../../Engine/Shaders/Private/Lumen/LumenReflectionDenoiserClear.usf" 3019
"../../../Engine/Shaders/Private/Lumen/LumenReflectionDenoiserTemporal.usf" 3020
"../../../Engine/Shaders/Private/Lumen/LumenReflectionResolve.usf" 3021
"../../../Engine/Shaders/Private/Lumen/LumenReflections.usf" 3022
"../../../Engine/Shaders/Private/Lumen/RayTracedTranslucency.usf" 3023
"../../../Engine/Shaders/Private/Lumen/LumenReflectionHardwareRayTracing.usf" 3024
"../../../Engine/Shaders/Private/Lumen/Radiosity/LumenVisualizeRadiosityProbes.usf" 3025
"../../../Engine/Shaders/Private/Lumen/Radiosity/LumenRadiosity.usf" 3026
"../../../Engine/Shaders/Private/Lumen/Radiosity/LumenRadiosityHardwareRayTracing.usf" 3027
"../../../Engine/Shaders/Private/Lumen/Radiosity/LumenRadiosityCulling.usf" 3028
"../../../Engine/Shaders/Private/Lumen/LumenRadianceCacheHardwareRayTracing.usf" 3029
"../../../Engine/Shaders/Private/Lumen/LumenRadianceCache.usf" 3030
"../../../Engine/Shaders/Private/Lumen/LumenRadianceCacheUpdate.ush" 3031
"../../../Engine/Shaders/Private/Lumen/LumenRadianceCacheDebug.usf" 3032
"../../../Engine/Shaders/Private/Lumen/LumenRadianceCacheUpdate.usf" 3033
"../../../Engine/Shaders/Private/Lumen/LumenMeshSDFCulling.usf" 3034
"../../../Engine/Shaders/Private/HybridIndirectLighting.ush" 3035
"../../../Engine/Shaders/Private/MeshDistanceFieldCommon.ush" 3036
"../../../Engine/Shaders/Private/Lumen/LumenIrradianceFieldGather.usf" 3037
"../../../Engine/Shaders/Private/Lumen/LumenHardwareRayTracingMaterials.usf" 3038
"../../../Engine/Shaders/Private/Lumen/LumenFrontLayerTranslucency.usf" 3039
"../../../Engine/Shaders/Private/LocalFogVolumes/LocalFogVolumeSplat.usf" 3040
"../../../Engine/Shaders/Private/LocalFogVolumes/LocalFogVolumeTiledCulling.usf" 3041
"../../../Engine/Shaders/Private/LightShaftShader.usf" 3042
"../../../Engine/Shaders/Private/StationaryLightOverlapShaders.usf" 3043
"../../../Engine/Shaders/Private/DeferredLightPixelShaders.usf" 3044
"../../../Engine/Shaders/Private/DeferredLightVertexShaders.usf" 3045
"../../../Engine/Shaders/Private/LightMapDensityShader.usf" 3046
"../../../Engine/Shaders/Private/LightGridInjection.usf" 3047
"../../../Engine/Shaders/Shared/LightGridDefinitions.h" 3048
"../../../Engine/Shaders/Private/LightFunctionPixelShader.usf" 3049
"../../../Engine/Shaders/Private/LightFunctionVertexShader.usf" 3050
"../../../Engine/Shaders/Private/LightFunctionAtlas/LightFunctionAtlasRender.usf" 3051
"../../../Engine/Shaders/Private/InstanceCulling/InstanceCullingOcclusionQuery.usf" 3052
"../../../Engine/Shaders/Private/InstanceCulling/InstanceCullingSetup.ush" 3053
"../../../Engine/Shaders/Private/InstanceCulling/BuildInstanceDrawCommands.usf" 3054
"../../../Engine/Shaders/Private/InstanceCulling/InstanceCompactionCommon.ush" 3055
"../../../Engine/Shaders/Private/SceneDataMobileWriter.ush" 3056
"../../../Engine/Shaders/Private/InstanceCulling/CompactVisibleInstances.usf" 3057
"../../../Engine/Shaders/Private/ReflectionEnvironmentPixelShader.usf" 3058
"../../../Engine/Shaders/Private/AmbientCubemapComposite.usf" 3059
"../../../Engine/Shaders/Private/DiffuseIndirectComposite.usf" 3060
"../../../Engine/Shaders/Private/IESAtlas.usf" 3061
"../../../Engine/Shaders/Private/HeterogeneousVolumes/HeterogeneousVolumesVisualizeCascades.usf" 3062
"../../../Engine/Shaders/Private/HeterogeneousVolumes/HeterogeneousVolumesVoxelGridShadows.usf" 3063
"../../../Engine/Shaders/Private/HeterogeneousVolumes/HeterogeneousVolumesStochasticFiltering.ush" 3064
"../../../Engine/Shaders/Private/HeterogeneousVolumes/HeterogeneousVolumesVoxelGridRenderingUtils.ush" 3065
"../../../Engine/Shaders/Private/HeterogeneousVolumes/HeterogeneousVolumesLightingUtils.ush" 3066
"../../../Engine/Shaders/Private/HeterogeneousVolumes/HeterogeneousVolumesRayMarchingUtils.ush" 3067
"../../../Engine/Shaders/Private/HeterogeneousVolumes/HeterogeneousVolumesRayMarchingTypes.ush" 3068
"../../../Engine/Shaders/Private/HeterogeneousVolumes/HeterogeneousVolumesTransmittanceVolumeUtils.ush" 3069
"../../../Engine/Shaders/Private/HeterogeneousVolumes/HeterogeneousVolumesAdaptiveVolumetricShadowMapSampler.ush" 3070
"../../../Engine/Shaders/Private/HeterogeneousVolumes/HeterogeneousVolumesVoxelGridRendering.usf" 3071
"../../../Engine/Shaders/Private/HeterogeneousVolumes/HeterogeneousVolumesVoxelGridPipeline.usf" 3072
"../../../Engine/Shaders/Private/HeterogeneousVolumes/HeterogeneousVolumesMaterialBakingPipeline.usf" 3073
"../../../Engine/Shaders/Private/HeterogeneousVolumes/HeterogeneousVolumesLiveShadingUtils.ush" 3074
"../../../Engine/Shaders/Private/HeterogeneousVolumes/HeterogeneousVolumesFrustumVoxelGrid.usf" 3075
"../../../Engine/Shaders/Private/HeterogeneousVolumes/HeterogeneousVolumesSparseVoxelPipeline.usf" 3076
"../../../Engine/Shaders/Private/HeterogeneousVolumes/HeterogeneousVolumesSparseVoxelUtils.ush" 3077
"../../../Engine/Shaders/Private/HeterogeneousVolumes/HeterogeneousVolumesSparseVoxelUniformBufferUtils.ush" 3078
"../../../Engine/Shaders/Private/HeterogeneousVolumes/HeterogeneousVolumesPreshadingPipeline.usf" 3079
"../../../Engine/Shaders/Private/HeterogeneousVolumes/HeterogeneousVolumesShadowMask.usf" 3080
"../../../Engine/Shaders/Private/HeterogeneousVolumes/HeterogeneousVolumesLiveShadingShadows.usf" 3081
"../../../Engine/Shaders/Private/HeterogeneousVolumes/HeterogeneousVolumesLiveShadingGlobalPipeline.usf" 3082
"../../../Engine/Shaders/Private/HeterogeneousVolumes/HeterogeneousVolumesLiveShadingPipeline.usf" 3083
"../../../Engine/Shaders/Private/HeterogeneousVolumes/HeterogeneousVolumesHardwareRayTracing.usf" 3084
"../../../Engine/Shaders/Private/HeterogeneousVolumes/HeterogeneousVolumesAmbientOcclusionPipeline.usf" 3085
"../../../Engine/Shaders/Private/HeterogeneousVolumes/HeterogeneousVolumesComposite.usf" 3086
"../../../Engine/Shaders/Private/HdrCustomResolveShaders.usf" 3087
"../../../Engine/Shaders/Private/HairStrands/RenderCurveRaster.usf" 3088
"../../../Engine/Shaders/Shared/RenderCurveDefinitions.h" 3089
"../../../Engine/Shaders/Private/HairStrands/HairStrandsVoxelRasterCompute.usf" 3090
"../../../Engine/Shaders/Private/HairStrands/HairStrandsHitProxy.usf" 3091
"../../../Engine/Shaders/Private/HairStrands/HairStrandsVisibilityRasterComputeNaive.usf" 3092
"../../../Engine/Shaders/Private/HairStrands/HairStrandsVisibilityRasterHW.usf" 3093
"../../../Engine/Shaders/Private/HairStrands/HairStrandsVisibilityRasterCompute.usf" 3094
"../../../Engine/Shaders/Private/HairStrands/HairStrandsVisibilityRasterClassification.usf" 3095
"../../../Engine/Shaders/Private/HairStrands/HairStrandsCoverage.usf" 3096
"../../../Engine/Shaders/Private/HairStrands/HairStrandsVisibilityDepthPS.usf" 3097
"../../../Engine/Shaders/Private/HairStrands/HairStrandsVisibilityTransmittanceDepthPS.usf" 3098
"../../../Engine/Shaders/Private/HairStrands/HairStrandsVisibilityFillOpaqueDepthPS.usf" 3099
"../../../Engine/Shaders/Private/HairStrands/HairStrandsVisibilityCompactionComputeRaster.usf" 3100
"../../../Engine/Shaders/Private/HairStrands/HairStrandsVisibilityCompaction.usf" 3101
"../../../Engine/Shaders/Private/HairStrands/HairStrandsVisibilityCopyIndirectArg.usf" 3102
"../../../Engine/Shaders/Private/HairStrands/HairStrandsVisibilityClearPS.usf" 3103
"../../../Engine/Shaders/Private/HairStrands/HairStrandsVisibilityPS.usf" 3104
"../../../Engine/Shaders/Private/HairStrands/HairStrandsVisibilityVS.usf" 3105
"../../../Engine/Shaders/Private/HairStrands/HairStrandsVelocity.usf" 3106
"../../../Engine/Shaders/Private/HairStrands/HairStrandsVisibilityComputeSampleCoverage.usf" 3107
"../../../Engine/Shaders/Private/HairStrands/HairStrandsMaterialPS.usf" 3108
"../../../Engine/Shaders/Private/HairStrands/HairStrandsMaterialCommon.ush" 3109
"../../../Engine/Shaders/Private/HairStrands/HairStrandsMaterialVS.usf" 3110
"../../../Engine/Shaders/Private/HairStrands/HairStrandsLightSample.usf" 3111
"../../../Engine/Shaders/Private/HairStrands/HairStrandsDeepShadowMask.usf" 3112
"../../../Engine/Shaders/Private/HairStrands/HairStrandsDeepTransmittanceMask.usf" 3113
"../../../Engine/Shaders/Private/HairStrands/HairStrandsVisibilityTile.usf" 3114
"../../../Engine/Shaders/Private/HairStrands/HairStrandsDeepShadowPS.usf" 3115
"../../../Engine/Shaders/Private/HairStrands/HairStrandsDeepShadowVS.usf" 3116
"../../../Engine/Shaders/Private/HairStrands/HairStrandsAABB.usf" 3117
"../../../Engine/Shaders/Private/HairStrands/HairStrandsLUT.usf" 3118
"../../../Engine/Shaders/Private/HairStrands/HairStrandsForwardRaster.usf" 3119
"../../../Engine/Shaders/Private/HairStrands/HairStrandsForwardCulling.usf" 3120
"../../../Engine/Shaders/Private/HairStrands/HairStrandsEnvironmentLighting.usf" 3121
"../../../Engine/Shaders/Private/HairStrands/HairStrandsEnvironmentAO.usf" 3122
"../../../Engine/Shaders/Private/HairStrands/HairStrandsDeepShadowAllocation.usf" 3123
"../../../Engine/Shaders/Private/HairStrands/HairStrandsVoxelDebug.usf" 3124
"../../../Engine/Shaders/Private/HairStrands/HairStrandsComposition.usf" 3125
"../../../Engine/Shaders/Private/HairStrands/HairStrandsGBufferCommon.ush" 3126
"../../../Engine/Shaders/Private/GPUScene/GPUSceneDataManagement.usf" 3127
"../../../Engine/Shaders/Private/GPUSceneDebugRender.usf" 3128
"../../../Engine/Shaders/Private/GPUFeedbackCompaction.usf" 3129
"../../../Engine/Shaders/Private/GPUFastFourierTransform.usf" 3130
"../../../Engine/Shaders/Private/GPUFastFourierTransform2DCore.ush" 3131
"../../../Engine/Shaders/Private/GPUFastFourierTransformCore.ush" 3132
"../../../Engine/Shaders/Private/GPUBenchmark.usf" 3133
"../../../Engine/Shaders/Private/DistanceField/GlobalDistanceFieldDebug.usf" 3134
"../../../Engine/Shaders/Private/DistanceField/GlobalDistanceFieldUpdate.ush" 3135
"../../../Engine/Shaders/Private/DistanceField/GlobalDistanceFieldMip.usf" 3136
"../../../Engine/Shaders/Private/DistanceField/GlobalDistanceField.usf" 3137
"../../../Engine/Shaders/Private/DistanceField/GlobalDistanceFieldCompositeObjects.usf" 3138
"../../../Engine/Shaders/Private/DistanceField/GlobalDistanceFieldHeightfields.usf" 3139
"../../../Engine/Shaders/Private/HeightfieldLightingShared.ush" 3140
"../../../Engine/Shaders/Private/GenerateConservativeDepth.usf" 3141
"../../../Engine/Shaders/Private/HeightFogPixelShader.usf" 3142
"../../../Engine/Shaders/Private/HeightFogVertexShader.usf" 3143
"../../../Engine/Shaders/Private/DistortFiltering.usf" 3144
"../../../Engine/Shaders/Private/DistortAccumulatePS.usf" 3145
"../../../Engine/Shaders/Private/DistortAccumulateVS.usf" 3146
"../../../Engine/Shaders/Private/DistanceFieldVisualization.usf" 3147
"../../../Engine/Shaders/Private/DistanceFieldStreaming.usf" 3148
"../../../Engine/Shaders/Private/DistanceFieldShadowing.usf" 3149
"../../../Engine/Shaders/Private/DistanceFieldScreenGridLighting.usf" 3150
"../../../Engine/Shaders/Private/DistanceFieldObjectCulling.usf" 3151
"../../../Engine/Shaders/Private/DistanceFieldLightingPost.usf" 3152
"../../../Engine/Shaders/Private/DitheredTransitionStencil.usf" 3153
"../../../Engine/Shaders/Private/CopyDepthTexture.usf" 3154
"../../../Engine/Shaders/Private/CopyDepthTextureCS.usf" 3155
"../../../Engine/Shaders/Private/DeferredDecal.usf" 3156
"../../../Engine/Shaders/Private/DecalCommon.ush" 3157
"../../../Engine/Shaders/Private/DebugViewModeVertexShader.usf" 3158
"../../../Engine/Shaders/Private/DebugViewModeCommon.ush" 3159
"../../../Engine/Shaders/Private/DebugViewModePixelShader.usf" 3160
"../../../Engine/Shaders/Private/DebugProbes.usf" 3161
"../../../Engine/Shaders/Private/MeshDecals.usf" 3162
"../../../Engine/Shaders/Private/PostProcessAmbientOcclusion.usf" 3163
"../../../Engine/Shaders/Private/ClusteredDeferredShadingPixelShader.usf" 3164
"../../../Engine/Shaders/Private/ClusteredDeferredShadingVertexShader.usf" 3165
"../../../Engine/Shaders/Private/CapsuleShadowShaders.usf" 3166
"../../../Engine/Shaders/Private/BasePassPixelShader.usf" 3167
"../../../Engine/Shaders/Private/ForwardLightingCommon.ush" 3168
"../../../Engine/Shaders/Private/Substrate/SubstrateForwardLighting.ush" 3169
"../../../Engine/Shaders/Private/ComputeShaderOutputCommon.ush" 3170
"../../../Engine/Shaders/Private/BasePassVertexShader.usf" 3171
"../../../Engine/Shaders/Private/BasePassVertexCommon.ush" 3172
"../../../Engine/Shaders/Private/SimpleElementVolumeTexturePreviewPixelShader.usf" 3173
"../../../Engine/Shaders/Private/SimpleElementTexture2DPreviewPixelShader.usf" 3174
"../../../Engine/Shaders/Private/meshpaintdilatepixelshader.usf" 3175
"../../../Engine/Shaders/Private/meshpaintdilatevertexshader.usf" 3176
"../../../Engine/Shaders/Private/MeshPaintPixelShader.usf" 3177
"../../../Engine/Shaders/Private/MeshPaintVertexShader.usf" 3178
"../../../Engine/Shaders/Private/SlateElementPixelShader.usf" 3179
"../../../Engine/Shaders/Private/SlateShaderCommon.ush" 3180
"../../../Engine/Shaders/Private/SlateMaskingShader.usf" 3181
"../../../Engine/Shaders/Private/SlateVertexShader.usf" 3182
"../../../Engine/Shaders/Private/CompositeUIPixelShader.usf" 3183
"../../../Engine/Shaders/Private/ColorDeficiency.ush" 3184
"../../../Engine/Shaders/Private/SlatePostProcessColorDeficiencyPixelShader.usf" 3185
"../../../Engine/Shaders/Private/SlatePostProcessPixelShader.usf" 3186
"../../../Engine/Shaders/Private/Tools/VisualizeTexture.usf" 3187
"../../../Engine/Shaders/Private/UpdateDescriptorHandle.usf" 3188
"../../../Engine/Shaders/Private/ByteBuffer.usf" 3189
"../../../Engine/Shaders/Private/ShaderBundleWorkGraphDispatch.usf" 3190
"../../../Engine/Shaders/Private/ShaderBundleDispatch.usf" 3191
"../../../Engine/Shaders/Private/ResolveVertexShader.usf" 3192
"../../../Engine/Shaders/Private/ResolvePixelShader.usf" 3193
"../../../Engine/Shaders/Private/Tools/SetupIndirectArgs.usf" 3194
"../../../Engine/Shaders/Private/ClearReplacementShaders.usf" 3195
"../../../Engine/Shaders/Private/Tools/DrawTexture.usf" 3196
"../../../Engine/Shaders/Private/RayTracing/RayTracingValidation.usf" 3197
"../../../Engine/Shaders/Private/RenderGraphUtilities.usf" 3198
"../../../Engine/Shaders/Private/OneColorShader.usf" 3199
"../../../Engine/Shaders/Private/OculusShaders.usf" 3200
"../../../Engine/Shaders/Private/MediaShaders.usf" 3201
"../../../Engine/Shaders/Private/GPUMessaging.usf" 3202
"../../../Engine/Shaders/Private/Tools/GPUDebugCrashUtils.usf" 3203
"../../../Engine/Shaders/Private/NullPixelShader.usf" 3204
"../../../Engine/Shaders/Private/ComputeGenerateMips.usf" 3205
"../../../Engine/Shaders/Private/Tools/DumpTexture.usf" 3206
"../../../Engine/Shaders/Private/CopyTextureShaders.usf" 3207
"../../../Engine/Shaders/Private/Tools/FullscreenVertexShader.usf" 3208
"../../../Engine/Shaders/Private/RayTracing/RayTracingDispatchDesc.usf" 3209
"../../../Engine/Shaders/Private/Bink.usf" 3210
"../../../Engine/Shaders/Private/DepthOnlyPixelShader.usf" 3211
"../../../Engine/Shaders/Private/PositionOnlyDepthVertexShader.usf" 3212
"../../../Engine/Shaders/Private/DepthOnlyVertexShader.usf" 3213
"../../../Engine/Shaders/Private/AnisotropyPassShader.usf" 3214
"/Engine/EngineResources/WhiteSquareTexture" 3215
"../../../Engine/Content/EngineResources/WhiteSquareTexture.uasset" 3216
"/Engine/EngineResources/GradientTexture0" 3217
"../../../Engine/Content/EngineResources/GradientTexture0.uasset" 3218
"/Engine/EngineResources/Black" 3219
"../../../Engine/Content/EngineResources/Black.uasset" 3220
"/Engine/EditorResources/S_Actor" 3221
"../../../Engine/Content/EditorResources/S_Actor.uasset" 3222
"/Engine/EngineFonts/RobotoDistanceField" 3223
"../../../Engine/Content/EngineFonts/RobotoDistanceField.uasset" 3224
"/Engine/EngineMaterials/DefaultTextMaterialOpaque" 3225
"../../../Engine/Content/EngineMaterials/DefaultTextMaterialOpaque.uasset" 3226
"/Engine/Functions/Engine_MaterialFunctions01/Shading/PowerToRoughness" 3227
"../../../Engine/Content/Functions/Engine_MaterialFunctions01/Shading/PowerToRoughness.uasset" 3228
"/Engine/Functions/Engine_MaterialFunctions01/Shading/ConvertFromDiffSpec" 3229
"../../../Engine/Content/Functions/Engine_MaterialFunctions01/Shading/ConvertFromDiffSpec.uasset" 3230
"/Engine/EngineMaterials/WorldGridMaterial" 3231
"../../../Engine/Content/EngineMaterials/WorldGridMaterial.uasset" 3232
"../../../Engine/Content/Functions/Engine_MaterialFunctions01/Opacity/CameraDepthFade.uasset" 3233
"../../../Engine/Content/EngineMaterials/T_Default_Material_Grid_M.uasset" 3234
"../../../Engine/Content/EngineMaterials/T_Default_Material_Grid_N.uasset" 3235
"/Engine/EngineMaterials/DefaultDeferredDecalMaterial" 3236
"../../../Engine/Content/EngineMaterials/DefaultDeferredDecalMaterial.uasset" 3237
"../../../Engine/Content/EngineMaterials/DefaultDiffuse.uasset" 3238
"/Engine/EngineMaterials/DefaultLightFunctionMaterial" 3239
"../../../Engine/Content/EngineMaterials/DefaultLightFunctionMaterial.uasset" 3240
"/Engine/EngineMaterials/DefaultPostProcessMaterial" 3241
"../../../Engine/Content/EngineMaterials/DefaultPostProcessMaterial.uasset" 3242
"../../../Engine/Content/Functions/Engine_MaterialFunctions02/Utility/BreakOutFloat2Components.uasset" 3243
"/Engine/EditorResources/S_Trigger" 3244
"../../../Engine/Content/EditorResources/S_Trigger.uasset" 3245
"/Engine/EditorResources/S_BoxReflectionCapture" 3246
"../../../Engine/Content/EditorResources/S_BoxReflectionCapture.uasset" 3247
"/Engine/EngineResources/DefaultTexture" 3248
"../../../Engine/Content/EngineResources/DefaultTexture.uasset" 3249
"/Engine/EditorResources/S_TriggerBox" 3250
"../../../Engine/Content/EditorResources/S_TriggerBox.uasset" 3251
"/Engine/EditorResources/S_TriggerCapsule" 3252
"../../../Engine/Content/EditorResources/S_TriggerCapsule.uasset" 3253
"/Engine/EditorResources/S_TriggerSphere" 3254
"../../../Engine/Content/EditorResources/S_TriggerSphere.uasset" 3255
"/Engine/EngineMeshes/Sphere" 3256
"../../../Engine/Content/EngineMeshes/Sphere.uasset" 3257
"/Engine/EngineDamageTypes/DmgTypeBP_Environmental" 3258
"../../../Engine/Content/EngineDamageTypes/DmgTypeBP_Environmental.uasset" 3259
"/Engine/EngineResources/DefaultTextureCube" 3260
"../../../Engine/Content/EngineResources/DefaultTextureCube.uasset" 3261
"/Engine/EngineResources/DefaultVolumeTexture" 3262
"../../../Engine/Content/EngineResources/DefaultVolumeTexture.uasset" 3263
"../../../Engine/Content/EngineResources/DefaultVolumeTexture2D.uasset" 3264
"/Engine/EditorResources/S_Solver" 3265
"../../../Engine/Content/EditorResources/S_Solver.uasset" 3266
"/Engine/EngineDebugMaterials/VolumeToRender" 3267
"../../../Engine/Content/EngineDebugMaterials/VolumeToRender.uasset" 3268
"/Engine/EngineDebugMaterials/M_VolumeRenderSphereTracePP" 3269
"../../../Engine/Content/EngineDebugMaterials/M_VolumeRenderSphereTracePP.uasset" 3270
"../../../Engine/Content/Functions/Engine_MaterialFunctions02/Utility/CameraDirectionVector.uasset" 3271
"/Engine/EditorMeshes/Camera/SM_CraneRig_Base" 3272
"../../../Engine/Content/EditorMeshes/Camera/SM_CraneRig_Base.uasset" 3273
"../../../Engine/Content/EditorMaterials/Camera/MI_CineMat_Rig.uasset" 3274
"../../../Engine/Content/EditorMaterials/Camera/CineMat.uasset" 3275
"/Engine/EditorMeshes/Camera/SM_CraneRig_Arm" 3276
"../../../Engine/Content/EditorMeshes/Camera/SM_CraneRig_Arm.uasset" 3277
"/Engine/EditorMeshes/Camera/SM_CraneRig_Mount" 3278
"../../../Engine/Content/EditorMeshes/Camera/SM_CraneRig_Mount.uasset" 3279
"/Engine/EditorMeshes/Camera/SM_CraneRig_Body" 3280
"../../../Engine/Content/EditorMeshes/Camera/SM_CraneRig_Body.uasset" 3281
"/Engine/EditorMeshes/Camera/SM_RailRig_Track" 3282
"../../../Engine/Content/EditorMeshes/Camera/SM_RailRig_Track.uasset" 3283
"/Engine/EditorMeshes/Camera/SM_RailRig_Mount" 3284
"../../../Engine/Content/EditorMeshes/Camera/SM_RailRig_Mount.uasset" 3285
"/Engine/EditorLandscapeResources/SplineEditorMesh" 3286
"../../../Engine/Content/EditorLandscapeResources/SplineEditorMesh.uasset" 3287
"../../../Engine/Content/EditorLandscapeResources/SplineEditorMeshMat.uasset" 3288
"/HairStrands/Materials/HairDebugMaterial" 3289
"../../Plugins/Runtime/HairStrands/Content/Materials/HairDebugMaterial.uasset" 3290
"../../../Engine/Content/Functions/Engine_MaterialFunctions02/Utility/MakeFloat2.uasset" 3291
"../../../Engine/Content/Functions/Engine_MaterialFunctions02/Utility/MakeFloat3.uasset" 3292
"../../../Engine/Content/EngineMaterials/HairColorMap.uasset" 3293
"../../../Engine/Content/EngineMaterials/HairDebugColor.uasset" 3294
"../../Plugins/Runtime/HairStrands/Content/Materials/HairGroupColors.uasset" 3295
"/HairStrands/Materials/HairDefaultMaterial" 3296
"../../Plugins/Runtime/HairStrands/Content/Materials/HairDefaultMaterial.uasset" 3297
"/HairStrands/Materials/HairCardsDefaultMaterial" 3298
"../../Plugins/Runtime/HairStrands/Content/Materials/HairCardsDefaultMaterial.uasset" 3299
"/HairStrands/Materials/HairMeshesDefaultMaterial" 3300
"../../Plugins/Runtime/HairStrands/Content/Materials/HairMeshesDefaultMaterial.uasset" 3301
"/Engine/EngineMaterials/Widget3DPassThrough_Translucent" 3302
"../../../Engine/Content/EngineMaterials/Widget3DPassThrough_Translucent.uasset" 3303
"../../../Engine/Content/EngineMaterials/Widget3DPassThrough.uasset" 3304
"/Engine/EngineMaterials/Widget3DPassThrough_Translucent_OneSided" 3305
"../../../Engine/Content/EngineMaterials/Widget3DPassThrough_Translucent_OneSided.uasset" 3306
"/Engine/EngineMaterials/Widget3DPassThrough_Opaque" 3307
"../../../Engine/Content/EngineMaterials/Widget3DPassThrough_Opaque.uasset" 3308
"/Engine/EngineMaterials/Widget3DPassThrough_Opaque_OneSided" 3309
"../../../Engine/Content/EngineMaterials/Widget3DPassThrough_Opaque_OneSided.uasset" 3310
"/Engine/EngineMaterials/Widget3DPassThrough_Masked" 3311
"../../../Engine/Content/EngineMaterials/Widget3DPassThrough_Masked.uasset" 3312
"/Engine/EngineMaterials/Widget3DPassThrough_Masked_OneSided" 3313
"../../../Engine/Content/EngineMaterials/Widget3DPassThrough_Masked_OneSided.uasset" 3314
"/Engine/VREditor/ViewportInteractionAssetContainerData" 3315
"../../../Engine/Content/VREditor/ViewportInteractionAssetContainerData.uasset" 3316
"../../../Engine/Content/VREditor/SnapGrid/SnapGridMaterial.uasset" 3317
"../../../Engine/Content/VREditor/TransformGizmo/TransformGizmoMaterial_Inst.uasset" 3318
"../../../Engine/Content/VREditor/TransformGizmo/TranslucentTransformGizmoMaterial_Inst.uasset" 3319
"../../../Engine/Content/VREditor/SnapGrid/SnapGridPlaneMesh.uasset" 3320
"../../../Engine/Content/VREditor/Sounds/UI/Drop_Item_From_ContentBrowser.uasset" 3321
"../../../Engine/Content/VREditor/Sounds/UI/Gizmo_Handle_Clicked.uasset" 3322
"../../../Engine/Content/VREditor/Sounds/UI/Object_PickUp.uasset" 3323
"../../../Engine/Content/VREditor/Sounds/UI/Object_Snaps_To_Another_Actor.uasset" 3324
"../../../Engine/Content/VREditor/Sounds/UI/Object_Snaps_To_Grid.uasset" 3325
"../../../Engine/Content/VREditor/Sounds/UI/Scaling_Down.uasset" 3326
"../../../Engine/Content/VREditor/Sounds/UI/Scaling_Up.uasset" 3327
"../../../Engine/Content/VREditor/Sounds/UI/Selection_Changes.uasset" 3328
"../../../Engine/Content/VREditor/TransformGizmo/PlaneTranslationHandle.uasset" 3329
"../../../Engine/Content/VREditor/TransformGizmo/RotationHandleFull.uasset" 3330
"../../../Engine/Content/VREditor/TransformGizmo/RotationHandleIndicator.uasset" 3331
"../../../Engine/Content/VREditor/TransformGizmo/RotationHandleQuarter.uasset" 3332
"../../../Engine/Content/VREditor/TransformGizmo/StartRotationHandleIndicator.uasset" 3333
"../../../Engine/Content/VREditor/TransformGizmo/TransformGizmoFreeRotation.uasset" 3334
"../../../Engine/Content/VREditor/TransformGizmo/TranslateArrowHandle.uasset" 3335
"../../../Engine/Content/VREditor/TransformGizmo/UniformScaleHandle.uasset" 3336
"../../../Engine/Content/Functions/Engine_MaterialFunctions02/Math/Transform3x3Matrix.uasset" 3337
"../../../Engine/Content/Functions/Engine_MaterialFunctions02/SplitComponents.uasset" 3338
"../../../Engine/Content/VREditor/TransformGizmo/TransformGizmoMaterial.uasset" 3339
"../../../Engine/Content/VREditor/TransformGizmo/TranslucentTransformGizmoMaterial.uasset" 3340
"../../../Engine/Content/Functions/Engine_MaterialFunctions02/Utility/BreakOutFloat3Components.uasset" 3341
"../../../Engine/Content/VREditor/LaserPointer/VR_LaserPower_01.uasset" 3342
"/Engine/VREditor/TransformGizmo/BoundingBoxCorner" 3343
"../../../Engine/Content/VREditor/TransformGizmo/BoundingBoxCorner.uasset" 3344
"/Engine/VREditor/TransformGizmo/BoundingBoxEdge" 3345
"../../../Engine/Content/VREditor/TransformGizmo/BoundingBoxEdge.uasset" 3346
"/Engine/ArtTools/RenderToTexture/Meshes/S_1_Unit_Plane" 3347
"../../../Engine/Content/ArtTools/RenderToTexture/Meshes/S_1_Unit_Plane.uasset" 3348
"/Engine/EngineDebugMaterials/M_SimpleUnlitTranslucent" 3349
"../../../Engine/Content/EngineDebugMaterials/M_SimpleUnlitTranslucent.uasset" 3350
"/Engine/EngineFonts/Roboto" 3351
"../../../Engine/Content/EngineFonts/Roboto.uasset" 3352
"../../../Engine/Content/EngineFonts/Faces/DroidSansFallback.uasset" 3353
"../../../Engine/Content/EngineFonts/Faces/RobotoBold.uasset" 3354
"../../../Engine/Content/EngineFonts/Faces/RobotoBoldItalic.uasset" 3355
"../../../Engine/Content/EngineFonts/Faces/RobotoItalic.uasset" 3356
"../../../Engine/Content/EngineFonts/Faces/RobotoLight.uasset" 3357
"../../../Engine/Content/EngineFonts/Faces/RobotoRegular.uasset" 3358
"/Engine/EditorMaterials/ParticleSystems/PSysThumbnail_NoImage" 3359
"../../../Engine/Content/EditorMaterials/ParticleSystems/PSysThumbnail_NoImage.uasset" 3360
"/Engine/EditorMaterials/ParticleSystems/PSysThumbnail_OOD" 3361
"../../../Engine/Content/EditorMaterials/ParticleSystems/PSysThumbnail_OOD.uasset" 3362
"/Engine/EngineResources/LandscapeVisibilityLayerInfo" 3363
"../../../Engine/Content/EngineResources/LandscapeVisibilityLayerInfo.uasset" 3364
"../../../../../../RaylaFile/RaylaFeat/Intermediate/ShaderAutogen/PCD3D_SM5/AutogenShaderHeaders.ush" 3365
"../../../Engine/Content/Internationalization/icudt64l/coll/en.res" 3366
"/ACLPlugin/ACLAnimBoneCompressionSettings" 3367
"../../Plugins/Animation/ACLPlugin/Content/ACLAnimBoneCompressionSettings.uasset" 3368
"/Engine/Animation/DefaultRecorderBoneCompression" 3369
"../../../Engine/Content/Animation/DefaultRecorderBoneCompression.uasset" 3370
"/ACLPlugin/ACLAnimCurveCompressionSettings" 3371
"../../Plugins/Animation/ACLPlugin/Content/ACLAnimCurveCompressionSettings.uasset" 3372
"/Engine/Animation/DefaultVariableFrameStrippingSettings" 3373
"../../../Engine/Content/Animation/DefaultVariableFrameStrippingSettings.uasset" 3374
"/Paper2D/MaskedUnlitSpriteMaterial" 3375
"../../Plugins/2D/Paper2D/Content/MaskedUnlitSpriteMaterial.uasset" 3376
"../../Plugins/2D/Paper2D/Content/DefaultSpriteMaterial.uasset" 3377
"../../Plugins/2D/Paper2D/Content/PlaceholderTextures/DummySpriteTexture.uasset" 3378
"/Paper2D/OpaqueUnlitSpriteMaterial" 3379
"../../Plugins/2D/Paper2D/Content/OpaqueUnlitSpriteMaterial.uasset" 3380
"/Paper2D/DefaultPaperTerrainMaterial" 3381
"../../Plugins/2D/Paper2D/Content/DefaultPaperTerrainMaterial.uasset" 3382
"../../Plugins/2D/Paper2D/Content/DummySprite.uasset" 3383
"/ControlRig/Controls/ControlRigXRayMaterial" 3384
"../../Plugins/Animation/ControlRig/Content/Controls/ControlRigXRayMaterial.uasset" 3385
"/ControlRig/Controls/DefaultGizmoLibraryNormalized" 3386
"../../Plugins/Animation/ControlRig/Content/Controls/DefaultGizmoLibraryNormalized.uasset" 3387
"/ControlRig/M_Manip" 3388
"../../Plugins/Animation/ControlRig/Content/M_Manip.uasset" 3389
"../../../Engine/Content/Functions/Engine_MaterialFunctions02/WorldPositionOffset/CameraOffset.uasset" 3390
"/AudioWidgets/Resources/ScrubHandleDown_Clamped" 3391
"../../Plugins/Runtime/AudioWidgets/Content/Resources/ScrubHandleDown_Clamped.uasset" 3392
"../../../Engine/Config/BaseUnrealInsightsSettings.ini" 3393
"/MediaPlate/SM_MediaPlateScreen" 3394
"../../Plugins/Media/MediaPlate/Content/SM_MediaPlateScreen.uasset" 3395
"../../../Engine/Intermediate/ProjectFiles/PrimaryProjectPath.txt" 3396
"/SpeedTreeImporter/SpeedTree9/SpeedTreeMaster" 3397
"../../Plugins/Editor/SpeedTreeImporter/Content/SpeedTree9/SpeedTreeMaster.uasset" 3398
"../../../Engine/Content/Functions/Engine_MaterialFunctions02/ObjectLocalBounds.uasset" 3399
"../../../Engine/Content/Functions/Engine_MaterialFunctions02/SafeNormalize.uasset" 3400
"../../../Engine/Content/Functions/Engine_MaterialFunctions02/Utility/VectorLength.uasset" 3401
"../../../Engine/Content/Functions/Engine_MaterialFunctions02/UVs/BoundingBoxBased_0-1_UVW.uasset" 3402
"../../../Engine/Content/Functions/Engine_MaterialFunctions02/WorldPositionOffset/ObjectScale.uasset" 3403
"../../Plugins/Editor/SpeedTreeImporter/Content/SpeedTree9/SpeedTreeBranchMotion.uasset" 3404
"../../Plugins/Editor/SpeedTreeImporter/Content/SpeedTree9/SpeedTreeCameraFacing.uasset" 3405
"../../Plugins/Editor/SpeedTreeImporter/Content/SpeedTree9/SpeedTreeWind.uasset" 3406
"../../Plugins/Editor/SpeedTreeImporter/Content/SpeedTree9/SpeedTreeWindMotion.uasset" 3407
"../../Plugins/Editor/SpeedTreeImporter/Content/SpeedTree9/UnpackDirection.uasset" 3408
"../../Plugins/Editor/SpeedTreeImporter/Content/SpeedTree9/UnpackInteger3.uasset" 3409
"../../Plugins/Editor/SpeedTreeImporter/Content/SpeedTree9/Empty.uasset" 3410
"../../Plugins/Editor/SpeedTreeImporter/Content/SpeedTree9/EmptyNormal.uasset" 3411
"../../Plugins/Editor/SpeedTreeImporter/Content/SpeedTree9/game_wind_noise.uasset" 3412
"/SpeedTreeImporter/SpeedTree9/SpeedTreeBillboardMaster" 3413
"../../Plugins/Editor/SpeedTreeImporter/Content/SpeedTree9/SpeedTreeBillboardMaster.uasset" 3414
"../../Plugins/Editor/SpeedTreeImporter/Content/SpeedTree9/SpeedTreeBillboard.uasset" 3415
"/Engine/BasicShapes/BasicShapeMaterial" 3416
"../../../Engine/Content/BasicShapes/BasicShapeMaterial.uasset" 3417
"/Engine/EditorMaterials/Dataflow/DataflowVertexMaterial" 3418
"../../../Engine/Content/EditorMaterials/Dataflow/DataflowVertexMaterial.uasset" 3419
"/Engine/EditorMaterials/Dataflow/DataflowTwoSidedVertexMaterial" 3420
"../../../Engine/Content/EditorMaterials/Dataflow/DataflowTwoSidedVertexMaterial.uasset" 3421
"/MeshModelingToolsetExp/Materials/PointSetOverlaidComponentMaterial" 3422
"../../Plugins/Experimental/MeshModelingToolsetExp/Content/Materials/PointSetOverlaidComponentMaterial.uasset" 3423
"../../../Engine/Content/Functions/Engine_MaterialFunctions02/Utility/FOV.uasset" 3424
"../../../Engine/Content/Functions/Engine_MaterialFunctions02/WorldPositionOffset/V2/ObjectScale.uasset" 3425
"../../../Engine/Content/Functions/Engine_MaterialFunctions03/Viewport/MF_OrthoWidth.uasset" 3426
"../../Plugins/Experimental/MeshModelingToolsetExp/Content/Materials/GetDisplacementVectorForDepthBias.uasset" 3427
"/Engine/EditorLandscapeResources/LayerVisMaterial" 3428
"../../../Engine/Content/EditorLandscapeResources/LayerVisMaterial.uasset" 3429
"../../../Engine/Content/EditorLandscapeResources/WhiteSquareTexture.uasset" 3430
"/Engine/EditorLandscapeResources/SelectBrushMaterial_Selected" 3431
"../../../Engine/Content/EditorLandscapeResources/SelectBrushMaterial_Selected.uasset" 3432
"../../../Engine/Content/EditorLandscapeResources/SelectBrushMaterial.uasset" 3433
"../../../Engine/Content/Functions/Engine_MaterialFunctions03/Math/WithinRangeFloat2.uasset" 3434
"../../../Engine/Content/EditorLandscapeResources/DefaultAlphaTexture.uasset" 3435
"/Engine/EditorLandscapeResources/SelectBrushMaterial_SelectedRegion" 3436
"../../../Engine/Content/EditorLandscapeResources/SelectBrushMaterial_SelectedRegion.uasset" 3437
"/Engine/EditorLandscapeResources/MaskBrushMaterial_MaskedRegion" 3438
"../../../Engine/Content/EditorLandscapeResources/MaskBrushMaterial_MaskedRegion.uasset" 3439
"../../../Engine/Content/EditorLandscapeResources/MaskBrushMaterial.uasset" 3440
"/Engine/EditorLandscapeResources/ColorMaskBrushMaterial_MaskedRegion" 3441
"../../../Engine/Content/EditorLandscapeResources/ColorMaskBrushMaterial_MaskedRegion.uasset" 3442
"../../../Engine/Content/EditorLandscapeResources/ColorMaskBrushMaterial.uasset" 3443
"/Engine/EditorLandscapeResources/LandscapeDirtyMaterial" 3444
"../../../Engine/Content/EditorLandscapeResources/LandscapeDirtyMaterial.uasset" 3445
"/Engine/EditorLandscapeResources/LandscapeLayerUsageMaterial" 3446
"../../../Engine/Content/EditorLandscapeResources/LandscapeLayerUsageMaterial.uasset" 3447
"../../../Engine/Content/Functions/Engine_MaterialFunctions01/Debug/DebugIntValues.uasset" 3448
"../../../Engine/Content/Functions/Engine_MaterialFunctions01/Texturing/ScaleUVsByCenter.uasset" 3449
"../../../Engine/Content/Functions/Engine_MaterialFunctions02/WorldPositionOffset/LocalPosition.uasset" 3450
"../../../Engine/Content/Functions/Engine_MaterialFunctions01/Texturing/TextureCropping.uasset" 3451
"../../../Engine/Content/Functions/Engine_MaterialFunctions02/ExampleContent/DebugNumberStrip.uasset" 3452
"C:/Users/onigi/AppData/Local/UnrealEngine/Editor/UInteractiveToolsPresetCollectionAsset_DefaultCollection.json" 3453
"/Engine/EngineMaterials/NaniteHiddenSectionMaterial" 3454
"../../../Engine/Content/EngineMaterials/NaniteHiddenSectionMaterial.uasset" 3455
"/Engine/EngineMaterials/RemoveSurfaceMaterial" 3456
"../../../Engine/Content/EngineMaterials/RemoveSurfaceMaterial.uasset" 3457
"/Engine/EngineDebugMaterials/DebugMeshMaterial" 3458
"../../../Engine/Content/EngineDebugMaterials/DebugMeshMaterial.uasset" 3459
"/Engine/EngineMaterials/EmissiveMeshMaterial" 3460
"../../../Engine/Content/EngineMaterials/EmissiveMeshMaterial.uasset" 3461
"../../../Engine/Content/EngineMaterials/DefaultWhiteGrid_Low.uasset" 3462
"/Engine/EngineMaterials/M_InvalidLightmapSettings" 3463
"../../../Engine/Content/EngineMaterials/M_InvalidLightmapSettings.uasset" 3464
"../../../Engine/Content/EngineMaterials/InvalidLightmapSettings.uasset" 3465
"/Engine/EngineMaterials/GizmoMaterial" 3466
"../../../Engine/Content/EngineMaterials/GizmoMaterial.uasset" 3467
"/Engine/EngineMaterials/PhAT_JointLimitMaterial" 3468
"../../../Engine/Content/EngineMaterials/PhAT_JointLimitMaterial.uasset" 3469
"/Engine/EngineMaterials/FlattenMaterial" 3470
"../../../Engine/Content/EngineMaterials/FlattenMaterial.uasset" 3471
"../../../Engine/Content/EngineMaterials/BaseFlattenDiffuseMap.uasset" 3472
"../../../Engine/Content/EngineMaterials/BaseFlattenEmissiveMap.uasset" 3473
"../../../Engine/Content/EngineMaterials/BaseFlattenGrayscaleMap.uasset" 3474
"../../../Engine/Content/EngineMaterials/BaseFlattenLinearColor.uasset" 3475
"../../../Engine/Content/EngineMaterials/BaseFlattenNormalMap.uasset" 3476
"../../../Engine/Content/Functions/Engine_MaterialFunctions02/PivotPainter2/Black_1x1_EXR_Texture.uasset" 3477
"/Engine/EngineMaterials/FlattenMaterial_VT" 3478
"../../../Engine/Content/EngineMaterials/FlattenMaterial_VT.uasset" 3479
"../../../Engine/Content/EngineMaterials/BaseFlattenDiffuseMap_VT.uasset" 3480
"../../../Engine/Content/EngineMaterials/BaseFlattenEmissiveMap_VT.uasset" 3481
"../../../Engine/Content/EngineMaterials/BaseFlattenGrayscaleMap_VT.uasset" 3482
"../../../Engine/Content/EngineMaterials/BaseFlattenLinearColor_VT.uasset" 3483
"../../../Engine/Content/EngineMaterials/BaseFlattenNormalMap_VT.uasset" 3484
"../../../Engine/Content/EngineMaterials/Black_1x1_EXR_Texture_VT.uasset" 3485
"/Engine/EngineMaterials/FlattenMaterial_WS_Normal_VT" 3486
"../../../Engine/Content/EngineMaterials/FlattenMaterial_WS_Normal_VT.uasset" 3487
"/Engine/EngineMaterials/Good64x64TilingNoiseHighFreq" 3488
"../../../Engine/Content/EngineMaterials/Good64x64TilingNoiseHighFreq.uasset" 3489
"/Engine/EngineMaterials/DefaultBokeh" 3490
"../../../Engine/Content/EngineMaterials/DefaultBokeh.uasset" 3491
"/Engine/EngineMaterials/MiniFont" 3492
"../../../Engine/Content/EngineMaterials/MiniFont.uasset" 3493
"/Engine/EngineMaterials/WeightMapPlaceholderTexture" 3494
"../../../Engine/Content/EngineMaterials/WeightMapPlaceholderTexture.uasset" 3495
"/Engine/EngineMaterials/WeightMapArrayPlaceholderTexture" 3496
"../../../Engine/Content/EngineMaterials/WeightMapArrayPlaceholderTexture.uasset" 3497
"/Engine/EngineMaterials/DefaultWhiteGrid" 3498
"../../../Engine/Content/EngineMaterials/DefaultWhiteGrid.uasset" 3499
"/Engine/EngineMaterials/PreintegratedSkinBRDF" 3500
"../../../Engine/Content/EngineMaterials/PreintegratedSkinBRDF.uasset" 3501
"/Engine/EngineMaterials/LTC/GGX_LTCAmp" 3502
"../../../Engine/Content/EngineMaterials/LTC/GGX_LTCAmp.uasset" 3503
"/Engine/EngineMaterials/LTC/GGX_LTCMat" 3504
"../../../Engine/Content/EngineMaterials/LTC/GGX_LTCMat.uasset" 3505
"/Engine/EngineMaterials/LTC/Sheen_LTC" 3506
"../../../Engine/Content/EngineMaterials/LTC/Sheen_LTC.uasset" 3507
"/Engine/EngineMaterials/EnergyConservation/GGX_ReflectionEnergy" 3508
"../../../Engine/Content/EngineMaterials/EnergyConservation/GGX_ReflectionEnergy.uasset" 3509
"/Engine/EngineMaterials/EnergyConservation/GGX_TransmissionEnergyArray" 3510
"../../../Engine/Content/EngineMaterials/EnergyConservation/GGX_TransmissionEnergyArray.uasset" 3511
"/Engine/EngineMaterials/EnergyConservation/Sheen_Energy" 3512
"../../../Engine/Content/EngineMaterials/EnergyConservation/Sheen_Energy.uasset" 3513
"/Engine/EngineMaterials/EnergyConservation/Diffuse_Energy" 3514
"../../../Engine/Content/EngineMaterials/EnergyConservation/Diffuse_Energy.uasset" 3515
"/Engine/EngineMaterials/DefaultPhysicalMaterial" 3516
"../../../Engine/Content/EngineMaterials/DefaultPhysicalMaterial.uasset" 3517
"/Engine/EngineMaterials/DefaultDestructiblePhysicalMaterial" 3518
"../../../Engine/Content/EngineMaterials/DefaultDestructiblePhysicalMaterial.uasset" 3519
"/Niagara/ParameterDefinitions/CoreParameters" 3520
"../../Plugins/FX/Niagara/Content/ParameterDefinitions/CoreParameters.uasset" 3521
"/Niagara/ParameterDefinitions/DecalRenderer" 3522
"../../Plugins/FX/Niagara/Content/ParameterDefinitions/DecalRenderer.uasset" 3523
"/Niagara/ParameterDefinitions/LightRenderer" 3524
"../../Plugins/FX/Niagara/Content/ParameterDefinitions/LightRenderer.uasset" 3525
"/Niagara/ParameterDefinitions/MeshRenderer" 3526
"../../Plugins/FX/Niagara/Content/ParameterDefinitions/MeshRenderer.uasset" 3527
"/Niagara/ParameterDefinitions/RibbonRenderer" 3528
"../../Plugins/FX/Niagara/Content/ParameterDefinitions/RibbonRenderer.uasset" 3529
"/Niagara/ParameterDefinitions/SpriteRenderer" 3530
"../../Plugins/FX/Niagara/Content/ParameterDefinitions/SpriteRenderer.uasset" 3531
"/DeformerGraph/Deformers/DG_LinearBlendSkin_Morph_Cloth" 3532
"../../Plugins/Animation/DeformerGraph/Content/Deformers/DG_LinearBlendSkin_Morph_Cloth.uasset" 3533
"../../Plugins/Animation/DeformerGraph/Content/DeformerFunctions/DG_Function_LinearBlendSkin_Morph_Cloth.uasset" 3534
"/DeformerGraph/Deformers/DG_LinearBlendSkin_Morph_Cloth_RecomputeNormals" 3535
"../../Plugins/Animation/DeformerGraph/Content/Deformers/DG_LinearBlendSkin_Morph_Cloth_RecomputeNormals.uasset" 3536
"../../Plugins/Animation/DeformerGraph/Content/DeformerFunctions/DG_Function_ComputeNormalsTangents.uasset" 3537
"../../Plugins/Animation/DeformerGraph/Content/DeformerFunctions/DG_Function_LinearBlendSkin_Morph_Cloth_PositionOnly.uasset" 3538
"/Engine/BasicShapes/Cube" 3539
"../../../Engine/Content/BasicShapes/Cube.uasset" 3540
"/Engine/BasicShapes/Sphere" 3541
"../../../Engine/Content/BasicShapes/Sphere.uasset" 3542
"../../../Engine/Content/EngineMaterials/DefaultMaterial.uasset" 3543
"/Engine/BasicShapes/Cylinder" 3544
"../../../Engine/Content/BasicShapes/Cylinder.uasset" 3545
"/Engine/BasicShapes/Cone" 3546
"../../../Engine/Content/BasicShapes/Cone.uasset" 3547
"/Engine/BasicShapes/Plane" 3548
"../../../Engine/Content/BasicShapes/Plane.uasset" 3549
"/Engine/EditorResources/SequenceRecorder/Countdown" 3550
"../../../Engine/Content/EditorResources/SequenceRecorder/Countdown.uasset" 3551
"/Engine/EditorResources/SequenceRecorder/RecordingIndicator" 3552
"../../../Engine/Content/EditorResources/SequenceRecorder/RecordingIndicator.uasset" 3553
"/Engine/EditorMaterials/PhAT_UnselectedMaterial" 3554
"../../../Engine/Content/EditorMaterials/PhAT_UnselectedMaterial.uasset" 3555
"/Engine/EditorMaterials/PhAT_NoCollisionMaterial" 3556
"../../../Engine/Content/EditorMaterials/PhAT_NoCollisionMaterial.uasset" 3557
"../../../Engine/Documentation/Source/Shared/Types/ABrush/ABrush.INT.udn" 3558
"../../../Engine/Content/Internationalization/icudt64l/brkitr/ja.res" 3559
"../../../Engine/Content/Internationalization/icudt64l/brkitr/root.res" 3560
"../../../Engine/Content/Internationalization/icudt64l/brkitr/char.brk" 3561
"../../../Engine/Content/Internationalization/icudt64l/brkitr/word.brk" 3562
"/Engine/EditorResources/S_Terrain" 3563
"../../../Engine/Content/EditorResources/S_Terrain.uasset" 3564
"../../../Engine/Plugins/FX/Niagara/Shaders/Private/NiagaraDataInterfaceTexture2DArrayTemplate.ush" 3565
"../../../Engine/Plugins/FX/Niagara/Shaders/Private/NiagaraDataInterfaceActorComponentTemplate.ush" 3566
"../../../Engine/Plugins/FX/Niagara/Shaders/Private/NiagaraDataInterfaceArrayTemplate.ush" 3567
"../../../Engine/Plugins/FX/Niagara/Shaders/Private/NiagaraDataInterfaceArrayRWTemplate.ush" 3568
"../../../Engine/Plugins/FX/Niagara/Shaders/Private/NiagaraDataInterfaceArrayDistributionIntTemplate.ush" 3569
"../../../Engine/Plugins/FX/Niagara/Shaders/Private/NiagaraDataInterfaceAsyncGpuTrace.ush" 3570
"../../../Engine/Plugins/FX/Niagara/Shaders/Private/NiagaraDataInterfaceAsyncGpuTraceTemplate.ush" 3571
"../../../Engine/Plugins/FX/Niagara/Shaders/Private/NiagaraDataInterfaceCamera.ush" 3572
"../../../Engine/Plugins/Experimental/ChaosNiagara/Shaders/NiagaraDataInterfaceChaosDestruction.ush" 3573
"../../../Engine/Plugins/FX/Niagara/Shaders/Private/NiagaraDataInterfaceCollisionQuery.ush" 3574
"C:/RaylaFile/RaylaFeat/Intermediate/ShaderAutogen/PCD3D_SM5/AutogenShaderHeaders.ush" 3575
"../../../Engine/Plugins/FX/Niagara/Shaders/Private/NiagaraDataInterfaceCollisionQueryTemplate.ush" 3576
"../../../Engine/Plugins/FX/Niagara/Shaders/Private/NiagaraDataInterfaceCurveTemplate.ush" 3577
"../../../Engine/Plugins/FX/Niagara/Shaders/Private/NiagaraDataInterfaceCubeTextureTemplate.ush" 3578
"../../../Engine/Plugins/FX/Niagara/Shaders/Private/DataChannel/NiagaraDataInterfaceDataChannelCommon.ush" 3579
"../../../Engine/Plugins/FX/Niagara/Shaders/Private/DataChannel/NiagaraDataInterfaceDataChannelTemplateCommon.ush" 3580
"../../../Engine/Plugins/FX/Niagara/Shaders/Private/DataChannel/NiagaraDataInterfaceDataChannelTemplateReadCommon.ush" 3581
"../../../Engine/Plugins/FX/Niagara/Shaders/Private/DataChannel/NiagaraDataInterfaceDataChannelTemplate_Read.ush" 3582
"../../../Engine/Plugins/FX/Niagara/Shaders/Private/DataChannel/NiagaraDataInterfaceDataChannelTemplate_Consume.ush" 3583
"../../../Engine/Plugins/FX/Niagara/Shaders/Private/DataChannel/NiagaraDataInterfaceDataChannelTemplateWriteCommon.ush" 3584
"../../../Engine/Plugins/FX/Niagara/Shaders/Private/DataChannel/NiagaraDataInterfaceDataChannelTemplate_Append.ush" 3585
"../../../Engine/Plugins/FX/Niagara/Shaders/Private/NiagaraDataInterfaceDataTableTemplate.ush" 3586
"../../../Engine/Plugins/FX/Niagara/Shaders/Private/NiagaraDataInterfaceDebugDraw.ush" 3587
"../../../Engine/Plugins/FX/Niagara/Shaders/Private/NiagaraDataInterfaceDebugDrawTemplate.ush" 3588
"../../../Engine/Plugins/FX/Niagara/Shaders/Private/NiagaraDataInterfaceDynamicMeshTemplate.ush" 3589
"../../../Engine/Plugins/FX/Niagara/Shaders/Private/NiagaraDataInterfaceEmitterPropertiesTemplate.ush" 3590
"../../../Engine/Plugins/FX/Niagara/Shaders/Private/NiagaraDataInterfaceExportTemplate.ush" 3591
"../../../Engine/Plugins/FX/Niagara/Shaders/Private/NiagaraDataInterfaceGBufferTemplate.ush" 3592
"../../../Engine/Plugins/Experimental/ChaosNiagara/Shaders/NiagaraDataInterfaceGeometryCollection.ush" 3593
"../../../Engine/Plugins/FX/Niagara/Shaders/Private/NiagaraTransformUtils.ush" 3594
"../../../Engine/Plugins/Runtime/HairStrands/Shaders/Private/NiagaraStrandsExternalForce.ush" 3595
"../../../Engine/Plugins/Runtime/HairStrands/Shaders/Private/NiagaraHookeSpringMaterial.ush" 3596
"../../../Engine/Plugins/Runtime/HairStrands/Shaders/Private/NiagaraAngularSpringMaterial.ush" 3597
"../../../Engine/Plugins/Runtime/HairStrands/Shaders/Private/NiagaraConstantVolumeMaterial.ush" 3598
"../../../Engine/Plugins/Runtime/HairStrands/Shaders/Private/NiagaraCosseratRodMaterial.ush" 3599
"../../../Engine/Plugins/Runtime/HairStrands/Shaders/Private/NiagaraStaticCollisionConstraint.ush" 3600
"../../../Engine/Plugins/Runtime/HairStrands/Shaders/Private/NiagaraDataInterfaceHairStrands.ush" 3601
"../../../Engine/Plugins/Runtime/HairStrands/Shaders/Private/NiagaraDataInterfaceHairStrandsTemplate.ush" 3602
"../../../Engine/Plugins/FX/Niagara/Shaders/Private/NiagaraDataInterfaceIntRenderTarget2D.ush" 3603
"../../../Engine/Plugins/FX/Niagara/Shaders/Private/NiagaraDataInterfaceLandscape.ush" 3604
"../../../Engine/Plugins/FX/Niagara/Shaders/Private/NiagaraDataInterfaceMemoryBufferTemplate.ush" 3605
"../../../Engine/Plugins/FX/Niagara/Shaders/Private/NiagaraDataInterfaceMeshRendererInfoTemplate.ush" 3606
"../../../Engine/Plugins/FX/Niagara/Shaders/Private/NiagaraDataInterfaceOcclusion.ush" 3607
"../../../Engine/Plugins/FX/Niagara/Shaders/Private/NiagaraDataInterfacePhysicsAsset.ush" 3608
"../../../Engine/Plugins/Experimental/ChaosNiagara/Shaders/NiagaraDataInterfacePhysicsField.ush" 3609
"../../../Engine/Plugins/FX/Niagara/Shaders/Private/NiagaraDataInterfacePlatformSetTemplate.ush" 3610
"../../../Engine/Plugins/Runtime/HairStrands/Shaders/Private/NiagaraDataInterfaceVelocityGrid.ush" 3611
"../../../Engine/Plugins/Runtime/HairStrands/Shaders/Private/NiagaraDataInterfaceVelocityGridTemplate.ush" 3612
"../../../Engine/Plugins/Runtime/HairStrands/Shaders/Private/NiagaraDataInterfacePressureGrid.ush" 3613
"../../../Engine/Plugins/Runtime/HairStrands/Shaders/Private/NiagaraDataInterfacePressureGridTemplate.ush" 3614
"../../../Engine/Plugins/FX/Niagara/Shaders/Private/NiagaraDataInterfaceRenderTarget2DTemplate.ush" 3615
"../../../Engine/Plugins/FX/Niagara/Shaders/Private/NiagaraDataInterfaceRenderTarget2DArrayTemplate.ush" 3616
"../../../Engine/Plugins/FX/Niagara/Shaders/Private/NiagaraDataInterfaceRenderTargetCubeTemplate.ush" 3617
"../../../Engine/Plugins/FX/Niagara/Shaders/Private/NiagaraDataInterfaceRenderTargetVolumeTemplate.ush" 3618
"../../../Engine/Plugins/FX/Niagara/Shaders/Private/NiagaraDataInterfaceRigidMeshCollisionQuery.ush" 3619
"../../../Engine/Plugins/FX/Niagara/Shaders/Private/NiagaraDistanceFieldQueries.ush" 3620
"../../../Engine/Plugins/FX/Niagara/Shaders/Private/NiagaraDataInterfaceSceneCapture2DTemplate.ush" 3621
"../../../Engine/Plugins/FX/Niagara/Shaders/Private/NiagaraDataInterfaceSimCacheReaderTemplate.ush" 3622
"../../../Engine/Plugins/FX/Niagara/Shaders/Private/NiagaraDataInterfaceSimpleCounterTemplate.ush" 3623
"../../../Engine/Plugins/FX/Niagara/Shaders/Private/NiagaraDataInterfaceSkeletalMesh.ush" 3624
"../../../Engine/Plugins/FX/Niagara/Shaders/Private/NiagaraBaryCentricUtils.ush" 3625
"../../../Engine/Plugins/FX/Niagara/Shaders/Private/NiagaraDataInterfaceSkeletalMeshTemplate.ush" 3626
"../../../Engine/Plugins/FX/Niagara/Shaders/Private/NiagaraDataInterfaceSocketReaderTemplate.ush" 3627
"../../../Engine/Plugins/FX/Niagara/Shaders/Private/NiagaraDataInterfaceSparseVolumeTextureTemplate.ush" 3628
"../../../Engine/Plugins/FX/Niagara/Shaders/Private/NiagaraDataInterfaceSplineTemplate.ush" 3629
"../../../Engine/Plugins/FX/Niagara/Shaders/Private/NiagaraDataInterfaceSpriteRendererInfoTemplate.ush" 3630
"../../../Engine/Plugins/FX/Niagara/Shaders/Private/NiagaraDataInterfaceStaticMeshTemplate.ush" 3631
"../../../Engine/Plugins/FX/Niagara/Shaders/Private/NiagaraDataInterfaceTextureTemplate.ush" 3632
"../../../Engine/Plugins/FX/Niagara/Shaders/Private/NiagaraDataInterfaceVirtualTexture.ush" 3633
"../../../Engine/Plugins/FX/Niagara/Shaders/Private/NiagaraDataInterfaceVirtualTextureTemplate.ush" 3634
"../../../Engine/Plugins/FX/Niagara/Shaders/Private/NiagaraDataInterfaceVirtualTextureSampleTemplate.ush" 3635
"../../../Engine/Plugins/FX/Niagara/Shaders/Private/NiagaraDataInterfaceVolumeCache.ush" 3636
"../../../Engine/Plugins/FX/Niagara/Shaders/Private/NiagaraDataInterfaceVolumeTextureTemplate.ush" 3637
"C:/Users/onigi/AppData/Local/Temp/UnrealShaderWorkingDir/858C68FC47D4E46EDA0482AD386A7562/8/WorkerOutputOnly.out" 3638
"C:/Users/onigi/AppData/Local/Temp/UnrealShaderWorkingDir/858C68FC47D4E46EDA0482AD386A7562/6/WorkerOutputOnly.out" 3639
"C:/Users/onigi/AppData/Local/Temp/UnrealShaderWorkingDir/858C68FC47D4E46EDA0482AD386A7562/4/WorkerOutputOnly.out" 3640
"C:/Users/onigi/AppData/Local/Temp/UnrealShaderWorkingDir/858C68FC47D4E46EDA0482AD386A7562/5/WorkerOutputOnly.out" 3641
"C:/Users/onigi/AppData/Local/Temp/UnrealShaderWorkingDir/858C68FC47D4E46EDA0482AD386A7562/3/WorkerOutputOnly.out" 3642
"C:/Users/onigi/AppData/Local/Temp/UnrealShaderWorkingDir/858C68FC47D4E46EDA0482AD386A7562/1/WorkerOutputOnly.out" 3643
"C:/Users/onigi/AppData/Local/Temp/UnrealShaderWorkingDir/858C68FC47D4E46EDA0482AD386A7562/2/WorkerOutputOnly.out" 3644
"C:/Users/onigi/AppData/Local/Temp/UnrealShaderWorkingDir/858C68FC47D4E46EDA0482AD386A7562/7/WorkerOutputOnly.out" 3645
"C:/Users/onigi/AppData/Local/Temp/UnrealShaderWorkingDir/858C68FC47D4E46EDA0482AD386A7562/0/WorkerOutputOnly.out" 3646
"C:/Users/onigi/AppData/Local/Temp/UnrealShaderWorkingDir/858C68FC47D4E46EDA0482AD386A7562/10/WorkerOutputOnly.out" 3647
"C:/Users/onigi/AppData/Local/Temp/UnrealShaderWorkingDir/858C68FC47D4E46EDA0482AD386A7562/9/WorkerOutputOnly.out" 3648
"C:/Users/onigi/AppData/Local/Temp/UnrealShaderWorkingDir/858C68FC47D4E46EDA0482AD386A7562/12/WorkerOutputOnly.out" 3649
"C:/Users/onigi/AppData/Local/Temp/UnrealShaderWorkingDir/858C68FC47D4E46EDA0482AD386A7562/11/WorkerOutputOnly.out" 3650
"C:/RaylaFile/RaylaFeat/Content/BP_BoardManager.uasset" 3651
"C:/RaylaFile/RaylaFeat/Content/EGamePhase.uasset" 3652
"C:/RaylaFile/RaylaFeat/Content/E_Element.uasset" 3653
"C:/RaylaFile/RaylaFeat/Content/DT_CardList.uasset" 3654
"C:/RaylaFile/RaylaFeat/Content/EAtackPattern.uasset" 3655
"C:/RaylaFile/RaylaFeat/Content/S_CardData.uasset" 3656
"C:/RaylaFile/RaylaFeat/Content/BP_PlayerController.uasset" 3657
"C:/RaylaFile/RaylaFeat/Content/WB_ConfirmButton.uasset" 3658
"C:/RaylaFile/RaylaFeat/Content/WB_CostDisplay.uasset" 3659
"C:/RaylaFile/RaylaFeat/Content/BP_GameMode.uasset" 3660
"/Game/EGamePhase" 3661
"C:/RaylaFile/RaylaFeat/Content/BP_Tile.uasset" 3662
"../../../Engine/Content/EngineDebugMaterials/HeatmapGradient.uasset" 3663
"../../../Engine/Content/EngineSounds/Submixes/MasterEQEffectPreset.uasset" 3664
"../../../Engine/Content/EngineDebugMaterials/BoneWeightMaterial.uasset" 3665
"../../../Engine/Content/EditorBlueprintResources/StandardMacros.uasset" 3666
"C:/RaylaFile/RaylaFeat/Content/BP_Unit_Dog.uasset" 3667
"../../../Engine/Content/EngineSounds/Submixes/MasterEQSubmixDefault.uasset" 3668
"../../../Engine/Content/EngineSounds/Submixes/MasterSubmixDefault.uasset" 3669
"C:/RaylaFile/RaylaFeat/Content/BP_Unit.uasset" 3670
"../../../Engine/Content/EngineSounds/Submixes/MasterReverbEffectPreset.uasset" 3671
"../../../Engine/Content/EngineSounds/Submixes/MasterReverbSubmixDefault.uasset" 3672
"../../../Engine/Plugins/Interchange/Assets/Content/gltf/Textures/T_Anisotropy_Direction_Linear.uasset" 3673
"../../../Engine/Plugins/Interchange/Assets/Content/gltf/MaterialFunctions/MF_Iridescence.uasset" 3674
"../../../Engine/Plugins/Interchange/Assets/Content/gltf/MaterialFunctions/MF_Occlusion.uasset" 3675
"../../../Engine/Plugins/Interchange/Assets/Content/gltf/MaterialFunctions/MF_MetallicRoughness.uasset" 3676
"../../../Engine/Plugins/Interchange/Assets/Content/gltf/MaterialFunctions/MF_RotateV2.uasset" 3677
"../../../Engine/Plugins/Interchange/Assets/Content/gltf/MaterialFunctions/MF_Specular.uasset" 3678
"../../../Engine/Plugins/Interchange/Assets/Content/gltf/MaterialFunctions/MF_SpecularAnisotropy.uasset" 3679
"../../../Engine/Plugins/Interchange/Assets/Content/gltf/MaterialFunctions/MF_ScaleNormal.uasset" 3680
"../../../Engine/Plugins/Interchange/Assets/Content/Functions/MF_IridescenceNoLUT.uasset" 3681
"../../../Engine/Plugins/Interchange/Assets/Content/gltf/MaterialFunctions/MF_Normals.uasset" 3682
"../../../Engine/Plugins/Interchange/Assets/Content/gltf/MaterialFunctions/MF_TransformUVs.uasset" 3683
"/Game/WB_CostDisplay" 3684
"../../../Engine/Plugins/Interchange/Assets/Content/gltf/MaterialFunctions/MF_IOR.uasset" 3685
"/Game/WB_ConfirmButton" 3686
"../../../../../../RaylaFile/RaylaFeat/Content/EGamePhase.uasset" 3687
"/Engine/EngineSounds/Submixes/MasterReverbEffectPreset" 3688
"/Engine/EngineSounds/Submixes/MasterEQEffectPreset" 3689
"/Engine/EngineSounds/Submixes/MasterEQSubmixDefault" 3690
"/InterchangeAssets/gltf/MaterialFunctions/MF_RotateV2" 3691
"/InterchangeAssets/gltf/MaterialFunctions/MF_TransformUVs" 3692
"/InterchangeAssets/gltf/Textures/T_Anisotropy_Direction_Linear" 3693
"/InterchangeAssets/gltf/MaterialFunctions/MF_SpecularAnisotropy" 3694
"/InterchangeAssets/gltf/MaterialFunctions/MF_Specular" 3695
"../../Plugins/Interchange/Assets/Content/gltf/Textures/T_White_srgb.uasset" 3696
"/InterchangeAssets/gltf/MaterialFunctions/MF_Occlusion" 3697
"../../Plugins/Interchange/Assets/Content/gltf/Textures/T_White_Linear.uasset" 3698
"/InterchangeAssets/gltf/MaterialFunctions/MF_ScaleNormal" 3699
"/InterchangeAssets/gltf/MaterialFunctions/MF_Normals" 3700
"../../Plugins/Interchange/Assets/Content/gltf/MaterialFunctions/MF_RotateNormals_TS.uasset" 3701
"../../Plugins/Interchange/Assets/Content/gltf/Textures/T_Generic_N.uasset" 3702
"/InterchangeAssets/gltf/MaterialFunctions/MF_MetallicRoughness" 3703
"/InterchangeAssets/Functions/MF_IridescenceNoLUT" 3704
"/InterchangeAssets/gltf/MaterialFunctions/MF_Iridescence" 3705
"/InterchangeAssets/gltf/MaterialFunctions/MF_IOR" 3706
"../../../Engine/Plugins/Interchange/Assets/Content/gltf/MaterialFunctions/MF_Emissive.uasset" 3707
"../../../Engine/Plugins/Interchange/Assets/Content/Functions/MF_Iridescence.uasset" 3708
"../../../Engine/Plugins/Interchange/Assets/Content/gltf/MaterialInstances/MI_ClearCoat_Blend.uasset" 3709
"../../../Engine/Plugins/Interchange/Assets/Content/gltf/MaterialInstances/MI_ClearCoat_Mask.uasset" 3710
"../../../Engine/Content/Functions/Engine_MaterialFunctions01/Texturing/FlattenNormal.uasset" 3711
"../../../Engine/Content/Functions/Engine_MaterialFunctions03/Math/RemapValueRange.uasset" 3712
"../../../Engine/Plugins/Interchange/Assets/Content/gltf/MaterialBodies/MF_ClearCoat_Body.uasset" 3713
"../../../Engine/Plugins/Interchange/Assets/Content/gltf/MaterialInstances/MI_ClearCoat_Mask_DS.uasset" 3714
"../../../Engine/Plugins/Interchange/Assets/Content/gltf/MaterialInstances/MI_ClearCoat_Opaque_DS.uasset" 3715
"../../../Engine/Plugins/Interchange/Assets/Content/gltf/MaterialInstances/MI_ClearCoat_Opaque.uasset" 3716
"../../../Engine/Plugins/Interchange/Assets/Content/gltf/MaterialFunctions/MF_Clearcoat.uasset" 3717
"../../../Engine/Plugins/Interchange/Assets/Content/Utilities/New_LUT.uasset" 3718
"../../../Engine/Plugins/Interchange/Assets/Content/gltf/MaterialInstances/MI_Default_Opaque.uasset" 3719
"../../../Engine/Plugins/Interchange/Assets/Content/gltf/MaterialInstances/MI_ClearCoat_Blend_DS.uasset" 3720
"../../../Engine/Plugins/Interchange/Assets/Content/gltf/MaterialFunctions/MF_BaseColor.uasset" 3721
"../../../Engine/Plugins/Interchange/Assets/Content/gltf/MaterialBodies/MF_Default_Body.uasset" 3722
"../../../Engine/Plugins/Interchange/Assets/Content/gltf/M_ClearCoat.uasset" 3723
"../../../Engine/Plugins/Interchange/Assets/Content/gltf/M_Default.uasset" 3724
"../../../Engine/Plugins/Interchange/Assets/Content/gltf/MaterialInstances/MI_Default_Mask_DS.uasset" 3725
"../../../Engine/Plugins/Interchange/Assets/Content/gltf/MaterialInstances/MI_Default_Blend.uasset" 3726
"../../../Engine/Plugins/Interchange/Assets/Content/gltf/MaterialInstances/MI_Default_Mask.uasset" 3727
"../../../Engine/Plugins/Interchange/Assets/Content/gltf/MaterialInstances/MI_Default_Opaque_DS.uasset" 3728
"../../../Engine/Plugins/Interchange/Assets/Content/gltf/MaterialInstances/MI_Default_Blend_DS.uasset" 3729
"../../../Engine/Plugins/Interchange/Assets/Content/gltf/MaterialInstances/MI_Sheen_Opaque.uasset" 3730
"../../../Engine/Plugins/Interchange/Assets/Content/gltf/MaterialInstances/MI_Sheen_Mask.uasset" 3731
"../../../Engine/Plugins/Interchange/Assets/Content/gltf/M_Sheen.uasset" 3732
"../../../Engine/Plugins/Interchange/Assets/Content/gltf/MaterialFunctions/MF_Sheen.uasset" 3733
"../../../Engine/Plugins/Interchange/Assets/Content/gltf/MaterialBodies/MF_Sheen_Body.uasset" 3734
"../../../Engine/Plugins/Interchange/Assets/Content/gltf/MaterialInstances/MI_Sheen_Opaque_DS.uasset" 3735
"../../../Engine/Plugins/Interchange/Assets/Content/gltf/MaterialInstances/MI_Sheen_Blend_DS.uasset" 3736
"../../../Engine/Plugins/Interchange/Assets/Content/gltf/MaterialInstances/MI_Sheen_Blend.uasset" 3737
"../../../Engine/Plugins/Interchange/Assets/Content/gltf/MaterialInstances/MI_Sheen_Mask_DS.uasset" 3738
"/InterchangeAssets/gltf/MaterialInstances/MI_Sheen_Opaque" 3739
"/InterchangeAssets/gltf/MaterialInstances/MI_Default_Blend_DS" 3740
"/InterchangeAssets/gltf/MaterialInstances/MI_Default_Mask_DS" 3741
"/InterchangeAssets/gltf/MaterialInstances/MI_Default_Opaque_DS" 3742
"/InterchangeAssets/gltf/MaterialInstances/MI_Default_Blend" 3743
"/InterchangeAssets/gltf/MaterialInstances/MI_Default_Mask" 3744
"/InterchangeAssets/gltf/MaterialInstances/MI_Default_Opaque" 3745
"/InterchangeAssets/gltf/MaterialInstances/MI_ClearCoat_Blend_DS" 3746
"/InterchangeAssets/gltf/MaterialInstances/MI_ClearCoat_Mask_DS" 3747
"/InterchangeAssets/gltf/MaterialInstances/MI_ClearCoat_Opaque_DS" 3748
"/InterchangeAssets/gltf/MaterialInstances/MI_ClearCoat_Blend" 3749
"/InterchangeAssets/gltf/MaterialInstances/MI_ClearCoat_Mask" 3750
"/InterchangeAssets/gltf/MaterialInstances/MI_ClearCoat_Opaque" 3751
"/InterchangeAssets/gltf/MaterialInstances/MI_Sheen_Blend_DS" 3752
"/InterchangeAssets/gltf/MaterialInstances/MI_Sheen_Mask" 3753
"../../../Engine/Plugins/Interchange/Assets/Shaders/ThinFilmFunctions.usf" 3754
"/InterchangeAssets/gltf/MaterialInstances/MI_Sheen_Blend" 3755
"/InterchangeAssets/gltf/MaterialInstances/MI_Sheen_Opaque_DS" 3756
"/InterchangeAssets/gltf/MaterialInstances/MI_Sheen_Mask_DS" 3757
"../../../Engine/Plugins/Interchange/Assets/Content/gltf/MaterialFunctions/MF_Temporal_Blur.uasset" 3758
"../../../Engine/Plugins/Interchange/Assets/Content/gltf/M_Transmission.uasset" 3759
"../../../Engine/Plugins/Interchange/Assets/Content/gltf/MaterialFunctions/MF_Transmission.uasset" 3760
"../../../Engine/Content/Functions/Engine_MaterialFunctions02/Texturing/ScreenAlignedPixelToPixelUVs.uasset" 3761
"../../../Engine/Content/Functions/Engine_MaterialFunctions02/Math/AddComponents.uasset" 3762
"../../../Engine/Plugins/Interchange/Assets/Content/gltf/MaterialInstances/MI_Transmission_DS.uasset" 3763
"../../../Engine/Plugins/Interchange/Assets/Content/gltf/MaterialInstances/MI_Transmission.uasset" 3764
"../../../Engine/Plugins/Interchange/Assets/Content/gltf/MaterialFunctions/MF_Fresnel_DS.uasset" 3765
"../../../Engine/Plugins/Interchange/Assets/Content/gltf/MaterialBodies/MF_Transmission_Body.uasset" 3766
"../../../Engine/Plugins/Interchange/Assets/Content/gltf/MaterialFunctions/MF_DiffuseSpecGloss.uasset" 3767
"../../../Engine/Plugins/Interchange/Assets/Content/gltf/MaterialFunctions/MF_MaxComponentValue.uasset" 3768
"../../../Engine/Plugins/Interchange/Assets/Content/gltf/MaterialFunctions/MF_SpecGlossToMetalRoughness.uasset" 3769
"../../../Engine/Plugins/Interchange/Assets/Content/gltf/MaterialBodies/MF_SpecularGlossiness_Body.uasset" 3770
"../../../Engine/Plugins/Interchange/Assets/Content/gltf/M_SpecularGlossiness.uasset" 3771
"../../../Engine/Plugins/Interchange/Assets/Content/gltf/MaterialInstances/MI_SpecularGlossiness_Mask.uasset" 3772
"../../../Engine/Plugins/Interchange/Assets/Content/gltf/MaterialBodies/MF_Unlit_Body.uasset" 3773
"../../../Engine/Plugins/Interchange/Assets/Content/gltf/M_Unlit.uasset" 3774
"../../../Engine/Plugins/Interchange/Assets/Content/gltf/MaterialFunctions/MF_PerceivedBrightness.uasset" 3775
"../../../Engine/Plugins/Interchange/Assets/Content/gltf/MaterialInstances/MI_SpecularGlossiness_Blend_DS.uasset" 3776
"../../../Engine/Plugins/Interchange/Assets/Content/gltf/MaterialInstances/MI_Unlit_Opaque.uasset" 3777
"../../../Engine/Plugins/Interchange/Assets/Content/gltf/MaterialInstances/MI_Unlit_Mask.uasset" 3778
"../../../Engine/Plugins/Interchange/Assets/Content/gltf/MaterialInstances/MI_SpecularGlossiness_Opaque.uasset" 3779
"../../../Engine/Plugins/Interchange/Assets/Content/gltf/MaterialInstances/MI_Unlit_Blend.uasset" 3780
"../../../Engine/Plugins/Interchange/Assets/Content/gltf/MaterialInstances/MI_Unlit_Mask_DS.uasset" 3781
"../../../Engine/Plugins/Interchange/Assets/Content/gltf/MaterialInstances/MI_SpecularGlossiness_Blend.uasset" 3782
"../../../Engine/Plugins/Interchange/Assets/Content/gltf/MaterialInstances/MI_SpecularGlossiness_Mask_DS.uasset" 3783
"../../../Engine/Plugins/Interchange/Assets/Content/gltf/MaterialInstances/MI_SpecularGlossiness_Opaque_DS.uasset" 3784
"../../../Engine/Plugins/Interchange/Assets/Content/Functions/MX_Transmission.uasset" 3785
"../../../Engine/Content/Functions/Engine_MaterialFunctions01/Volumetrics/BeersLaw.uasset" 3786
"../../../Engine/Content/Functions/Substrate/MF_SchlickInternal.uasset" 3787
"../../../Engine/Plugins/Interchange/Assets/Content/gltf/MaterialInstances/MI_Unlit_Opaque_DS.uasset" 3788
"../../../Engine/Plugins/Interchange/Assets/Content/gltf/MaterialInstances/MI_Unlit_Blend_DS.uasset" 3789
"/Engine/Functions/Substrate/MF_SchlickInternal" 3790
"/InterchangeAssets/Functions/MX_Transmission" 3791
"/InterchangeAssets/gltf/MaterialInstances/MI_Unlit_Blend_DS" 3792
"/InterchangeAssets/gltf/MaterialInstances/MI_Unlit_Mask_DS" 3793
"/InterchangeAssets/gltf/MaterialInstances/MI_Unlit_Opaque_DS" 3794
"/InterchangeAssets/gltf/MaterialInstances/MI_Unlit_Blend" 3795
"/InterchangeAssets/gltf/MaterialInstances/MI_Unlit_Mask" 3796
"/InterchangeAssets/gltf/MaterialInstances/MI_Unlit_Opaque" 3797
"/InterchangeAssets/gltf/MaterialInstances/MI_SpecularGlossiness_Blend_DS" 3798
"/InterchangeAssets/gltf/MaterialInstances/MI_SpecularGlossiness_Mask_DS" 3799
"/InterchangeAssets/gltf/MaterialInstances/MI_SpecularGlossiness_Opaque_DS" 3800
"/InterchangeAssets/gltf/MaterialInstances/MI_SpecularGlossiness_Blend" 3801
"/InterchangeAssets/gltf/MaterialInstances/MI_SpecularGlossiness_Mask" 3802
"/InterchangeAssets/gltf/MaterialInstances/MI_SpecularGlossiness_Opaque" 3803
"/InterchangeAssets/gltf/MaterialInstances/MI_Transmission_DS" 3804
"/InterchangeAssets/gltf/MaterialInstances/MI_Transmission" 3805
"../../../Engine/Plugins/Interchange/Assets/Content/Functions/MX_StandardSurface.uasset" 3806
"../../../Engine/Plugins/Interchange/Assets/Content/Functions/MX_OpenPBR_Translucent.uasset" 3807
"../../../Engine/Content/__ExternalActors__/Maps/Templates/OpenWorld/0/CC/WDYA7H76HHF9UENRUYXBJA.uasset" 3808
"../../../Engine/Plugins/Interchange/Assets/Content/Functions/MF_OrenNayerView.uasset" 3809
"../../../Engine/Content/Maps/Templates/OpenWorld.umap" 3810
"../../../Engine/Plugins/Interchange/Assets/Content/Functions/MX_OpenPBR_Opaque.uasset" 3811
"../../../Engine/Plugins/Interchange/Assets/Content/Functions/MX_TransmissionSurface.uasset" 3812
"../../../Engine/Plugins/Animation/ControlRig/Content/Controls/ControlRig_Sphere_solid.uasset" 3813
"../../../Engine/Plugins/Animation/ControlRig/Content/Controls/ControlRig_Arrow2_1mm.uasset" 3814
"../../../Engine/Plugins/Animation/DeformerGraph/Shaders/Private/DataInterfaceCustomComputeKernel.ush" 3815
"../../../Engine/Content/OpenWorldTemplate/HLOD/HLOD0_Instancing.uasset" 3816
"../../../Engine/Plugins/Animation/ControlRig/Content/Controls/ControlRig_Arrow4_1mm.uasset" 3817
"../../../Engine/Plugins/Animation/ControlRig/Content/Controls/ControlRig_Arrow4_3mm.uasset" 3818
"../../../Engine/Plugins/Animation/ControlRig/Content/Controls/ControlRig_Arrow4_solid.uasset" 3819
"../../../Engine/Plugins/Animation/ControlRig/Content/Controls/ControlRig_Arrow_1mm.uasset" 3820
"../../../Engine/Plugins/Animation/ControlRig/Content/Controls/ControlRig_Arrow_3mm.uasset" 3821
"../../../Engine/Plugins/Animation/ControlRig/Content/Controls/ControlRig_Box_1mm.uasset" 3822
"../../../Engine/Plugins/Animation/ControlRig/Content/Controls/ControlRig_Box_solid.uasset" 3823
"../../../Engine/Plugins/Animation/ControlRig/Content/Controls/ControlRig_Arrow_solid.uasset" 3824
"../../../Engine/Plugins/Animation/ControlRig/Content/Controls/ControlRig_Box_3mm.uasset" 3825
"../../../Engine/Plugins/Animation/ControlRig/Content/Controls/ControlRig_Circle_1mm.uasset" 3826
"../../../Engine/Plugins/Animation/DeformerGraph/Shaders/Private/DataInterfaceCloth.ush" 3827
"../../../Engine/Plugins/Animation/ControlRig/Content/Controls/ControlRig_Diamond_1mm.uasset" 3828
"../../../Engine/Plugins/Animation/ControlRig/Content/Controls/ControlRig_Circle_solid.uasset" 3829
"../../../Engine/Plugins/Animation/ControlRig/Content/Controls/ControlRig_Arrow2_solid.uasset" 3830
"../../../Engine/Plugins/Animation/ControlRig/Content/Controls/ControlRig_Diamond_3mm.uasset" 3831
"../../../Engine/Plugins/Animation/ControlRig/Content/Controls/ControlRig_Diamond_solid.uasset" 3832
"../../../Engine/Plugins/Animation/ControlRig/Content/Controls/ControlRig_Arrow2_3mm.uasset" 3833
"../../../Engine/Plugins/Animation/ControlRig/Content/Controls/ControlRig_Circle_3mm.uasset" 3834
"../../../Engine/Plugins/Animation/DeformerGraph/Shaders/Private/DataInterfaceSkinnedMeshRead.ush" 3835
"../../../Engine/Plugins/Animation/DeformerGraph/Shaders/Private/DataInterfaceSkeleton.ush" 3836
"../../../Engine/Plugins/Animation/DeformerGraph/Shaders/Private/DataInterfaceSkeletonCommon.ush" 3837
"../../../Engine/Plugins/Animation/DeformerGraph/Shaders/Private/DataInterfaceMorphTarget.ush" 3838
"../../../Engine/Plugins/Animation/DeformerGraph/Shaders/Private/DataInterfaceSkinnedMeshWrite.ush" 3839
"../../../Engine/Plugins/Animation/ControlRig/Content/Controls/ControlRig_HalfCircle_solid.uasset" 3840
"../../../Engine/Plugins/Animation/ControlRig/Content/Controls/ControlRig_HalfCircle_1mm.uasset" 3841
"../../../Engine/Plugins/Animation/ControlRig/Content/Controls/ControlRig_HalfCircle_3mm.uasset" 3842
"../../../Engine/Plugins/Animation/ControlRig/Content/Controls/ControlRig_Hexagon_1mm.uasset" 3843
"../../../Engine/Plugins/Animation/DeformerGraph/Shaders/Private/DataInterfaceRawBuffer.ush" 3844
"../../../Engine/Plugins/Runtime/ComputeFramework/Shaders/Private/BufferAlias.ush" 3845
"../../../Engine/Plugins/Animation/DeformerGraph/Shaders/Private/DataInterfaceSkinnedMesh.ush" 3846
"../../../Engine/Plugins/Animation/DeformerGraph/Shaders/Private/DataInterfaceHalfEdge.ush" 3847
"/ControlRig/Controls/ControlRig_Hexagon_1mm" 3848
"/ControlRig/Controls/ControlRig_HalfCircle_solid" 3849
"/ControlRig/Controls/ControlRig_Diamond_solid" 3850
"/ControlRig/Controls/ControlRig_Diamond_3mm" 3851
"/ControlRig/Controls/ControlRig_Diamond_1mm" 3852
"/ControlRig/Controls/ControlRig_Circle_solid" 3853
"/ControlRig/Controls/ControlRig_Circle_3mm" 3854
"/ControlRig/Controls/ControlRig_Circle_1mm" 3855
"/ControlRig/Controls/ControlRig_Box_solid" 3856
"/ControlRig/Controls/ControlRig_Box_3mm" 3857
"/ControlRig/Controls/ControlRig_Box_1mm" 3858
"/ControlRig/Controls/ControlRig_Arrow_solid" 3859
"/ControlRig/Controls/ControlRig_Arrow_3mm" 3860
"/ControlRig/Controls/ControlRig_Arrow_1mm" 3861
"/ControlRig/Controls/ControlRig_Arrow4_solid" 3862
"/ControlRig/Controls/ControlRig_Arrow4_3mm" 3863
"/ControlRig/Controls/ControlRig_Arrow4_1mm" 3864
"/ControlRig/Controls/ControlRig_Arrow2_solid" 3865
"/ControlRig/Controls/ControlRig_Arrow2_3mm" 3866
"/ControlRig/Controls/ControlRig_Arrow2_1mm" 3867
"/ControlRig/Controls/ControlRig_Sphere_solid" 3868
"/Engine/Maps/Templates/OpenWorld" 3869
"/InterchangeAssets/Functions/MX_OpenPBR_Opaque" 3870
"/InterchangeAssets/Functions/MX_OpenPBR_Translucent" 3871
"/ControlRig/Controls/ControlRig_HalfCircle_3mm" 3872
"/ControlRig/Controls/ControlRig_HalfCircle_1mm" 3873
"/Engine/__ExternalActors__/Maps/Templates/OpenWorld/1/HR/LT682TB6P4HSTJRCMK734C" 3874
"../../../Engine/Content/__ExternalActors__/Maps/Templates/OpenWorld/1/HR/LT682TB6P4HSTJRCMK734C.uasset" 3875
"/Engine/__ExternalActors__/Maps/Templates/OpenWorld/1/SV/SS02XJ52CRRX3HSA4VFDSY" 3876
"../../../Engine/Content/__ExternalActors__/Maps/Templates/OpenWorld/1/SV/SS02XJ52CRRX3HSA4VFDSY.uasset" 3877
"../../../Engine/Content/EngineSky/M_SimpleSkyDome.uasset" 3878
"../../../Engine/Content/EngineSky/SM_SkySphere.uasset" 3879
"../../../Engine/Content/EngineSky/M_Sky_Panning_Clouds2.uasset" 3880
"../../../Engine/Content/EngineSky/T_Sky_Blue.uasset" 3881
"../../../Engine/Content/EngineSky/T_Sky_Clouds_M.uasset" 3882
"../../../Engine/Content/EngineSky/T_Sky_Stars.uasset" 3883
"/Engine/__ExternalActors__/Maps/Templates/OpenWorld/2/SJ/GUB2EKUL20O8F1JU7EE2C6" 3884
"../../../Engine/Content/__ExternalActors__/Maps/Templates/OpenWorld/2/SJ/GUB2EKUL20O8F1JU7EE2C6.uasset" 3885
"/Engine/__ExternalActors__/Maps/Templates/OpenWorld/5/BO/TIYN0FUM3SH5CEOVF3MCIW" 3886
"../../../Engine/Content/__ExternalActors__/Maps/Templates/OpenWorld/5/BO/TIYN0FUM3SH5CEOVF3MCIW.uasset" 3887
"/Engine/__ExternalActors__/Maps/Templates/OpenWorld/8/YO/ESEY0E5HXEVVN5BDMQZLOE" 3888
"../../../Engine/Content/__ExternalActors__/Maps/Templates/OpenWorld/8/YO/ESEY0E5HXEVVN5BDMQZLOE.uasset" 3889
"/Engine/__ExternalActors__/Maps/Templates/OpenWorld/D/6F/D33XLI8PYECFOTGNZSA42R" 3890
"../../../Engine/Content/__ExternalActors__/Maps/Templates/OpenWorld/D/6F/D33XLI8PYECFOTGNZSA42R.uasset" 3891
"/Engine/__ExternalActors__/Maps/Templates/OpenWorld/D/WF/ZAYT9Q4BG64HJSP3QN6FTA" 3892
"../../../Engine/Content/__ExternalActors__/Maps/Templates/OpenWorld/D/WF/ZAYT9Q4BG64HJSP3QN6FTA.uasset" 3893
"/Engine/__ExternalActors__/Maps/Templates/OpenWorld/E/C4/F02RBAU6SZ9EGKCNGLSPBP" 3894
"../../../Engine/Content/__ExternalActors__/Maps/Templates/OpenWorld/E/C4/F02RBAU6SZ9EGKCNGLSPBP.uasset" 3895
"../../../Engine/Content/OpenWorldTemplate/LandscapeMaterial/M_ProcGrid.uasset" 3896
"../../../Engine/Content/Functions/Engine_MaterialFunctions01/Gradient/LinearGradient.uasset" 3897
"../../../Engine/Content/Functions/Engine_MaterialFunctions01/ImageAdjustment/CheapContrast.uasset" 3898
"../../../Engine/Content/Functions/Engine_MaterialFunctions03/Blends/Blend_Overlay.uasset" 3899
"../../../Engine/Content/OpenWorldTemplate/LandscapeMaterial/MF_ProcGrid.uasset" 3900
"../../../Engine/Content/EngineMaterials/BlendFunc_DefBase.uasset" 3901
"../../../Engine/Content/EngineMaterials/BlendFunc_DefBlend.uasset" 3902
"../../../Engine/Content/OpenWorldTemplate/LandscapeMaterial/T_GridChecker_A.uasset" 3903
"/Engine/EditorResources/EmptyActor" 3904
"../../../Engine/Content/EditorResources/EmptyActor.uasset" 3905
"/Engine/EngineSky/VolumetricClouds/m_SimpleVolumetricCloud_Inst" 3906
"../../../Engine/Content/EngineSky/VolumetricClouds/m_SimpleVolumetricCloud_Inst.uasset" 3907
"../../../Engine/Content/EngineSky/VolumetricClouds/m_SimpleVolumetricCloud.uasset" 3908
"../../../Engine/Content/EngineSky/VolumetricClouds/T_CloudMask.uasset" 3909
"../../../Engine/Content/EngineSky/VolumetricClouds/T_CloudPattern.uasset" 3910
"../../../Engine/Content/EngineSky/VolumetricClouds/T_Profile_08.uasset" 3911
"../../../Engine/Content/EngineSky/VolumetricClouds/VT_PerlinWorley_Balanced.uasset" 3912
"../../../Engine/Content/Functions/Engine_MaterialFunctions01/Units/Km-to-Cm.uasset" 3913
"../../../Engine/Content/Functions/Engine_MaterialFunctions02/Utility/BreakOutFloat4Components.uasset" 3914
"../../../Engine/Content/Functions/Engine_MaterialFunctions02/Utility/MakeFloat4.uasset" 3915
"../../../Engine/Content/EngineSky/VolumetricClouds/VT_Lightning.uasset" 3916
"../../../Engine/Plugins/Animation/ControlRig/Content/Controls/ControlRig_Hexagon_3mm.uasset" 3917
"../../../Engine/Plugins/Animation/ControlRig/Content/Controls/ControlRig_Octagon_solid.uasset" 3918
"../../../Engine/Plugins/Animation/ControlRig/Content/Controls/ControlRig_Hexagon_solid.uasset" 3919
"../../../Engine/Plugins/Animation/ControlRig/Content/Controls/ControlRig_Octagon_1mm.uasset" 3920
"../../../Engine/Plugins/Animation/ControlRig/Content/Controls/ControlRig_Octagon_3mm.uasset" 3921
"/ControlRig/Controls/ControlRig_Octagon_solid" 3922
"/ControlRig/Controls/ControlRig_Octagon_3mm" 3923
"../../../Engine/Plugins/Animation/ControlRig/Content/Controls/ControlRig_Pyramid_solid.uasset" 3924
"/ControlRig/Controls/ControlRig_Octagon_1mm" 3925
"/ControlRig/Controls/ControlRig_Hexagon_solid" 3926
"/ControlRig/Controls/ControlRig_Hexagon_3mm" 3927
"../../../Engine/Plugins/Animation/ControlRig/Content/Controls/ControlRig_QuarterCircle_1mm.uasset" 3928
"../../../Engine/Plugins/Animation/ControlRig/Content/Controls/ControlRig_QuarterCircle_solid.uasset" 3929
"/ControlRig/Controls/ControlRig_QuarterCircle_1mm" 3930
"../../../Engine/Plugins/Animation/ControlRig/Content/Controls/ControlRig_Pyramid_3mm.uasset" 3931
"../../../Engine/Plugins/Animation/ControlRig/Content/Controls/ControlRig_RoundedSquare_1mm.uasset" 3932
"../../../Engine/Plugins/Animation/ControlRig/Content/Controls/ControlRig_QuarterCircle_3mm.uasset" 3933
"../../../Engine/Plugins/Animation/ControlRig/Content/Controls/ControlRig_RoundedTriangle_1mm.uasset" 3934
"/ControlRig/Controls/ControlRig_Pyramid_solid" 3935
"/Engine/__ExternalActors__/Maps/Templates/OpenWorld/E/SI/TI40SGT0J4D63RIQKYYMXM" 3936
"../../../Engine/Plugins/Animation/ControlRig/Content/Controls/ControlRig_RoundedSquare_3mm.uasset" 3937
"../../../Engine/Plugins/Animation/ControlRig/Content/Controls/ControlRig_RoundedTriangle_3mm.uasset" 3938
"../../../Engine/Plugins/Animation/ControlRig/Content/Controls/ControlRig_Pyramid_1mm.uasset" 3939
"../../../Engine/Plugins/Animation/ControlRig/Content/Controls/ControlRig_RoundedSquare_solid.uasset" 3940
"../../../Engine/Plugins/Animation/ControlRig/Content/Controls/ControlRig_Sphere_1mm.uasset" 3941
"../../../Engine/Plugins/Animation/ControlRig/Content/Controls/ControlRig_Square_3mm.uasset" 3942
"../../../Engine/Plugins/Animation/ControlRig/Content/Controls/ControlRig_RoundedTriangle_solid.uasset" 3943
"../../../Engine/Plugins/Animation/ControlRig/Content/Controls/ControlRig_Star4_3mm.uasset" 3944
"../../../Engine/Plugins/Animation/ControlRig/Content/Controls/ControlRig_Star4_1mm.uasset" 3945
"../../../Engine/Plugins/Animation/ControlRig/Content/Controls/ControlRig_Square_solid.uasset" 3946
"../../../Engine/Plugins/Animation/ControlRig/Content/Controls/ControlRig_Square_1mm.uasset" 3947
"../../../Engine/Plugins/Animation/ControlRig/Content/Controls/ControlRig_Sphere_3mm.uasset" 3948
"../../../Engine/Content/__ExternalActors__/Maps/Templates/OpenWorld/E/SI/TI40SGT0J4D63RIQKYYMXM.uasset" 3949
"../../../Engine/Plugins/Animation/ControlRig/Content/Controls/ControlRig_Triangle_3mm.uasset" 3950
"../../../Engine/Plugins/Animation/ControlRig/Content/Controls/ControlRig_Triangle_1mm.uasset" 3951
"../../../Engine/Plugins/Animation/ControlRig/Content/Controls/ControlRig_Wedge_1mm.uasset" 3952
"../../../Engine/Plugins/Animation/ControlRig/Content/Controls/ControlRig_Star4_solid.uasset" 3953
"../../../Engine/Content/Maps/Entry_BuiltData.uasset" 3954
"../../../Engine/Plugins/Animation/ControlRig/Content/Controls/ControlRig_Wedge_3mm.uasset" 3955
"../../../Engine/Plugins/Animation/ControlRig/Content/Controls/ControlRig_Triangle_solid.uasset" 3956
"../../../Engine/Plugins/Animation/ControlRig/Content/Controls/ControlRig_Wedge_solid.uasset" 3957
"/Engine/__ExternalActors__/Maps/Templates/OpenWorld/E/E8/NG6H540VO5IXS4SM1TGGKO" 3958
"../../../Engine/Content/__ExternalActors__/Maps/Templates/OpenWorld/E/E8/NG6H540VO5IXS4SM1TGGKO.uasset" 3959
"/Engine/__ExternalActors__/Maps/Templates/OpenWorld/D/YR/I017Y1HLOS635ZMP2TLHJX" 3960
"../../../Engine/Content/__ExternalActors__/Maps/Templates/OpenWorld/D/YR/I017Y1HLOS635ZMP2TLHJX.uasset" 3961
"/Engine/__ExternalActors__/Maps/Templates/OpenWorld/D/XC/NCQVN0MLHWDXR4YK17HE2J" 3962
"../../../Engine/Content/__ExternalActors__/Maps/Templates/OpenWorld/D/XC/NCQVN0MLHWDXR4YK17HE2J.uasset" 3963
"../../../Engine/Content/Maps/Entry.umap" 3964
"/Engine/__ExternalActors__/Maps/Templates/OpenWorld/D/X7/S2RERO642Z9R49WW6ZE4KV" 3965
"../../../Engine/Content/__ExternalActors__/Maps/Templates/OpenWorld/D/X7/S2RERO642Z9R49WW6ZE4KV.uasset" 3966
"/Engine/__ExternalActors__/Maps/Templates/OpenWorld/D/R2/J0MMRZ3V2RDPN33J2S33ZJ" 3967
"../../../Engine/Content/__ExternalActors__/Maps/Templates/OpenWorld/D/R2/J0MMRZ3V2RDPN33J2S33ZJ.uasset" 3968
"/Engine/__ExternalActors__/Maps/Templates/OpenWorld/D/FH/YEQQOIJ3BNU7FZDRKVUZZO" 3969
"../../../Engine/Content/__ExternalActors__/Maps/Templates/OpenWorld/D/FH/YEQQOIJ3BNU7FZDRKVUZZO.uasset" 3970
"/Engine/__ExternalActors__/Maps/Templates/OpenWorld/D/3G/YQB0MZ4557X9DVE0F0I8QE" 3971
"../../../Engine/Content/__ExternalActors__/Maps/Templates/OpenWorld/D/3G/YQB0MZ4557X9DVE0F0I8QE.uasset" 3972
"/Engine/__ExternalActors__/Maps/Templates/OpenWorld/D/02/XDM669NAU8NSRA6FV796CE" 3973
"../../../Engine/Content/__ExternalActors__/Maps/Templates/OpenWorld/D/02/XDM669NAU8NSRA6FV796CE.uasset" 3974
"/Engine/__ExternalActors__/Maps/Templates/OpenWorld/7/VJ/9LQX4A09CNM8TATIA1T7NH" 3975
"../../../Engine/Content/__ExternalActors__/Maps/Templates/OpenWorld/7/VJ/9LQX4A09CNM8TATIA1T7NH.uasset" 3976
"/Engine/__ExternalActors__/Maps/Templates/OpenWorld/8/10/J0H3C3FLUMY3GRTEATZH50" 3977
"../../../Engine/Content/__ExternalActors__/Maps/Templates/OpenWorld/8/10/J0H3C3FLUMY3GRTEATZH50.uasset" 3978
"/Engine/__ExternalActors__/Maps/Templates/OpenWorld/8/4E/6X2LF5M4GJACKSAZWHMMYZ" 3979
"../../../Engine/Content/__ExternalActors__/Maps/Templates/OpenWorld/8/4E/6X2LF5M4GJACKSAZWHMMYZ.uasset" 3980
"/Engine/__ExternalActors__/Maps/Templates/OpenWorld/8/E9/CFPXJNMC0901PIWNMJDXPL" 3981
"../../../Engine/Content/__ExternalActors__/Maps/Templates/OpenWorld/8/E9/CFPXJNMC0901PIWNMJDXPL.uasset" 3982
"/Engine/__ExternalActors__/Maps/Templates/OpenWorld/8/MI/8FR6U8QWRABNNBFVHWOAWB" 3983
"../../../Engine/Content/__ExternalActors__/Maps/Templates/OpenWorld/8/MI/8FR6U8QWRABNNBFVHWOAWB.uasset" 3984
"/Engine/__ExternalActors__/Maps/Templates/OpenWorld/9/9M/76V7GBFY28HAZWO7KGINSN" 3985
"../../../Engine/Content/__ExternalActors__/Maps/Templates/OpenWorld/9/9M/76V7GBFY28HAZWO7KGINSN.uasset" 3986
"/Engine/__ExternalActors__/Maps/Templates/OpenWorld/9/OG/GRLOHBEDGLRDJ7ALVKWBR4" 3987
"../../../Engine/Content/__ExternalActors__/Maps/Templates/OpenWorld/9/OG/GRLOHBEDGLRDJ7ALVKWBR4.uasset" 3988
"/Engine/__ExternalActors__/Maps/Templates/OpenWorld/A/21/LIJ7LP5MUAYCOMJNBYVTPT" 3989
"../../../Engine/Content/__ExternalActors__/Maps/Templates/OpenWorld/A/21/LIJ7LP5MUAYCOMJNBYVTPT.uasset" 3990
"/Engine/__ExternalActors__/Maps/Templates/OpenWorld/A/9Z/3O1J47LASQDXUEAV2FHEBM" 3991
"../../../Engine/Content/__ExternalActors__/Maps/Templates/OpenWorld/A/9Z/3O1J47LASQDXUEAV2FHEBM.uasset" 3992
"/Engine/__ExternalActors__/Maps/Templates/OpenWorld/B/AQ/T365MTIZ0AHKXDX3030T91" 3993
"../../../Engine/Content/__ExternalActors__/Maps/Templates/OpenWorld/B/AQ/T365MTIZ0AHKXDX3030T91.uasset" 3994
"/Engine/__ExternalActors__/Maps/Templates/OpenWorld/B/DH/CGZKHGOFN0M7BUZD4OUIKT" 3995
"../../../Engine/Content/__ExternalActors__/Maps/Templates/OpenWorld/B/DH/CGZKHGOFN0M7BUZD4OUIKT.uasset" 3996
"/Engine/__ExternalActors__/Maps/Templates/OpenWorld/B/FS/YEUH0KPAUSFGKST2H2XGZJ" 3997
"../../../Engine/Content/__ExternalActors__/Maps/Templates/OpenWorld/B/FS/YEUH0KPAUSFGKST2H2XGZJ.uasset" 3998
"/Engine/__ExternalActors__/Maps/Templates/OpenWorld/B/ML/JJ2YHS3IUKXQ25T5AKH56J" 3999
"../../../Engine/Content/__ExternalActors__/Maps/Templates/OpenWorld/B/ML/JJ2YHS3IUKXQ25T5AKH56J.uasset" 4000
"/Engine/__ExternalActors__/Maps/Templates/OpenWorld/B/RG/YU7NN5B9QJO6YF5ZTG8XC8" 4001
"../../../Engine/Content/__ExternalActors__/Maps/Templates/OpenWorld/B/RG/YU7NN5B9QJO6YF5ZTG8XC8.uasset" 4002
"/Engine/__ExternalActors__/Maps/Templates/OpenWorld/B/ZM/YHAGTLGWJ9T0072PI04NG3" 4003
"../../../Engine/Content/__ExternalActors__/Maps/Templates/OpenWorld/B/ZM/YHAGTLGWJ9T0072PI04NG3.uasset" 4004
"/Engine/__ExternalActors__/Maps/Templates/OpenWorld/C/I9/AJ6BGNL2CLVLI1RTL9FO2L" 4005
"../../../Engine/Content/__ExternalActors__/Maps/Templates/OpenWorld/C/I9/AJ6BGNL2CLVLI1RTL9FO2L.uasset" 4006
"/Engine/__ExternalActors__/Maps/Templates/OpenWorld/4/40/UOXBXHJRWZ17KVKFQOUS39" 4007
"../../../Engine/Content/__ExternalActors__/Maps/Templates/OpenWorld/4/40/UOXBXHJRWZ17KVKFQOUS39.uasset" 4008
"/Engine/__ExternalActors__/Maps/Templates/OpenWorld/4/J0/IZ97T3DS224ZE5JNLUBNUV" 4009
"../../../Engine/Content/__ExternalActors__/Maps/Templates/OpenWorld/4/J0/IZ97T3DS224ZE5JNLUBNUV.uasset" 4010
"/Engine/__ExternalActors__/Maps/Templates/OpenWorld/4/O6/RV7D86FR4JHF2UE90HW07M" 4011
"../../../Engine/Content/__ExternalActors__/Maps/Templates/OpenWorld/4/O6/RV7D86FR4JHF2UE90HW07M.uasset" 4012
"/Engine/__ExternalActors__/Maps/Templates/OpenWorld/4/PC/3GY1SKTEHE8BAYQDGV30M1" 4013
"../../../Engine/Content/__ExternalActors__/Maps/Templates/OpenWorld/4/PC/3GY1SKTEHE8BAYQDGV30M1.uasset" 4014
"/Engine/__ExternalActors__/Maps/Templates/OpenWorld/4/RT/MG15C0UXXQRV0JVWRQJISZ" 4015
"../../../Engine/Content/__ExternalActors__/Maps/Templates/OpenWorld/4/RT/MG15C0UXXQRV0JVWRQJISZ.uasset" 4016
"/Engine/__ExternalActors__/Maps/Templates/OpenWorld/4/S4/XACO1KKMI66CBFJN9H2BRO" 4017
"../../../Engine/Content/__ExternalActors__/Maps/Templates/OpenWorld/4/S4/XACO1KKMI66CBFJN9H2BRO.uasset" 4018
"/Engine/__ExternalActors__/Maps/Templates/OpenWorld/5/37/H44BYI66ITH1M56VG9XQV4" 4019
"../../../Engine/Content/__ExternalActors__/Maps/Templates/OpenWorld/5/37/H44BYI66ITH1M56VG9XQV4.uasset" 4020
"/Engine/__ExternalActors__/Maps/Templates/OpenWorld/5/3V/7BKY2RMHFQPXE7ZF1XJ0U9" 4021
"../../../Engine/Content/__ExternalActors__/Maps/Templates/OpenWorld/5/3V/7BKY2RMHFQPXE7ZF1XJ0U9.uasset" 4022
"/Engine/__ExternalActors__/Maps/Templates/OpenWorld/5/C8/GKZM278JVRCZYA95405LY7" 4023
"../../../Engine/Content/__ExternalActors__/Maps/Templates/OpenWorld/5/C8/GKZM278JVRCZYA95405LY7.uasset" 4024
"/Engine/__ExternalActors__/Maps/Templates/OpenWorld/6/4N/DN4AWK66I9SFKU5KMAW740" 4025
"../../../Engine/Content/__ExternalActors__/Maps/Templates/OpenWorld/6/4N/DN4AWK66I9SFKU5KMAW740.uasset" 4026
"/Engine/__ExternalActors__/Maps/Templates/OpenWorld/6/OO/2HJONZ0FWQR1O115ILCF4T" 4027
"../../../Engine/Content/__ExternalActors__/Maps/Templates/OpenWorld/6/OO/2HJONZ0FWQR1O115ILCF4T.uasset" 4028
"/Engine/__ExternalActors__/Maps/Templates/OpenWorld/7/7Y/G4WW8N40GC4GTU6EVBCMSZ" 4029
"../../../Engine/Content/__ExternalActors__/Maps/Templates/OpenWorld/7/7Y/G4WW8N40GC4GTU6EVBCMSZ.uasset" 4030
"/Engine/__ExternalActors__/Maps/Templates/OpenWorld/7/MK/TEXD9D1LJ6YPCG6SL30VHN" 4031
"../../../Engine/Content/__ExternalActors__/Maps/Templates/OpenWorld/7/MK/TEXD9D1LJ6YPCG6SL30VHN.uasset" 4032
"/Engine/__ExternalActors__/Maps/Templates/OpenWorld/7/OK/SEAN2F64CHO3LDZ0AH36XQ" 4033
"../../../Engine/Content/__ExternalActors__/Maps/Templates/OpenWorld/7/OK/SEAN2F64CHO3LDZ0AH36XQ.uasset" 4034
"/Engine/__ExternalActors__/Maps/Templates/OpenWorld/7/P5/HN2K8ZKQ2F8MNDYTNDLO09" 4035
"../../../Engine/Content/__ExternalActors__/Maps/Templates/OpenWorld/7/P5/HN2K8ZKQ2F8MNDYTNDLO09.uasset" 4036
"/Engine/__ExternalActors__/Maps/Templates/OpenWorld/7/SI/H1IC2U6KA5SQCGX13AM5C6" 4037
"../../../Engine/Content/__ExternalActors__/Maps/Templates/OpenWorld/7/SI/H1IC2U6KA5SQCGX13AM5C6.uasset" 4038
"/Engine/__ExternalActors__/Maps/Templates/OpenWorld/1/W7/WOIJ2EO34NCL8X2XRY0R2Q" 4039
"../../../Engine/Content/__ExternalActors__/Maps/Templates/OpenWorld/1/W7/WOIJ2EO34NCL8X2XRY0R2Q.uasset" 4040
"/Engine/__ExternalActors__/Maps/Templates/OpenWorld/2/2W/ANLD5XYRRTSZ6KDZ50Y9DT" 4041
"../../../Engine/Content/__ExternalActors__/Maps/Templates/OpenWorld/2/2W/ANLD5XYRRTSZ6KDZ50Y9DT.uasset" 4042
"/Engine/__ExternalActors__/Maps/Templates/OpenWorld/2/5R/L5HRF36RXYPBGTS0FD6B9B" 4043
"../../../Engine/Content/__ExternalActors__/Maps/Templates/OpenWorld/2/5R/L5HRF36RXYPBGTS0FD6B9B.uasset" 4044
"/Engine/__ExternalActors__/Maps/Templates/OpenWorld/2/FA/49ZR6ZHH8CF2C1JD77Q4ED" 4045
"../../../Engine/Content/__ExternalActors__/Maps/Templates/OpenWorld/2/FA/49ZR6ZHH8CF2C1JD77Q4ED.uasset" 4046
"/Engine/__ExternalActors__/Maps/Templates/OpenWorld/2/IN/38GJJAUSXTLENXKEDEFGSU" 4047
"../../../Engine/Content/__ExternalActors__/Maps/Templates/OpenWorld/2/IN/38GJJAUSXTLENXKEDEFGSU.uasset" 4048
"/Engine/__ExternalActors__/Maps/Templates/OpenWorld/2/ML/11T6R7R7BS5ZZAEQ598G6Q" 4049
"../../../Engine/Content/__ExternalActors__/Maps/Templates/OpenWorld/2/ML/11T6R7R7BS5ZZAEQ598G6Q.uasset" 4050
"/Engine/__ExternalActors__/Maps/Templates/OpenWorld/2/NP/19NSXDGR5APGMOCHXFR8UK" 4051
"../../../Engine/Content/__ExternalActors__/Maps/Templates/OpenWorld/2/NP/19NSXDGR5APGMOCHXFR8UK.uasset" 4052
"/Engine/__ExternalActors__/Maps/Templates/OpenWorld/2/P2/U7UGH6COIE3JDYT7437DSA" 4053
"../../../Engine/Content/__ExternalActors__/Maps/Templates/OpenWorld/2/P2/U7UGH6COIE3JDYT7437DSA.uasset" 4054
"/Engine/__ExternalActors__/Maps/Templates/OpenWorld/2/ST/K4A6UNOD93F0RPUUIEE5U1" 4055
"../../../Engine/Content/__ExternalActors__/Maps/Templates/OpenWorld/2/ST/K4A6UNOD93F0RPUUIEE5U1.uasset" 4056
"/Engine/__ExternalActors__/Maps/Templates/OpenWorld/2/T0/3RL7RZ5V18GXKIZMFMJOUF" 4057
"../../../Engine/Content/__ExternalActors__/Maps/Templates/OpenWorld/2/T0/3RL7RZ5V18GXKIZMFMJOUF.uasset" 4058
"/Engine/__ExternalActors__/Maps/Templates/OpenWorld/3/37/ZC3EFDZU905UZGCPVNO6NL" 4059
"../../../Engine/Content/__ExternalActors__/Maps/Templates/OpenWorld/3/37/ZC3EFDZU905UZGCPVNO6NL.uasset" 4060
"/Engine/__ExternalActors__/Maps/Templates/OpenWorld/3/MJ/0VP5T9S3Z20RD9I6IIKQWQ" 4061
"../../../Engine/Content/__ExternalActors__/Maps/Templates/OpenWorld/3/MJ/0VP5T9S3Z20RD9I6IIKQWQ.uasset" 4062
"/Engine/__ExternalActors__/Maps/Templates/OpenWorld/3/NZ/HCXCEB2P7AFAQJ2T4V3UNL" 4063
"../../../Engine/Content/__ExternalActors__/Maps/Templates/OpenWorld/3/NZ/HCXCEB2P7AFAQJ2T4V3UNL.uasset" 4064
"/Engine/__ExternalActors__/Maps/Templates/OpenWorld/3/V8/DG1H4UL6K2RINN5XMKLRZA" 4065
"../../../Engine/Content/__ExternalActors__/Maps/Templates/OpenWorld/3/V8/DG1H4UL6K2RINN5XMKLRZA.uasset" 4066
"/Engine/__ExternalActors__/Maps/Templates/OpenWorld/3/XF/OQLKUQUBT4P1A33FIS1EJ6" 4067
"../../../Engine/Content/__ExternalActors__/Maps/Templates/OpenWorld/3/XF/OQLKUQUBT4P1A33FIS1EJ6.uasset" 4068
"/Engine/__ExternalActors__/Maps/Templates/OpenWorld/4/1N/5TOBNLYN25C967WMQGLJ9P" 4069
"../../../Engine/Content/__ExternalActors__/Maps/Templates/OpenWorld/4/1N/5TOBNLYN25C967WMQGLJ9P.uasset" 4070
"/Engine/Maps/Entry_BuiltData" 4071
"/ControlRig/Controls/ControlRig_Wedge_solid" 4072
"/ControlRig/Controls/ControlRig_Wedge_3mm" 4073
"/ControlRig/Controls/ControlRig_Wedge_1mm" 4074
"/ControlRig/Controls/ControlRig_Triangle_solid" 4075
"/ControlRig/Controls/ControlRig_Triangle_3mm" 4076
"/ControlRig/Controls/ControlRig_Triangle_1mm" 4077
"/ControlRig/Controls/ControlRig_Star4_solid" 4078
"/ControlRig/Controls/ControlRig_Star4_3mm" 4079
"/Engine/__ExternalActors__/Maps/Templates/OpenWorld/0/03/DBBOQZJVVEJB2VEJNQV1KH" 4080
"../../../Engine/Content/__ExternalActors__/Maps/Templates/OpenWorld/0/03/DBBOQZJVVEJB2VEJNQV1KH.uasset" 4081
"/Engine/__ExternalActors__/Maps/Templates/OpenWorld/0/DE/HPJ5D6HFXBQGR5KE6BFEOG" 4082
"../../../Engine/Content/__ExternalActors__/Maps/Templates/OpenWorld/0/DE/HPJ5D6HFXBQGR5KE6BFEOG.uasset" 4083
"/Engine/__ExternalActors__/Maps/Templates/OpenWorld/0/SB/0L7PJTYD6VY7AGOJQ4Q6LN" 4084
"../../../Engine/Content/__ExternalActors__/Maps/Templates/OpenWorld/0/SB/0L7PJTYD6VY7AGOJQ4Q6LN.uasset" 4085
"/Engine/__ExternalActors__/Maps/Templates/OpenWorld/1/9D/YYFHNASO3MR7RH8G7M8YKS" 4086
"../../../Engine/Content/EditorMaterials/PreviewShadowIndicator.uasset" 4087
"../../../Engine/Content/EditorMaterials/PreviewShadowIndicatorMaterial.uasset" 4088
"../../../Engine/Content/__ExternalActors__/Maps/Templates/OpenWorld/1/9D/YYFHNASO3MR7RH8G7M8YKS.uasset" 4089
"/Engine/__ExternalActors__/Maps/Templates/OpenWorld/1/JS/VRUDS8N9VA2GUST0U3PQWG" 4090
"../../../Engine/Content/__ExternalActors__/Maps/Templates/OpenWorld/1/JS/VRUDS8N9VA2GUST0U3PQWG.uasset" 4091
"/Engine/__ExternalActors__/Maps/Templates/OpenWorld/1/K5/N01XJYY7OZ33C3E6ES5YS7" 4092
"../../../Engine/Content/__ExternalActors__/Maps/Templates/OpenWorld/1/K5/N01XJYY7OZ33C3E6ES5YS7.uasset" 4093
"/Engine/__ExternalActors__/Maps/Templates/OpenWorld/1/NJ/82MLNKCEZ5S5X05ZNVY7W4" 4094
"../../../Engine/Content/__ExternalActors__/Maps/Templates/OpenWorld/1/NJ/82MLNKCEZ5S5X05ZNVY7W4.uasset" 4095
"/ControlRig/Controls/ControlRig_Star4_1mm" 4096
"/ControlRig/Controls/ControlRig_Square_solid" 4097
"/ControlRig/Controls/ControlRig_Square_3mm" 4098
"/ControlRig/Controls/ControlRig_Square_1mm" 4099
"/ControlRig/Controls/ControlRig_Sphere_3mm" 4100
"/ControlRig/Controls/ControlRig_Sphere_1mm" 4101
"/ControlRig/Controls/ControlRig_RoundedTriangle_solid" 4102
"/ControlRig/Controls/ControlRig_RoundedTriangle_3mm" 4103
"/ControlRig/Controls/ControlRig_RoundedTriangle_1mm" 4104
"/ControlRig/Controls/ControlRig_RoundedSquare_solid" 4105
"/ControlRig/Controls/ControlRig_RoundedSquare_3mm" 4106
"/ControlRig/Controls/ControlRig_RoundedSquare_1mm" 4107
"/ControlRig/Controls/ControlRig_QuarterCircle_solid" 4108
"/ControlRig/Controls/ControlRig_QuarterCircle_3mm" 4109
"/ControlRig/Controls/ControlRig_Pyramid_3mm" 4110
"/ControlRig/Controls/ControlRig_Pyramid_1mm" 4111
"/Engine/EngineMaterials/DefaultMaterial" 4112
"/Engine/Maps/Entry" 4113
"/Engine/EditorMaterials/PreviewShadowIndicatorMaterial" 4114
"../../../Engine/Content/EngineMaterials/Substrate/GLints/dict_16_192_64_0p5_0p02_0063_0012.uasset" 4115
"../../../Engine/Content/EngineMaterials/Substrate/GLints/dict_16_192_64_0p5_0p02_0063_0013.uasset" 4116
"../../../Engine/Content/EngineMaterials/Substrate/GLints/dict_16_192_64_0p5_0p02_0063_0011.uasset" 4117
"../../../Engine/Content/EngineMaterials/Substrate/GLints/dict_16_192_64_0p5_0p02_0063_0014.uasset" 4118
"../../../Engine/Content/EngineMaterials/Substrate/GLints/dict_16_192_64_0p5_0p02_0063_0015.uasset" 4119
"../../../Engine/Content/EngineMaterials/Substrate/GLints/dict_16_192_64_0p5_0p02_0063_0009.uasset" 4120
"../../../Engine/Content/EngineMaterials/Substrate/GLints/dict_16_192_64_0p5_0p02_0063_0010.uasset" 4121
"../../../Engine/Content/EngineMaterials/Substrate/GLints/dict_16_192_64_0p5_0p02_0063_0007.uasset" 4122
"../../../Engine/Content/EngineMaterials/Substrate/GLints/dict_16_192_64_0p5_0p02_0063_0008.uasset" 4123
"../../../Engine/Content/EngineMaterials/Substrate/GLints/dict_16_192_64_0p5_0p02_0063_0002.uasset" 4124
"../../../Engine/Content/EngineMaterials/Substrate/GLints/dict_16_192_64_0p5_0p02_0063_0006.uasset" 4125
"../../../Engine/Content/EngineMaterials/Substrate/GLints/dict_16_192_64_0p5_0p02_0063_0003.uasset" 4126
"../../../Engine/Content/EngineMaterials/Substrate/GLints/dict_16_192_64_0p5_0p02_0063_0005.uasset" 4127
"../../../Engine/Content/EngineMaterials/Substrate/GLints/dict_16_192_64_0p5_0p02_0063_0004.uasset" 4128
"../../../Engine/Content/EngineMaterials/Substrate/GLints/dict_16_192_64_0p5_0p02_0062_0011.uasset" 4129
"../../../Engine/Content/EngineMaterials/Substrate/GLints/dict_16_192_64_0p5_0p02_0063_0001.uasset" 4130
"../../../Engine/Content/EngineMaterials/Substrate/GLints/dict_16_192_64_0p5_0p02_0063_0000.uasset" 4131
"../../../Engine/Content/EngineMaterials/Substrate/GLints/dict_16_192_64_0p5_0p02_0062_0015.uasset" 4132
"../../../Engine/Content/EngineMaterials/Substrate/GLints/dict_16_192_64_0p5_0p02_0062_0014.uasset" 4133
"../../../Engine/Content/EngineMaterials/Substrate/GLints/dict_16_192_64_0p5_0p02_0062_0013.uasset" 4134
"../../../Engine/Content/EngineMaterials/Substrate/GLints/dict_16_192_64_0p5_0p02_0062_0012.uasset" 4135
"../../../Engine/Content/EngineMaterials/Substrate/GLints/dict_16_192_64_0p5_0p02_0062_0005.uasset" 4136
"../../../Engine/Content/EngineMaterials/Substrate/GLints/dict_16_192_64_0p5_0p02_0062_0007.uasset" 4137
"../../../Engine/Content/EngineMaterials/Substrate/GLints/dict_16_192_64_0p5_0p02_0062_0010.uasset" 4138
"../../../Engine/Content/EngineMaterials/Substrate/GLints/dict_16_192_64_0p5_0p02_0062_0009.uasset" 4139
"../../../Engine/Content/EngineMaterials/Substrate/GLints/dict_16_192_64_0p5_0p02_0062_0008.uasset" 4140
"../../../Engine/Content/EngineMaterials/Substrate/GLints/dict_16_192_64_0p5_0p02_0062_0006.uasset" 4141
"../../../Engine/Content/EngineMaterials/Substrate/GLints/dict_16_192_64_0p5_0p02_0062_0004.uasset" 4142
"../../../Engine/Content/EngineMaterials/Substrate/GLints/dict_16_192_64_0p5_0p02_0062_0002.uasset" 4143
"../../../Engine/Content/EngineMaterials/Substrate/GLints/dict_16_192_64_0p5_0p02_0062_0001.uasset" 4144
"../../../Engine/Content/EngineMaterials/Substrate/GLints/dict_16_192_64_0p5_0p02_0062_0000.uasset" 4145
"../../../Engine/Content/EngineMaterials/Substrate/GLints/dict_16_192_64_0p5_0p02_0062_0003.uasset" 4146
"/Engine/EngineMaterials/Substrate/GLints/dict_16_192_64_0p5_0p02_0062_0002" 4147
"/Engine/EngineMaterials/Substrate/GLints/dict_16_192_64_0p5_0p02_0062_0003" 4148
"/Engine/EngineMaterials/Substrate/GLints/dict_16_192_64_0p5_0p02_0062_0004" 4149
"/Engine/EngineMaterials/Substrate/GLints/dict_16_192_64_0p5_0p02_0062_0005" 4150
"/Engine/EngineMaterials/Substrate/GLints/dict_16_192_64_0p5_0p02_0062_0006" 4151
"/Engine/EngineMaterials/Substrate/GLints/dict_16_192_64_0p5_0p02_0062_0007" 4152
"/Engine/EngineMaterials/Substrate/GLints/dict_16_192_64_0p5_0p02_0062_0008" 4153
"/Engine/EngineMaterials/Substrate/GLints/dict_16_192_64_0p5_0p02_0062_0009" 4154
"/Engine/EngineMaterials/Substrate/GLints/dict_16_192_64_0p5_0p02_0062_0010" 4155
"/Engine/EngineMaterials/Substrate/GLints/dict_16_192_64_0p5_0p02_0062_0011" 4156
"/Engine/EngineMaterials/Substrate/GLints/dict_16_192_64_0p5_0p02_0062_0012" 4157
"/Engine/EngineMaterials/Substrate/GLints/dict_16_192_64_0p5_0p02_0062_0013" 4158
"/Engine/EngineMaterials/Substrate/GLints/dict_16_192_64_0p5_0p02_0062_0014" 4159
"/Engine/EngineMaterials/Substrate/GLints/dict_16_192_64_0p5_0p02_0062_0015" 4160
"/Engine/EngineMaterials/Substrate/GLints/dict_16_192_64_0p5_0p02_0063_0000" 4161
"/Engine/EngineMaterials/Substrate/GLints/dict_16_192_64_0p5_0p02_0063_0001" 4162
"/Engine/EngineMaterials/Substrate/GLints/dict_16_192_64_0p5_0p02_0063_0002" 4163
"/Engine/EngineMaterials/Substrate/GLints/dict_16_192_64_0p5_0p02_0063_0003" 4164
"/Engine/EngineMaterials/Substrate/GLints/dict_16_192_64_0p5_0p02_0063_0004" 4165
"/Engine/EngineMaterials/Substrate/GLints/dict_16_192_64_0p5_0p02_0063_0005" 4166
"/Engine/EngineMaterials/Substrate/GLints/dict_16_192_64_0p5_0p02_0063_0006" 4167
"/Engine/EngineMaterials/Substrate/GLints/dict_16_192_64_0p5_0p02_0063_0007" 4168
"/Engine/EngineMaterials/Substrate/GLints/dict_16_192_64_0p5_0p02_0063_0008" 4169
"/Engine/EngineMaterials/Substrate/GLints/dict_16_192_64_0p5_0p02_0063_0009" 4170
"/Engine/EngineMaterials/Substrate/GLints/dict_16_192_64_0p5_0p02_0063_0010" 4171
"/Engine/EngineMaterials/Substrate/GLints/dict_16_192_64_0p5_0p02_0062_0000" 4172
"/Engine/EngineMaterials/Substrate/GLints/dict_16_192_64_0p5_0p02_0062_0001" 4173
"/Engine/EngineMaterials/Substrate/GLints/dict_16_192_64_0p5_0p02_0063_0011" 4174
"/Engine/EngineMaterials/Substrate/GLints/dict_16_192_64_0p5_0p02_0063_0012" 4175
"/Engine/EngineMaterials/Substrate/GLints/dict_16_192_64_0p5_0p02_0063_0013" 4176
"/Engine/EngineMaterials/Substrate/GLints/dict_16_192_64_0p5_0p02_0063_0014" 4177
"/Engine/EngineMaterials/Substrate/GLints/dict_16_192_64_0p5_0p02_0063_0015" 4178
"../../../Engine/Content/EngineMaterials/Substrate/GLints/dict_16_192_64_0p5_0p02_0061_0013.uasset" 4179
"../../../Engine/Content/EngineMaterials/Substrate/GLints/dict_16_192_64_0p5_0p02_0061_0015.uasset" 4180
"../../../Engine/Content/EngineMaterials/Substrate/GLints/dict_16_192_64_0p5_0p02_0061_0014.uasset" 4181
"../../../Engine/Content/EngineMaterials/Substrate/GLints/dict_16_192_64_0p5_0p02_0061_0012.uasset" 4182
"../../../Engine/Content/EngineMaterials/Substrate/GLints/dict_16_192_64_0p5_0p02_0061_0011.uasset" 4183
"../../../Engine/Content/EngineMaterials/Substrate/GLints/dict_16_192_64_0p5_0p02_0061_0010.uasset" 4184
"../../../Engine/Content/EngineMaterials/Substrate/GLints/dict_16_192_64_0p5_0p02_0061_0009.uasset" 4185
"../../../Engine/Content/EngineMaterials/Substrate/GLints/dict_16_192_64_0p5_0p02_0061_0005.uasset" 4186
"../../../Engine/Content/EngineMaterials/Substrate/GLints/dict_16_192_64_0p5_0p02_0061_0006.uasset" 4187
"../../../Engine/Content/EngineMaterials/Substrate/GLints/dict_16_192_64_0p5_0p02_0061_0002.uasset" 4188
"../../../Engine/Content/EngineMaterials/Substrate/GLints/dict_16_192_64_0p5_0p02_0061_0008.uasset" 4189
"../../../Engine/Content/EngineMaterials/Substrate/GLints/dict_16_192_64_0p5_0p02_0061_0004.uasset" 4190
"../../../Engine/Content/EngineMaterials/Substrate/GLints/dict_16_192_64_0p5_0p02_0061_0001.uasset" 4191
"../../../Engine/Content/EngineMaterials/Substrate/GLints/dict_16_192_64_0p5_0p02_0061_0000.uasset" 4192
"../../../Engine/Content/EngineMaterials/Substrate/GLints/dict_16_192_64_0p5_0p02_0060_0015.uasset" 4193
"../../../Engine/Content/EngineMaterials/Substrate/GLints/dict_16_192_64_0p5_0p02_0061_0007.uasset" 4194
"../../../Engine/Content/EngineMaterials/Substrate/GLints/dict_16_192_64_0p5_0p02_0061_0003.uasset" 4195
"../../../Engine/Content/EngineMaterials/Substrate/GLints/dict_16_192_64_0p5_0p02_0060_0013.uasset" 4196
"../../../Engine/Content/EngineMaterials/Substrate/GLints/dict_16_192_64_0p5_0p02_0060_0014.uasset" 4197
"../../../Engine/Content/EngineMaterials/Substrate/GLints/dict_16_192_64_0p5_0p02_0060_0011.uasset" 4198
"../../../Engine/Content/EngineMaterials/Substrate/GLints/dict_16_192_64_0p5_0p02_0060_0008.uasset" 4199
"../../../Engine/Content/EngineMaterials/Substrate/GLints/dict_16_192_64_0p5_0p02_0060_0009.uasset" 4200
"/Engine/EngineMaterials/Substrate/GLints/dict_16_192_64_0p5_0p02_0060_0008" 4201
"/Engine/EngineMaterials/Substrate/GLints/dict_16_192_64_0p5_0p02_0060_0009" 4202
"../../../Engine/Content/EngineMaterials/Substrate/GLints/dict_16_192_64_0p5_0p02_0060_0006.uasset" 4203
"../../../Engine/Content/EngineMaterials/Substrate/GLints/dict_16_192_64_0p5_0p02_0060_0004.uasset" 4204
"/Engine/EngineMaterials/Substrate/GLints/dict_16_192_64_0p5_0p02_0060_0011" 4205
"../../../Engine/Content/EngineMaterials/Substrate/GLints/dict_16_192_64_0p5_0p02_0060_0010.uasset" 4206
"/Engine/EngineMaterials/Substrate/GLints/dict_16_192_64_0p5_0p02_0060_0013" 4207
"../../../Engine/Content/EngineMaterials/Substrate/GLints/dict_16_192_64_0p5_0p02_0060_0003.uasset" 4208
"/Engine/EngineMaterials/Substrate/GLints/dict_16_192_64_0p5_0p02_0060_0014" 4209
"../../../Engine/Content/EngineMaterials/Substrate/GLints/dict_16_192_64_0p5_0p02_0060_0002.uasset" 4210
"/Engine/EngineMaterials/Substrate/GLints/dict_16_192_64_0p5_0p02_0060_0015" 4211
"/Engine/EngineMaterials/Substrate/GLints/dict_16_192_64_0p5_0p02_0061_0000" 4212
"../../../Engine/Content/EngineMaterials/Substrate/GLints/dict_16_192_64_0p5_0p02_0060_0007.uasset" 4213
"../../../Engine/Content/EngineMaterials/Substrate/GLints/dict_16_192_64_0p5_0p02_0060_0012.uasset" 4214
"/Engine/EngineMaterials/Substrate/GLints/dict_16_192_64_0p5_0p02_0061_0001" 4215
"/Engine/EngineMaterials/Substrate/GLints/dict_16_192_64_0p5_0p02_0061_0002" 4216
"/Engine/EngineMaterials/Substrate/GLints/dict_16_192_64_0p5_0p02_0061_0003" 4217
"/Engine/EngineMaterials/Substrate/GLints/dict_16_192_64_0p5_0p02_0061_0004" 4218
"../../../Engine/Content/EngineMaterials/Substrate/GLints/dict_16_192_64_0p5_0p02_0060_0001.uasset" 4219
"/Engine/EngineMaterials/Substrate/GLints/dict_16_192_64_0p5_0p02_0061_0005" 4220
"/Engine/EngineMaterials/Substrate/GLints/dict_16_192_64_0p5_0p02_0061_0006" 4221
"/Engine/EngineMaterials/Substrate/GLints/dict_16_192_64_0p5_0p02_0061_0007" 4222
"/Engine/EngineMaterials/Substrate/GLints/dict_16_192_64_0p5_0p02_0061_0008" 4223
"/Engine/EngineMaterials/Substrate/GLints/dict_16_192_64_0p5_0p02_0061_0009" 4224
"../../../Engine/Content/EngineMaterials/Substrate/GLints/dict_16_192_64_0p5_0p02_0060_0005.uasset" 4225
"/Engine/EngineMaterials/Substrate/GLints/dict_16_192_64_0p5_0p02_0061_0010" 4226
"/Engine/EngineMaterials/Substrate/GLints/dict_16_192_64_0p5_0p02_0061_0011" 4227
"/Engine/EngineMaterials/Substrate/GLints/dict_16_192_64_0p5_0p02_0061_0012" 4228
"/Engine/EngineMaterials/Substrate/GLints/dict_16_192_64_0p5_0p02_0061_0013" 4229
"/Engine/EngineMaterials/Substrate/GLints/dict_16_192_64_0p5_0p02_0061_0014" 4230
"/Engine/EngineMaterials/Substrate/GLints/dict_16_192_64_0p5_0p02_0061_0015" 4231
"/Engine/EngineMaterials/Substrate/GLints/dict_16_192_64_0p5_0p02_0060_0001" 4232
"/Engine/EngineMaterials/Substrate/GLints/dict_16_192_64_0p5_0p02_0060_0002" 4233
"/Engine/EngineMaterials/Substrate/GLints/dict_16_192_64_0p5_0p02_0060_0003" 4234
"/Engine/EngineMaterials/Substrate/GLints/dict_16_192_64_0p5_0p02_0060_0004" 4235
"/Engine/EngineMaterials/Substrate/GLints/dict_16_192_64_0p5_0p02_0060_0005" 4236
"/Engine/EngineMaterials/Substrate/GLints/dict_16_192_64_0p5_0p02_0060_0006" 4237
"/Engine/EngineMaterials/Substrate/GLints/dict_16_192_64_0p5_0p02_0060_0007" 4238
"/Engine/EngineMaterials/Substrate/GLints/dict_16_192_64_0p5_0p02_0060_0010" 4239
"/Engine/EngineMaterials/Substrate/GLints/dict_16_192_64_0p5_0p02_0060_0012" 4240
"../../../Engine/Content/EngineMaterials/Substrate/GLints/dict_16_192_64_0p5_0p02_0060_0000.uasset" 4241
"/Engine/EngineMaterials/Substrate/GLints/dict_16_192_64_0p5_0p02_0060_0000" 4242
"../../../Engine/Content/EngineMaterials/Substrate/GLints/dict_16_192_64_0p5_0p02_0059_0012.uasset" 4243
"../../../Engine/Content/EngineMaterials/Substrate/GLints/dict_16_192_64_0p5_0p02_0059_0015.uasset" 4244
"../../../Engine/Content/EngineMaterials/Substrate/GLints/dict_16_192_64_0p5_0p02_0059_0011.uasset" 4245
"../../../Engine/Content/EngineMaterials/Substrate/GLints/dict_16_192_64_0p5_0p02_0059_0014.uasset" 4246
"../../../Engine/Content/EngineMaterials/Substrate/GLints/dict_16_192_64_0p5_0p02_0059_0013.uasset" 4247
"../../../Engine/Content/EngineMaterials/Substrate/GLints/dict_16_192_64_0p5_0p02_0059_0008.uasset" 4248
"../../../Engine/Content/EngineMaterials/Substrate/GLints/dict_16_192_64_0p5_0p02_0059_0010.uasset" 4249
"../../../Engine/Content/EngineMaterials/Substrate/GLints/dict_16_192_64_0p5_0p02_0059_0009.uasset" 4250
"/Engine/EngineMaterials/Substrate/GLints/dict_16_192_64_0p5_0p02_0059_0008" 4251
"/Engine/EngineMaterials/Substrate/GLints/dict_16_192_64_0p5_0p02_0059_0009" 4252
"/Engine/EngineMaterials/Substrate/GLints/dict_16_192_64_0p5_0p02_0059_0010" 4253
"/Engine/EngineMaterials/Substrate/GLints/dict_16_192_64_0p5_0p02_0059_0011" 4254
"/Engine/EngineMaterials/Substrate/GLints/dict_16_192_64_0p5_0p02_0059_0012" 4255
"/Engine/EngineMaterials/Substrate/GLints/dict_16_192_64_0p5_0p02_0059_0013" 4256
"../../../Engine/Content/EngineMaterials/Substrate/GLints/dict_16_192_64_0p5_0p02_0059_0006.uasset" 4257
"/Engine/EngineMaterials/Substrate/GLints/dict_16_192_64_0p5_0p02_0059_0014" 4258
"../../../Engine/Content/EngineMaterials/Substrate/GLints/dict_16_192_64_0p5_0p02_0059_0007.uasset" 4259
"/Engine/EngineMaterials/Substrate/GLints/dict_16_192_64_0p5_0p02_0059_0015" 4260
"../../../Engine/Content/EngineMaterials/Substrate/GLints/dict_16_192_64_0p5_0p02_0059_0000.uasset" 4261
"/Engine/EngineMaterials/Substrate/GLints/dict_16_192_64_0p5_0p02_0059_0000" 4262
"../../../Engine/Content/EngineMaterials/Substrate/GLints/dict_16_192_64_0p5_0p02_0059_0002.uasset" 4263
"/Engine/EngineMaterials/Substrate/GLints/dict_16_192_64_0p5_0p02_0059_0006" 4264
"../../../Engine/Content/EngineMaterials/Substrate/GLints/dict_16_192_64_0p5_0p02_0059_0003.uasset" 4265
"/Engine/EngineMaterials/Substrate/GLints/dict_16_192_64_0p5_0p02_0059_0007" 4266
"/Engine/EngineMaterials/Substrate/GLints/dict_16_192_64_0p5_0p02_0059_0002" 4267
"/Engine/EngineMaterials/Substrate/GLints/dict_16_192_64_0p5_0p02_0059_0003" 4268
"../../../Engine/Content/EngineMaterials/Substrate/GLints/dict_16_192_64_0p5_0p02_0058_0013.uasset" 4269
"../../../Engine/Content/EngineMaterials/Substrate/GLints/dict_16_192_64_0p5_0p02_0058_0015.uasset" 4270
"../../../Engine/Content/EngineMaterials/Substrate/GLints/dict_16_192_64_0p5_0p02_0058_0012.uasset" 4271
"../../../Engine/Content/EngineMaterials/Substrate/GLints/dict_16_192_64_0p5_0p02_0059_0004.uasset" 4272
"../../../Engine/Content/EngineMaterials/Substrate/GLints/dict_16_192_64_0p5_0p02_0058_0011.uasset" 4273
"../../../Engine/Content/EngineMaterials/Substrate/GLints/dict_16_192_64_0p5_0p02_0058_0014.uasset" 4274
"../../../Engine/Content/EngineMaterials/Substrate/GLints/dict_16_192_64_0p5_0p02_0058_0007.uasset" 4275
"../../../Engine/Content/EngineMaterials/Substrate/GLints/dict_16_192_64_0p5_0p02_0058_0005.uasset" 4276
"../../../Engine/Content/EngineMaterials/Substrate/GLints/dict_16_192_64_0p5_0p02_0058_0008.uasset" 4277
"../../../Engine/Content/EngineMaterials/Substrate/GLints/dict_16_192_64_0p5_0p02_0059_0005.uasset" 4278
"../../../Engine/Content/EngineMaterials/Substrate/GLints/dict_16_192_64_0p5_0p02_0059_0001.uasset" 4279
"../../../Engine/Content/EngineMaterials/Substrate/GLints/dict_16_192_64_0p5_0p02_0058_0003.uasset" 4280
"../../../Engine/Content/EngineMaterials/Substrate/GLints/dict_16_192_64_0p5_0p02_0058_0002.uasset" 4281
"../../../Engine/Content/EngineMaterials/Substrate/GLints/dict_16_192_64_0p5_0p02_0058_0006.uasset" 4282
"/Engine/EngineMaterials/Substrate/GLints/dict_16_192_64_0p5_0p02_0058_0002" 4283
"../../../Engine/Content/EngineMaterials/Substrate/GLints/dict_16_192_64_0p5_0p02_0058_0004.uasset" 4284
"/Engine/EngineMaterials/Substrate/GLints/dict_16_192_64_0p5_0p02_0058_0003" 4285
"/Engine/EngineMaterials/Substrate/GLints/dict_16_192_64_0p5_0p02_0058_0005" 4286
"/Engine/EngineMaterials/Substrate/GLints/dict_16_192_64_0p5_0p02_0058_0006" 4287
"../../../Engine/Content/EngineMaterials/Substrate/GLints/dict_16_192_64_0p5_0p02_0058_0010.uasset" 4288
"/Engine/EngineMaterials/Substrate/GLints/dict_16_192_64_0p5_0p02_0058_0007" 4289
"/Engine/EngineMaterials/Substrate/GLints/dict_16_192_64_0p5_0p02_0058_0011" 4290
"/Engine/EngineMaterials/Substrate/GLints/dict_16_192_64_0p5_0p02_0058_0008" 4291
"/Engine/EngineMaterials/Substrate/GLints/dict_16_192_64_0p5_0p02_0058_0012" 4292
"/Engine/EngineMaterials/Substrate/GLints/dict_16_192_64_0p5_0p02_0058_0013" 4293
"/Engine/EngineMaterials/Substrate/GLints/dict_16_192_64_0p5_0p02_0058_0014" 4294
"/Engine/EngineMaterials/Substrate/GLints/dict_16_192_64_0p5_0p02_0058_0015" 4295
"/Engine/EngineMaterials/Substrate/GLints/dict_16_192_64_0p5_0p02_0059_0001" 4296
"/Engine/EngineMaterials/Substrate/GLints/dict_16_192_64_0p5_0p02_0059_0004" 4297
"/Engine/EngineMaterials/Substrate/GLints/dict_16_192_64_0p5_0p02_0059_0005" 4298
"../../../Engine/Content/EngineMaterials/Substrate/GLints/dict_16_192_64_0p5_0p02_0057_0013.uasset" 4299
"/Engine/EngineMaterials/Substrate/GLints/dict_16_192_64_0p5_0p02_0058_0004" 4300
"../../../Engine/Content/EngineMaterials/Substrate/GLints/dict_16_192_64_0p5_0p02_0058_0009.uasset" 4301
"/Engine/EngineMaterials/Substrate/GLints/dict_16_192_64_0p5_0p02_0058_0010" 4302
"../../../Engine/Content/EngineMaterials/Substrate/GLints/dict_16_192_64_0p5_0p02_0057_0012.uasset" 4303
"/Engine/EngineMaterials/Substrate/GLints/dict_16_192_64_0p5_0p02_0057_0013" 4304
"../../../Engine/Content/EngineMaterials/Substrate/GLints/dict_16_192_64_0p5_0p02_0057_0015.uasset" 4305
"../../../Engine/Content/EngineMaterials/Substrate/GLints/dict_16_192_64_0p5_0p02_0057_0011.uasset" 4306
"../../../Engine/Content/EngineMaterials/Substrate/GLints/dict_16_192_64_0p5_0p02_0057_0010.uasset" 4307
"../../../Engine/Content/EngineMaterials/Substrate/GLints/dict_16_192_64_0p5_0p02_0057_0007.uasset" 4308
"/Engine/EngineMaterials/Substrate/GLints/dict_16_192_64_0p5_0p02_0058_0009" 4309
"../../../Engine/Content/EngineMaterials/Substrate/GLints/dict_16_192_64_0p5_0p02_0057_0009.uasset" 4310
"/Engine/EngineMaterials/Substrate/GLints/dict_16_192_64_0p5_0p02_0057_0012" 4311
"/Engine/EngineMaterials/Substrate/GLints/dict_16_192_64_0p5_0p02_0057_0015" 4312
"/Engine/EngineMaterials/Substrate/GLints/dict_16_192_64_0p5_0p02_0057_0007" 4313
"../../../Engine/Content/EngineMaterials/Substrate/GLints/dict_16_192_64_0p5_0p02_0057_0008.uasset" 4314
"/Engine/EngineMaterials/Substrate/GLints/dict_16_192_64_0p5_0p02_0057_0009" 4315
"/Engine/EngineMaterials/Substrate/GLints/dict_16_192_64_0p5_0p02_0057_0010" 4316
"/Engine/EngineMaterials/Substrate/GLints/dict_16_192_64_0p5_0p02_0057_0011" 4317
"/Engine/EngineMaterials/Substrate/GLints/dict_16_192_64_0p5_0p02_0057_0008" 4318
"../../../Engine/Content/EngineMaterials/Substrate/GLints/dict_16_192_64_0p5_0p02_0057_0006.uasset" 4319
"/Engine/EngineMaterials/Substrate/GLints/dict_16_192_64_0p5_0p02_0057_0006" 4320
"../../../Engine/Content/EngineMaterials/Substrate/GLints/dict_16_192_64_0p5_0p02_0058_0001.uasset" 4321
"../../../Engine/Content/EngineMaterials/Substrate/GLints/dict_16_192_64_0p5_0p02_0057_0004.uasset" 4322
"../../../Engine/Content/EngineMaterials/Substrate/GLints/dict_16_192_64_0p5_0p02_0056_0014.uasset" 4323
"../../../Engine/Content/EngineMaterials/Substrate/GLints/dict_16_192_64_0p5_0p02_0057_0003.uasset" 4324
"../../../Engine/Content/EngineMaterials/Substrate/GLints/dict_16_192_64_0p5_0p02_0057_0001.uasset" 4325
"../../../Engine/Content/EngineMaterials/Substrate/GLints/dict_16_192_64_0p5_0p02_0057_0014.uasset" 4326
"../../../Engine/Content/EngineMaterials/Substrate/GLints/dict_16_192_64_0p5_0p02_0057_0000.uasset" 4327
"../../../Engine/Content/EngineMaterials/Substrate/GLints/dict_16_192_64_0p5_0p02_0058_0000.uasset" 4328
"../../../Engine/Content/EngineMaterials/Substrate/GLints/dict_16_192_64_0p5_0p02_0056_0013.uasset" 4329
"../../../Engine/Content/EngineMaterials/Substrate/GLints/dict_16_192_64_0p5_0p02_0056_0015.uasset" 4330
"../../../Engine/Content/EngineMaterials/Substrate/GLints/dict_16_192_64_0p5_0p02_0056_0012.uasset" 4331
"../../../Engine/Content/EngineMaterials/Substrate/GLints/dict_16_192_64_0p5_0p02_0056_0011.uasset" 4332
"/Engine/EngineMaterials/Substrate/GLints/dict_16_192_64_0p5_0p02_0058_0000" 4333
"/Engine/EngineMaterials/Substrate/GLints/dict_16_192_64_0p5_0p02_0058_0001" 4334
"../../../Engine/Content/EngineMaterials/Substrate/GLints/dict_16_192_64_0p5_0p02_0056_0009.uasset" 4335
"/Engine/EngineMaterials/Substrate/GLints/dict_16_192_64_0p5_0p02_0056_0011" 4336
"../../../Engine/Content/EngineMaterials/Substrate/GLints/dict_16_192_64_0p5_0p02_0057_0002.uasset" 4337
"/Engine/EngineMaterials/Substrate/GLints/dict_16_192_64_0p5_0p02_0056_0012" 4338
"/Engine/EngineMaterials/Substrate/GLints/dict_16_192_64_0p5_0p02_0056_0013" 4339
"/Engine/EngineMaterials/Substrate/GLints/dict_16_192_64_0p5_0p02_0056_0014" 4340
"../../../Engine/Content/EngineMaterials/Substrate/GLints/dict_16_192_64_0p5_0p02_0057_0005.uasset" 4341
"/Engine/EngineMaterials/Substrate/GLints/dict_16_192_64_0p5_0p02_0056_0015" 4342
"../../../Engine/Content/EngineMaterials/Substrate/GLints/dict_16_192_64_0p5_0p02_0056_0001.uasset" 4343
"/Engine/EngineMaterials/Substrate/GLints/dict_16_192_64_0p5_0p02_0057_0000" 4344
"/Engine/EngineMaterials/Substrate/GLints/dict_16_192_64_0p5_0p02_0057_0003" 4345
"../../../Engine/Content/EngineMaterials/Substrate/GLints/dict_16_192_64_0p5_0p02_0056_0008.uasset" 4346
"/Engine/EngineMaterials/Substrate/GLints/dict_16_192_64_0p5_0p02_0057_0004" 4347
"../../../Engine/Content/EngineMaterials/Substrate/GLints/dict_16_192_64_0p5_0p02_0056_0000.uasset" 4348
"/Engine/EngineMaterials/Substrate/GLints/dict_16_192_64_0p5_0p02_0057_0001" 4349
"../../../Engine/Content/EngineMaterials/Substrate/GLints/dict_16_192_64_0p5_0p02_0056_0010.uasset" 4350
"/Engine/EngineMaterials/Substrate/GLints/dict_16_192_64_0p5_0p02_0057_0014" 4351
"../../../Engine/Content/EngineMaterials/Substrate/GLints/dict_16_192_64_0p5_0p02_0056_0007.uasset" 4352
"../../../Engine/Content/EngineMaterials/Substrate/GLints/dict_16_192_64_0p5_0p02_0056_0003.uasset" 4353
"/Engine/EngineMaterials/Substrate/GLints/dict_16_192_64_0p5_0p02_0056_0007" 4354
"/Engine/EngineMaterials/Substrate/GLints/dict_16_192_64_0p5_0p02_0056_0008" 4355
"/Engine/EngineMaterials/Substrate/GLints/dict_16_192_64_0p5_0p02_0056_0009" 4356
"/Engine/EngineMaterials/Substrate/GLints/dict_16_192_64_0p5_0p02_0056_0003" 4357
"/Engine/EngineMaterials/Substrate/GLints/dict_16_192_64_0p5_0p02_0056_0010" 4358
"/Engine/EngineMaterials/Substrate/GLints/dict_16_192_64_0p5_0p02_0057_0005" 4359
"/Engine/EngineMaterials/Substrate/GLints/dict_16_192_64_0p5_0p02_0057_0002" 4360
"/Engine/EngineMaterials/Substrate/GLints/dict_16_192_64_0p5_0p02_0056_0000" 4361
"/Engine/EngineMaterials/Substrate/GLints/dict_16_192_64_0p5_0p02_0056_0001" 4362
"../../../Engine/Content/EngineMaterials/Substrate/GLints/dict_16_192_64_0p5_0p02_0055_0015.uasset" 4363
"/Engine/EngineMaterials/Substrate/GLints/dict_16_192_64_0p5_0p02_0055_0015" 4364
"../../../Engine/Content/EngineMaterials/Substrate/GLints/dict_16_192_64_0p5_0p02_0056_0006.uasset" 4365
"../../../Engine/Content/EngineMaterials/Substrate/GLints/dict_16_192_64_0p5_0p02_0055_0012.uasset" 4366
"../../../Engine/Content/EngineMaterials/Substrate/GLints/dict_16_192_64_0p5_0p02_0055_0014.uasset" 4367
"../../../Engine/Content/EngineMaterials/Substrate/GLints/dict_16_192_64_0p5_0p02_0056_0005.uasset" 4368
"../../../Engine/Content/EngineMaterials/Substrate/GLints/dict_16_192_64_0p5_0p02_0056_0004.uasset" 4369
"../../../Engine/Content/EngineMaterials/Substrate/GLints/dict_16_192_64_0p5_0p02_0055_0011.uasset" 4370
"../../../Engine/Content/EngineMaterials/Substrate/GLints/dict_16_192_64_0p5_0p02_0055_0010.uasset" 4371
"../../../Engine/Content/EngineMaterials/Substrate/GLints/dict_16_192_64_0p5_0p02_0055_0013.uasset" 4372
"../../../Engine/Content/EngineMaterials/Substrate/GLints/dict_16_192_64_0p5_0p02_0055_0009.uasset" 4373
"../../../Engine/Content/EngineMaterials/Substrate/GLints/dict_16_192_64_0p5_0p02_0056_0002.uasset" 4374
"/Engine/EngineMaterials/Substrate/GLints/dict_16_192_64_0p5_0p02_0056_0005" 4375
"/Engine/EngineMaterials/Substrate/GLints/dict_16_192_64_0p5_0p02_0056_0006" 4376
"/Engine/EngineMaterials/Substrate/GLints/dict_16_192_64_0p5_0p02_0056_0002" 4377
"/Engine/EngineMaterials/Substrate/GLints/dict_16_192_64_0p5_0p02_0055_0009" 4378
"/Engine/EngineMaterials/Substrate/GLints/dict_16_192_64_0p5_0p02_0055_0011" 4379
"/Engine/EngineMaterials/Substrate/GLints/dict_16_192_64_0p5_0p02_0055_0010" 4380
"/Engine/EngineMaterials/Substrate/GLints/dict_16_192_64_0p5_0p02_0055_0012" 4381
"/Engine/EngineMaterials/Substrate/GLints/dict_16_192_64_0p5_0p02_0055_0013" 4382
"/Engine/EngineMaterials/Substrate/GLints/dict_16_192_64_0p5_0p02_0055_0014" 4383
"/Engine/EngineMaterials/Substrate/GLints/dict_16_192_64_0p5_0p02_0056_0004" 4384
"../../../Engine/Content/EngineMaterials/Substrate/GLints/dict_16_192_64_0p5_0p02_0055_0007.uasset" 4385
"../../../Engine/Content/EngineMaterials/Substrate/GLints/dict_16_192_64_0p5_0p02_0055_0008.uasset" 4386
"../../../Engine/Content/EngineMaterials/Substrate/GLints/dict_16_192_64_0p5_0p02_0055_0005.uasset" 4387
"../../../Engine/Content/EngineMaterials/Substrate/GLints/dict_16_192_64_0p5_0p02_0055_0006.uasset" 4388
"../../../Engine/Content/EngineMaterials/Substrate/GLints/dict_16_192_64_0p5_0p02_0055_0004.uasset" 4389
"../../../Engine/Content/EngineMaterials/Substrate/GLints/dict_16_192_64_0p5_0p02_0055_0003.uasset" 4390
"../../../Engine/Content/EngineMaterials/Substrate/GLints/dict_16_192_64_0p5_0p02_0055_0001.uasset" 4391
"../../../Engine/Content/EngineMaterials/Substrate/GLints/dict_16_192_64_0p5_0p02_0055_0000.uasset" 4392
"../../../Engine/Content/EngineMaterials/Substrate/GLints/dict_16_192_64_0p5_0p02_0055_0002.uasset" 4393
"../../../Engine/Content/EngineMaterials/Substrate/GLints/dict_16_192_64_0p5_0p02_0054_0014.uasset" 4394
"../../../Engine/Content/EngineMaterials/Substrate/GLints/dict_16_192_64_0p5_0p02_0054_0012.uasset" 4395
"../../../Engine/Content/EngineMaterials/Substrate/GLints/dict_16_192_64_0p5_0p02_0054_0013.uasset" 4396
"../../../Engine/Content/EngineMaterials/Substrate/GLints/dict_16_192_64_0p5_0p02_0054_0005.uasset" 4397
"../../../Engine/Content/EngineMaterials/Substrate/GLints/dict_16_192_64_0p5_0p02_0054_0007.uasset" 4398
"../../../Engine/Content/EngineMaterials/Substrate/GLints/dict_16_192_64_0p5_0p02_0054_0009.uasset" 4399
"../../../Engine/Content/EngineMaterials/Substrate/GLints/dict_16_192_64_0p5_0p02_0054_0010.uasset" 4400
"../../../Engine/Content/EngineMaterials/Substrate/GLints/dict_16_192_64_0p5_0p02_0054_0006.uasset" 4401
"../../../Engine/Content/EngineMaterials/Substrate/GLints/dict_16_192_64_0p5_0p02_0054_0004.uasset" 4402
"../../../Engine/Content/EngineMaterials/Substrate/GLints/dict_16_192_64_0p5_0p02_0054_0015.uasset" 4403
"../../../Engine/Content/EngineMaterials/Substrate/GLints/dict_16_192_64_0p5_0p02_0054_0000.uasset" 4404
"../../../Engine/Content/EngineMaterials/Substrate/GLints/dict_16_192_64_0p5_0p02_0053_0015.uasset" 4405
"../../../Engine/Content/EngineMaterials/Substrate/GLints/dict_16_192_64_0p5_0p02_0054_0001.uasset" 4406
"../../../Engine/Content/EngineMaterials/Substrate/GLints/dict_16_192_64_0p5_0p02_0053_0014.uasset" 4407
"../../../Engine/Content/EngineMaterials/Substrate/GLints/dict_16_192_64_0p5_0p02_0054_0011.uasset" 4408
"../../../Engine/Content/EngineMaterials/Substrate/GLints/dict_16_192_64_0p5_0p02_0054_0002.uasset" 4409
"../../../Engine/Content/EngineMaterials/Substrate/GLints/dict_16_192_64_0p5_0p02_0053_0012.uasset" 4410
"../../../Engine/Content/EngineMaterials/Substrate/GLints/dict_16_192_64_0p5_0p02_0053_0013.uasset" 4411
"../../../Engine/Content/EngineMaterials/Substrate/GLints/dict_16_192_64_0p5_0p02_0054_0008.uasset" 4412
"../../../Engine/Content/EngineMaterials/Substrate/GLints/dict_16_192_64_0p5_0p02_0054_0003.uasset" 4413
"../../../Engine/Content/EngineMaterials/Substrate/GLints/dict_16_192_64_0p5_0p02_0053_0009.uasset" 4414
"../../../Engine/Content/EngineMaterials/Substrate/GLints/dict_16_192_64_0p5_0p02_0053_0010.uasset" 4415
"/Engine/EngineMaterials/Substrate/GLints/dict_16_192_64_0p5_0p02_0054_0013" 4416
"../../../Engine/Content/EngineMaterials/Substrate/GLints/dict_16_192_64_0p5_0p02_0053_0011.uasset" 4417
"/Engine/EngineMaterials/Substrate/GLints/dict_16_192_64_0p5_0p02_0054_0014" 4418
"/Engine/EngineMaterials/Substrate/GLints/dict_16_192_64_0p5_0p02_0053_0009" 4419
"/Engine/EngineMaterials/Substrate/GLints/dict_16_192_64_0p5_0p02_0053_0010" 4420
"/Engine/EngineMaterials/Substrate/GLints/dict_16_192_64_0p5_0p02_0054_0004" 4421
"/Engine/EngineMaterials/Substrate/GLints/dict_16_192_64_0p5_0p02_0054_0005" 4422
"/Engine/EngineMaterials/Substrate/GLints/dict_16_192_64_0p5_0p02_0054_0006" 4423
"/Engine/EngineMaterials/Substrate/GLints/dict_16_192_64_0p5_0p02_0054_0007" 4424
"/Engine/EngineMaterials/Substrate/GLints/dict_16_192_64_0p5_0p02_0054_0008" 4425
"/Engine/EngineMaterials/Substrate/GLints/dict_16_192_64_0p5_0p02_0054_0015" 4426
"/Engine/EngineMaterials/Substrate/GLints/dict_16_192_64_0p5_0p02_0055_0000" 4427
"/Engine/EngineMaterials/Substrate/GLints/dict_16_192_64_0p5_0p02_0054_0003" 4428
"/Engine/EngineMaterials/Substrate/GLints/dict_16_192_64_0p5_0p02_0055_0001" 4429
"/Engine/EngineMaterials/Substrate/GLints/dict_16_192_64_0p5_0p02_0055_0002" 4430
"/Engine/EngineMaterials/Substrate/GLints/dict_16_192_64_0p5_0p02_0055_0003" 4431
"/Engine/EngineMaterials/Substrate/GLints/dict_16_192_64_0p5_0p02_0054_0009" 4432
"/Engine/EngineMaterials/Substrate/GLints/dict_16_192_64_0p5_0p02_0055_0004" 4433
"/Engine/EngineMaterials/Substrate/GLints/dict_16_192_64_0p5_0p02_0055_0005" 4434
"/Engine/EngineMaterials/Substrate/GLints/dict_16_192_64_0p5_0p02_0055_0006" 4435
"/Engine/EngineMaterials/Substrate/GLints/dict_16_192_64_0p5_0p02_0055_0007" 4436
"/Engine/EngineMaterials/Substrate/GLints/dict_16_192_64_0p5_0p02_0054_0010" 4437
"/Engine/EngineMaterials/Substrate/GLints/dict_16_192_64_0p5_0p02_0053_0012" 4438
"/Engine/EngineMaterials/Substrate/GLints/dict_16_192_64_0p5_0p02_0053_0013" 4439
"/Engine/EngineMaterials/Substrate/GLints/dict_16_192_64_0p5_0p02_0053_0014" 4440
"/Engine/EngineMaterials/Substrate/GLints/dict_16_192_64_0p5_0p02_0053_0015" 4441
"/Engine/EngineMaterials/Substrate/GLints/dict_16_192_64_0p5_0p02_0054_0000" 4442
"/Engine/EngineMaterials/Substrate/GLints/dict_16_192_64_0p5_0p02_0054_0001" 4443
"/Engine/EngineMaterials/Substrate/GLints/dict_16_192_64_0p5_0p02_0054_0011" 4444
"/Engine/EngineMaterials/Substrate/GLints/dict_16_192_64_0p5_0p02_0054_0002" 4445
"/Engine/EngineMaterials/Substrate/GLints/dict_16_192_64_0p5_0p02_0055_0008" 4446
"/Engine/EngineMaterials/Substrate/GLints/dict_16_192_64_0p5_0p02_0054_0012" 4447
"/Engine/EngineMaterials/Substrate/GLints/dict_16_192_64_0p5_0p02_0053_0011" 4448
"../../../Engine/Content/EngineMaterials/Substrate/GLints/dict_16_192_64_0p5_0p02_0053_0006.uasset" 4449
"../../../Engine/Content/EngineMaterials/Substrate/GLints/dict_16_192_64_0p5_0p02_0053_0004.uasset" 4450
"../../../Engine/Content/EngineMaterials/Substrate/GLints/dict_16_192_64_0p5_0p02_0053_0008.uasset" 4451
"../../../Engine/Content/EngineMaterials/Substrate/GLints/dict_16_192_64_0p5_0p02_0052_0011.uasset" 4452
"../../../Engine/Content/EngineMaterials/Substrate/GLints/dict_16_192_64_0p5_0p02_0053_0005.uasset" 4453
"../../../Engine/Content/EngineMaterials/Substrate/GLints/dict_16_192_64_0p5_0p02_0053_0000.uasset" 4454
"../../../Engine/Content/EngineMaterials/Substrate/GLints/dict_16_192_64_0p5_0p02_0053_0001.uasset" 4455
"../../../Engine/Content/EngineMaterials/Substrate/GLints/dict_16_192_64_0p5_0p02_0053_0007.uasset" 4456
"../../../Engine/Content/EngineMaterials/Substrate/GLints/dict_16_192_64_0p5_0p02_0052_0012.uasset" 4457
"../../../Engine/Content/EngineMaterials/Substrate/GLints/dict_16_192_64_0p5_0p02_0052_0014.uasset" 4458
"../../../Engine/Content/EngineMaterials/Substrate/GLints/dict_16_192_64_0p5_0p02_0052_0015.uasset" 4459
"../../../Engine/Content/EngineMaterials/Substrate/GLints/dict_16_192_64_0p5_0p02_0052_0013.uasset" 4460
"../../../Engine/Content/EngineMaterials/Substrate/GLints/dict_16_192_64_0p5_0p02_0053_0002.uasset" 4461
"../../../Engine/Content/EngineMaterials/Substrate/GLints/dict_16_192_64_0p5_0p02_0053_0003.uasset" 4462
"../../../Engine/Content/EngineMaterials/Substrate/GLints/dict_16_192_64_0p5_0p02_0052_0010.uasset" 4463
"../../../Engine/Content/EngineMaterials/Substrate/GLints/dict_16_192_64_0p5_0p02_0052_0002.uasset" 4464
"../../../Engine/Content/EngineMaterials/Substrate/GLints/dict_16_192_64_0p5_0p02_0052_0007.uasset" 4465
"../../../Engine/Content/EngineMaterials/Substrate/GLints/dict_16_192_64_0p5_0p02_0052_0005.uasset" 4466
"../../../Engine/Content/EngineMaterials/Substrate/GLints/dict_16_192_64_0p5_0p02_0052_0009.uasset" 4467
"../../../Engine/Content/EngineMaterials/Substrate/GLints/dict_16_192_64_0p5_0p02_0052_0008.uasset" 4468
"../../../Engine/Content/EngineMaterials/Substrate/GLints/dict_16_192_64_0p5_0p02_0052_0006.uasset" 4469
"../../../Engine/Content/EngineMaterials/Substrate/GLints/dict_16_192_64_0p5_0p02_0052_0000.uasset" 4470
"../../../Engine/Content/EngineMaterials/Substrate/GLints/dict_16_192_64_0p5_0p02_0051_0015.uasset" 4471
"../../../Engine/Content/EngineMaterials/Substrate/GLints/dict_16_192_64_0p5_0p02_0052_0004.uasset" 4472
"../../../Engine/Content/EngineMaterials/Substrate/GLints/dict_16_192_64_0p5_0p02_0052_0003.uasset" 4473
"../../../Engine/Content/EngineMaterials/Substrate/GLints/dict_16_192_64_0p5_0p02_0051_0014.uasset" 4474
"../../../Engine/Content/EngineMaterials/Substrate/GLints/dict_16_192_64_0p5_0p02_0052_0001.uasset" 4475
"../../../Engine/Content/EngineMaterials/Substrate/GLints/dict_16_192_64_0p5_0p02_0051_0012.uasset" 4476
"../../../Engine/Content/EngineMaterials/Substrate/GLints/dict_16_192_64_0p5_0p02_0051_0010.uasset" 4477
"../../../Engine/Content/EngineMaterials/Substrate/GLints/dict_16_192_64_0p5_0p02_0051_0009.uasset" 4478
"../../../Engine/Content/EngineMaterials/Substrate/GLints/dict_16_192_64_0p5_0p02_0051_0011.uasset" 4479
"../../../Engine/Content/EngineMaterials/Substrate/GLints/dict_16_192_64_0p5_0p02_0051_0013.uasset" 4480
"/Engine/EngineMaterials/Substrate/GLints/dict_16_192_64_0p5_0p02_0051_0010" 4481
"/Engine/EngineMaterials/Substrate/GLints/dict_16_192_64_0p5_0p02_0051_0011" 4482
"/Engine/EngineMaterials/Substrate/GLints/dict_16_192_64_0p5_0p02_0051_0012" 4483
"/Engine/EngineMaterials/Substrate/GLints/dict_16_192_64_0p5_0p02_0051_0013" 4484
"/Engine/EngineMaterials/Substrate/GLints/dict_16_192_64_0p5_0p02_0051_0009" 4485
"/Engine/EngineMaterials/Substrate/GLints/dict_16_192_64_0p5_0p02_0051_0014" 4486
"/Engine/EngineMaterials/Substrate/GLints/dict_16_192_64_0p5_0p02_0051_0015" 4487
"/Engine/EngineMaterials/Substrate/GLints/dict_16_192_64_0p5_0p02_0052_0000" 4488
"/Engine/EngineMaterials/Substrate/GLints/dict_16_192_64_0p5_0p02_0052_0001" 4489
"/Engine/EngineMaterials/Substrate/GLints/dict_16_192_64_0p5_0p02_0052_0002" 4490
"/Engine/EngineMaterials/Substrate/GLints/dict_16_192_64_0p5_0p02_0052_0003" 4491
"/Engine/EngineMaterials/Substrate/GLints/dict_16_192_64_0p5_0p02_0052_0004" 4492
"/Engine/EngineMaterials/Substrate/GLints/dict_16_192_64_0p5_0p02_0052_0005" 4493
"/Engine/EngineMaterials/Substrate/GLints/dict_16_192_64_0p5_0p02_0052_0006" 4494
"/Engine/EngineMaterials/Substrate/GLints/dict_16_192_64_0p5_0p02_0052_0007" 4495
"/Engine/EngineMaterials/Substrate/GLints/dict_16_192_64_0p5_0p02_0052_0008" 4496
"/Engine/EngineMaterials/Substrate/GLints/dict_16_192_64_0p5_0p02_0052_0009" 4497
"/Engine/EngineMaterials/Substrate/GLints/dict_16_192_64_0p5_0p02_0052_0010" 4498
"/Engine/EngineMaterials/Substrate/GLints/dict_16_192_64_0p5_0p02_0052_0011" 4499
"/Engine/EngineMaterials/Substrate/GLints/dict_16_192_64_0p5_0p02_0052_0012" 4500
"/Engine/EngineMaterials/Substrate/GLints/dict_16_192_64_0p5_0p02_0052_0013" 4501
"/Engine/EngineMaterials/Substrate/GLints/dict_16_192_64_0p5_0p02_0052_0014" 4502
"/Engine/EngineMaterials/Substrate/GLints/dict_16_192_64_0p5_0p02_0052_0015" 4503
"/Engine/EngineMaterials/Substrate/GLints/dict_16_192_64_0p5_0p02_0053_0000" 4504
"/Engine/EngineMaterials/Substrate/GLints/dict_16_192_64_0p5_0p02_0053_0001" 4505
"/Engine/EngineMaterials/Substrate/GLints/dict_16_192_64_0p5_0p02_0053_0002" 4506
"/Engine/EngineMaterials/Substrate/GLints/dict_16_192_64_0p5_0p02_0053_0003" 4507
"/Engine/EngineMaterials/Substrate/GLints/dict_16_192_64_0p5_0p02_0053_0004" 4508
"/Engine/EngineMaterials/Substrate/GLints/dict_16_192_64_0p5_0p02_0053_0005" 4509
"/Engine/EngineMaterials/Substrate/GLints/dict_16_192_64_0p5_0p02_0053_0006" 4510
"/Engine/EngineMaterials/Substrate/GLints/dict_16_192_64_0p5_0p02_0053_0007" 4511
"/Engine/EngineMaterials/Substrate/GLints/dict_16_192_64_0p5_0p02_0053_0008" 4512
"../../../Engine/Content/EngineMaterials/Substrate/GLints/dict_16_192_64_0p5_0p02_0051_0007.uasset" 4513
"../../../Engine/Content/EngineMaterials/Substrate/GLints/dict_16_192_64_0p5_0p02_0051_0003.uasset" 4514
"../../../Engine/Content/EngineMaterials/Substrate/GLints/dict_16_192_64_0p5_0p02_0051_0004.uasset" 4515
"../../../Engine/Content/EngineMaterials/Substrate/GLints/dict_16_192_64_0p5_0p02_0051_0006.uasset" 4516
"../../../Engine/Content/EngineMaterials/Substrate/GLints/dict_16_192_64_0p5_0p02_0051_0005.uasset" 4517
"../../../Engine/Content/EngineMaterials/Substrate/GLints/dict_16_192_64_0p5_0p02_0051_0008.uasset" 4518
"../../../Engine/Content/EngineMaterials/Substrate/GLints/dict_16_192_64_0p5_0p02_0051_0001.uasset" 4519
"../../../Engine/Content/EngineMaterials/Substrate/GLints/dict_16_192_64_0p5_0p02_0051_0002.uasset" 4520
"../../../Engine/Content/EngineMaterials/Substrate/GLints/dict_16_192_64_0p5_0p02_0050_0015.uasset" 4521
"../../../Engine/Content/EngineMaterials/Substrate/GLints/dict_16_192_64_0p5_0p02_0050_0010.uasset" 4522
"../../../Engine/Content/EngineMaterials/Substrate/GLints/dict_16_192_64_0p5_0p02_0050_0014.uasset" 4523
"../../../Engine/Content/EngineMaterials/Substrate/GLints/dict_16_192_64_0p5_0p02_0050_0012.uasset" 4524
"../../../Engine/Content/EngineMaterials/Substrate/GLints/dict_16_192_64_0p5_0p02_0050_0011.uasset" 4525
"../../../Engine/Content/EngineMaterials/Substrate/GLints/dict_16_192_64_0p5_0p02_0050_0013.uasset" 4526
"../../../Engine/Content/EngineMaterials/Substrate/GLints/dict_16_192_64_0p5_0p02_0050_0009.uasset" 4527
"../../../Engine/Content/EngineMaterials/Substrate/GLints/dict_16_192_64_0p5_0p02_0051_0000.uasset" 4528
"../../../Engine/Content/EngineMaterials/Substrate/GLints/dict_16_192_64_0p5_0p02_0050_0008.uasset" 4529
"/Engine/EngineMaterials/Substrate/GLints/dict_16_192_64_0p5_0p02_0050_0008" 4530
"/Engine/EngineMaterials/Substrate/GLints/dict_16_192_64_0p5_0p02_0050_0009" 4531
"/Engine/EngineMaterials/Substrate/GLints/dict_16_192_64_0p5_0p02_0050_0010" 4532
"../../../Engine/Content/EngineMaterials/Substrate/GLints/dict_16_192_64_0p5_0p02_0050_0004.uasset" 4533
"../../../Engine/Content/EngineMaterials/Substrate/GLints/dict_16_192_64_0p5_0p02_0050_0005.uasset" 4534
"../../../Engine/Content/EngineMaterials/Substrate/GLints/dict_16_192_64_0p5_0p02_0050_0002.uasset" 4535
"/Engine/EngineMaterials/Substrate/GLints/dict_16_192_64_0p5_0p02_0050_0011" 4536
"/Engine/EngineMaterials/Substrate/GLints/dict_16_192_64_0p5_0p02_0050_0012" 4537
"../../../Engine/Content/EngineMaterials/Substrate/GLints/dict_16_192_64_0p5_0p02_0050_0006.uasset" 4538
"/Engine/EngineMaterials/Substrate/GLints/dict_16_192_64_0p5_0p02_0050_0013" 4539
"/Engine/EngineMaterials/Substrate/GLints/dict_16_192_64_0p5_0p02_0050_0014" 4540
"/Engine/EngineMaterials/Substrate/GLints/dict_16_192_64_0p5_0p02_0050_0015" 4541
"/Engine/EngineMaterials/Substrate/GLints/dict_16_192_64_0p5_0p02_0051_0000" 4542
"/Engine/EngineMaterials/Substrate/GLints/dict_16_192_64_0p5_0p02_0051_0001" 4543
"/Engine/EngineMaterials/Substrate/GLints/dict_16_192_64_0p5_0p02_0051_0002" 4544
"/Engine/EngineMaterials/Substrate/GLints/dict_16_192_64_0p5_0p02_0051_0003" 4545
"../../../Engine/Content/EngineMaterials/Substrate/GLints/dict_16_192_64_0p5_0p02_0050_0003.uasset" 4546
"/Engine/EngineMaterials/Substrate/GLints/dict_16_192_64_0p5_0p02_0051_0004" 4547
"../../../Engine/Content/EngineMaterials/Substrate/GLints/dict_16_192_64_0p5_0p02_0050_0001.uasset" 4548
"/Engine/EngineMaterials/Substrate/GLints/dict_16_192_64_0p5_0p02_0051_0005" 4549
"/Engine/EngineMaterials/Substrate/GLints/dict_16_192_64_0p5_0p02_0051_0006" 4550
"/Engine/EngineMaterials/Substrate/GLints/dict_16_192_64_0p5_0p02_0051_0007" 4551
"../../../Engine/Content/EngineMaterials/Substrate/GLints/dict_16_192_64_0p5_0p02_0050_0000.uasset" 4552
"/Engine/EngineMaterials/Substrate/GLints/dict_16_192_64_0p5_0p02_0051_0008" 4553
"/Engine/EngineMaterials/Substrate/GLints/dict_16_192_64_0p5_0p02_0050_0000" 4554
"/Engine/EngineMaterials/Substrate/GLints/dict_16_192_64_0p5_0p02_0050_0001" 4555
"../../../Engine/Content/EngineMaterials/Substrate/GLints/dict_16_192_64_0p5_0p02_0050_0007.uasset" 4556
"/Engine/EngineMaterials/Substrate/GLints/dict_16_192_64_0p5_0p02_0050_0002" 4557
"/Engine/EngineMaterials/Substrate/GLints/dict_16_192_64_0p5_0p02_0050_0003" 4558
"/Engine/EngineMaterials/Substrate/GLints/dict_16_192_64_0p5_0p02_0050_0004" 4559
"/Engine/EngineMaterials/Substrate/GLints/dict_16_192_64_0p5_0p02_0050_0005" 4560
"/Engine/EngineMaterials/Substrate/GLints/dict_16_192_64_0p5_0p02_0050_0006" 4561
"/Engine/EngineMaterials/Substrate/GLints/dict_16_192_64_0p5_0p02_0050_0007" 4562
"../../../Engine/Content/EngineMaterials/Substrate/GLints/dict_16_192_64_0p5_0p02_0049_0014.uasset" 4563
"/Engine/EngineMaterials/Substrate/GLints/dict_16_192_64_0p5_0p02_0049_0014" 4564
"../../../Engine/Content/EngineMaterials/Substrate/GLints/dict_16_192_64_0p5_0p02_0049_0010.uasset" 4565
"../../../Engine/Content/EngineMaterials/Substrate/GLints/dict_16_192_64_0p5_0p02_0049_0011.uasset" 4566
"../../../Engine/Content/EngineMaterials/Substrate/GLints/dict_16_192_64_0p5_0p02_0049_0015.uasset" 4567
"../../../Engine/Content/EngineMaterials/Substrate/GLints/dict_16_192_64_0p5_0p02_0049_0013.uasset" 4568
"../../../Engine/Content/EngineMaterials/Substrate/GLints/dict_16_192_64_0p5_0p02_0049_0012.uasset" 4569
"../../../Engine/Content/EngineMaterials/Substrate/GLints/dict_16_192_64_0p5_0p02_0049_0009.uasset" 4570
"/Engine/EngineMaterials/Substrate/GLints/dict_16_192_64_0p5_0p02_0049_0009" 4571
"/Engine/EngineMaterials/Substrate/GLints/dict_16_192_64_0p5_0p02_0049_0010" 4572
"/Engine/EngineMaterials/Substrate/GLints/dict_16_192_64_0p5_0p02_0049_0011" 4573
"/Engine/EngineMaterials/Substrate/GLints/dict_16_192_64_0p5_0p02_0049_0012" 4574
"/Engine/EngineMaterials/Substrate/GLints/dict_16_192_64_0p5_0p02_0049_0013" 4575
"/Engine/EngineMaterials/Substrate/GLints/dict_16_192_64_0p5_0p02_0049_0015" 4576
"../../../Engine/Content/EngineMaterials/Substrate/GLints/dict_16_192_64_0p5_0p02_0049_0007.uasset" 4577
"../../../Engine/Content/EngineMaterials/Substrate/GLints/dict_16_192_64_0p5_0p02_0049_0008.uasset" 4578
"../../../Engine/Content/EngineMaterials/Substrate/GLints/dict_16_192_64_0p5_0p02_0049_0005.uasset" 4579
"../../../Engine/Content/EngineMaterials/Substrate/GLints/dict_16_192_64_0p5_0p02_0049_0004.uasset" 4580
"../../../Engine/Content/EngineMaterials/Substrate/GLints/dict_16_192_64_0p5_0p02_0049_0006.uasset" 4581
"../../../Engine/Content/EngineMaterials/Substrate/GLints/dict_16_192_64_0p5_0p02_0049_0003.uasset" 4582
"../../../Engine/Content/EngineMaterials/Substrate/GLints/dict_16_192_64_0p5_0p02_0049_0001.uasset" 4583
"/Engine/EngineMaterials/Substrate/GLints/dict_16_192_64_0p5_0p02_0049_0001" 4584
"/Engine/EngineMaterials/Substrate/GLints/dict_16_192_64_0p5_0p02_0049_0003" 4585
"/Engine/EngineMaterials/Substrate/GLints/dict_16_192_64_0p5_0p02_0049_0004" 4586
"/Engine/EngineMaterials/Substrate/GLints/dict_16_192_64_0p5_0p02_0049_0005" 4587
"/Engine/EngineMaterials/Substrate/GLints/dict_16_192_64_0p5_0p02_0049_0006" 4588
"/Engine/EngineMaterials/Substrate/GLints/dict_16_192_64_0p5_0p02_0049_0007" 4589
"../../../Engine/Content/EngineMaterials/Substrate/GLints/dict_16_192_64_0p5_0p02_0049_0000.uasset" 4590
"../../../Engine/Content/EngineMaterials/Substrate/GLints/dict_16_192_64_0p5_0p02_0048_0015.uasset" 4591
"/Engine/EngineMaterials/Substrate/GLints/dict_16_192_64_0p5_0p02_0049_0008" 4592
"/Engine/EngineMaterials/Substrate/GLints/dict_16_192_64_0p5_0p02_0048_0015" 4593
"/Engine/EngineMaterials/Substrate/GLints/dict_16_192_64_0p5_0p02_0049_0000" 4594
"../../../Engine/Content/EngineMaterials/Substrate/GLints/dict_16_192_64_0p5_0p02_0049_0002.uasset" 4595
"../../../Engine/Content/EngineMaterials/Substrate/GLints/dict_16_192_64_0p5_0p02_0048_0014.uasset" 4596
"../../../Engine/Content/EngineMaterials/Substrate/GLints/dict_16_192_64_0p5_0p02_0048_0013.uasset" 4597
"../../../Engine/Content/EngineMaterials/Substrate/GLints/dict_16_192_64_0p5_0p02_0048_0012.uasset" 4598
"../../../Engine/Content/EngineMaterials/Substrate/GLints/dict_16_192_64_0p5_0p02_0048_0011.uasset" 4599
"../../../Engine/Content/EngineMaterials/Substrate/GLints/dict_16_192_64_0p5_0p02_0048_0008.uasset" 4600
"../../../Engine/Content/EngineMaterials/Substrate/GLints/dict_16_192_64_0p5_0p02_0048_0005.uasset" 4601
"../../../Engine/Content/EngineMaterials/Substrate/GLints/dict_16_192_64_0p5_0p02_0048_0006.uasset" 4602
"../../../Engine/Content/EngineMaterials/Substrate/GLints/dict_16_192_64_0p5_0p02_0048_0007.uasset" 4603
"../../../Engine/Content/EngineMaterials/Substrate/GLints/dict_16_192_64_0p5_0p02_0048_0010.uasset" 4604
"../../../Engine/Content/EngineMaterials/Substrate/GLints/dict_16_192_64_0p5_0p02_0048_0009.uasset" 4605
"../../../Engine/Content/EngineMaterials/Substrate/GLints/dict_16_192_64_0p5_0p02_0048_0004.uasset" 4606
"../../../Engine/Content/EngineMaterials/Substrate/GLints/dict_16_192_64_0p5_0p02_0048_0003.uasset" 4607
"../../../Engine/Content/EngineMaterials/Substrate/GLints/dict_16_192_64_0p5_0p02_0048_0002.uasset" 4608
"../../../Engine/Content/EngineMaterials/Substrate/GLints/dict_16_192_64_0p5_0p02_0048_0001.uasset" 4609
"../../../Engine/Content/EngineMaterials/Substrate/GLints/dict_16_192_64_0p5_0p02_0048_0000.uasset" 4610
"../../../Engine/Content/EngineMaterials/Substrate/GLints/dict_16_192_64_0p5_0p02_0047_0012.uasset" 4611
"../../../Engine/Content/EngineMaterials/Substrate/GLints/dict_16_192_64_0p5_0p02_0047_0011.uasset" 4612
"../../../Engine/Content/EngineMaterials/Substrate/GLints/dict_16_192_64_0p5_0p02_0047_0015.uasset" 4613
"../../../Engine/Content/EngineMaterials/Substrate/GLints/dict_16_192_64_0p5_0p02_0047_0010.uasset" 4614
"../../../Engine/Content/EngineMaterials/Substrate/GLints/dict_16_192_64_0p5_0p02_0047_0009.uasset" 4615
"../../../Engine/Content/EngineMaterials/Substrate/GLints/dict_16_192_64_0p5_0p02_0047_0014.uasset" 4616
"../../../Engine/Content/EngineMaterials/Substrate/GLints/dict_16_192_64_0p5_0p02_0047_0013.uasset" 4617
"/Engine/EngineMaterials/Substrate/GLints/dict_16_192_64_0p5_0p02_0047_0009" 4618
"/Engine/EngineMaterials/Substrate/GLints/dict_16_192_64_0p5_0p02_0047_0010" 4619
"/Engine/EngineMaterials/Substrate/GLints/dict_16_192_64_0p5_0p02_0047_0011" 4620
"/Engine/EngineMaterials/Substrate/GLints/dict_16_192_64_0p5_0p02_0047_0012" 4621
"/Engine/EngineMaterials/Substrate/GLints/dict_16_192_64_0p5_0p02_0047_0013" 4622
"/Engine/EngineMaterials/Substrate/GLints/dict_16_192_64_0p5_0p02_0047_0015" 4623
"/Engine/EngineMaterials/Substrate/GLints/dict_16_192_64_0p5_0p02_0047_0014" 4624
"/Engine/EngineMaterials/Substrate/GLints/dict_16_192_64_0p5_0p02_0048_0001" 4625
"/Engine/EngineMaterials/Substrate/GLints/dict_16_192_64_0p5_0p02_0048_0002" 4626
"/Engine/EngineMaterials/Substrate/GLints/dict_16_192_64_0p5_0p02_0048_0003" 4627
"/Engine/EngineMaterials/Substrate/GLints/dict_16_192_64_0p5_0p02_0048_0004" 4628
"/Engine/EngineMaterials/Substrate/GLints/dict_16_192_64_0p5_0p02_0048_0005" 4629
"/Engine/EngineMaterials/Substrate/GLints/dict_16_192_64_0p5_0p02_0048_0006" 4630
"/Engine/EngineMaterials/Substrate/GLints/dict_16_192_64_0p5_0p02_0048_0007" 4631
"/Engine/EngineMaterials/Substrate/GLints/dict_16_192_64_0p5_0p02_0048_0000" 4632
"/Engine/EngineMaterials/Substrate/GLints/dict_16_192_64_0p5_0p02_0048_0008" 4633
"/Engine/EngineMaterials/Substrate/GLints/dict_16_192_64_0p5_0p02_0048_0009" 4634
"/Engine/EngineMaterials/Substrate/GLints/dict_16_192_64_0p5_0p02_0048_0010" 4635
"/Engine/EngineMaterials/Substrate/GLints/dict_16_192_64_0p5_0p02_0048_0011" 4636
"/Engine/EngineMaterials/Substrate/GLints/dict_16_192_64_0p5_0p02_0048_0012" 4637
"/Engine/EngineMaterials/Substrate/GLints/dict_16_192_64_0p5_0p02_0048_0013" 4638
"/Engine/EngineMaterials/Substrate/GLints/dict_16_192_64_0p5_0p02_0048_0014" 4639
"/Engine/EngineMaterials/Substrate/GLints/dict_16_192_64_0p5_0p02_0049_0002" 4640
"../../../Engine/Content/EngineMaterials/Substrate/GLints/dict_16_192_64_0p5_0p02_0046_0015.uasset" 4641
"../../../Engine/Content/EngineMaterials/Substrate/GLints/dict_16_192_64_0p5_0p02_0047_0002.uasset" 4642
"../../../Engine/Content/EngineMaterials/Substrate/GLints/dict_16_192_64_0p5_0p02_0047_0000.uasset" 4643
"../../../Engine/Content/EngineMaterials/Substrate/GLints/dict_16_192_64_0p5_0p02_0047_0007.uasset" 4644
"/Engine/EngineMaterials/Substrate/GLints/dict_16_192_64_0p5_0p02_0047_0000" 4645
"../../../Engine/Content/EngineMaterials/Substrate/GLints/dict_16_192_64_0p5_0p02_0047_0001.uasset" 4646
"../../../Engine/Content/EngineMaterials/Substrate/GLints/dict_16_192_64_0p5_0p02_0047_0008.uasset" 4647
"../../../Engine/Content/EngineMaterials/Substrate/GLints/dict_16_192_64_0p5_0p02_0047_0006.uasset" 4648
"../../../Engine/Content/EngineMaterials/Substrate/GLints/dict_16_192_64_0p5_0p02_0047_0004.uasset" 4649
"../../../Engine/Content/EngineMaterials/Substrate/GLints/dict_16_192_64_0p5_0p02_0046_0013.uasset" 4650
"/Engine/EngineMaterials/Substrate/GLints/dict_16_192_64_0p5_0p02_0047_0002" 4651
"/Engine/EngineMaterials/Substrate/GLints/dict_16_192_64_0p5_0p02_0046_0015" 4652
"../../../Engine/Content/EngineMaterials/Substrate/GLints/dict_16_192_64_0p5_0p02_0047_0005.uasset" 4653
"/Engine/EngineMaterials/Substrate/GLints/dict_16_192_64_0p5_0p02_0046_0013" 4654
"../../../Engine/Content/EngineMaterials/Substrate/GLints/dict_16_192_64_0p5_0p02_0046_0012.uasset" 4655
"/Engine/EngineMaterials/Substrate/GLints/dict_16_192_64_0p5_0p02_0047_0001" 4656
"/Engine/EngineMaterials/Substrate/GLints/dict_16_192_64_0p5_0p02_0047_0004" 4657
"../../../Engine/Content/EngineMaterials/Substrate/GLints/dict_16_192_64_0p5_0p02_0046_0010.uasset" 4658
"../../../Engine/Content/EngineMaterials/Substrate/GLints/dict_16_192_64_0p5_0p02_0046_0006.uasset" 4659
"../../../Engine/Content/EngineMaterials/Substrate/GLints/dict_16_192_64_0p5_0p02_0046_0009.uasset" 4660
"../../../Engine/Content/EngineMaterials/Substrate/GLints/dict_16_192_64_0p5_0p02_0046_0005.uasset" 4661
"/Engine/EngineMaterials/Substrate/GLints/dict_16_192_64_0p5_0p02_0047_0005" 4662
"../../../Engine/Content/EngineMaterials/Substrate/GLints/dict_16_192_64_0p5_0p02_0046_0007.uasset" 4663
"../../../Engine/Content/EngineMaterials/Substrate/GLints/dict_16_192_64_0p5_0p02_0046_0008.uasset" 4664
"/Engine/EngineMaterials/Substrate/GLints/dict_16_192_64_0p5_0p02_0047_0006" 4665
"../../../Engine/Content/EngineMaterials/Substrate/GLints/dict_16_192_64_0p5_0p02_0046_0004.uasset" 4666
"/Engine/EngineMaterials/Substrate/GLints/dict_16_192_64_0p5_0p02_0047_0007" 4667
"../../../Engine/Content/EngineMaterials/Substrate/GLints/dict_16_192_64_0p5_0p02_0046_0011.uasset" 4668
"/Engine/EngineMaterials/Substrate/GLints/dict_16_192_64_0p5_0p02_0047_0008" 4669
"../../../Engine/Content/EngineMaterials/Substrate/GLints/dict_16_192_64_0p5_0p02_0046_0002.uasset" 4670
"/Engine/EngineMaterials/Substrate/GLints/dict_16_192_64_0p5_0p02_0046_0004" 4671
"/Engine/EngineMaterials/Substrate/GLints/dict_16_192_64_0p5_0p02_0046_0005" 4672
"/Engine/EngineMaterials/Substrate/GLints/dict_16_192_64_0p5_0p02_0046_0006" 4673
"/Engine/EngineMaterials/Substrate/GLints/dict_16_192_64_0p5_0p02_0046_0007" 4674
"/Engine/EngineMaterials/Substrate/GLints/dict_16_192_64_0p5_0p02_0046_0008" 4675
"../../../Engine/Content/EngineMaterials/Substrate/GLints/dict_16_192_64_0p5_0p02_0047_0003.uasset" 4676
"../../../Engine/Content/EngineMaterials/Substrate/GLints/dict_16_192_64_0p5_0p02_0046_0014.uasset" 4677
"/Engine/EngineMaterials/Substrate/GLints/dict_16_192_64_0p5_0p02_0046_0009" 4678
"/Engine/EngineMaterials/Substrate/GLints/dict_16_192_64_0p5_0p02_0046_0010" 4679
"/Engine/EngineMaterials/Substrate/GLints/dict_16_192_64_0p5_0p02_0046_0011" 4680
"/Engine/EngineMaterials/Substrate/GLints/dict_16_192_64_0p5_0p02_0046_0012" 4681
"/Engine/EngineMaterials/Substrate/GLints/dict_16_192_64_0p5_0p02_0046_0014" 4682
"../../../Engine/Content/EngineMaterials/Substrate/GLints/dict_16_192_64_0p5_0p02_0046_0001.uasset" 4683
"/Engine/EngineMaterials/Substrate/GLints/dict_16_192_64_0p5_0p02_0047_0003" 4684
"../../../Engine/Content/EngineMaterials/Substrate/GLints/dict_16_192_64_0p5_0p02_0045_0012.uasset" 4685
"../../../Engine/Content/EngineMaterials/Substrate/GLints/dict_16_192_64_0p5_0p02_0045_0015.uasset" 4686
"/Engine/EngineMaterials/Substrate/GLints/dict_16_192_64_0p5_0p02_0046_0001" 4687
"../../../Engine/Content/EngineMaterials/Substrate/GLints/dict_16_192_64_0p5_0p02_0046_0000.uasset" 4688
"/Engine/EngineMaterials/Substrate/GLints/dict_16_192_64_0p5_0p02_0046_0002" 4689
"/Engine/EngineMaterials/Substrate/GLints/dict_16_192_64_0p5_0p02_0045_0012" 4690
"../../../Engine/Content/EngineMaterials/Substrate/GLints/dict_16_192_64_0p5_0p02_0045_0014.uasset" 4691
"../../../Engine/Content/EngineMaterials/Substrate/GLints/dict_16_192_64_0p5_0p02_0045_0010.uasset" 4692
"/Engine/EngineMaterials/Substrate/GLints/dict_16_192_64_0p5_0p02_0045_0015" 4693
"/Engine/EngineMaterials/Substrate/GLints/dict_16_192_64_0p5_0p02_0046_0000" 4694
"/Engine/EngineMaterials/Substrate/GLints/dict_16_192_64_0p5_0p02_0045_0010" 4695
"/Engine/EngineMaterials/Substrate/GLints/dict_16_192_64_0p5_0p02_0045_0014" 4696
"../../../Engine/Content/EngineMaterials/Substrate/GLints/dict_16_192_64_0p5_0p02_0045_0011.uasset" 4697
"../../../Engine/Content/EngineMaterials/Substrate/GLints/dict_16_192_64_0p5_0p02_0045_0006.uasset" 4698
"../../../Engine/Content/EngineMaterials/Substrate/GLints/dict_16_192_64_0p5_0p02_0045_0007.uasset" 4699
"../../../Engine/Content/EngineMaterials/Substrate/GLints/dict_16_192_64_0p5_0p02_0045_0002.uasset" 4700
"../../../Engine/Content/EngineMaterials/Substrate/GLints/dict_16_192_64_0p5_0p02_0044_0015.uasset" 4701
"../../../Engine/Content/EngineMaterials/Substrate/GLints/dict_16_192_64_0p5_0p02_0045_0013.uasset" 4702
"../../../Engine/Content/EngineMaterials/Substrate/GLints/dict_16_192_64_0p5_0p02_0045_0003.uasset" 4703
"../../../Engine/Content/EngineMaterials/Substrate/GLints/dict_16_192_64_0p5_0p02_0045_0000.uasset" 4704
"/Engine/EngineMaterials/Substrate/GLints/dict_16_192_64_0p5_0p02_0045_0011" 4705
"/Engine/EngineMaterials/Substrate/GLints/dict_16_192_64_0p5_0p02_0045_0013" 4706
"/Engine/EngineMaterials/Substrate/GLints/dict_16_192_64_0p5_0p02_0044_0015" 4707
"/Engine/EngineMaterials/Substrate/GLints/dict_16_192_64_0p5_0p02_0045_0006" 4708
"/Engine/EngineMaterials/Substrate/GLints/dict_16_192_64_0p5_0p02_0045_0007" 4709
"../../../Engine/Content/EngineMaterials/Substrate/GLints/dict_16_192_64_0p5_0p02_0046_0003.uasset" 4710
"../../../Engine/Content/EngineMaterials/Substrate/GLints/dict_16_192_64_0p5_0p02_0045_0009.uasset" 4711
"/Engine/EngineMaterials/Substrate/GLints/dict_16_192_64_0p5_0p02_0045_0002" 4712
"../../../Engine/Content/EngineMaterials/Substrate/GLints/dict_16_192_64_0p5_0p02_0044_0013.uasset" 4713
"/Engine/EngineMaterials/Substrate/GLints/dict_16_192_64_0p5_0p02_0045_0003" 4714
"../../../Engine/Content/EngineMaterials/Substrate/GLints/dict_16_192_64_0p5_0p02_0045_0004.uasset" 4715
"/Engine/EngineMaterials/Substrate/GLints/dict_16_192_64_0p5_0p02_0045_0009" 4716
"/Engine/EngineMaterials/Substrate/GLints/dict_16_192_64_0p5_0p02_0046_0003" 4717
"/Engine/EngineMaterials/Substrate/GLints/dict_16_192_64_0p5_0p02_0044_0013" 4718
"../../../Engine/Content/EngineMaterials/Substrate/GLints/dict_16_192_64_0p5_0p02_0045_0008.uasset" 4719
"/Engine/EngineMaterials/Substrate/GLints/dict_16_192_64_0p5_0p02_0045_0000" 4720
"../../../Engine/Content/EngineMaterials/Substrate/GLints/dict_16_192_64_0p5_0p02_0045_0005.uasset" 4721
"/Engine/EngineMaterials/Substrate/GLints/dict_16_192_64_0p5_0p02_0045_0004" 4722
"/Engine/EngineMaterials/Substrate/GLints/dict_16_192_64_0p5_0p02_0045_0008" 4723
"/Engine/EngineMaterials/Substrate/GLints/dict_16_192_64_0p5_0p02_0045_0005" 4724
"../../../Engine/Content/EngineMaterials/Substrate/GLints/dict_16_192_64_0p5_0p02_0044_0012.uasset" 4725
"/Engine/EngineMaterials/Substrate/GLints/dict_16_192_64_0p5_0p02_0044_0012" 4726
"../../../Engine/Content/EngineMaterials/Substrate/GLints/dict_16_192_64_0p5_0p02_0045_0001.uasset" 4727
"../../../Engine/Content/EngineMaterials/Substrate/GLints/dict_16_192_64_0p5_0p02_0044_0011.uasset" 4728
"../../../Engine/Content/EngineMaterials/Substrate/GLints/dict_16_192_64_0p5_0p02_0044_0014.uasset" 4729
"../../../Engine/Content/EngineMaterials/Substrate/GLints/dict_16_192_64_0p5_0p02_0044_0009.uasset" 4730
"../../../Engine/Content/EngineMaterials/Substrate/GLints/dict_16_192_64_0p5_0p02_0044_0008.uasset" 4731
"../../../Engine/Content/EngineMaterials/Substrate/GLints/dict_16_192_64_0p5_0p02_0044_0007.uasset" 4732
"../../../Engine/Content/EngineMaterials/Substrate/GLints/dict_16_192_64_0p5_0p02_0044_0005.uasset" 4733
"../../../Engine/Content/EngineMaterials/Substrate/GLints/dict_16_192_64_0p5_0p02_0044_0006.uasset" 4734
"../../../Engine/Content/EngineMaterials/Substrate/GLints/dict_16_192_64_0p5_0p02_0044_0010.uasset" 4735
"../../../Engine/Content/EngineMaterials/Substrate/GLints/dict_16_192_64_0p5_0p02_0044_0001.uasset" 4736
"../../../Engine/Content/EngineMaterials/Substrate/GLints/dict_16_192_64_0p5_0p02_0044_0003.uasset" 4737
"../../../Engine/Content/EngineMaterials/Substrate/GLints/dict_16_192_64_0p5_0p02_0044_0000.uasset" 4738
"/Engine/EngineMaterials/Substrate/GLints/dict_16_192_64_0p5_0p02_0044_0000" 4739
"/Engine/EngineMaterials/Substrate/GLints/dict_16_192_64_0p5_0p02_0044_0001" 4740
"../../../Engine/Content/EngineMaterials/Substrate/GLints/dict_16_192_64_0p5_0p02_0043_0012.uasset" 4741
"/Engine/EngineMaterials/Substrate/GLints/dict_16_192_64_0p5_0p02_0044_0003" 4742
"../../../Engine/Content/EngineMaterials/Substrate/GLints/dict_16_192_64_0p5_0p02_0043_0013.uasset" 4743
"../../../Engine/Content/EngineMaterials/Substrate/GLints/dict_16_192_64_0p5_0p02_0043_0014.uasset" 4744
"../../../Engine/Content/EngineMaterials/Substrate/GLints/dict_16_192_64_0p5_0p02_0043_0011.uasset" 4745
"/Engine/EngineMaterials/Substrate/GLints/dict_16_192_64_0p5_0p02_0044_0006" 4746
"../../../Engine/Content/EngineMaterials/Substrate/GLints/dict_16_192_64_0p5_0p02_0043_0010.uasset" 4747
"../../../Engine/Content/EngineMaterials/Substrate/GLints/dict_16_192_64_0p5_0p02_0044_0002.uasset" 4748
"../../../Engine/Content/EngineMaterials/Substrate/GLints/dict_16_192_64_0p5_0p02_0043_0015.uasset" 4749
"/Engine/EngineMaterials/Substrate/GLints/dict_16_192_64_0p5_0p02_0044_0007" 4750
"/Engine/EngineMaterials/Substrate/GLints/dict_16_192_64_0p5_0p02_0044_0008" 4751
"/Engine/EngineMaterials/Substrate/GLints/dict_16_192_64_0p5_0p02_0044_0009" 4752
"../../../Engine/Content/EngineMaterials/Substrate/GLints/dict_16_192_64_0p5_0p02_0044_0004.uasset" 4753
"../../../Engine/Content/EngineMaterials/Substrate/GLints/dict_16_192_64_0p5_0p02_0043_0007.uasset" 4754
"../../../Engine/Content/EngineMaterials/Substrate/GLints/dict_16_192_64_0p5_0p02_0043_0009.uasset" 4755
"/Engine/EngineMaterials/Substrate/GLints/dict_16_192_64_0p5_0p02_0044_0010" 4756
"../../../Engine/Content/EngineMaterials/Substrate/GLints/dict_16_192_64_0p5_0p02_0043_0006.uasset" 4757
"/Engine/EngineMaterials/Substrate/GLints/dict_16_192_64_0p5_0p02_0044_0011" 4758
"/Engine/EngineMaterials/Substrate/GLints/dict_16_192_64_0p5_0p02_0044_0014" 4759
"/Engine/EngineMaterials/Substrate/GLints/dict_16_192_64_0p5_0p02_0044_0005" 4760
"/Engine/EngineMaterials/Substrate/GLints/dict_16_192_64_0p5_0p02_0045_0001" 4761
"/Engine/EngineMaterials/Substrate/GLints/dict_16_192_64_0p5_0p02_0043_0013" 4762
"/Engine/EngineMaterials/Substrate/GLints/dict_16_192_64_0p5_0p02_0043_0006" 4763
"/Engine/EngineMaterials/Substrate/GLints/dict_16_192_64_0p5_0p02_0043_0015" 4764
"/Engine/EngineMaterials/Substrate/GLints/dict_16_192_64_0p5_0p02_0043_0007" 4765
"/Engine/EngineMaterials/Substrate/GLints/dict_16_192_64_0p5_0p02_0043_0014" 4766
"../../../Engine/Content/EngineMaterials/Substrate/GLints/dict_16_192_64_0p5_0p02_0043_0005.uasset" 4767
"/Engine/EngineMaterials/Substrate/GLints/dict_16_192_64_0p5_0p02_0044_0002" 4768
"/Engine/EngineMaterials/Substrate/GLints/dict_16_192_64_0p5_0p02_0044_0004" 4769
"/Engine/EngineMaterials/Substrate/GLints/dict_16_192_64_0p5_0p02_0043_0009" 4770
"../../../Engine/Content/EngineMaterials/Substrate/GLints/dict_16_192_64_0p5_0p02_0043_0003.uasset" 4771
"/Engine/EngineMaterials/Substrate/GLints/dict_16_192_64_0p5_0p02_0043_0010" 4772
"/Engine/EngineMaterials/Substrate/GLints/dict_16_192_64_0p5_0p02_0043_0011" 4773
"/Engine/EngineMaterials/Substrate/GLints/dict_16_192_64_0p5_0p02_0043_0012" 4774
"../../../Engine/Content/EngineMaterials/Substrate/GLints/dict_16_192_64_0p5_0p02_0043_0001.uasset" 4775
"../../../Engine/Content/EngineMaterials/Substrate/GLints/dict_16_192_64_0p5_0p02_0042_0015.uasset" 4776
"/Engine/EngineMaterials/Substrate/GLints/dict_16_192_64_0p5_0p02_0043_0003" 4777
"../../../Engine/Content/EngineMaterials/Substrate/GLints/dict_16_192_64_0p5_0p02_0043_0002.uasset" 4778
"../../../Engine/Content/EngineMaterials/Substrate/GLints/dict_16_192_64_0p5_0p02_0043_0008.uasset" 4779
"../../../Engine/Content/EngineMaterials/Substrate/GLints/dict_16_192_64_0p5_0p02_0042_0014.uasset" 4780
"/Engine/EngineMaterials/Substrate/GLints/dict_16_192_64_0p5_0p02_0043_0005" 4781
"/Engine/EngineMaterials/Substrate/GLints/dict_16_192_64_0p5_0p02_0043_0001" 4782
"/Engine/EngineMaterials/Substrate/GLints/dict_16_192_64_0p5_0p02_0043_0002" 4783
"/Engine/EngineMaterials/Substrate/GLints/dict_16_192_64_0p5_0p02_0042_0014" 4784
"../../../Engine/Content/EngineMaterials/Substrate/GLints/dict_16_192_64_0p5_0p02_0043_0000.uasset" 4785
"/Engine/EngineMaterials/Substrate/GLints/dict_16_192_64_0p5_0p02_0043_0008" 4786
"/Engine/EngineMaterials/Substrate/GLints/dict_16_192_64_0p5_0p02_0042_0015" 4787
"/Engine/EngineMaterials/Substrate/GLints/dict_16_192_64_0p5_0p02_0043_0000" 4788
"../../../Engine/Content/EngineMaterials/Substrate/GLints/dict_16_192_64_0p5_0p02_0043_0004.uasset" 4789
"/Engine/EngineMaterials/Substrate/GLints/dict_16_192_64_0p5_0p02_0043_0004" 4790
"../../../Engine/Content/EngineMaterials/Substrate/GLints/dict_16_192_64_0p5_0p02_0042_0013.uasset" 4791
"../../../Engine/Content/EngineMaterials/Substrate/GLints/dict_16_192_64_0p5_0p02_0042_0012.uasset" 4792
"../../../Engine/Content/EngineMaterials/Substrate/GLints/dict_16_192_64_0p5_0p02_0042_0011.uasset" 4793
"../../../Engine/Content/EngineMaterials/Substrate/GLints/dict_16_192_64_0p5_0p02_0042_0009.uasset" 4794
"../../../Engine/Content/EngineMaterials/Substrate/GLints/dict_16_192_64_0p5_0p02_0042_0008.uasset" 4795
"../../../Engine/Content/EngineMaterials/Substrate/GLints/dict_16_192_64_0p5_0p02_0042_0006.uasset" 4796
"../../../Engine/Content/EngineMaterials/Substrate/GLints/dict_16_192_64_0p5_0p02_0042_0010.uasset" 4797
"../../../Engine/Content/EngineMaterials/Substrate/GLints/dict_16_192_64_0p5_0p02_0042_0005.uasset" 4798
"../../../Engine/Content/EngineMaterials/Substrate/GLints/dict_16_192_64_0p5_0p02_0042_0007.uasset" 4799
"../../../Engine/Content/EngineMaterials/Substrate/GLints/dict_16_192_64_0p5_0p02_0042_0004.uasset" 4800
"/Engine/EngineMaterials/Substrate/GLints/dict_16_192_64_0p5_0p02_0042_0004" 4801
"/Engine/EngineMaterials/Substrate/GLints/dict_16_192_64_0p5_0p02_0042_0005" 4802
"/Engine/EngineMaterials/Substrate/GLints/dict_16_192_64_0p5_0p02_0042_0006" 4803
"/Engine/EngineMaterials/Substrate/GLints/dict_16_192_64_0p5_0p02_0042_0007" 4804
"/Engine/EngineMaterials/Substrate/GLints/dict_16_192_64_0p5_0p02_0042_0008" 4805
"/Engine/EngineMaterials/Substrate/GLints/dict_16_192_64_0p5_0p02_0042_0009" 4806
"../../../Engine/Content/EngineMaterials/Substrate/GLints/dict_16_192_64_0p5_0p02_0042_0002.uasset" 4807
"../../../Engine/Content/EngineMaterials/Substrate/GLints/dict_16_192_64_0p5_0p02_0041_0014.uasset" 4808
"/Engine/EngineMaterials/Substrate/GLints/dict_16_192_64_0p5_0p02_0042_0010" 4809
"../../../Engine/Content/EngineMaterials/Substrate/GLints/dict_16_192_64_0p5_0p02_0042_0000.uasset" 4810
"../../../Engine/Content/EngineMaterials/Substrate/GLints/dict_16_192_64_0p5_0p02_0042_0001.uasset" 4811
"/Engine/EngineMaterials/Substrate/GLints/dict_16_192_64_0p5_0p02_0042_0011" 4812
"../../../Engine/Content/EngineMaterials/Substrate/GLints/dict_16_192_64_0p5_0p02_0041_0012.uasset" 4813
"/Engine/EngineMaterials/Substrate/GLints/dict_16_192_64_0p5_0p02_0042_0012" 4814
"../../../Engine/Content/EngineMaterials/Substrate/GLints/dict_16_192_64_0p5_0p02_0041_0015.uasset" 4815
"/Engine/EngineMaterials/Substrate/GLints/dict_16_192_64_0p5_0p02_0042_0013" 4816
"/Engine/EngineMaterials/Substrate/GLints/dict_16_192_64_0p5_0p02_0042_0002" 4817
"../../../Engine/Content/EngineMaterials/Substrate/GLints/dict_16_192_64_0p5_0p02_0042_0003.uasset" 4818
"/Engine/EngineMaterials/Substrate/GLints/dict_16_192_64_0p5_0p02_0041_0012" 4819
"/Engine/EngineMaterials/Substrate/GLints/dict_16_192_64_0p5_0p02_0041_0014" 4820
"../../../Engine/Content/EngineMaterials/Substrate/GLints/dict_16_192_64_0p5_0p02_0041_0013.uasset" 4821
"/Engine/EngineMaterials/Substrate/GLints/dict_16_192_64_0p5_0p02_0041_0015" 4822
"../../../Engine/Content/EngineMaterials/Substrate/GLints/dict_16_192_64_0p5_0p02_0041_0009.uasset" 4823
"/Engine/EngineMaterials/Substrate/GLints/dict_16_192_64_0p5_0p02_0042_0000" 4824
"../../../Engine/Content/EngineMaterials/Substrate/GLints/dict_16_192_64_0p5_0p02_0041_0011.uasset" 4825
"/Engine/EngineMaterials/Substrate/GLints/dict_16_192_64_0p5_0p02_0042_0001" 4826
"/Engine/EngineMaterials/Substrate/GLints/dict_16_192_64_0p5_0p02_0041_0009" 4827
"/Engine/EngineMaterials/Substrate/GLints/dict_16_192_64_0p5_0p02_0041_0011" 4828
"/Engine/EngineMaterials/Substrate/GLints/dict_16_192_64_0p5_0p02_0042_0003" 4829
"/Engine/EngineMaterials/Substrate/GLints/dict_16_192_64_0p5_0p02_0041_0013" 4830
"../../../Engine/Content/EngineMaterials/Substrate/GLints/dict_16_192_64_0p5_0p02_0041_0010.uasset" 4831
"../../../Engine/Content/EngineMaterials/Substrate/GLints/dict_16_192_64_0p5_0p02_0041_0006.uasset" 4832
"../../../Engine/Content/EngineMaterials/Substrate/GLints/dict_16_192_64_0p5_0p02_0041_0004.uasset" 4833
"../../../Engine/Content/EngineMaterials/Substrate/GLints/dict_16_192_64_0p5_0p02_0041_0008.uasset" 4834
"../../../Engine/Content/EngineMaterials/Substrate/GLints/dict_16_192_64_0p5_0p02_0041_0005.uasset" 4835
"../../../Engine/Content/EngineMaterials/Substrate/GLints/dict_16_192_64_0p5_0p02_0041_0007.uasset" 4836
"../../../Engine/Content/EngineMaterials/Substrate/GLints/dict_16_192_64_0p5_0p02_0041_0002.uasset" 4837
"../../../Engine/Content/EngineMaterials/Substrate/GLints/dict_16_192_64_0p5_0p02_0041_0001.uasset" 4838
"../../../Engine/Content/EngineMaterials/Substrate/GLints/dict_16_192_64_0p5_0p02_0041_0000.uasset" 4839
"../../../Engine/Content/EngineMaterials/Substrate/GLints/dict_16_192_64_0p5_0p02_0041_0003.uasset" 4840
"/Engine/EngineMaterials/Substrate/GLints/dict_16_192_64_0p5_0p02_0041_0000" 4841
"/Engine/EngineMaterials/Substrate/GLints/dict_16_192_64_0p5_0p02_0041_0007" 4842
"/Engine/EngineMaterials/Substrate/GLints/dict_16_192_64_0p5_0p02_0041_0008" 4843
"/Engine/EngineMaterials/Substrate/GLints/dict_16_192_64_0p5_0p02_0041_0010" 4844
"/Engine/EngineMaterials/Substrate/GLints/dict_16_192_64_0p5_0p02_0041_0001" 4845
"../../../Engine/Content/EngineMaterials/Substrate/GLints/dict_16_192_64_0p5_0p02_0040_0015.uasset" 4846
"/Engine/EngineMaterials/Substrate/GLints/dict_16_192_64_0p5_0p02_0041_0002" 4847
"/Engine/EngineMaterials/Substrate/GLints/dict_16_192_64_0p5_0p02_0041_0005" 4848
"/Engine/EngineMaterials/Substrate/GLints/dict_16_192_64_0p5_0p02_0041_0004" 4849
"/Engine/EngineMaterials/Substrate/GLints/dict_16_192_64_0p5_0p02_0041_0006" 4850
"/Engine/EngineMaterials/Substrate/GLints/dict_16_192_64_0p5_0p02_0041_0003" 4851
"/Engine/EngineMaterials/Substrate/GLints/dict_16_192_64_0p5_0p02_0040_0015" 4852
"../../../Engine/Content/EngineMaterials/Substrate/GLints/dict_16_192_64_0p5_0p02_0040_0009.uasset" 4853
"../../../Engine/Content/EngineMaterials/Substrate/GLints/dict_16_192_64_0p5_0p02_0040_0010.uasset" 4854
"../../../Engine/Content/EngineMaterials/Substrate/GLints/dict_16_192_64_0p5_0p02_0040_0007.uasset" 4855
"../../../Engine/Content/EngineMaterials/Substrate/GLints/dict_16_192_64_0p5_0p02_0040_0013.uasset" 4856
"../../../Engine/Content/EngineMaterials/Substrate/GLints/dict_16_192_64_0p5_0p02_0040_0012.uasset" 4857
"../../../Engine/Content/EngineMaterials/Substrate/GLints/dict_16_192_64_0p5_0p02_0040_0014.uasset" 4858
"../../../Engine/Content/EngineMaterials/Substrate/GLints/dict_16_192_64_0p5_0p02_0040_0005.uasset" 4859
"../../../Engine/Content/EngineMaterials/Substrate/GLints/dict_16_192_64_0p5_0p02_0040_0011.uasset" 4860
"../../../Engine/Content/EngineMaterials/Substrate/GLints/dict_16_192_64_0p5_0p02_0040_0008.uasset" 4861
"../../../Engine/Content/EngineMaterials/Substrate/GLints/dict_16_192_64_0p5_0p02_0040_0006.uasset" 4862
"../../../Engine/Content/EngineMaterials/Substrate/GLints/dict_16_192_64_0p5_0p02_0040_0004.uasset" 4863
"../../../Engine/Content/EngineMaterials/Substrate/GLints/dict_16_192_64_0p5_0p02_0040_0001.uasset" 4864
"../../../Engine/Content/EngineMaterials/Substrate/GLints/dict_16_192_64_0p5_0p02_0040_0003.uasset" 4865
"../../../Engine/Content/EngineMaterials/Substrate/GLints/dict_16_192_64_0p5_0p02_0039_0015.uasset" 4866
"../../../Engine/Content/EngineMaterials/Substrate/GLints/dict_16_192_64_0p5_0p02_0040_0002.uasset" 4867
"../../../Engine/Content/EngineMaterials/Substrate/GLints/dict_16_192_64_0p5_0p02_0040_0000.uasset" 4868
"/Engine/EngineMaterials/Substrate/GLints/dict_16_192_64_0p5_0p02_0039_0015" 4869
"../../../Engine/Content/EngineMaterials/Substrate/GLints/dict_16_192_64_0p5_0p02_0039_0013.uasset" 4870
"/Engine/EngineMaterials/Substrate/GLints/dict_16_192_64_0p5_0p02_0040_0004" 4871
"/Engine/EngineMaterials/Substrate/GLints/dict_16_192_64_0p5_0p02_0040_0005" 4872
"/Engine/EngineMaterials/Substrate/GLints/dict_16_192_64_0p5_0p02_0040_0006" 4873
"/Engine/EngineMaterials/Substrate/GLints/dict_16_192_64_0p5_0p02_0040_0007" 4874
"/Engine/EngineMaterials/Substrate/GLints/dict_16_192_64_0p5_0p02_0040_0008" 4875
"/Engine/EngineMaterials/Substrate/GLints/dict_16_192_64_0p5_0p02_0040_0009" 4876
"/Engine/EngineMaterials/Substrate/GLints/dict_16_192_64_0p5_0p02_0040_0010" 4877
"../../../Engine/Content/EngineMaterials/Substrate/GLints/dict_16_192_64_0p5_0p02_0039_0009.uasset" 4878
"/Engine/EngineMaterials/Substrate/GLints/dict_16_192_64_0p5_0p02_0040_0011" 4879
"/Engine/EngineMaterials/Substrate/GLints/dict_16_192_64_0p5_0p02_0040_0000" 4880
"/Engine/EngineMaterials/Substrate/GLints/dict_16_192_64_0p5_0p02_0040_0014" 4881
"/Engine/EngineMaterials/Substrate/GLints/dict_16_192_64_0p5_0p02_0040_0001" 4882
"../../../Engine/Content/EngineMaterials/Substrate/GLints/dict_16_192_64_0p5_0p02_0039_0012.uasset" 4883
"/Engine/EngineMaterials/Substrate/GLints/dict_16_192_64_0p5_0p02_0040_0012" 4884
"/Engine/EngineMaterials/Substrate/GLints/dict_16_192_64_0p5_0p02_0040_0013" 4885
"/Engine/EngineMaterials/Substrate/GLints/dict_16_192_64_0p5_0p02_0040_0002" 4886
"/Engine/EngineMaterials/Substrate/GLints/dict_16_192_64_0p5_0p02_0040_0003" 4887
"/Engine/EngineMaterials/Substrate/GLints/dict_16_192_64_0p5_0p02_0039_0012" 4888
"/Engine/EngineMaterials/Substrate/GLints/dict_16_192_64_0p5_0p02_0039_0013" 4889
"/Engine/EngineMaterials/Substrate/GLints/dict_16_192_64_0p5_0p02_0039_0009" 4890
"../../../Engine/Content/EngineMaterials/Substrate/GLints/dict_16_192_64_0p5_0p02_0039_0006.uasset" 4891
"../../../Engine/Content/EngineMaterials/Substrate/GLints/dict_16_192_64_0p5_0p02_0039_0005.uasset" 4892
"../../../Engine/Content/EngineMaterials/Substrate/GLints/dict_16_192_64_0p5_0p02_0039_0007.uasset" 4893
"../../../Engine/Content/EngineMaterials/Substrate/GLints/dict_16_192_64_0p5_0p02_0039_0002.uasset" 4894
"../../../Engine/Content/EngineMaterials/Substrate/GLints/dict_16_192_64_0p5_0p02_0039_0010.uasset" 4895
"../../../Engine/Content/EngineMaterials/Substrate/GLints/dict_16_192_64_0p5_0p02_0039_0014.uasset" 4896
"../../../Engine/Content/EngineMaterials/Substrate/GLints/dict_16_192_64_0p5_0p02_0039_0003.uasset" 4897
"../../../Engine/Content/EngineMaterials/Substrate/GLints/dict_16_192_64_0p5_0p02_0039_0011.uasset" 4898
"../../../Engine/Content/EngineMaterials/Substrate/GLints/dict_16_192_64_0p5_0p02_0039_0008.uasset" 4899
"../../../Engine/Content/EngineMaterials/Substrate/GLints/dict_16_192_64_0p5_0p02_0039_0001.uasset" 4900
"../../../Engine/Content/EngineMaterials/Substrate/GLints/dict_16_192_64_0p5_0p02_0039_0004.uasset" 4901
"/Engine/EngineMaterials/Substrate/GLints/dict_16_192_64_0p5_0p02_0039_0001" 4902
"../../../Engine/Content/EngineMaterials/Substrate/GLints/dict_16_192_64_0p5_0p02_0039_0000.uasset" 4903
"../../../Engine/Content/EngineMaterials/Substrate/GLints/dict_16_192_64_0p5_0p02_0038_0015.uasset" 4904
"/Engine/EngineMaterials/Substrate/GLints/dict_16_192_64_0p5_0p02_0039_0002" 4905
"/Engine/EngineMaterials/Substrate/GLints/dict_16_192_64_0p5_0p02_0039_0003" 4906
"/Engine/EngineMaterials/Substrate/GLints/dict_16_192_64_0p5_0p02_0039_0010" 4907
"../../../Engine/Content/EngineMaterials/Substrate/GLints/dict_16_192_64_0p5_0p02_0038_0012.uasset" 4908
"../../../Engine/Content/EngineMaterials/Substrate/GLints/dict_16_192_64_0p5_0p02_0038_0013.uasset" 4909
"../../../Engine/Content/EngineMaterials/Substrate/GLints/dict_16_192_64_0p5_0p02_0038_0014.uasset" 4910
"/Engine/EngineMaterials/Substrate/GLints/dict_16_192_64_0p5_0p02_0039_0004" 4911
"../../../Engine/Content/EngineMaterials/Substrate/GLints/dict_16_192_64_0p5_0p02_0038_0007.uasset" 4912
"/Engine/EngineMaterials/Substrate/GLints/dict_16_192_64_0p5_0p02_0039_0011" 4913
"/Engine/EngineMaterials/Substrate/GLints/dict_16_192_64_0p5_0p02_0039_0014" 4914
"/Engine/EngineMaterials/Substrate/GLints/dict_16_192_64_0p5_0p02_0039_0005" 4915
"../../../Engine/Content/EngineMaterials/Substrate/GLints/dict_16_192_64_0p5_0p02_0038_0008.uasset" 4916
"/Engine/EngineMaterials/Substrate/GLints/dict_16_192_64_0p5_0p02_0039_0006" 4917
"../../../Engine/Content/EngineMaterials/Substrate/GLints/dict_16_192_64_0p5_0p02_0038_0009.uasset" 4918
"/Engine/EngineMaterials/Substrate/GLints/dict_16_192_64_0p5_0p02_0039_0007" 4919
"/Engine/EngineMaterials/Substrate/GLints/dict_16_192_64_0p5_0p02_0039_0008" 4920
"/Engine/EngineMaterials/Substrate/GLints/dict_16_192_64_0p5_0p02_0038_0007" 4921
"/Engine/EngineMaterials/Substrate/GLints/dict_16_192_64_0p5_0p02_0038_0015" 4922
"/Engine/EngineMaterials/Substrate/GLints/dict_16_192_64_0p5_0p02_0038_0008" 4923
"/Engine/EngineMaterials/Substrate/GLints/dict_16_192_64_0p5_0p02_0038_0009" 4924
"/Engine/EngineMaterials/Substrate/GLints/dict_16_192_64_0p5_0p02_0038_0012" 4925
"../../../Engine/Content/EngineMaterials/Substrate/GLints/dict_16_192_64_0p5_0p02_0038_0003.uasset" 4926
"/Engine/EngineMaterials/Substrate/GLints/dict_16_192_64_0p5_0p02_0038_0013" 4927
"../../../Engine/Content/EngineMaterials/Substrate/GLints/dict_16_192_64_0p5_0p02_0038_0006.uasset" 4928
"/Engine/EngineMaterials/Substrate/GLints/dict_16_192_64_0p5_0p02_0038_0014" 4929
"../../../Engine/Content/EngineMaterials/Substrate/GLints/dict_16_192_64_0p5_0p02_0038_0002.uasset" 4930
"../../../Engine/Content/EngineMaterials/Substrate/GLints/dict_16_192_64_0p5_0p02_0038_0001.uasset" 4931
"/Engine/EngineMaterials/Substrate/GLints/dict_16_192_64_0p5_0p02_0039_0000" 4932
"../../../Engine/Content/EngineMaterials/Substrate/GLints/dict_16_192_64_0p5_0p02_0037_0015.uasset" 4933
"/Engine/EngineMaterials/Substrate/GLints/dict_16_192_64_0p5_0p02_0038_0001" 4934
"/Engine/EngineMaterials/Substrate/GLints/dict_16_192_64_0p5_0p02_0038_0002" 4935
"../../../Engine/Content/EngineMaterials/Substrate/GLints/dict_16_192_64_0p5_0p02_0038_0005.uasset" 4936
"/Engine/EngineMaterials/Substrate/GLints/dict_16_192_64_0p5_0p02_0038_0003" 4937
"/Engine/EngineMaterials/Substrate/GLints/dict_16_192_64_0p5_0p02_0038_0006" 4938
"../../../Engine/Content/EngineMaterials/Substrate/GLints/dict_16_192_64_0p5_0p02_0038_0000.uasset" 4939
"/Engine/EngineMaterials/Substrate/GLints/dict_16_192_64_0p5_0p02_0037_0015" 4940
"/Engine/EngineMaterials/Substrate/GLints/dict_16_192_64_0p5_0p02_0038_0000" 4941
"../../../Engine/Content/EngineMaterials/Substrate/GLints/dict_16_192_64_0p5_0p02_0037_0013.uasset" 4942
"../../../Engine/Content/EngineMaterials/Substrate/GLints/dict_16_192_64_0p5_0p02_0037_0014.uasset" 4943
"/Engine/EngineMaterials/Substrate/GLints/dict_16_192_64_0p5_0p02_0038_0005" 4944
"../../../Engine/Content/EngineMaterials/Substrate/GLints/dict_16_192_64_0p5_0p02_0038_0011.uasset" 4945
"/Engine/EngineMaterials/Substrate/GLints/dict_16_192_64_0p5_0p02_0037_0013" 4946
"/Engine/EngineMaterials/Substrate/GLints/dict_16_192_64_0p5_0p02_0038_0011" 4947
"/Engine/EngineMaterials/Substrate/GLints/dict_16_192_64_0p5_0p02_0037_0014" 4948
"../../../Engine/Content/EngineMaterials/Substrate/GLints/dict_16_192_64_0p5_0p02_0038_0010.uasset" 4949
"../../../Engine/Content/EngineMaterials/Substrate/GLints/dict_16_192_64_0p5_0p02_0037_0010.uasset" 4950
"../../../Engine/Content/EngineMaterials/Substrate/GLints/dict_16_192_64_0p5_0p02_0037_0006.uasset" 4951
"../../../Engine/Content/EngineMaterials/Substrate/GLints/dict_16_192_64_0p5_0p02_0037_0007.uasset" 4952
"../../../Engine/Content/EngineMaterials/Substrate/GLints/dict_16_192_64_0p5_0p02_0037_0008.uasset" 4953
"../../../Engine/Content/EngineMaterials/Substrate/GLints/dict_16_192_64_0p5_0p02_0038_0004.uasset" 4954
"../../../Engine/Content/EngineMaterials/Substrate/GLints/dict_16_192_64_0p5_0p02_0037_0004.uasset" 4955
"/Engine/EngineMaterials/Substrate/GLints/dict_16_192_64_0p5_0p02_0037_0004" 4956
"/Engine/EngineMaterials/Substrate/GLints/dict_16_192_64_0p5_0p02_0037_0006" 4957
"/Engine/EngineMaterials/Substrate/GLints/dict_16_192_64_0p5_0p02_0037_0007" 4958
"/Engine/EngineMaterials/Substrate/GLints/dict_16_192_64_0p5_0p02_0037_0008" 4959
"/Engine/EngineMaterials/Substrate/GLints/dict_16_192_64_0p5_0p02_0038_0004" 4960
"../../../Engine/Content/EngineMaterials/Substrate/GLints/dict_16_192_64_0p5_0p02_0037_0012.uasset" 4961
"../../../Engine/Content/EngineMaterials/Substrate/GLints/dict_16_192_64_0p5_0p02_0037_0011.uasset" 4962
"/Engine/EngineMaterials/Substrate/GLints/dict_16_192_64_0p5_0p02_0037_0010" 4963
"/Engine/EngineMaterials/Substrate/GLints/dict_16_192_64_0p5_0p02_0038_0010" 4964
"/Engine/EngineMaterials/Substrate/GLints/dict_16_192_64_0p5_0p02_0037_0012" 4965
"/Engine/EngineMaterials/Substrate/GLints/dict_16_192_64_0p5_0p02_0037_0011" 4966
"../../../Engine/Content/EngineMaterials/Substrate/GLints/dict_16_192_64_0p5_0p02_0037_0005.uasset" 4967
"../../../Engine/Content/EngineMaterials/Substrate/GLints/dict_16_192_64_0p5_0p02_0037_0000.uasset" 4968
"../../../Engine/Content/EngineMaterials/Substrate/GLints/dict_16_192_64_0p5_0p02_0036_0013.uasset" 4969
"../../../Engine/Content/EngineMaterials/Substrate/GLints/dict_16_192_64_0p5_0p02_0037_0001.uasset" 4970
"../../../Engine/Content/EngineMaterials/Substrate/GLints/dict_16_192_64_0p5_0p02_0037_0003.uasset" 4971
"../../../Engine/Content/EngineMaterials/Substrate/GLints/dict_16_192_64_0p5_0p02_0036_0015.uasset" 4972
"../../../Engine/Content/EngineMaterials/Substrate/GLints/dict_16_192_64_0p5_0p02_0037_0009.uasset" 4973
"../../../Engine/Content/EngineMaterials/Substrate/GLints/dict_16_192_64_0p5_0p02_0036_0012.uasset" 4974
"../../../Engine/Content/EngineMaterials/Substrate/GLints/dict_16_192_64_0p5_0p02_0036_0011.uasset" 4975
"../../../Engine/Content/EngineMaterials/Substrate/GLints/dict_16_192_64_0p5_0p02_0036_0010.uasset" 4976
"../../../Engine/Content/EngineMaterials/Substrate/GLints/dict_16_192_64_0p5_0p02_0037_0002.uasset" 4977
"../../../Engine/Content/EngineMaterials/Substrate/GLints/dict_16_192_64_0p5_0p02_0036_0007.uasset" 4978
"../../../Engine/Content/EngineMaterials/Substrate/GLints/dict_16_192_64_0p5_0p02_0036_0005.uasset" 4979
"../../../Engine/Content/EngineMaterials/Substrate/GLints/dict_16_192_64_0p5_0p02_0036_0006.uasset" 4980
"../../../Engine/Content/EngineMaterials/Substrate/GLints/dict_16_192_64_0p5_0p02_0036_0014.uasset" 4981
"/Engine/EngineMaterials/Substrate/GLints/dict_16_192_64_0p5_0p02_0037_0001" 4982
"../../../Engine/Content/EngineMaterials/Substrate/GLints/dict_16_192_64_0p5_0p02_0036_0008.uasset" 4983
"/Engine/EngineMaterials/Substrate/GLints/dict_16_192_64_0p5_0p02_0037_0002" 4984
"../../../Engine/Content/EngineMaterials/Substrate/GLints/dict_16_192_64_0p5_0p02_0036_0003.uasset" 4985
"/Engine/EngineMaterials/Substrate/GLints/dict_16_192_64_0p5_0p02_0037_0003" 4986
"/Engine/EngineMaterials/Substrate/GLints/dict_16_192_64_0p5_0p02_0037_0005" 4987
"../../../Engine/Content/EngineMaterials/Substrate/GLints/dict_16_192_64_0p5_0p02_0036_0009.uasset" 4988
"/Engine/EngineMaterials/Substrate/GLints/dict_16_192_64_0p5_0p02_0036_0005" 4989
"/Engine/EngineMaterials/Substrate/GLints/dict_16_192_64_0p5_0p02_0036_0006" 4990
"/Engine/EngineMaterials/Substrate/GLints/dict_16_192_64_0p5_0p02_0036_0007" 4991
"/Engine/EngineMaterials/Substrate/GLints/dict_16_192_64_0p5_0p02_0037_0009" 4992
"/Engine/EngineMaterials/Substrate/GLints/dict_16_192_64_0p5_0p02_0036_0010" 4993
"/Engine/EngineMaterials/Substrate/GLints/dict_16_192_64_0p5_0p02_0036_0011" 4994
"/Engine/EngineMaterials/Substrate/GLints/dict_16_192_64_0p5_0p02_0036_0012" 4995
"/Engine/EngineMaterials/Substrate/GLints/dict_16_192_64_0p5_0p02_0036_0013" 4996
"/Engine/EngineMaterials/Substrate/GLints/dict_16_192_64_0p5_0p02_0036_0014" 4997
"/Engine/EngineMaterials/Substrate/GLints/dict_16_192_64_0p5_0p02_0036_0015" 4998
"/Engine/EngineMaterials/Substrate/GLints/dict_16_192_64_0p5_0p02_0037_0000" 4999
"../../../Engine/Content/EngineMaterials/Substrate/GLints/dict_16_192_64_0p5_0p02_0036_0000.uasset" 5000
"../../../Engine/Content/EngineMaterials/Substrate/GLints/dict_16_192_64_0p5_0p02_0036_0001.uasset" 5001
"/Engine/EngineMaterials/Substrate/GLints/dict_16_192_64_0p5_0p02_0036_0003" 5002
"/Engine/EngineMaterials/Substrate/GLints/dict_16_192_64_0p5_0p02_0036_0008" 5003
"/Engine/EngineMaterials/Substrate/GLints/dict_16_192_64_0p5_0p02_0036_0009" 5004
"/Engine/EngineMaterials/Substrate/GLints/dict_16_192_64_0p5_0p02_0036_0000" 5005
"../../../Engine/Content/EngineMaterials/Substrate/GLints/dict_16_192_64_0p5_0p02_0035_0012.uasset" 5006
"/Engine/EngineMaterials/Substrate/GLints/dict_16_192_64_0p5_0p02_0035_0012" 5007
"/Engine/EngineMaterials/Substrate/GLints/dict_16_192_64_0p5_0p02_0036_0001" 5008
"../../../Engine/Content/EngineMaterials/Substrate/GLints/dict_16_192_64_0p5_0p02_0035_0010.uasset" 5009
"../../../Engine/Content/EngineMaterials/Substrate/GLints/dict_16_192_64_0p5_0p02_0035_0009.uasset" 5010
"/Engine/EngineMaterials/Substrate/GLints/dict_16_192_64_0p5_0p02_0035_0010" 5011
"/Engine/EngineMaterials/Substrate/GLints/dict_16_192_64_0p5_0p02_0035_0009" 5012
"../../../Engine/Content/EngineMaterials/Substrate/GLints/dict_16_192_64_0p5_0p02_0035_0014.uasset" 5013
"../../../Engine/Content/EngineMaterials/Substrate/GLints/dict_16_192_64_0p5_0p02_0035_0013.uasset" 5014
"/Engine/EngineMaterials/Substrate/GLints/dict_16_192_64_0p5_0p02_0035_0013" 5015
"/Engine/EngineMaterials/Substrate/GLints/dict_16_192_64_0p5_0p02_0035_0014" 5016
"../../../Engine/Content/EngineMaterials/Substrate/GLints/dict_16_192_64_0p5_0p02_0036_0004.uasset" 5017
"../../../Engine/Content/EngineMaterials/Substrate/GLints/dict_16_192_64_0p5_0p02_0035_0008.uasset" 5018
"../../../Engine/Content/EngineMaterials/Substrate/GLints/dict_16_192_64_0p5_0p02_0035_0007.uasset" 5019
"../../../Engine/Content/EngineMaterials/Substrate/GLints/dict_16_192_64_0p5_0p02_0035_0002.uasset" 5020
"../../../Engine/Content/EngineMaterials/Substrate/GLints/dict_16_192_64_0p5_0p02_0036_0002.uasset" 5021
"../../../Engine/Content/EngineMaterials/Substrate/GLints/dict_16_192_64_0p5_0p02_0035_0015.uasset" 5022
"../../../Engine/Content/EngineMaterials/Substrate/GLints/dict_16_192_64_0p5_0p02_0035_0005.uasset" 5023
"../../../Engine/Content/EngineMaterials/Substrate/GLints/dict_16_192_64_0p5_0p02_0035_0001.uasset" 5024
"../../../Engine/Content/EngineMaterials/Substrate/GLints/dict_16_192_64_0p5_0p02_0035_0004.uasset" 5025
"../../../Engine/Content/EngineMaterials/Substrate/GLints/dict_16_192_64_0p5_0p02_0035_0003.uasset" 5026
"../../../Engine/Content/EngineMaterials/Substrate/GLints/dict_16_192_64_0p5_0p02_0035_0011.uasset" 5027
"../../../Engine/Content/EngineMaterials/Substrate/GLints/dict_16_192_64_0p5_0p02_0035_0006.uasset" 5028
"../../../Engine/Content/EngineMaterials/Substrate/GLints/dict_16_192_64_0p5_0p02_0034_0015.uasset" 5029
"/Engine/EngineMaterials/Substrate/GLints/dict_16_192_64_0p5_0p02_0035_0008" 5030
"/Engine/EngineMaterials/Substrate/GLints/dict_16_192_64_0p5_0p02_0035_0006" 5031
"/Engine/EngineMaterials/Substrate/GLints/dict_16_192_64_0p5_0p02_0036_0002" 5032
"../../../Engine/Content/EngineMaterials/Substrate/GLints/dict_16_192_64_0p5_0p02_0034_0014.uasset" 5033
"/Engine/EngineMaterials/Substrate/GLints/dict_16_192_64_0p5_0p02_0035_0011" 5034
"/Engine/EngineMaterials/Substrate/GLints/dict_16_192_64_0p5_0p02_0036_0004" 5035
"../../../Engine/Content/EngineMaterials/Substrate/GLints/dict_16_192_64_0p5_0p02_0034_0011.uasset" 5036
"../../../Engine/Content/EngineMaterials/Substrate/GLints/dict_16_192_64_0p5_0p02_0034_0008.uasset" 5037
"../../../Engine/Content/EngineMaterials/Substrate/GLints/dict_16_192_64_0p5_0p02_0034_0012.uasset" 5038
"../../../Engine/Content/EngineMaterials/Substrate/GLints/dict_16_192_64_0p5_0p02_0034_0007.uasset" 5039
"../../../Engine/Content/EngineMaterials/Substrate/GLints/dict_16_192_64_0p5_0p02_0034_0009.uasset" 5040
"/Engine/EngineMaterials/Substrate/GLints/dict_16_192_64_0p5_0p02_0035_0015" 5041
"/Engine/EngineMaterials/Substrate/GLints/dict_16_192_64_0p5_0p02_0035_0001" 5042
"../../../Engine/Content/EngineMaterials/Substrate/GLints/dict_16_192_64_0p5_0p02_0034_0010.uasset" 5043
"/Engine/EngineMaterials/Substrate/GLints/dict_16_192_64_0p5_0p02_0035_0007" 5044
"/Engine/EngineMaterials/Substrate/GLints/dict_16_192_64_0p5_0p02_0035_0002" 5045
"../../../Engine/Content/EngineMaterials/Substrate/GLints/dict_16_192_64_0p5_0p02_0034_0005.uasset" 5046
"../../../Engine/Content/EngineMaterials/Substrate/GLints/dict_16_192_64_0p5_0p02_0034_0013.uasset" 5047
"/Engine/EngineMaterials/Substrate/GLints/dict_16_192_64_0p5_0p02_0035_0003" 5048
"/Engine/EngineMaterials/Substrate/GLints/dict_16_192_64_0p5_0p02_0035_0004" 5049
"/Engine/EngineMaterials/Substrate/GLints/dict_16_192_64_0p5_0p02_0035_0005" 5050
"/Engine/EngineMaterials/Substrate/GLints/dict_16_192_64_0p5_0p02_0034_0007" 5051
"/Engine/EngineMaterials/Substrate/GLints/dict_16_192_64_0p5_0p02_0034_0008" 5052
"/Engine/EngineMaterials/Substrate/GLints/dict_16_192_64_0p5_0p02_0034_0009" 5053
"/Engine/EngineMaterials/Substrate/GLints/dict_16_192_64_0p5_0p02_0034_0010" 5054
"/Engine/EngineMaterials/Substrate/GLints/dict_16_192_64_0p5_0p02_0034_0011" 5055
"/Engine/EngineMaterials/Substrate/GLints/dict_16_192_64_0p5_0p02_0034_0012" 5056
"/Engine/EngineMaterials/Substrate/GLints/dict_16_192_64_0p5_0p02_0034_0013" 5057
"../../../Engine/Content/EngineMaterials/Substrate/GLints/dict_16_192_64_0p5_0p02_0035_0000.uasset" 5058
"/Engine/EngineMaterials/Substrate/GLints/dict_16_192_64_0p5_0p02_0034_0014" 5059
"/Engine/EngineMaterials/Substrate/GLints/dict_16_192_64_0p5_0p02_0034_0005" 5060
"/Engine/EngineMaterials/Substrate/GLints/dict_16_192_64_0p5_0p02_0034_0015" 5061
"/Engine/EngineMaterials/Substrate/GLints/dict_16_192_64_0p5_0p02_0035_0000" 5062
"../../../Engine/Content/EngineMaterials/Substrate/GLints/dict_16_192_64_0p5_0p02_0034_0002.uasset" 5063
"../../../Engine/Content/EngineMaterials/Substrate/GLints/dict_16_192_64_0p5_0p02_0033_0015.uasset" 5064
"../../../Engine/Content/EngineMaterials/Substrate/GLints/dict_16_192_64_0p5_0p02_0034_0000.uasset" 5065
"../../../Engine/Content/EngineMaterials/Substrate/GLints/dict_16_192_64_0p5_0p02_0033_0013.uasset" 5066
"../../../Engine/Content/EngineMaterials/Substrate/GLints/dict_16_192_64_0p5_0p02_0034_0001.uasset" 5067
"../../../Engine/Content/EngineMaterials/Substrate/GLints/dict_16_192_64_0p5_0p02_0034_0003.uasset" 5068
"../../../Engine/Content/EngineMaterials/Substrate/GLints/dict_16_192_64_0p5_0p02_0034_0004.uasset" 5069
"/Engine/EngineMaterials/Substrate/GLints/dict_16_192_64_0p5_0p02_0033_0015" 5070
"../../../Engine/Content/EngineMaterials/Substrate/GLints/dict_16_192_64_0p5_0p02_0034_0006.uasset" 5071
"/Engine/EngineMaterials/Substrate/GLints/dict_16_192_64_0p5_0p02_0034_0000" 5072
"/Engine/EngineMaterials/Substrate/GLints/dict_16_192_64_0p5_0p02_0034_0003" 5073
"/Engine/EngineMaterials/Substrate/GLints/dict_16_192_64_0p5_0p02_0034_0001" 5074
"/Engine/EngineMaterials/Substrate/GLints/dict_16_192_64_0p5_0p02_0034_0004" 5075
"/Engine/EngineMaterials/Substrate/GLints/dict_16_192_64_0p5_0p02_0033_0013" 5076
"/Engine/EngineMaterials/Substrate/GLints/dict_16_192_64_0p5_0p02_0034_0002" 5077
"/Engine/EngineMaterials/Substrate/GLints/dict_16_192_64_0p5_0p02_0034_0006" 5078
"../../../Engine/Content/EngineMaterials/Substrate/GLints/dict_16_192_64_0p5_0p02_0033_0011.uasset" 5079
"../../../Engine/Content/EngineMaterials/Substrate/GLints/dict_16_192_64_0p5_0p02_0033_0012.uasset" 5080
"../../../Engine/Content/EngineMaterials/Substrate/GLints/dict_16_192_64_0p5_0p02_0033_0007.uasset" 5081
"../../../Engine/Content/EngineMaterials/Substrate/GLints/dict_16_192_64_0p5_0p02_0033_0008.uasset" 5082
"../../../Engine/Content/EngineMaterials/Substrate/GLints/dict_16_192_64_0p5_0p02_0033_0005.uasset" 5083
"../../../Engine/Content/EngineMaterials/Substrate/GLints/dict_16_192_64_0p5_0p02_0033_0009.uasset" 5084
"../../../Engine/Content/EngineMaterials/Substrate/GLints/dict_16_192_64_0p5_0p02_0033_0006.uasset" 5085
"../../../Engine/Content/EngineMaterials/Substrate/GLints/dict_16_192_64_0p5_0p02_0033_0014.uasset" 5086
"../../../Engine/Content/EngineMaterials/Substrate/GLints/dict_16_192_64_0p5_0p02_0033_0010.uasset" 5087
"../../../Engine/Content/EngineMaterials/Substrate/GLints/dict_16_192_64_0p5_0p02_0033_0004.uasset" 5088
"../../../Engine/Content/EngineMaterials/Substrate/GLints/dict_16_192_64_0p5_0p02_0033_0002.uasset" 5089
"../../../Engine/Content/EngineMaterials/Substrate/GLints/dict_16_192_64_0p5_0p02_0032_0014.uasset" 5090
"../../../Engine/Content/EngineMaterials/Substrate/GLints/dict_16_192_64_0p5_0p02_0032_0015.uasset" 5091
"../../../Engine/Content/EngineMaterials/Substrate/GLints/dict_16_192_64_0p5_0p02_0033_0003.uasset" 5092
"../../../Engine/Content/EngineMaterials/Substrate/GLints/dict_16_192_64_0p5_0p02_0032_0011.uasset" 5093
"../../../Engine/Content/EngineMaterials/Substrate/GLints/dict_16_192_64_0p5_0p02_0033_0000.uasset" 5094
"../../../Engine/Content/EngineMaterials/Substrate/GLints/dict_16_192_64_0p5_0p02_0032_0013.uasset" 5095
"../../../Engine/Content/EngineMaterials/Substrate/GLints/dict_16_192_64_0p5_0p02_0033_0001.uasset" 5096
"../../../Engine/Content/EngineMaterials/Substrate/GLints/dict_16_192_64_0p5_0p02_0032_0010.uasset" 5097
"/Engine/EngineMaterials/Substrate/GLints/dict_16_192_64_0p5_0p02_0033_0001" 5098
"../../../Engine/Content/EngineMaterials/Substrate/GLints/dict_16_192_64_0p5_0p02_0032_0009.uasset" 5099
"/Engine/EngineMaterials/Substrate/GLints/dict_16_192_64_0p5_0p02_0033_0002" 5100
"/Engine/EngineMaterials/Substrate/GLints/dict_16_192_64_0p5_0p02_0033_0003" 5101
"/Engine/EngineMaterials/Substrate/GLints/dict_16_192_64_0p5_0p02_0033_0004" 5102
"/Engine/EngineMaterials/Substrate/GLints/dict_16_192_64_0p5_0p02_0032_0011" 5103
"../../../Engine/Content/EngineMaterials/Substrate/GLints/dict_16_192_64_0p5_0p02_0032_0012.uasset" 5104
"/Engine/EngineMaterials/Substrate/GLints/dict_16_192_64_0p5_0p02_0032_0013" 5105
"/Engine/EngineMaterials/Substrate/GLints/dict_16_192_64_0p5_0p02_0033_0005" 5106
"/Engine/EngineMaterials/Substrate/GLints/dict_16_192_64_0p5_0p02_0032_0014" 5107
"/Engine/EngineMaterials/Substrate/GLints/dict_16_192_64_0p5_0p02_0032_0015" 5108
"/Engine/EngineMaterials/Substrate/GLints/dict_16_192_64_0p5_0p02_0033_0000" 5109
"/Engine/EngineMaterials/Substrate/GLints/dict_16_192_64_0p5_0p02_0033_0006" 5110
"/Engine/EngineMaterials/Substrate/GLints/dict_16_192_64_0p5_0p02_0033_0007" 5111
"/Engine/EngineMaterials/Substrate/GLints/dict_16_192_64_0p5_0p02_0033_0014" 5112
"/Engine/EngineMaterials/Substrate/GLints/dict_16_192_64_0p5_0p02_0033_0008" 5113
"/Engine/EngineMaterials/Substrate/GLints/dict_16_192_64_0p5_0p02_0033_0009" 5114
"/Engine/EngineMaterials/Substrate/GLints/dict_16_192_64_0p5_0p02_0033_0010" 5115
"../../../Engine/Content/EngineMaterials/Substrate/GLints/dict_16_192_64_0p5_0p02_0032_0003.uasset" 5116
"/Engine/EngineMaterials/Substrate/GLints/dict_16_192_64_0p5_0p02_0033_0011" 5117
"../../../Engine/Content/EngineMaterials/Substrate/GLints/dict_16_192_64_0p5_0p02_0032_0007.uasset" 5118
"../../../Engine/Content/EngineMaterials/Substrate/GLints/dict_16_192_64_0p5_0p02_0032_0004.uasset" 5119
"../../../Engine/Content/EngineMaterials/Substrate/GLints/dict_16_192_64_0p5_0p02_0032_0008.uasset" 5120
"/Engine/EngineMaterials/Substrate/GLints/dict_16_192_64_0p5_0p02_0033_0012" 5121
"../../../Engine/Content/EngineMaterials/Substrate/GLints/dict_16_192_64_0p5_0p02_0032_0002.uasset" 5122
"/Engine/EngineMaterials/Substrate/GLints/dict_16_192_64_0p5_0p02_0032_0007" 5123
"/Engine/EngineMaterials/Substrate/GLints/dict_16_192_64_0p5_0p02_0032_0008" 5124
"../../../Engine/Content/EngineMaterials/Substrate/GLints/dict_16_192_64_0p5_0p02_0032_0005.uasset" 5125
"/Engine/EngineMaterials/Substrate/GLints/dict_16_192_64_0p5_0p02_0032_0009" 5126
"../../../Engine/Content/EngineMaterials/Substrate/GLints/dict_16_192_64_0p5_0p02_0032_0006.uasset" 5127
"/Engine/EngineMaterials/Substrate/GLints/dict_16_192_64_0p5_0p02_0032_0010" 5128
"/Engine/EngineMaterials/Substrate/GLints/dict_16_192_64_0p5_0p02_0032_0012" 5129
"/Engine/EngineMaterials/Substrate/GLints/dict_16_192_64_0p5_0p02_0032_0002" 5130
"/Engine/EngineMaterials/Substrate/GLints/dict_16_192_64_0p5_0p02_0032_0003" 5131
"/Engine/EngineMaterials/Substrate/GLints/dict_16_192_64_0p5_0p02_0032_0004" 5132
"/Engine/EngineMaterials/Substrate/GLints/dict_16_192_64_0p5_0p02_0032_0006" 5133
"/Engine/EngineMaterials/Substrate/GLints/dict_16_192_64_0p5_0p02_0032_0005" 5134
"../../../Engine/Content/EngineMaterials/Substrate/GLints/dict_16_192_64_0p5_0p02_0031_0014.uasset" 5135
"../../../Engine/Content/EngineMaterials/Substrate/GLints/dict_16_192_64_0p5_0p02_0031_0015.uasset" 5136
"../../../Engine/Content/EngineMaterials/Substrate/GLints/dict_16_192_64_0p5_0p02_0032_0001.uasset" 5137
"../../../Engine/Content/EngineMaterials/Substrate/GLints/dict_16_192_64_0p5_0p02_0032_0000.uasset" 5138
"/Engine/EngineMaterials/Substrate/GLints/dict_16_192_64_0p5_0p02_0031_0015" 5139
"../../../Engine/Content/EngineMaterials/Substrate/GLints/dict_16_192_64_0p5_0p02_0031_0013.uasset" 5140
"/Engine/EngineMaterials/Substrate/GLints/dict_16_192_64_0p5_0p02_0032_0000" 5141
"../../../Engine/Content/EngineMaterials/Substrate/GLints/dict_16_192_64_0p5_0p02_0031_0012.uasset" 5142
"/Engine/EngineMaterials/Substrate/GLints/dict_16_192_64_0p5_0p02_0032_0001" 5143
"/Engine/EngineMaterials/Substrate/GLints/dict_16_192_64_0p5_0p02_0031_0014" 5144
"/Engine/EngineMaterials/Substrate/GLints/dict_16_192_64_0p5_0p02_0031_0012" 5145
"/Engine/EngineMaterials/Substrate/GLints/dict_16_192_64_0p5_0p02_0031_0013" 5146
"../../../Engine/Content/EngineMaterials/Substrate/GLints/dict_16_192_64_0p5_0p02_0031_0011.uasset" 5147
"../../../Engine/Content/EngineMaterials/Substrate/GLints/dict_16_192_64_0p5_0p02_0031_0010.uasset" 5148
"../../../Engine/Content/EngineMaterials/Substrate/GLints/dict_16_192_64_0p5_0p02_0031_0007.uasset" 5149
"../../../Engine/Content/EngineMaterials/Substrate/GLints/dict_16_192_64_0p5_0p02_0031_0009.uasset" 5150
"../../../Engine/Content/EngineMaterials/Substrate/GLints/dict_16_192_64_0p5_0p02_0031_0005.uasset" 5151
"../../../Engine/Content/EngineMaterials/Substrate/GLints/dict_16_192_64_0p5_0p02_0031_0008.uasset" 5152
"../../../Engine/Content/EngineMaterials/Substrate/GLints/dict_16_192_64_0p5_0p02_0031_0006.uasset" 5153
"../../../Engine/Content/EngineMaterials/Substrate/GLints/dict_16_192_64_0p5_0p02_0031_0002.uasset" 5154
"../../../Engine/Content/EngineMaterials/Substrate/GLints/dict_16_192_64_0p5_0p02_0031_0003.uasset" 5155
"../../../Engine/Content/EngineMaterials/Substrate/GLints/dict_16_192_64_0p5_0p02_0031_0004.uasset" 5156
"../../../Engine/Content/EngineMaterials/Substrate/GLints/dict_16_192_64_0p5_0p02_0031_0000.uasset" 5157
"../../../Engine/Content/EngineMaterials/Substrate/GLints/dict_16_192_64_0p5_0p02_0031_0001.uasset" 5158
"../../../Engine/Content/EngineMaterials/Substrate/GLints/dict_16_192_64_0p5_0p02_0030_0014.uasset" 5159
"../../../Engine/Content/EngineMaterials/Substrate/GLints/dict_16_192_64_0p5_0p02_0030_0015.uasset" 5160
"/Engine/EngineMaterials/Substrate/GLints/dict_16_192_64_0p5_0p02_0030_0014" 5161
"/Engine/EngineMaterials/Substrate/GLints/dict_16_192_64_0p5_0p02_0030_0015" 5162
"/Engine/EngineMaterials/Substrate/GLints/dict_16_192_64_0p5_0p02_0031_0000" 5163
"/Engine/EngineMaterials/Substrate/GLints/dict_16_192_64_0p5_0p02_0031_0001" 5164
"/Engine/EngineMaterials/Substrate/GLints/dict_16_192_64_0p5_0p02_0031_0002" 5165
"/Engine/EngineMaterials/Substrate/GLints/dict_16_192_64_0p5_0p02_0031_0003" 5166
"/Engine/EngineMaterials/Substrate/GLints/dict_16_192_64_0p5_0p02_0031_0004" 5167
"/Engine/EngineMaterials/Substrate/GLints/dict_16_192_64_0p5_0p02_0031_0005" 5168
"/Engine/EngineMaterials/Substrate/GLints/dict_16_192_64_0p5_0p02_0031_0006" 5169
"../../../Engine/Content/EngineMaterials/Substrate/GLints/dict_16_192_64_0p5_0p02_0030_0012.uasset" 5170
"/Engine/EngineMaterials/Substrate/GLints/dict_16_192_64_0p5_0p02_0031_0007" 5171
"/Engine/EngineMaterials/Substrate/GLints/dict_16_192_64_0p5_0p02_0031_0008" 5172
"../../../Engine/Content/EngineMaterials/Substrate/GLints/dict_16_192_64_0p5_0p02_0030_0013.uasset" 5173
"/Engine/EngineMaterials/Substrate/GLints/dict_16_192_64_0p5_0p02_0031_0009" 5174
"/Engine/EngineMaterials/Substrate/GLints/dict_16_192_64_0p5_0p02_0031_0010" 5175
"/Engine/EngineMaterials/Substrate/GLints/dict_16_192_64_0p5_0p02_0031_0011" 5176
"../../../Engine/Content/EngineMaterials/Substrate/GLints/dict_16_192_64_0p5_0p02_0030_0011.uasset" 5177
"/Engine/EngineMaterials/Substrate/GLints/dict_16_192_64_0p5_0p02_0030_0012" 5178
"/Engine/EngineMaterials/Substrate/GLints/dict_16_192_64_0p5_0p02_0030_0013" 5179
"../../../Engine/Content/EngineMaterials/Substrate/GLints/dict_16_192_64_0p5_0p02_0030_0009.uasset" 5180
"/Engine/EngineMaterials/Substrate/GLints/dict_16_192_64_0p5_0p02_0030_0011" 5181
"../../../Engine/Content/EngineMaterials/Substrate/GLints/dict_16_192_64_0p5_0p02_0030_0005.uasset" 5182
"../../../Engine/Content/EngineMaterials/Substrate/GLints/dict_16_192_64_0p5_0p02_0030_0006.uasset" 5183
"../../../Engine/Content/EngineMaterials/Substrate/GLints/dict_16_192_64_0p5_0p02_0030_0010.uasset" 5184
"../../../Engine/Content/EngineMaterials/Substrate/GLints/dict_16_192_64_0p5_0p02_0030_0004.uasset" 5185
"/Engine/EngineMaterials/Substrate/GLints/dict_16_192_64_0p5_0p02_0030_0005" 5186
"../../../Engine/Content/EngineMaterials/Substrate/GLints/dict_16_192_64_0p5_0p02_0030_0008.uasset" 5187
"../../../Engine/Content/EngineMaterials/Substrate/GLints/dict_16_192_64_0p5_0p02_0030_0007.uasset" 5188
"/Engine/EngineMaterials/Substrate/GLints/dict_16_192_64_0p5_0p02_0030_0006" 5189
"/Engine/EngineMaterials/Substrate/GLints/dict_16_192_64_0p5_0p02_0030_0009" 5190
"/Engine/EngineMaterials/Substrate/GLints/dict_16_192_64_0p5_0p02_0030_0004" 5191
"/Engine/EngineMaterials/Substrate/GLints/dict_16_192_64_0p5_0p02_0030_0007" 5192
"/Engine/EngineMaterials/Substrate/GLints/dict_16_192_64_0p5_0p02_0030_0008" 5193
"/Engine/EngineMaterials/Substrate/GLints/dict_16_192_64_0p5_0p02_0030_0010" 5194
"../../../Engine/Content/EngineMaterials/Substrate/GLints/dict_16_192_64_0p5_0p02_0030_0003.uasset" 5195
"../../../Engine/Content/EngineMaterials/Substrate/GLints/dict_16_192_64_0p5_0p02_0030_0002.uasset" 5196
"/Engine/EngineMaterials/Substrate/GLints/dict_16_192_64_0p5_0p02_0030_0002" 5197
"/Engine/EngineMaterials/Substrate/GLints/dict_16_192_64_0p5_0p02_0030_0003" 5198
"../../../Engine/Content/EngineMaterials/Substrate/GLints/dict_16_192_64_0p5_0p02_0030_0001.uasset" 5199
"../../../Engine/Content/EngineMaterials/Substrate/GLints/dict_16_192_64_0p5_0p02_0030_0000.uasset" 5200
"../../../Engine/Content/EngineMaterials/Substrate/GLints/dict_16_192_64_0p5_0p02_0029_0013.uasset" 5201
"../../../Engine/Content/EngineMaterials/Substrate/GLints/dict_16_192_64_0p5_0p02_0029_0014.uasset" 5202
"../../../Engine/Content/EngineMaterials/Substrate/GLints/dict_16_192_64_0p5_0p02_0029_0015.uasset" 5203
"../../../Engine/Content/EngineMaterials/Substrate/GLints/dict_16_192_64_0p5_0p02_0029_0011.uasset" 5204
"../../../Engine/Content/EngineMaterials/Substrate/GLints/dict_16_192_64_0p5_0p02_0029_0012.uasset" 5205
"../../../Engine/Content/EngineMaterials/Substrate/GLints/dict_16_192_64_0p5_0p02_0029_0010.uasset" 5206
"/Engine/EngineMaterials/Substrate/GLints/dict_16_192_64_0p5_0p02_0029_0014" 5207
"/Engine/EngineMaterials/Substrate/GLints/dict_16_192_64_0p5_0p02_0029_0015" 5208
"/Engine/EngineMaterials/Substrate/GLints/dict_16_192_64_0p5_0p02_0030_0000" 5209
"../../../Engine/Content/EngineMaterials/Substrate/GLints/dict_16_192_64_0p5_0p02_0029_0008.uasset" 5210
"/Engine/EngineMaterials/Substrate/GLints/dict_16_192_64_0p5_0p02_0030_0001" 5211
"/Engine/EngineMaterials/Substrate/GLints/dict_16_192_64_0p5_0p02_0029_0010" 5212
"/Engine/EngineMaterials/Substrate/GLints/dict_16_192_64_0p5_0p02_0029_0011" 5213
"../../../Engine/Content/EngineMaterials/Substrate/GLints/dict_16_192_64_0p5_0p02_0029_0001.uasset" 5214
"../../../Engine/Content/EngineMaterials/Substrate/GLints/dict_16_192_64_0p5_0p02_0029_0002.uasset" 5215
"../../../Engine/Content/EngineMaterials/Substrate/GLints/dict_16_192_64_0p5_0p02_0029_0000.uasset" 5216
"/Engine/EngineMaterials/Substrate/GLints/dict_16_192_64_0p5_0p02_0029_0012" 5217
"../../../Engine/Content/EngineMaterials/Substrate/GLints/dict_16_192_64_0p5_0p02_0029_0005.uasset" 5218
"/Engine/EngineMaterials/Substrate/GLints/dict_16_192_64_0p5_0p02_0029_0013" 5219
"../../../Engine/Content/EngineMaterials/Substrate/GLints/dict_16_192_64_0p5_0p02_0029_0003.uasset" 5220
"../../../Engine/Content/EngineMaterials/Substrate/GLints/dict_16_192_64_0p5_0p02_0028_0015.uasset" 5221
"/Engine/EngineMaterials/Substrate/GLints/dict_16_192_64_0p5_0p02_0029_0000" 5222
"../../../Engine/Content/EngineMaterials/Substrate/GLints/dict_16_192_64_0p5_0p02_0029_0006.uasset" 5223
"/Engine/EngineMaterials/Substrate/GLints/dict_16_192_64_0p5_0p02_0029_0001" 5224
"../../../Engine/Content/EngineMaterials/Substrate/GLints/dict_16_192_64_0p5_0p02_0029_0007.uasset" 5225
"/Engine/EngineMaterials/Substrate/GLints/dict_16_192_64_0p5_0p02_0029_0002" 5226
"../../../Engine/Content/EngineMaterials/Substrate/GLints/dict_16_192_64_0p5_0p02_0029_0009.uasset" 5227
"/Engine/EngineMaterials/Substrate/GLints/dict_16_192_64_0p5_0p02_0029_0003" 5228
"/Engine/EngineMaterials/Substrate/GLints/dict_16_192_64_0p5_0p02_0029_0005" 5229
"/Engine/EngineMaterials/Substrate/GLints/dict_16_192_64_0p5_0p02_0029_0008" 5230
"/Engine/EngineMaterials/Substrate/GLints/dict_16_192_64_0p5_0p02_0028_0015" 5231
"../../../Engine/Content/EngineMaterials/Substrate/GLints/dict_16_192_64_0p5_0p02_0029_0004.uasset" 5232
"/Engine/EngineMaterials/Substrate/GLints/dict_16_192_64_0p5_0p02_0029_0006" 5233
"/Engine/EngineMaterials/Substrate/GLints/dict_16_192_64_0p5_0p02_0029_0007" 5234
"/Engine/EngineMaterials/Substrate/GLints/dict_16_192_64_0p5_0p02_0029_0009" 5235
"/Engine/EngineMaterials/Substrate/GLints/dict_16_192_64_0p5_0p02_0029_0004" 5236
"../../../Engine/Content/EngineMaterials/Substrate/GLints/dict_16_192_64_0p5_0p02_0028_0013.uasset" 5237
"../../../Engine/Content/EngineMaterials/Substrate/GLints/dict_16_192_64_0p5_0p02_0028_0009.uasset" 5238
"../../../Engine/Content/EngineMaterials/Substrate/GLints/dict_16_192_64_0p5_0p02_0028_0007.uasset" 5239
"../../../Engine/Content/EngineMaterials/Substrate/GLints/dict_16_192_64_0p5_0p02_0028_0012.uasset" 5240
"../../../Engine/Content/EngineMaterials/Substrate/GLints/dict_16_192_64_0p5_0p02_0028_0014.uasset" 5241
"../../../Engine/Content/EngineMaterials/Substrate/GLints/dict_16_192_64_0p5_0p02_0028_0005.uasset" 5242
"../../../Engine/Content/EngineMaterials/Substrate/GLints/dict_16_192_64_0p5_0p02_0028_0010.uasset" 5243
"../../../Engine/Content/EngineMaterials/Substrate/GLints/dict_16_192_64_0p5_0p02_0028_0008.uasset" 5244
"../../../Engine/Content/EngineMaterials/Substrate/GLints/dict_16_192_64_0p5_0p02_0028_0006.uasset" 5245
"/Engine/EngineMaterials/Substrate/GLints/dict_16_192_64_0p5_0p02_0028_0008" 5246
"../../../Engine/Content/EngineMaterials/Substrate/GLints/dict_16_192_64_0p5_0p02_0028_0011.uasset" 5247
"/Engine/EngineMaterials/Substrate/GLints/dict_16_192_64_0p5_0p02_0028_0009" 5248
"/Engine/EngineMaterials/Substrate/GLints/dict_16_192_64_0p5_0p02_0028_0005" 5249
"/Engine/EngineMaterials/Substrate/GLints/dict_16_192_64_0p5_0p02_0028_0012" 5250
"/Engine/EngineMaterials/Substrate/GLints/dict_16_192_64_0p5_0p02_0028_0014" 5251
"/Engine/EngineMaterials/Substrate/GLints/dict_16_192_64_0p5_0p02_0028_0006" 5252
"/Engine/EngineMaterials/Substrate/GLints/dict_16_192_64_0p5_0p02_0028_0010" 5253
"/Engine/EngineMaterials/Substrate/GLints/dict_16_192_64_0p5_0p02_0028_0007" 5254
"/Engine/EngineMaterials/Substrate/GLints/dict_16_192_64_0p5_0p02_0028_0013" 5255
"/Engine/EngineMaterials/Substrate/GLints/dict_16_192_64_0p5_0p02_0028_0011" 5256
"../../../Engine/Content/EngineMaterials/Substrate/GLints/dict_16_192_64_0p5_0p02_0028_0000.uasset" 5257
"../../../Engine/Content/EngineMaterials/Substrate/GLints/dict_16_192_64_0p5_0p02_0028_0002.uasset" 5258
"../../../Engine/Content/EngineMaterials/Substrate/GLints/dict_16_192_64_0p5_0p02_0028_0004.uasset" 5259
"../../../Engine/Content/EngineMaterials/Substrate/GLints/dict_16_192_64_0p5_0p02_0028_0003.uasset" 5260
"/Engine/EngineMaterials/Substrate/GLints/dict_16_192_64_0p5_0p02_0028_0000" 5261
"/Engine/EngineMaterials/Substrate/GLints/dict_16_192_64_0p5_0p02_0028_0004" 5262
"/Engine/EngineMaterials/Substrate/GLints/dict_16_192_64_0p5_0p02_0028_0002" 5263
"../../../Engine/Content/EngineMaterials/Substrate/GLints/dict_16_192_64_0p5_0p02_0027_0014.uasset" 5264
"/Engine/EngineMaterials/Substrate/GLints/dict_16_192_64_0p5_0p02_0028_0003" 5265
"../../../Engine/Content/EngineMaterials/Substrate/GLints/dict_16_192_64_0p5_0p02_0027_0012.uasset" 5266
"../../../Engine/Content/EngineMaterials/Substrate/GLints/dict_16_192_64_0p5_0p02_0027_0013.uasset" 5267
"../../../Engine/Content/EngineMaterials/Substrate/GLints/dict_16_192_64_0p5_0p02_0027_0015.uasset" 5268
"/Engine/EngineMaterials/Substrate/GLints/dict_16_192_64_0p5_0p02_0027_0012" 5269
"/Engine/EngineMaterials/Substrate/GLints/dict_16_192_64_0p5_0p02_0027_0013" 5270
"/Engine/EngineMaterials/Substrate/GLints/dict_16_192_64_0p5_0p02_0027_0014" 5271
"/Engine/EngineMaterials/Substrate/GLints/dict_16_192_64_0p5_0p02_0027_0015" 5272
"../../../Engine/Content/EngineMaterials/Substrate/GLints/dict_16_192_64_0p5_0p02_0028_0001.uasset" 5273
"../../../Engine/Content/EngineMaterials/Substrate/GLints/dict_16_192_64_0p5_0p02_0027_0010.uasset" 5274
"../../../Engine/Content/EngineMaterials/Substrate/GLints/dict_16_192_64_0p5_0p02_0027_0011.uasset" 5275
"../../../Engine/Content/EngineMaterials/Substrate/GLints/dict_16_192_64_0p5_0p02_0027_0006.uasset" 5276
"../../../Engine/Content/EngineMaterials/Substrate/GLints/dict_16_192_64_0p5_0p02_0027_0009.uasset" 5277
"../../../Engine/Content/EngineMaterials/Substrate/GLints/dict_16_192_64_0p5_0p02_0027_0008.uasset" 5278
"../../../Engine/Content/EngineMaterials/Substrate/GLints/dict_16_192_64_0p5_0p02_0027_0007.uasset" 5279
"../../../Engine/Content/EngineMaterials/Substrate/GLints/dict_16_192_64_0p5_0p02_0027_0005.uasset" 5280
"../../../Engine/Content/EngineMaterials/Substrate/GLints/dict_16_192_64_0p5_0p02_0027_0002.uasset" 5281
"../../../Engine/Content/EngineMaterials/Substrate/GLints/dict_16_192_64_0p5_0p02_0027_0003.uasset" 5282
"/Engine/EngineMaterials/Substrate/GLints/dict_16_192_64_0p5_0p02_0027_0010" 5283
"/Engine/EngineMaterials/Substrate/GLints/dict_16_192_64_0p5_0p02_0027_0011" 5284
"/Engine/EngineMaterials/Substrate/GLints/dict_16_192_64_0p5_0p02_0027_0005" 5285
"../../../Engine/Content/EngineMaterials/Substrate/GLints/dict_16_192_64_0p5_0p02_0027_0004.uasset" 5286
"../../../Engine/Content/EngineMaterials/Substrate/GLints/dict_16_192_64_0p5_0p02_0027_0001.uasset" 5287
"/Engine/EngineMaterials/Substrate/GLints/dict_16_192_64_0p5_0p02_0027_0006" 5288
"/Engine/EngineMaterials/Substrate/GLints/dict_16_192_64_0p5_0p02_0027_0007" 5289
"/Engine/EngineMaterials/Substrate/GLints/dict_16_192_64_0p5_0p02_0027_0008" 5290
"/Engine/EngineMaterials/Substrate/GLints/dict_16_192_64_0p5_0p02_0027_0002" 5291
"/Engine/EngineMaterials/Substrate/GLints/dict_16_192_64_0p5_0p02_0027_0009" 5292
"../../../Engine/Content/EngineMaterials/Substrate/GLints/dict_16_192_64_0p5_0p02_0026_0014.uasset" 5293
"/Engine/EngineMaterials/Substrate/GLints/dict_16_192_64_0p5_0p02_0027_0003" 5294
"/Engine/EngineMaterials/Substrate/GLints/dict_16_192_64_0p5_0p02_0028_0001" 5295
"/Engine/EngineMaterials/Substrate/GLints/dict_16_192_64_0p5_0p02_0027_0004" 5296
"../../../Engine/Content/EngineMaterials/Substrate/GLints/dict_16_192_64_0p5_0p02_0026_0013.uasset" 5297
"/Engine/EngineMaterials/Substrate/GLints/dict_16_192_64_0p5_0p02_0026_0014" 5298
"../../../Engine/Content/EngineMaterials/Substrate/GLints/dict_16_192_64_0p5_0p02_0026_0012.uasset" 5299
"../../../Engine/Content/EngineMaterials/Substrate/GLints/dict_16_192_64_0p5_0p02_0026_0009.uasset" 5300
"/Engine/EngineMaterials/Substrate/GLints/dict_16_192_64_0p5_0p02_0027_0001" 5301
"../../../Engine/Content/EngineMaterials/Substrate/GLints/dict_16_192_64_0p5_0p02_0026_0007.uasset" 5302
"../../../Engine/Content/EngineMaterials/Substrate/GLints/dict_16_192_64_0p5_0p02_0026_0008.uasset" 5303
"../../../Engine/Content/EngineMaterials/Substrate/GLints/dict_16_192_64_0p5_0p02_0026_0011.uasset" 5304
"/Engine/EngineMaterials/Substrate/GLints/dict_16_192_64_0p5_0p02_0026_0007" 5305
"/Engine/EngineMaterials/Substrate/GLints/dict_16_192_64_0p5_0p02_0026_0008" 5306
"/Engine/EngineMaterials/Substrate/GLints/dict_16_192_64_0p5_0p02_0026_0009" 5307
"/Engine/EngineMaterials/Substrate/GLints/dict_16_192_64_0p5_0p02_0026_0012" 5308
"/Engine/EngineMaterials/Substrate/GLints/dict_16_192_64_0p5_0p02_0026_0013" 5309
"/Engine/EngineMaterials/Substrate/GLints/dict_16_192_64_0p5_0p02_0026_0011" 5310
"../../../Engine/Content/EngineMaterials/Substrate/GLints/dict_16_192_64_0p5_0p02_0027_0000.uasset" 5311
"../../../Engine/Content/EngineMaterials/Substrate/GLints/dict_16_192_64_0p5_0p02_0026_0015.uasset" 5312
"../../../Engine/Content/EngineMaterials/Substrate/GLints/dict_16_192_64_0p5_0p02_0026_0003.uasset" 5313
"../../../Engine/Content/EngineMaterials/Substrate/GLints/dict_16_192_64_0p5_0p02_0025_0015.uasset" 5314
"../../../Engine/Content/EngineMaterials/Substrate/GLints/dict_16_192_64_0p5_0p02_0026_0000.uasset" 5315
"../../../Engine/Content/EngineMaterials/Substrate/GLints/dict_16_192_64_0p5_0p02_0026_0002.uasset" 5316
"../../../Engine/Content/EngineMaterials/Substrate/GLints/dict_16_192_64_0p5_0p02_0026_0005.uasset" 5317
"../../../Engine/Content/EngineMaterials/Substrate/GLints/dict_16_192_64_0p5_0p02_0026_0001.uasset" 5318
"../../../Engine/Content/EngineMaterials/Substrate/GLints/dict_16_192_64_0p5_0p02_0026_0004.uasset" 5319
"../../../Engine/Content/EngineMaterials/Substrate/GLints/dict_16_192_64_0p5_0p02_0026_0010.uasset" 5320
"../../../Engine/Content/EngineMaterials/Substrate/GLints/dict_16_192_64_0p5_0p02_0025_0014.uasset" 5321
"../../../Engine/Content/EngineMaterials/Substrate/GLints/dict_16_192_64_0p5_0p02_0026_0006.uasset" 5322
"../../../Engine/Content/EngineMaterials/Substrate/GLints/dict_16_192_64_0p5_0p02_0025_0013.uasset" 5323
"/Engine/EngineMaterials/Substrate/GLints/dict_16_192_64_0p5_0p02_0026_0001" 5324
"/Engine/EngineMaterials/Substrate/GLints/dict_16_192_64_0p5_0p02_0026_0006" 5325
"../../../Engine/Content/EngineMaterials/Substrate/GLints/dict_16_192_64_0p5_0p02_0025_0011.uasset" 5326
"../../../Engine/Content/EngineMaterials/Substrate/GLints/dict_16_192_64_0p5_0p02_0025_0009.uasset" 5327
"../../../Engine/Content/EngineMaterials/Substrate/GLints/dict_16_192_64_0p5_0p02_0025_0006.uasset" 5328
"/Engine/EngineMaterials/Substrate/GLints/dict_16_192_64_0p5_0p02_0026_0005" 5329
"../../../Engine/Content/EngineMaterials/Substrate/GLints/dict_16_192_64_0p5_0p02_0025_0005.uasset" 5330
"/Engine/EngineMaterials/Substrate/GLints/dict_16_192_64_0p5_0p02_0026_0010" 5331
"/Engine/EngineMaterials/Substrate/GLints/dict_16_192_64_0p5_0p02_0025_0013" 5332
"../../../Engine/Content/EngineMaterials/Substrate/GLints/dict_16_192_64_0p5_0p02_0025_0008.uasset" 5333
"../../../Engine/Content/EngineMaterials/Substrate/GLints/dict_16_192_64_0p5_0p02_0025_0012.uasset" 5334
"/Engine/EngineMaterials/Substrate/GLints/dict_16_192_64_0p5_0p02_0027_0000" 5335
"/Engine/EngineMaterials/Substrate/GLints/dict_16_192_64_0p5_0p02_0026_0015" 5336
"/Engine/EngineMaterials/Substrate/GLints/dict_16_192_64_0p5_0p02_0026_0002" 5337
"/Engine/EngineMaterials/Substrate/GLints/dict_16_192_64_0p5_0p02_0025_0014" 5338
"/Engine/EngineMaterials/Substrate/GLints/dict_16_192_64_0p5_0p02_0025_0015" 5339
"../../../Engine/Content/EngineMaterials/Substrate/GLints/dict_16_192_64_0p5_0p02_0025_0010.uasset" 5340
"../../../Engine/Content/EngineMaterials/Substrate/GLints/dict_16_192_64_0p5_0p02_0025_0003.uasset" 5341
"/Engine/EngineMaterials/Substrate/GLints/dict_16_192_64_0p5_0p02_0026_0000" 5342
"/Engine/EngineMaterials/Substrate/GLints/dict_16_192_64_0p5_0p02_0026_0004" 5343
"/Engine/EngineMaterials/Substrate/GLints/dict_16_192_64_0p5_0p02_0026_0003" 5344
"/Engine/EngineMaterials/Substrate/GLints/dict_16_192_64_0p5_0p02_0025_0003" 5345
"../../../Engine/Content/EngineMaterials/Substrate/GLints/dict_16_192_64_0p5_0p02_0025_0007.uasset" 5346
"/Engine/EngineMaterials/Substrate/GLints/dict_16_192_64_0p5_0p02_0025_0005" 5347
"../../../Engine/Content/EngineMaterials/Substrate/GLints/dict_16_192_64_0p5_0p02_0025_0004.uasset" 5348
"/Engine/EngineMaterials/Substrate/GLints/dict_16_192_64_0p5_0p02_0025_0006" 5349
"/Engine/EngineMaterials/Substrate/GLints/dict_16_192_64_0p5_0p02_0025_0008" 5350
"../../../Engine/Content/EngineMaterials/Substrate/GLints/dict_16_192_64_0p5_0p02_0025_0002.uasset" 5351
"/Engine/EngineMaterials/Substrate/GLints/dict_16_192_64_0p5_0p02_0025_0009" 5352
"/Engine/EngineMaterials/Substrate/GLints/dict_16_192_64_0p5_0p02_0025_0010" 5353
"/Engine/EngineMaterials/Substrate/GLints/dict_16_192_64_0p5_0p02_0025_0011" 5354
"/Engine/EngineMaterials/Substrate/GLints/dict_16_192_64_0p5_0p02_0025_0012" 5355
"/Engine/EngineMaterials/Substrate/GLints/dict_16_192_64_0p5_0p02_0025_0004" 5356
"../../../Engine/Content/EngineMaterials/Substrate/GLints/dict_16_192_64_0p5_0p02_0024_0015.uasset" 5357
"/Engine/EngineMaterials/Substrate/GLints/dict_16_192_64_0p5_0p02_0025_0007" 5358
"/Engine/EngineMaterials/Substrate/GLints/dict_16_192_64_0p5_0p02_0025_0002" 5359
"/Engine/EngineMaterials/Substrate/GLints/dict_16_192_64_0p5_0p02_0024_0015" 5360
"../../../Engine/Content/EngineMaterials/Substrate/GLints/dict_16_192_64_0p5_0p02_0024_0012.uasset" 5361
"../../../Engine/Content/EngineMaterials/Substrate/GLints/dict_16_192_64_0p5_0p02_0024_0014.uasset" 5362
"../../../Engine/Content/EngineMaterials/Substrate/GLints/dict_16_192_64_0p5_0p02_0024_0013.uasset" 5363
"../../../Engine/Content/EngineMaterials/Substrate/GLints/dict_16_192_64_0p5_0p02_0025_0000.uasset" 5364
"../../../Engine/Content/EngineMaterials/Substrate/GLints/dict_16_192_64_0p5_0p02_0025_0001.uasset" 5365
"../../../Engine/Content/EngineMaterials/Substrate/GLints/dict_16_192_64_0p5_0p02_0024_0008.uasset" 5366
"../../../Engine/Content/EngineMaterials/Substrate/GLints/dict_16_192_64_0p5_0p02_0024_0009.uasset" 5367
"../../../Engine/Content/EngineMaterials/Substrate/GLints/dict_16_192_64_0p5_0p02_0024_0010.uasset" 5368
"../../../Engine/Content/EngineMaterials/Substrate/GLints/dict_16_192_64_0p5_0p02_0024_0011.uasset" 5369
"/Engine/EngineMaterials/Substrate/GLints/dict_16_192_64_0p5_0p02_0024_0011" 5370
"/Engine/EngineMaterials/Substrate/GLints/dict_16_192_64_0p5_0p02_0024_0012" 5371
"/Engine/EngineMaterials/Substrate/GLints/dict_16_192_64_0p5_0p02_0024_0013" 5372
"../../../Engine/Content/EngineMaterials/Substrate/GLints/dict_16_192_64_0p5_0p02_0024_0007.uasset" 5373
"/Engine/EngineMaterials/Substrate/GLints/dict_16_192_64_0p5_0p02_0025_0000" 5374
"../../../Engine/Content/EngineMaterials/Substrate/GLints/dict_16_192_64_0p5_0p02_0024_0006.uasset" 5375
"/Engine/EngineMaterials/Substrate/GLints/dict_16_192_64_0p5_0p02_0024_0010" 5376
"/Engine/EngineMaterials/Substrate/GLints/dict_16_192_64_0p5_0p02_0024_0014" 5377
"../../../Engine/Content/EngineMaterials/Substrate/GLints/dict_16_192_64_0p5_0p02_0024_0005.uasset" 5378
"../../../Engine/Content/EngineMaterials/Substrate/GLints/dict_16_192_64_0p5_0p02_0024_0004.uasset" 5379
"/Engine/EngineMaterials/Substrate/GLints/dict_16_192_64_0p5_0p02_0025_0001" 5380
"../../../Engine/Content/EngineMaterials/Substrate/GLints/dict_16_192_64_0p5_0p02_0024_0003.uasset" 5381
"/Engine/EngineMaterials/Substrate/GLints/dict_16_192_64_0p5_0p02_0024_0008" 5382
"/Engine/EngineMaterials/Substrate/GLints/dict_16_192_64_0p5_0p02_0024_0009" 5383
"../../../Engine/Content/EngineMaterials/Substrate/GLints/dict_16_192_64_0p5_0p02_0024_0001.uasset" 5384
"/Engine/EngineMaterials/Substrate/GLints/dict_16_192_64_0p5_0p02_0024_0001" 5385
"/Engine/EngineMaterials/Substrate/GLints/dict_16_192_64_0p5_0p02_0024_0003" 5386
"/Engine/EngineMaterials/Substrate/GLints/dict_16_192_64_0p5_0p02_0024_0004" 5387
"/Engine/EngineMaterials/Substrate/GLints/dict_16_192_64_0p5_0p02_0024_0005" 5388
"/Engine/EngineMaterials/Substrate/GLints/dict_16_192_64_0p5_0p02_0024_0006" 5389
"/Engine/EngineMaterials/Substrate/GLints/dict_16_192_64_0p5_0p02_0024_0007" 5390
"../../../Engine/Content/EngineMaterials/Substrate/GLints/dict_16_192_64_0p5_0p02_0024_0000.uasset" 5391
"../../../Engine/Content/EngineMaterials/Substrate/GLints/dict_16_192_64_0p5_0p02_0023_0015.uasset" 5392
"../../../Engine/Content/EngineMaterials/Substrate/GLints/dict_16_192_64_0p5_0p02_0023_0012.uasset" 5393
"../../../Engine/Content/EngineMaterials/Substrate/GLints/dict_16_192_64_0p5_0p02_0023_0014.uasset" 5394
"../../../Engine/Content/EngineMaterials/Substrate/GLints/dict_16_192_64_0p5_0p02_0023_0013.uasset" 5395
"../../../Engine/Content/EngineMaterials/Substrate/GLints/dict_16_192_64_0p5_0p02_0024_0002.uasset" 5396
"../../../Engine/Content/EngineMaterials/Substrate/GLints/dict_16_192_64_0p5_0p02_0023_0008.uasset" 5397
"../../../Engine/Content/EngineMaterials/Substrate/GLints/dict_16_192_64_0p5_0p02_0023_0011.uasset" 5398
"../../../Engine/Content/EngineMaterials/Substrate/GLints/dict_16_192_64_0p5_0p02_0023_0009.uasset" 5399
"../../../Engine/Content/EngineMaterials/Substrate/GLints/dict_16_192_64_0p5_0p02_0023_0010.uasset" 5400
"../../../Engine/Content/EngineMaterials/Substrate/GLints/dict_16_192_64_0p5_0p02_0023_0007.uasset" 5401
"../../../Engine/Content/EngineMaterials/Substrate/GLints/dict_16_192_64_0p5_0p02_0023_0006.uasset" 5402
"../../../Engine/Content/EngineMaterials/Substrate/GLints/dict_16_192_64_0p5_0p02_0023_0004.uasset" 5403
"../../../Engine/Content/EngineMaterials/Substrate/GLints/dict_16_192_64_0p5_0p02_0023_0005.uasset" 5404
"../../../Engine/Content/EngineMaterials/Substrate/GLints/dict_16_192_64_0p5_0p02_0023_0002.uasset" 5405
"../../../Engine/Content/EngineMaterials/Substrate/GLints/dict_16_192_64_0p5_0p02_0023_0001.uasset" 5406
"../../../Engine/Content/EngineMaterials/Substrate/GLints/dict_16_192_64_0p5_0p02_0023_0003.uasset" 5407
"/Engine/EngineMaterials/Substrate/GLints/dict_16_192_64_0p5_0p02_0023_0013" 5408
"/Engine/EngineMaterials/Substrate/GLints/dict_16_192_64_0p5_0p02_0023_0014" 5409
"/Engine/EngineMaterials/Substrate/GLints/dict_16_192_64_0p5_0p02_0023_0015" 5410
"/Engine/EngineMaterials/Substrate/GLints/dict_16_192_64_0p5_0p02_0023_0005" 5411
"/Engine/EngineMaterials/Substrate/GLints/dict_16_192_64_0p5_0p02_0023_0002" 5412
"/Engine/EngineMaterials/Substrate/GLints/dict_16_192_64_0p5_0p02_0024_0000" 5413
"/Engine/EngineMaterials/Substrate/GLints/dict_16_192_64_0p5_0p02_0024_0002" 5414
"../../../Engine/Content/EngineMaterials/Substrate/GLints/dict_16_192_64_0p5_0p02_0022_0012.uasset" 5415
"../../../Engine/Content/EngineMaterials/Substrate/GLints/dict_16_192_64_0p5_0p02_0022_0013.uasset" 5416
"../../../Engine/Content/EngineMaterials/Substrate/GLints/dict_16_192_64_0p5_0p02_0022_0015.uasset" 5417
"/Engine/EngineMaterials/Substrate/GLints/dict_16_192_64_0p5_0p02_0023_0006" 5418
"/Engine/EngineMaterials/Substrate/GLints/dict_16_192_64_0p5_0p02_0023_0007" 5419
"/Engine/EngineMaterials/Substrate/GLints/dict_16_192_64_0p5_0p02_0023_0001" 5420
"/Engine/EngineMaterials/Substrate/GLints/dict_16_192_64_0p5_0p02_0023_0003" 5421
"../../../Engine/Content/EngineMaterials/Substrate/GLints/dict_16_192_64_0p5_0p02_0022_0010.uasset" 5422
"/Engine/EngineMaterials/Substrate/GLints/dict_16_192_64_0p5_0p02_0023_0008" 5423
"../../../Engine/Content/EngineMaterials/Substrate/GLints/dict_16_192_64_0p5_0p02_0022_0011.uasset" 5424
"/Engine/EngineMaterials/Substrate/GLints/dict_16_192_64_0p5_0p02_0023_0004" 5425
"/Engine/EngineMaterials/Substrate/GLints/dict_16_192_64_0p5_0p02_0023_0009" 5426
"../../../Engine/Content/EngineMaterials/Substrate/GLints/dict_16_192_64_0p5_0p02_0022_0007.uasset" 5427
"../../../Engine/Content/EngineMaterials/Substrate/GLints/dict_16_192_64_0p5_0p02_0022_0009.uasset" 5428
"../../../Engine/Content/EngineMaterials/Substrate/GLints/dict_16_192_64_0p5_0p02_0022_0008.uasset" 5429
"../../../Engine/Content/EngineMaterials/Substrate/GLints/dict_16_192_64_0p5_0p02_0022_0014.uasset" 5430
"/Engine/EngineMaterials/Substrate/GLints/dict_16_192_64_0p5_0p02_0023_0010" 5431
"/Engine/EngineMaterials/Substrate/GLints/dict_16_192_64_0p5_0p02_0023_0011" 5432
"/Engine/EngineMaterials/Substrate/GLints/dict_16_192_64_0p5_0p02_0023_0012" 5433
"/Engine/EngineMaterials/Substrate/GLints/dict_16_192_64_0p5_0p02_0022_0008" 5434
"/Engine/EngineMaterials/Substrate/GLints/dict_16_192_64_0p5_0p02_0022_0009" 5435
"../../../Engine/Content/EngineMaterials/Substrate/GLints/dict_16_192_64_0p5_0p02_0022_0005.uasset" 5436
"/Engine/EngineMaterials/Substrate/GLints/dict_16_192_64_0p5_0p02_0022_0010" 5437
"/Engine/EngineMaterials/Substrate/GLints/dict_16_192_64_0p5_0p02_0022_0011" 5438
"/Engine/EngineMaterials/Substrate/GLints/dict_16_192_64_0p5_0p02_0022_0012" 5439
"/Engine/EngineMaterials/Substrate/GLints/dict_16_192_64_0p5_0p02_0022_0013" 5440
"../../../Engine/Content/EngineMaterials/Substrate/GLints/dict_16_192_64_0p5_0p02_0022_0006.uasset" 5441
"/Engine/EngineMaterials/Substrate/GLints/dict_16_192_64_0p5_0p02_0022_0014" 5442
"/Engine/EngineMaterials/Substrate/GLints/dict_16_192_64_0p5_0p02_0022_0007" 5443
"/Engine/EngineMaterials/Substrate/GLints/dict_16_192_64_0p5_0p02_0022_0015" 5444
"../../../Engine/Content/EngineMaterials/Substrate/GLints/dict_16_192_64_0p5_0p02_0022_0003.uasset" 5445
"../../../Engine/Content/EngineMaterials/Substrate/GLints/dict_16_192_64_0p5_0p02_0022_0004.uasset" 5446
"../../../Engine/Content/EngineMaterials/Substrate/GLints/dict_16_192_64_0p5_0p02_0022_0002.uasset" 5447
"/Engine/EngineMaterials/Substrate/GLints/dict_16_192_64_0p5_0p02_0022_0002" 5448
"../../../Engine/Content/EngineMaterials/Substrate/GLints/dict_16_192_64_0p5_0p02_0023_0000.uasset" 5449
"/Engine/EngineMaterials/Substrate/GLints/dict_16_192_64_0p5_0p02_0022_0003" 5450
"/Engine/EngineMaterials/Substrate/GLints/dict_16_192_64_0p5_0p02_0022_0004" 5451
"/Engine/EngineMaterials/Substrate/GLints/dict_16_192_64_0p5_0p02_0022_0005" 5452
"/Engine/EngineMaterials/Substrate/GLints/dict_16_192_64_0p5_0p02_0022_0006" 5453
"/Engine/EngineMaterials/Substrate/GLints/dict_16_192_64_0p5_0p02_0023_0000" 5454
"../../../Engine/Content/EngineMaterials/Substrate/GLints/dict_16_192_64_0p5_0p02_0022_0001.uasset" 5455
"../../../Engine/Content/EngineMaterials/Substrate/GLints/dict_16_192_64_0p5_0p02_0021_0012.uasset" 5456
"../../../Engine/Content/EngineMaterials/Substrate/GLints/dict_16_192_64_0p5_0p02_0022_0000.uasset" 5457
"/Engine/EngineMaterials/Substrate/GLints/dict_16_192_64_0p5_0p02_0021_0012" 5458
"/Engine/EngineMaterials/Substrate/GLints/dict_16_192_64_0p5_0p02_0022_0000" 5459
"/Engine/EngineMaterials/Substrate/GLints/dict_16_192_64_0p5_0p02_0022_0001" 5460
"../../../Engine/Content/EngineMaterials/Substrate/GLints/dict_16_192_64_0p5_0p02_0021_0014.uasset" 5461
"../../../Engine/Content/EngineMaterials/Substrate/GLints/dict_16_192_64_0p5_0p02_0021_0015.uasset" 5462
"../../../Engine/Content/EngineMaterials/Substrate/GLints/dict_16_192_64_0p5_0p02_0021_0010.uasset" 5463
"../../../Engine/Content/EngineMaterials/Substrate/GLints/dict_16_192_64_0p5_0p02_0021_0008.uasset" 5464
"../../../Engine/Content/EngineMaterials/Substrate/GLints/dict_16_192_64_0p5_0p02_0021_0011.uasset" 5465
"/Engine/EngineMaterials/Substrate/GLints/dict_16_192_64_0p5_0p02_0021_0008" 5466
"../../../Engine/Content/EngineMaterials/Substrate/GLints/dict_16_192_64_0p5_0p02_0021_0013.uasset" 5467
"/Engine/EngineMaterials/Substrate/GLints/dict_16_192_64_0p5_0p02_0021_0010" 5468
"../../../Engine/Content/EngineMaterials/Substrate/GLints/dict_16_192_64_0p5_0p02_0021_0009.uasset" 5469
"/Engine/EngineMaterials/Substrate/GLints/dict_16_192_64_0p5_0p02_0021_0011" 5470
"/Engine/EngineMaterials/Substrate/GLints/dict_16_192_64_0p5_0p02_0021_0014" 5471
"../../../Engine/Content/EngineMaterials/Substrate/GLints/dict_16_192_64_0p5_0p02_0021_0007.uasset" 5472
"/Engine/EngineMaterials/Substrate/GLints/dict_16_192_64_0p5_0p02_0021_0015" 5473
"../../../Engine/Content/EngineMaterials/Substrate/GLints/dict_16_192_64_0p5_0p02_0021_0004.uasset" 5474
"/Engine/EngineMaterials/Substrate/GLints/dict_16_192_64_0p5_0p02_0021_0007" 5475
"../../../Engine/Content/EngineMaterials/Substrate/GLints/dict_16_192_64_0p5_0p02_0021_0002.uasset" 5476
"/Engine/EngineMaterials/Substrate/GLints/dict_16_192_64_0p5_0p02_0021_0009" 5477
"/Engine/EngineMaterials/Substrate/GLints/dict_16_192_64_0p5_0p02_0021_0013" 5478
"../../../Engine/Content/EngineMaterials/Substrate/GLints/dict_16_192_64_0p5_0p02_0021_0005.uasset" 5479
"/Engine/EngineMaterials/Substrate/GLints/dict_16_192_64_0p5_0p02_0021_0002" 5480
"/Engine/EngineMaterials/Substrate/GLints/dict_16_192_64_0p5_0p02_0021_0005" 5481
"../../../Engine/Content/EngineMaterials/Substrate/GLints/dict_16_192_64_0p5_0p02_0021_0003.uasset" 5482
"../../../Engine/Content/EngineMaterials/Substrate/GLints/dict_16_192_64_0p5_0p02_0021_0000.uasset" 5483
"../../../Engine/Content/EngineMaterials/Substrate/GLints/dict_16_192_64_0p5_0p02_0021_0001.uasset" 5484
"../../../Engine/Content/EngineMaterials/Substrate/GLints/dict_16_192_64_0p5_0p02_0020_0013.uasset" 5485
"../../../Engine/Content/EngineMaterials/Substrate/GLints/dict_16_192_64_0p5_0p02_0021_0006.uasset" 5486
"../../../Engine/Content/EngineMaterials/Substrate/GLints/dict_16_192_64_0p5_0p02_0020_0011.uasset" 5487
"../../../Engine/Content/EngineMaterials/Substrate/GLints/dict_16_192_64_0p5_0p02_0020_0012.uasset" 5488
"../../../Engine/Content/EngineMaterials/Substrate/GLints/dict_16_192_64_0p5_0p02_0020_0010.uasset" 5489
"../../../Engine/Content/EngineMaterials/Substrate/GLints/dict_16_192_64_0p5_0p02_0020_0008.uasset" 5490
"../../../Engine/Content/EngineMaterials/Substrate/GLints/dict_16_192_64_0p5_0p02_0020_0015.uasset" 5491
"../../../Engine/Content/EngineMaterials/Substrate/GLints/dict_16_192_64_0p5_0p02_0020_0014.uasset" 5492
"../../../Engine/Content/EngineMaterials/Substrate/GLints/dict_16_192_64_0p5_0p02_0020_0009.uasset" 5493
"../../../Engine/Content/EngineMaterials/Substrate/GLints/dict_16_192_64_0p5_0p02_0020_0007.uasset" 5494
"/Engine/EngineMaterials/Substrate/GLints/dict_16_192_64_0p5_0p02_0021_0001" 5495
"/Engine/EngineMaterials/Substrate/GLints/dict_16_192_64_0p5_0p02_0020_0008" 5496
"/Engine/EngineMaterials/Substrate/GLints/dict_16_192_64_0p5_0p02_0021_0003" 5497
"/Engine/EngineMaterials/Substrate/GLints/dict_16_192_64_0p5_0p02_0020_0009" 5498
"../../../Engine/Content/EngineMaterials/Substrate/GLints/dict_16_192_64_0p5_0p02_0020_0004.uasset" 5499
"../../../Engine/Content/EngineMaterials/Substrate/GLints/dict_16_192_64_0p5_0p02_0020_0006.uasset" 5500
"/Engine/EngineMaterials/Substrate/GLints/dict_16_192_64_0p5_0p02_0021_0004" 5501
"/Engine/EngineMaterials/Substrate/GLints/dict_16_192_64_0p5_0p02_0020_0010" 5502
"/Engine/EngineMaterials/Substrate/GLints/dict_16_192_64_0p5_0p02_0021_0006" 5503
"/Engine/EngineMaterials/Substrate/GLints/dict_16_192_64_0p5_0p02_0020_0011" 5504
"/Engine/EngineMaterials/Substrate/GLints/dict_16_192_64_0p5_0p02_0020_0012" 5505
"/Engine/EngineMaterials/Substrate/GLints/dict_16_192_64_0p5_0p02_0020_0013" 5506
"/Engine/EngineMaterials/Substrate/GLints/dict_16_192_64_0p5_0p02_0020_0014" 5507
"/Engine/EngineMaterials/Substrate/GLints/dict_16_192_64_0p5_0p02_0020_0007" 5508
"/Engine/EngineMaterials/Substrate/GLints/dict_16_192_64_0p5_0p02_0020_0015" 5509
"../../../Engine/Content/EngineMaterials/Substrate/GLints/dict_16_192_64_0p5_0p02_0019_0014.uasset" 5510
"../../../Engine/Content/EngineMaterials/Substrate/GLints/dict_16_192_64_0p5_0p02_0019_0015.uasset" 5511
"../../../Engine/Content/EngineMaterials/Substrate/GLints/dict_16_192_64_0p5_0p02_0020_0001.uasset" 5512
"/Engine/EngineMaterials/Substrate/GLints/dict_16_192_64_0p5_0p02_0021_0000" 5513
"../../../Engine/Content/EngineMaterials/Substrate/GLints/dict_16_192_64_0p5_0p02_0019_0012.uasset" 5514
"../../../Engine/Content/EngineMaterials/Substrate/GLints/dict_16_192_64_0p5_0p02_0020_0003.uasset" 5515
"../../../Engine/Content/EngineMaterials/Substrate/GLints/dict_16_192_64_0p5_0p02_0019_0013.uasset" 5516
"../../../Engine/Content/EngineMaterials/Substrate/GLints/dict_16_192_64_0p5_0p02_0020_0000.uasset" 5517
"/Engine/EngineMaterials/Substrate/GLints/dict_16_192_64_0p5_0p02_0020_0003" 5518
"/Engine/EngineMaterials/Substrate/GLints/dict_16_192_64_0p5_0p02_0019_0012" 5519
"/Engine/EngineMaterials/Substrate/GLints/dict_16_192_64_0p5_0p02_0020_0004" 5520
"/Engine/EngineMaterials/Substrate/GLints/dict_16_192_64_0p5_0p02_0019_0015" 5521
"../../../Engine/Content/EngineMaterials/Substrate/GLints/dict_16_192_64_0p5_0p02_0020_0005.uasset" 5522
"../../../Engine/Content/EngineMaterials/Substrate/GLints/dict_16_192_64_0p5_0p02_0020_0002.uasset" 5523
"/Engine/EngineMaterials/Substrate/GLints/dict_16_192_64_0p5_0p02_0019_0013" 5524
"../../../Engine/Content/EngineMaterials/Substrate/GLints/dict_16_192_64_0p5_0p02_0019_0011.uasset" 5525
"/Engine/EngineMaterials/Substrate/GLints/dict_16_192_64_0p5_0p02_0019_0014" 5526
"/Engine/EngineMaterials/Substrate/GLints/dict_16_192_64_0p5_0p02_0020_0006" 5527
"/Engine/EngineMaterials/Substrate/GLints/dict_16_192_64_0p5_0p02_0020_0001" 5528
"/Engine/EngineMaterials/Substrate/GLints/dict_16_192_64_0p5_0p02_0019_0011" 5529
"../../../Engine/Content/EngineMaterials/Substrate/GLints/dict_16_192_64_0p5_0p02_0019_0009.uasset" 5530
"../../../Engine/Content/EngineMaterials/Substrate/GLints/dict_16_192_64_0p5_0p02_0019_0008.uasset" 5531
"/Engine/EngineMaterials/Substrate/GLints/dict_16_192_64_0p5_0p02_0020_0005" 5532
"/Engine/EngineMaterials/Substrate/GLints/dict_16_192_64_0p5_0p02_0020_0000" 5533
"/Engine/EngineMaterials/Substrate/GLints/dict_16_192_64_0p5_0p02_0020_0002" 5534
"/Engine/EngineMaterials/Substrate/GLints/dict_16_192_64_0p5_0p02_0019_0008" 5535
"/Engine/EngineMaterials/Substrate/GLints/dict_16_192_64_0p5_0p02_0019_0009" 5536
"../../../Engine/Content/EngineMaterials/Substrate/GLints/dict_16_192_64_0p5_0p02_0019_0010.uasset" 5537
"../../../Engine/Content/EngineMaterials/Substrate/GLints/dict_16_192_64_0p5_0p02_0019_0004.uasset" 5538
"../../../Engine/Content/EngineMaterials/Substrate/GLints/dict_16_192_64_0p5_0p02_0019_0007.uasset" 5539
"../../../Engine/Content/EngineMaterials/Substrate/GLints/dict_16_192_64_0p5_0p02_0019_0005.uasset" 5540
"../../../Engine/Content/EngineMaterials/Substrate/GLints/dict_16_192_64_0p5_0p02_0019_0001.uasset" 5541
"../../../Engine/Content/EngineMaterials/Substrate/GLints/dict_16_192_64_0p5_0p02_0019_0006.uasset" 5542
"../../../Engine/Content/EngineMaterials/Substrate/GLints/dict_16_192_64_0p5_0p02_0019_0003.uasset" 5543
"../../../Engine/Content/EngineMaterials/Substrate/GLints/dict_16_192_64_0p5_0p02_0018_0015.uasset" 5544
"../../../Engine/Content/EngineMaterials/Substrate/GLints/dict_16_192_64_0p5_0p02_0019_0000.uasset" 5545
"../../../Engine/Content/EngineMaterials/Substrate/GLints/dict_16_192_64_0p5_0p02_0019_0002.uasset" 5546
"../../../Engine/Content/EngineMaterials/Substrate/GLints/dict_16_192_64_0p5_0p02_0018_0013.uasset" 5547
"../../../Engine/Content/EngineMaterials/Substrate/GLints/dict_16_192_64_0p5_0p02_0018_0014.uasset" 5548
"../../../Engine/Content/EngineMaterials/Substrate/GLints/dict_16_192_64_0p5_0p02_0018_0008.uasset" 5549
"/Engine/EngineMaterials/Substrate/GLints/dict_16_192_64_0p5_0p02_0019_0006" 5550
"../../../Engine/Content/EngineMaterials/Substrate/GLints/dict_16_192_64_0p5_0p02_0018_0011.uasset" 5551
"../../../Engine/Content/EngineMaterials/Substrate/GLints/dict_16_192_64_0p5_0p02_0018_0009.uasset" 5552
"../../../Engine/Content/EngineMaterials/Substrate/GLints/dict_16_192_64_0p5_0p02_0018_0012.uasset" 5553
"/Engine/EngineMaterials/Substrate/GLints/dict_16_192_64_0p5_0p02_0018_0008" 5554
"../../../Engine/Content/EngineMaterials/Substrate/GLints/dict_16_192_64_0p5_0p02_0018_0010.uasset" 5555
"/Engine/EngineMaterials/Substrate/GLints/dict_16_192_64_0p5_0p02_0019_0005" 5556
"/Engine/EngineMaterials/Substrate/GLints/dict_16_192_64_0p5_0p02_0018_0013" 5557
"../../../Engine/Content/EngineMaterials/Substrate/GLints/dict_16_192_64_0p5_0p02_0018_0007.uasset" 5558
"/Engine/EngineMaterials/Substrate/GLints/dict_16_192_64_0p5_0p02_0019_0007" 5559
"/Engine/EngineMaterials/Substrate/GLints/dict_16_192_64_0p5_0p02_0018_0014" 5560
"/Engine/EngineMaterials/Substrate/GLints/dict_16_192_64_0p5_0p02_0018_0015" 5561
"../../../Engine/Content/EngineMaterials/Substrate/GLints/dict_16_192_64_0p5_0p02_0018_0006.uasset" 5562
"../../../Engine/Content/EngineMaterials/Substrate/GLints/dict_16_192_64_0p5_0p02_0018_0005.uasset" 5563
"/Engine/EngineMaterials/Substrate/GLints/dict_16_192_64_0p5_0p02_0019_0010" 5564
"../../../Engine/Content/EngineMaterials/Substrate/GLints/dict_16_192_64_0p5_0p02_0018_0004.uasset" 5565
"/Engine/EngineMaterials/Substrate/GLints/dict_16_192_64_0p5_0p02_0019_0000" 5566
"/Engine/EngineMaterials/Substrate/GLints/dict_16_192_64_0p5_0p02_0019_0001" 5567
"/Engine/EngineMaterials/Substrate/GLints/dict_16_192_64_0p5_0p02_0019_0002" 5568
"/Engine/EngineMaterials/Substrate/GLints/dict_16_192_64_0p5_0p02_0019_0003" 5569
"/Engine/EngineMaterials/Substrate/GLints/dict_16_192_64_0p5_0p02_0019_0004" 5570
"/Engine/EngineMaterials/Substrate/GLints/dict_16_192_64_0p5_0p02_0018_0007" 5571
"/Engine/EngineMaterials/Substrate/GLints/dict_16_192_64_0p5_0p02_0018_0009" 5572
"/Engine/EngineMaterials/Substrate/GLints/dict_16_192_64_0p5_0p02_0018_0010" 5573
"../../../Engine/Content/EngineMaterials/Substrate/GLints/dict_16_192_64_0p5_0p02_0018_0003.uasset" 5574
"/Engine/EngineMaterials/Substrate/GLints/dict_16_192_64_0p5_0p02_0018_0011" 5575
"../../../Engine/Content/EngineMaterials/Substrate/GLints/dict_16_192_64_0p5_0p02_0018_0001.uasset" 5576
"/Engine/EngineMaterials/Substrate/GLints/dict_16_192_64_0p5_0p02_0018_0012" 5577
"../../../Engine/Content/EngineMaterials/Substrate/GLints/dict_16_192_64_0p5_0p02_0018_0002.uasset" 5578
"/Engine/EngineMaterials/Substrate/GLints/dict_16_192_64_0p5_0p02_0018_0004" 5579
"/Engine/EngineMaterials/Substrate/GLints/dict_16_192_64_0p5_0p02_0018_0005" 5580
"/Engine/EngineMaterials/Substrate/GLints/dict_16_192_64_0p5_0p02_0018_0006" 5581
"../../../Engine/Content/EngineMaterials/Substrate/GLints/dict_16_192_64_0p5_0p02_0017_0012.uasset" 5582
"/Engine/EngineMaterials/Substrate/GLints/dict_16_192_64_0p5_0p02_0018_0001" 5583
"/Engine/EngineMaterials/Substrate/GLints/dict_16_192_64_0p5_0p02_0018_0002" 5584
"../../../Engine/Content/EngineMaterials/Substrate/GLints/dict_16_192_64_0p5_0p02_0017_0011.uasset" 5585
"/Engine/EngineMaterials/Substrate/GLints/dict_16_192_64_0p5_0p02_0018_0003" 5586
"../../../Engine/Content/EngineMaterials/Substrate/GLints/dict_16_192_64_0p5_0p02_0018_0000.uasset" 5587
"../../../Engine/Content/EngineMaterials/Substrate/GLints/dict_16_192_64_0p5_0p02_0017_0013.uasset" 5588
"/Engine/EngineMaterials/Substrate/GLints/dict_16_192_64_0p5_0p02_0017_0011" 5589
"/Engine/EngineMaterials/Substrate/GLints/dict_16_192_64_0p5_0p02_0018_0000" 5590
"/Engine/EngineMaterials/Substrate/GLints/dict_16_192_64_0p5_0p02_0017_0012" 5591
"../../../Engine/Content/EngineMaterials/Substrate/GLints/dict_16_192_64_0p5_0p02_0017_0009.uasset" 5592
"/Engine/EngineMaterials/Substrate/GLints/dict_16_192_64_0p5_0p02_0017_0009" 5593
"/Engine/EngineMaterials/Substrate/GLints/dict_16_192_64_0p5_0p02_0017_0013" 5594
"../../../Engine/Content/EngineMaterials/Substrate/GLints/dict_16_192_64_0p5_0p02_0017_0010.uasset" 5595
"../../../Engine/Content/EngineMaterials/Substrate/GLints/dict_16_192_64_0p5_0p02_0017_0014.uasset" 5596
"../../../Engine/Content/EngineMaterials/Substrate/GLints/dict_16_192_64_0p5_0p02_0017_0008.uasset" 5597
"../../../Engine/Content/EngineMaterials/Substrate/GLints/dict_16_192_64_0p5_0p02_0017_0015.uasset" 5598
"../../../Engine/Content/EngineMaterials/Substrate/GLints/dict_16_192_64_0p5_0p02_0017_0007.uasset" 5599
"../../../Engine/Content/EngineMaterials/Substrate/GLints/dict_16_192_64_0p5_0p02_0017_0006.uasset" 5600
"../../../Engine/Content/EngineMaterials/Substrate/GLints/dict_16_192_64_0p5_0p02_0017_0003.uasset" 5601
"../../../Engine/Content/EngineMaterials/Substrate/GLints/dict_16_192_64_0p5_0p02_0017_0005.uasset" 5602
"../../../Engine/Content/EngineMaterials/Substrate/GLints/dict_16_192_64_0p5_0p02_0017_0002.uasset" 5603
"../../../Engine/Content/EngineMaterials/Substrate/GLints/dict_16_192_64_0p5_0p02_0017_0001.uasset" 5604
"../../../Engine/Content/EngineMaterials/Substrate/GLints/dict_16_192_64_0p5_0p02_0017_0000.uasset" 5605
"../../../Engine/Content/EngineMaterials/Substrate/GLints/dict_16_192_64_0p5_0p02_0017_0004.uasset" 5606
"/Engine/EngineMaterials/Substrate/GLints/dict_16_192_64_0p5_0p02_0017_0015" 5607
"../../../Engine/Content/EngineMaterials/Substrate/GLints/dict_16_192_64_0p5_0p02_0016_0014.uasset" 5608
"../../../Engine/Content/EngineMaterials/Substrate/GLints/dict_16_192_64_0p5_0p02_0016_0015.uasset" 5609
"/Engine/EngineMaterials/Substrate/GLints/dict_16_192_64_0p5_0p02_0017_0000" 5610
"../../../Engine/Content/EngineMaterials/Substrate/GLints/dict_16_192_64_0p5_0p02_0016_0013.uasset" 5611
"/Engine/EngineMaterials/Substrate/GLints/dict_16_192_64_0p5_0p02_0017_0001" 5612
"/Engine/EngineMaterials/Substrate/GLints/dict_16_192_64_0p5_0p02_0017_0002" 5613
"../../../Engine/Content/EngineMaterials/Substrate/GLints/dict_16_192_64_0p5_0p02_0016_0012.uasset" 5614
"/Engine/EngineMaterials/Substrate/GLints/dict_16_192_64_0p5_0p02_0017_0003" 5615
"/Engine/EngineMaterials/Substrate/GLints/dict_16_192_64_0p5_0p02_0017_0004" 5616
"../../../Engine/Content/EngineMaterials/Substrate/GLints/dict_16_192_64_0p5_0p02_0016_0010.uasset" 5617
"/Engine/EngineMaterials/Substrate/GLints/dict_16_192_64_0p5_0p02_0017_0005" 5618
"/Engine/EngineMaterials/Substrate/GLints/dict_16_192_64_0p5_0p02_0017_0010" 5619
"../../../Engine/Content/EngineMaterials/Substrate/GLints/dict_16_192_64_0p5_0p02_0016_0011.uasset" 5620
"/Engine/EngineMaterials/Substrate/GLints/dict_16_192_64_0p5_0p02_0017_0006" 5621
"/Engine/EngineMaterials/Substrate/GLints/dict_16_192_64_0p5_0p02_0017_0007" 5622
"/Engine/EngineMaterials/Substrate/GLints/dict_16_192_64_0p5_0p02_0017_0008" 5623
"/Engine/EngineMaterials/Substrate/GLints/dict_16_192_64_0p5_0p02_0017_0014" 5624
"../../../Engine/Content/EngineMaterials/Substrate/GLints/dict_16_192_64_0p5_0p02_0016_0009.uasset" 5625
"../../../Engine/Content/EngineMaterials/Substrate/GLints/dict_16_192_64_0p5_0p02_0016_0008.uasset" 5626
"/Engine/EngineMaterials/Substrate/GLints/dict_16_192_64_0p5_0p02_0016_0012" 5627
"../../../Engine/Content/EngineMaterials/Substrate/GLints/dict_16_192_64_0p5_0p02_0016_0007.uasset" 5628
"/Engine/EngineMaterials/Substrate/GLints/dict_16_192_64_0p5_0p02_0016_0013" 5629
"/Engine/EngineMaterials/Substrate/GLints/dict_16_192_64_0p5_0p02_0016_0014" 5630
"/Engine/EngineMaterials/Substrate/GLints/dict_16_192_64_0p5_0p02_0016_0015" 5631
"/Engine/EngineMaterials/Substrate/GLints/dict_16_192_64_0p5_0p02_0016_0009" 5632
"/Engine/EngineMaterials/Substrate/GLints/dict_16_192_64_0p5_0p02_0016_0010" 5633
"/Engine/EngineMaterials/Substrate/GLints/dict_16_192_64_0p5_0p02_0016_0011" 5634
"/Engine/EngineMaterials/Substrate/GLints/dict_16_192_64_0p5_0p02_0016_0007" 5635
"../../../Engine/Content/EngineMaterials/Substrate/GLints/dict_16_192_64_0p5_0p02_0016_0005.uasset" 5636
"../../../Engine/Content/EngineMaterials/Substrate/GLints/dict_16_192_64_0p5_0p02_0016_0004.uasset" 5637
"../../../Engine/Content/EngineMaterials/Substrate/GLints/dict_16_192_64_0p5_0p02_0016_0006.uasset" 5638
"/Engine/EngineMaterials/Substrate/GLints/dict_16_192_64_0p5_0p02_0016_0008" 5639
"/Engine/EngineMaterials/Substrate/GLints/dict_16_192_64_0p5_0p02_0016_0004" 5640
"/Engine/EngineMaterials/Substrate/GLints/dict_16_192_64_0p5_0p02_0016_0005" 5641
"/Engine/EngineMaterials/Substrate/GLints/dict_16_192_64_0p5_0p02_0016_0006" 5642
"../../../Engine/Content/EngineMaterials/Substrate/GLints/dict_16_192_64_0p5_0p02_0016_0002.uasset" 5643
"../../../Engine/Content/EngineMaterials/Substrate/GLints/dict_16_192_64_0p5_0p02_0016_0001.uasset" 5644
"../../../Engine/Content/EngineMaterials/Substrate/GLints/dict_16_192_64_0p5_0p02_0016_0003.uasset" 5645
"../../../Engine/Content/EngineMaterials/Substrate/GLints/dict_16_192_64_0p5_0p02_0016_0000.uasset" 5646
"../../../Engine/Content/EngineMaterials/Substrate/GLints/dict_16_192_64_0p5_0p02_0015_0011.uasset" 5647
"../../../Engine/Content/EngineMaterials/Substrate/GLints/dict_16_192_64_0p5_0p02_0015_0013.uasset" 5648
"../../../Engine/Content/EngineMaterials/Substrate/GLints/dict_16_192_64_0p5_0p02_0015_0014.uasset" 5649
"../../../Engine/Content/EngineMaterials/Substrate/GLints/dict_16_192_64_0p5_0p02_0015_0015.uasset" 5650
"../../../Engine/Content/EngineMaterials/Substrate/GLints/dict_16_192_64_0p5_0p02_0015_0012.uasset" 5651
"../../../Engine/Content/EngineMaterials/Substrate/GLints/dict_16_192_64_0p5_0p02_0015_0010.uasset" 5652
"/Engine/EngineMaterials/Substrate/GLints/dict_16_192_64_0p5_0p02_0015_0012" 5653
"../../../Engine/Content/EngineMaterials/Substrate/GLints/dict_16_192_64_0p5_0p02_0015_0009.uasset" 5654
"../../../Engine/Content/EngineMaterials/Substrate/GLints/dict_16_192_64_0p5_0p02_0015_0008.uasset" 5655
"/Engine/EngineMaterials/Substrate/GLints/dict_16_192_64_0p5_0p02_0015_0014" 5656
"/Engine/EngineMaterials/Substrate/GLints/dict_16_192_64_0p5_0p02_0015_0015" 5657
"../../../Engine/Content/EngineMaterials/Substrate/GLints/dict_16_192_64_0p5_0p02_0015_0006.uasset" 5658
"/Engine/EngineMaterials/Substrate/GLints/dict_16_192_64_0p5_0p02_0016_0001" 5659
"/Engine/EngineMaterials/Substrate/GLints/dict_16_192_64_0p5_0p02_0016_0002" 5660
"/Engine/EngineMaterials/Substrate/GLints/dict_16_192_64_0p5_0p02_0016_0000" 5661
"../../../Engine/Content/EngineMaterials/Substrate/GLints/dict_16_192_64_0p5_0p02_0015_0005.uasset" 5662
"/Engine/EngineMaterials/Substrate/GLints/dict_16_192_64_0p5_0p02_0016_0003" 5663
"/Engine/EngineMaterials/Substrate/GLints/dict_16_192_64_0p5_0p02_0015_0013" 5664
"/Engine/EngineMaterials/Substrate/GLints/dict_16_192_64_0p5_0p02_0015_0010" 5665
"../../../Engine/Content/EngineMaterials/Substrate/GLints/dict_16_192_64_0p5_0p02_0015_0007.uasset" 5666
"/Engine/EngineMaterials/Substrate/GLints/dict_16_192_64_0p5_0p02_0015_0011" 5667
"/Engine/EngineMaterials/Substrate/GLints/dict_16_192_64_0p5_0p02_0015_0005" 5668
"../../../Engine/Content/EngineMaterials/Substrate/GLints/dict_16_192_64_0p5_0p02_0015_0004.uasset" 5669
"/Engine/EngineMaterials/Substrate/GLints/dict_16_192_64_0p5_0p02_0015_0006" 5670
"/Engine/EngineMaterials/Substrate/GLints/dict_16_192_64_0p5_0p02_0015_0007" 5671
"/Engine/EngineMaterials/Substrate/GLints/dict_16_192_64_0p5_0p02_0015_0008" 5672
"/Engine/EngineMaterials/Substrate/GLints/dict_16_192_64_0p5_0p02_0015_0009" 5673
"/Engine/EngineMaterials/Substrate/GLints/dict_16_192_64_0p5_0p02_0015_0004" 5674
"../../../Engine/Content/EngineMaterials/Substrate/GLints/dict_16_192_64_0p5_0p02_0015_0001.uasset" 5675
"../../../Engine/Content/EngineMaterials/Substrate/GLints/dict_16_192_64_0p5_0p02_0015_0002.uasset" 5676
"../../../Engine/Content/EngineMaterials/Substrate/GLints/dict_16_192_64_0p5_0p02_0014_0014.uasset" 5677
"../../../Engine/Content/EngineMaterials/Substrate/GLints/dict_16_192_64_0p5_0p02_0014_0013.uasset" 5678
"../../../Engine/Content/EngineMaterials/Substrate/GLints/dict_16_192_64_0p5_0p02_0014_0012.uasset" 5679
"../../../Engine/Content/EngineMaterials/Substrate/GLints/dict_16_192_64_0p5_0p02_0014_0010.uasset" 5680
"../../../Engine/Content/EngineMaterials/Substrate/GLints/dict_16_192_64_0p5_0p02_0015_0000.uasset" 5681
"../../../Engine/Content/EngineMaterials/Substrate/GLints/dict_16_192_64_0p5_0p02_0014_0007.uasset" 5682
"../../../Engine/Content/EngineMaterials/Substrate/GLints/dict_16_192_64_0p5_0p02_0014_0009.uasset" 5683
"../../../Engine/Content/EngineMaterials/Substrate/GLints/dict_16_192_64_0p5_0p02_0014_0008.uasset" 5684
"/Engine/EngineMaterials/Substrate/GLints/dict_16_192_64_0p5_0p02_0014_0009" 5685
"../../../Engine/Content/EngineMaterials/Substrate/GLints/dict_16_192_64_0p5_0p02_0015_0003.uasset" 5686
"../../../Engine/Content/EngineMaterials/Substrate/GLints/dict_16_192_64_0p5_0p02_0014_0011.uasset" 5687
"../../../Engine/Content/EngineMaterials/Substrate/GLints/dict_16_192_64_0p5_0p02_0014_0006.uasset" 5688
"../../../Engine/Content/EngineMaterials/Substrate/GLints/dict_16_192_64_0p5_0p02_0014_0015.uasset" 5689
"/Engine/EngineMaterials/Substrate/GLints/dict_16_192_64_0p5_0p02_0014_0010" 5690
"/Engine/EngineMaterials/Substrate/GLints/dict_16_192_64_0p5_0p02_0014_0007" 5691
"/Engine/EngineMaterials/Substrate/GLints/dict_16_192_64_0p5_0p02_0014_0008" 5692
"/Engine/EngineMaterials/Substrate/GLints/dict_16_192_64_0p5_0p02_0014_0012" 5693
"../../../Engine/Content/EngineMaterials/Substrate/GLints/dict_16_192_64_0p5_0p02_0014_0005.uasset" 5694
"/Engine/EngineMaterials/Substrate/GLints/dict_16_192_64_0p5_0p02_0015_0000" 5695
"/Engine/EngineMaterials/Substrate/GLints/dict_16_192_64_0p5_0p02_0015_0001" 5696
"/Engine/EngineMaterials/Substrate/GLints/dict_16_192_64_0p5_0p02_0015_0002" 5697
"../../../Engine/Content/EngineMaterials/Substrate/GLints/dict_16_192_64_0p5_0p02_0014_0001.uasset" 5698
"../../../Engine/Content/EngineMaterials/Substrate/GLints/dict_16_192_64_0p5_0p02_0014_0003.uasset" 5699
"../../../Engine/Content/EngineMaterials/Substrate/GLints/dict_16_192_64_0p5_0p02_0013_0014.uasset" 5700
"../../../Engine/Content/EngineMaterials/Substrate/GLints/dict_16_192_64_0p5_0p02_0013_0013.uasset" 5701
"../../../Engine/Content/EngineMaterials/Substrate/GLints/dict_16_192_64_0p5_0p02_0014_0004.uasset" 5702
"/Engine/EngineMaterials/Substrate/GLints/dict_16_192_64_0p5_0p02_0014_0013" 5703
"/Engine/EngineMaterials/Substrate/GLints/dict_16_192_64_0p5_0p02_0014_0014" 5704
"../../../Engine/Content/EngineMaterials/Substrate/GLints/dict_16_192_64_0p5_0p02_0014_0000.uasset" 5705
"../../../Engine/Content/EngineMaterials/Substrate/GLints/dict_16_192_64_0p5_0p02_0013_0015.uasset" 5706
"/Engine/EngineMaterials/Substrate/GLints/dict_16_192_64_0p5_0p02_0014_0004" 5707
"/Engine/EngineMaterials/Substrate/GLints/dict_16_192_64_0p5_0p02_0014_0005" 5708
"/Engine/EngineMaterials/Substrate/GLints/dict_16_192_64_0p5_0p02_0014_0006" 5709
"/Engine/EngineMaterials/Substrate/GLints/dict_16_192_64_0p5_0p02_0014_0011" 5710
"/Engine/EngineMaterials/Substrate/GLints/dict_16_192_64_0p5_0p02_0015_0003" 5711
"/Engine/EngineMaterials/Substrate/GLints/dict_16_192_64_0p5_0p02_0013_0013" 5712
"../../../Engine/Content/EngineMaterials/Substrate/GLints/dict_16_192_64_0p5_0p02_0014_0002.uasset" 5713
"/Engine/EngineMaterials/Substrate/GLints/dict_16_192_64_0p5_0p02_0013_0014" 5714
"/Engine/EngineMaterials/Substrate/GLints/dict_16_192_64_0p5_0p02_0013_0015" 5715
"/Engine/EngineMaterials/Substrate/GLints/dict_16_192_64_0p5_0p02_0014_0000" 5716
"../../../Engine/Content/EngineMaterials/Substrate/GLints/dict_16_192_64_0p5_0p02_0013_0010.uasset" 5717
"/Engine/EngineMaterials/Substrate/GLints/dict_16_192_64_0p5_0p02_0014_0001" 5718
"../../../Engine/Content/EngineMaterials/Substrate/GLints/dict_16_192_64_0p5_0p02_0013_0009.uasset" 5719
"../../../Engine/Content/EngineMaterials/Substrate/GLints/dict_16_192_64_0p5_0p02_0013_0012.uasset" 5720
"../../../Engine/Content/EngineMaterials/Substrate/GLints/dict_16_192_64_0p5_0p02_0013_0011.uasset" 5721
"/Engine/EngineMaterials/Substrate/GLints/dict_16_192_64_0p5_0p02_0014_0003" 5722
"/Engine/EngineMaterials/Substrate/GLints/dict_16_192_64_0p5_0p02_0014_0015" 5723
"/Engine/EngineMaterials/Substrate/GLints/dict_16_192_64_0p5_0p02_0013_0010" 5724
"../../../Engine/Content/EngineMaterials/Substrate/GLints/dict_16_192_64_0p5_0p02_0013_0008.uasset" 5725
"/Engine/EngineMaterials/Substrate/GLints/dict_16_192_64_0p5_0p02_0013_0011" 5726
"/Engine/EngineMaterials/Substrate/GLints/dict_16_192_64_0p5_0p02_0013_0012" 5727
"../../../Engine/Content/EngineMaterials/Substrate/GLints/dict_16_192_64_0p5_0p02_0013_0007.uasset" 5728
"/Engine/EngineMaterials/Substrate/GLints/dict_16_192_64_0p5_0p02_0013_0009" 5729
"/Engine/EngineMaterials/Substrate/GLints/dict_16_192_64_0p5_0p02_0014_0002" 5730
"/Engine/EngineMaterials/Substrate/GLints/dict_16_192_64_0p5_0p02_0013_0007" 5731
"/Engine/EngineMaterials/Substrate/GLints/dict_16_192_64_0p5_0p02_0013_0008" 5732
"../../../Engine/Content/EngineMaterials/Substrate/GLints/dict_16_192_64_0p5_0p02_0013_0005.uasset" 5733
"../../../Engine/Content/EngineMaterials/Substrate/GLints/dict_16_192_64_0p5_0p02_0013_0004.uasset" 5734
"/Engine/EngineMaterials/Substrate/GLints/dict_16_192_64_0p5_0p02_0013_0004" 5735
"../../../Engine/Content/EngineMaterials/Substrate/GLints/dict_16_192_64_0p5_0p02_0013_0003.uasset" 5736
"/Engine/EngineMaterials/Substrate/GLints/dict_16_192_64_0p5_0p02_0013_0005" 5737
"/Engine/EngineMaterials/Substrate/GLints/dict_16_192_64_0p5_0p02_0013_0003" 5738
"../../../Engine/Content/EngineMaterials/Substrate/GLints/dict_16_192_64_0p5_0p02_0013_0006.uasset" 5739
"../../../Engine/Content/EngineMaterials/Substrate/GLints/dict_16_192_64_0p5_0p02_0013_0002.uasset" 5740
"../../../Engine/Content/EngineMaterials/Substrate/GLints/dict_16_192_64_0p5_0p02_0012_0014.uasset" 5741
"../../../Engine/Content/EngineMaterials/Substrate/GLints/dict_16_192_64_0p5_0p02_0013_0001.uasset" 5742
"../../../Engine/Content/EngineMaterials/Substrate/GLints/dict_16_192_64_0p5_0p02_0013_0000.uasset" 5743
"../../../Engine/Content/EngineMaterials/Substrate/GLints/dict_16_192_64_0p5_0p02_0012_0015.uasset" 5744
"../../../Engine/Content/EngineMaterials/Substrate/GLints/dict_16_192_64_0p5_0p02_0012_0012.uasset" 5745
"../../../Engine/Content/EngineMaterials/Substrate/GLints/dict_16_192_64_0p5_0p02_0012_0013.uasset" 5746
"../../../Engine/Content/EngineMaterials/Substrate/GLints/dict_16_192_64_0p5_0p02_0012_0011.uasset" 5747
"../../../Engine/Content/EngineMaterials/Substrate/GLints/dict_16_192_64_0p5_0p02_0012_0010.uasset" 5748
"../../../Engine/Content/EngineMaterials/Substrate/GLints/dict_16_192_64_0p5_0p02_0012_0008.uasset" 5749
"/Engine/EngineMaterials/Substrate/GLints/dict_16_192_64_0p5_0p02_0012_0010" 5750
"/Engine/EngineMaterials/Substrate/GLints/dict_16_192_64_0p5_0p02_0012_0011" 5751
"../../../Engine/Content/EngineMaterials/Substrate/GLints/dict_16_192_64_0p5_0p02_0012_0006.uasset" 5752
"/Engine/EngineMaterials/Substrate/GLints/dict_16_192_64_0p5_0p02_0012_0012" 5753
"/Engine/EngineMaterials/Substrate/GLints/dict_16_192_64_0p5_0p02_0012_0013" 5754
"/Engine/EngineMaterials/Substrate/GLints/dict_16_192_64_0p5_0p02_0012_0014" 5755
"/Engine/EngineMaterials/Substrate/GLints/dict_16_192_64_0p5_0p02_0012_0015" 5756
"../../../Engine/Content/EngineMaterials/Substrate/GLints/dict_16_192_64_0p5_0p02_0012_0009.uasset" 5757
"/Engine/EngineMaterials/Substrate/GLints/dict_16_192_64_0p5_0p02_0013_0000" 5758
"/Engine/EngineMaterials/Substrate/GLints/dict_16_192_64_0p5_0p02_0013_0001" 5759
"/Engine/EngineMaterials/Substrate/GLints/dict_16_192_64_0p5_0p02_0013_0006" 5760
"/Engine/EngineMaterials/Substrate/GLints/dict_16_192_64_0p5_0p02_0013_0002" 5761
"../../../Engine/Content/EngineMaterials/Substrate/GLints/dict_16_192_64_0p5_0p02_0012_0005.uasset" 5762
"/Engine/EngineMaterials/Substrate/GLints/dict_16_192_64_0p5_0p02_0012_0008" 5763
"../../../Engine/Content/EngineMaterials/Substrate/GLints/dict_16_192_64_0p5_0p02_0012_0004.uasset" 5764
"/Engine/EngineMaterials/Substrate/GLints/dict_16_192_64_0p5_0p02_0012_0004" 5765
"../../../Engine/Content/EngineMaterials/Substrate/GLints/dict_16_192_64_0p5_0p02_0012_0003.uasset" 5766
"/Engine/EngineMaterials/Substrate/GLints/dict_16_192_64_0p5_0p02_0012_0005" 5767
"/Engine/EngineMaterials/Substrate/GLints/dict_16_192_64_0p5_0p02_0012_0006" 5768
"../../../Engine/Content/EngineMaterials/Substrate/GLints/dict_16_192_64_0p5_0p02_0012_0001.uasset" 5769
"../../../Engine/Content/EngineMaterials/Substrate/GLints/dict_16_192_64_0p5_0p02_0011_0015.uasset" 5770
"../../../Engine/Content/EngineMaterials/Substrate/GLints/dict_16_192_64_0p5_0p02_0012_0000.uasset" 5771
"/Engine/EngineMaterials/Substrate/GLints/dict_16_192_64_0p5_0p02_0012_0009" 5772
"/Engine/EngineMaterials/Substrate/GLints/dict_16_192_64_0p5_0p02_0011_0015" 5773
"../../../Engine/Content/EngineMaterials/Substrate/GLints/dict_16_192_64_0p5_0p02_0011_0013.uasset" 5774
"/Engine/EngineMaterials/Substrate/GLints/dict_16_192_64_0p5_0p02_0012_0000" 5775
"/Engine/EngineMaterials/Substrate/GLints/dict_16_192_64_0p5_0p02_0012_0001" 5776
"/Engine/EngineMaterials/Substrate/GLints/dict_16_192_64_0p5_0p02_0012_0003" 5777
"/Engine/EngineMaterials/Substrate/GLints/dict_16_192_64_0p5_0p02_0011_0013" 5778
"../../../Engine/Content/EngineMaterials/Substrate/GLints/dict_16_192_64_0p5_0p02_0011_0012.uasset" 5779
"../../../Engine/Content/EngineMaterials/Substrate/GLints/dict_16_192_64_0p5_0p02_0012_0002.uasset" 5780
"../../../Engine/Content/EngineMaterials/Substrate/GLints/dict_16_192_64_0p5_0p02_0012_0007.uasset" 5781
"../../../Engine/Content/EngineMaterials/Substrate/GLints/dict_16_192_64_0p5_0p02_0011_0014.uasset" 5782
"../../../Engine/Content/EngineMaterials/Substrate/GLints/dict_16_192_64_0p5_0p02_0011_0008.uasset" 5783
"../../../Engine/Content/EngineMaterials/Substrate/GLints/dict_16_192_64_0p5_0p02_0011_0006.uasset" 5784
"../../../Engine/Content/EngineMaterials/Substrate/GLints/dict_16_192_64_0p5_0p02_0011_0009.uasset" 5785
"../../../Engine/Content/EngineMaterials/Substrate/GLints/dict_16_192_64_0p5_0p02_0011_0007.uasset" 5786
"../../../Engine/Content/EngineMaterials/Substrate/GLints/dict_16_192_64_0p5_0p02_0011_0010.uasset" 5787
"../../../Engine/Content/EngineMaterials/Substrate/GLints/dict_16_192_64_0p5_0p02_0011_0005.uasset" 5788
"../../../Engine/Content/EngineMaterials/Substrate/GLints/dict_16_192_64_0p5_0p02_0011_0004.uasset" 5789
"/Engine/EngineMaterials/Substrate/GLints/dict_16_192_64_0p5_0p02_0011_0014" 5790
"../../../Engine/Content/EngineMaterials/Substrate/GLints/dict_16_192_64_0p5_0p02_0011_0003.uasset" 5791
"../../../Engine/Content/EngineMaterials/Substrate/GLints/dict_16_192_64_0p5_0p02_0011_0011.uasset" 5792
"/Engine/EngineMaterials/Substrate/GLints/dict_16_192_64_0p5_0p02_0012_0002" 5793
"/Engine/EngineMaterials/Substrate/GLints/dict_16_192_64_0p5_0p02_0011_0005" 5794
"/Engine/EngineMaterials/Substrate/GLints/dict_16_192_64_0p5_0p02_0011_0006" 5795
"/Engine/EngineMaterials/Substrate/GLints/dict_16_192_64_0p5_0p02_0011_0009" 5796
"../../../Engine/Content/EngineMaterials/Substrate/GLints/dict_16_192_64_0p5_0p02_0011_0002.uasset" 5797
"/Engine/EngineMaterials/Substrate/GLints/dict_16_192_64_0p5_0p02_0011_0010" 5798
"/Engine/EngineMaterials/Substrate/GLints/dict_16_192_64_0p5_0p02_0011_0007" 5799
"../../../Engine/Content/EngineMaterials/Substrate/GLints/dict_16_192_64_0p5_0p02_0011_0000.uasset" 5800
"../../../Engine/Content/EngineMaterials/Substrate/GLints/dict_16_192_64_0p5_0p02_0011_0001.uasset" 5801
"/Engine/EngineMaterials/Substrate/GLints/dict_16_192_64_0p5_0p02_0012_0007" 5802
"/Engine/EngineMaterials/Substrate/GLints/dict_16_192_64_0p5_0p02_0011_0004" 5803
"/Engine/EngineMaterials/Substrate/GLints/dict_16_192_64_0p5_0p02_0011_0008" 5804
"/Engine/EngineMaterials/Substrate/GLints/dict_16_192_64_0p5_0p02_0011_0012" 5805
"/Engine/EngineMaterials/Substrate/GLints/dict_16_192_64_0p5_0p02_0011_0000" 5806
"/Engine/EngineMaterials/Substrate/GLints/dict_16_192_64_0p5_0p02_0011_0011" 5807
"/Engine/EngineMaterials/Substrate/GLints/dict_16_192_64_0p5_0p02_0011_0001" 5808
"/Engine/EngineMaterials/Substrate/GLints/dict_16_192_64_0p5_0p02_0011_0002" 5809
"/Engine/EngineMaterials/Substrate/GLints/dict_16_192_64_0p5_0p02_0011_0003" 5810
"../../../Engine/Content/EngineMaterials/Substrate/GLints/dict_16_192_64_0p5_0p02_0010_0015.uasset" 5811
"../../../Engine/Content/EngineMaterials/Substrate/GLints/dict_16_192_64_0p5_0p02_0010_0012.uasset" 5812
"/Engine/EngineMaterials/Substrate/GLints/dict_16_192_64_0p5_0p02_0010_0012" 5813
"../../../Engine/Content/EngineMaterials/Substrate/GLints/dict_16_192_64_0p5_0p02_0010_0013.uasset" 5814
"../../../Engine/Content/EngineMaterials/Substrate/GLints/dict_16_192_64_0p5_0p02_0010_0008.uasset" 5815
"/Engine/EngineMaterials/Substrate/GLints/dict_16_192_64_0p5_0p02_0010_0015" 5816
"../../../Engine/Content/EngineMaterials/Substrate/GLints/dict_16_192_64_0p5_0p02_0010_0014.uasset" 5817
"../../../Engine/Content/EngineMaterials/Substrate/GLints/dict_16_192_64_0p5_0p02_0010_0011.uasset" 5818
"../../../Engine/Content/EngineMaterials/Substrate/GLints/dict_16_192_64_0p5_0p02_0010_0009.uasset" 5819
"/Engine/EngineMaterials/Substrate/GLints/dict_16_192_64_0p5_0p02_0010_0013" 5820
"/Engine/EngineMaterials/Substrate/GLints/dict_16_192_64_0p5_0p02_0010_0014" 5821
"../../../Engine/Content/EngineMaterials/Substrate/GLints/dict_16_192_64_0p5_0p02_0010_0007.uasset" 5822
"/Engine/EngineMaterials/Substrate/GLints/dict_16_192_64_0p5_0p02_0010_0008" 5823
"/Engine/EngineMaterials/Substrate/GLints/dict_16_192_64_0p5_0p02_0010_0009" 5824
"/Engine/EngineMaterials/Substrate/GLints/dict_16_192_64_0p5_0p02_0010_0011" 5825
"/Engine/EngineMaterials/Substrate/GLints/dict_16_192_64_0p5_0p02_0010_0007" 5826
"../../../Engine/Content/EngineMaterials/Substrate/GLints/dict_16_192_64_0p5_0p02_0010_0004.uasset" 5827
"../../../Engine/Content/EngineMaterials/Substrate/GLints/dict_16_192_64_0p5_0p02_0010_0006.uasset" 5828
"../../../Engine/Content/EngineMaterials/Substrate/GLints/dict_16_192_64_0p5_0p02_0010_0003.uasset" 5829
"../../../Engine/Content/EngineMaterials/Substrate/GLints/dict_16_192_64_0p5_0p02_0010_0010.uasset" 5830
"../../../Engine/Content/EngineMaterials/Substrate/GLints/dict_16_192_64_0p5_0p02_0009_0012.uasset" 5831
"../../../Engine/Content/EngineMaterials/Substrate/GLints/dict_16_192_64_0p5_0p02_0009_0015.uasset" 5832
"../../../Engine/Content/EngineMaterials/Substrate/GLints/dict_16_192_64_0p5_0p02_0010_0000.uasset" 5833
"../../../Engine/Content/EngineMaterials/Substrate/GLints/dict_16_192_64_0p5_0p02_0010_0005.uasset" 5834
"../../../Engine/Content/EngineMaterials/Substrate/GLints/dict_16_192_64_0p5_0p02_0010_0002.uasset" 5835
"../../../Engine/Content/EngineMaterials/Substrate/GLints/dict_16_192_64_0p5_0p02_0010_0001.uasset" 5836
"../../../Engine/Content/EngineMaterials/Substrate/GLints/dict_16_192_64_0p5_0p02_0009_0014.uasset" 5837
"../../../Engine/Content/EngineMaterials/Substrate/GLints/dict_16_192_64_0p5_0p02_0009_0013.uasset" 5838
"../../../Engine/Content/EngineMaterials/Substrate/GLints/dict_16_192_64_0p5_0p02_0009_0011.uasset" 5839
"/Engine/EngineMaterials/Substrate/GLints/dict_16_192_64_0p5_0p02_0010_0010" 5840
"/Engine/EngineMaterials/Substrate/GLints/dict_16_192_64_0p5_0p02_0010_0001" 5841
"../../../Engine/Content/EngineMaterials/Substrate/GLints/dict_16_192_64_0p5_0p02_0009_0010.uasset" 5842
"../../../Engine/Content/EngineMaterials/Substrate/GLints/dict_16_192_64_0p5_0p02_0009_0007.uasset" 5843
"../../../Engine/Content/EngineMaterials/Substrate/GLints/dict_16_192_64_0p5_0p02_0009_0009.uasset" 5844
"/Engine/EngineMaterials/Substrate/GLints/dict_16_192_64_0p5_0p02_0010_0002" 5845
"/Engine/EngineMaterials/Substrate/GLints/dict_16_192_64_0p5_0p02_0010_0003" 5846
"/Engine/EngineMaterials/Substrate/GLints/dict_16_192_64_0p5_0p02_0010_0004" 5847
"/Engine/EngineMaterials/Substrate/GLints/dict_16_192_64_0p5_0p02_0010_0005" 5848
"../../../Engine/Content/EngineMaterials/Substrate/GLints/dict_16_192_64_0p5_0p02_0009_0008.uasset" 5849
"/Engine/EngineMaterials/Substrate/GLints/dict_16_192_64_0p5_0p02_0009_0011" 5850
"/Engine/EngineMaterials/Substrate/GLints/dict_16_192_64_0p5_0p02_0010_0006" 5851
"../../../Engine/Content/EngineMaterials/Substrate/GLints/dict_16_192_64_0p5_0p02_0009_0006.uasset" 5852
"/Engine/EngineMaterials/Substrate/GLints/dict_16_192_64_0p5_0p02_0009_0012" 5853
"../../../Engine/Content/EngineMaterials/Substrate/GLints/dict_16_192_64_0p5_0p02_0009_0004.uasset" 5854
"/Engine/EngineMaterials/Substrate/GLints/dict_16_192_64_0p5_0p02_0009_0013" 5855
"../../../Engine/Content/EngineMaterials/Substrate/GLints/dict_16_192_64_0p5_0p02_0009_0005.uasset" 5856
"../../../Engine/Content/EngineMaterials/Substrate/GLints/dict_16_192_64_0p5_0p02_0009_0001.uasset" 5857
"/Engine/EngineMaterials/Substrate/GLints/dict_16_192_64_0p5_0p02_0009_0014" 5858
"/Engine/EngineMaterials/Substrate/GLints/dict_16_192_64_0p5_0p02_0009_0015" 5859
"../../../Engine/Content/EngineMaterials/Substrate/GLints/dict_16_192_64_0p5_0p02_0009_0002.uasset" 5860
"../../../Engine/Content/EngineMaterials/Substrate/GLints/dict_16_192_64_0p5_0p02_0009_0003.uasset" 5861
"../../../Engine/Content/EngineMaterials/Substrate/GLints/dict_16_192_64_0p5_0p02_0009_0000.uasset" 5862
"/Engine/EngineMaterials/Substrate/GLints/dict_16_192_64_0p5_0p02_0010_0000" 5863
"/Engine/EngineMaterials/Substrate/GLints/dict_16_192_64_0p5_0p02_0009_0005" 5864
"/Engine/EngineMaterials/Substrate/GLints/dict_16_192_64_0p5_0p02_0009_0000" 5865
"/Engine/EngineMaterials/Substrate/GLints/dict_16_192_64_0p5_0p02_0009_0006" 5866
"../../../Engine/Content/EngineMaterials/Substrate/GLints/dict_16_192_64_0p5_0p02_0008_0015.uasset" 5867
"/Engine/EngineMaterials/Substrate/GLints/dict_16_192_64_0p5_0p02_0009_0007" 5868
"/Engine/EngineMaterials/Substrate/GLints/dict_16_192_64_0p5_0p02_0009_0008" 5869
"/Engine/EngineMaterials/Substrate/GLints/dict_16_192_64_0p5_0p02_0009_0009" 5870
"/Engine/EngineMaterials/Substrate/GLints/dict_16_192_64_0p5_0p02_0009_0010" 5871
"../../../Engine/Content/EngineMaterials/Substrate/GLints/dict_16_192_64_0p5_0p02_0008_0013.uasset" 5872
"/Engine/EngineMaterials/Substrate/GLints/dict_16_192_64_0p5_0p02_0009_0001" 5873
"/Engine/EngineMaterials/Substrate/GLints/dict_16_192_64_0p5_0p02_0009_0002" 5874
"../../../Engine/Content/EngineMaterials/Substrate/GLints/dict_16_192_64_0p5_0p02_0008_0014.uasset" 5875
"/Engine/EngineMaterials/Substrate/GLints/dict_16_192_64_0p5_0p02_0009_0003" 5876
"../../../Engine/Content/EngineMaterials/Substrate/GLints/dict_16_192_64_0p5_0p02_0008_0011.uasset" 5877
"/Engine/EngineMaterials/Substrate/GLints/dict_16_192_64_0p5_0p02_0009_0004" 5878
"/Engine/EngineMaterials/Substrate/GLints/dict_16_192_64_0p5_0p02_0008_0014" 5879
"/Engine/EngineMaterials/Substrate/GLints/dict_16_192_64_0p5_0p02_0008_0011" 5880
"/Engine/EngineMaterials/Substrate/GLints/dict_16_192_64_0p5_0p02_0008_0015" 5881
"/Engine/EngineMaterials/Substrate/GLints/dict_16_192_64_0p5_0p02_0008_0013" 5882
"../../../Engine/Content/EngineMaterials/Substrate/GLints/dict_16_192_64_0p5_0p02_0008_0012.uasset" 5883
"../../../Engine/Content/EngineMaterials/Substrate/GLints/dict_16_192_64_0p5_0p02_0008_0008.uasset" 5884
"../../../Engine/Content/EngineMaterials/Substrate/GLints/dict_16_192_64_0p5_0p02_0008_0009.uasset" 5885
"../../../Engine/Content/EngineMaterials/Substrate/GLints/dict_16_192_64_0p5_0p02_0008_0010.uasset" 5886
"../../../Engine/Content/EngineMaterials/Substrate/GLints/dict_16_192_64_0p5_0p02_0008_0005.uasset" 5887
"../../../Engine/Content/EngineMaterials/Substrate/GLints/dict_16_192_64_0p5_0p02_0008_0006.uasset" 5888
"../../../Engine/Content/EngineMaterials/Substrate/GLints/dict_16_192_64_0p5_0p02_0008_0004.uasset" 5889
"../../../Engine/Content/EngineMaterials/Substrate/GLints/dict_16_192_64_0p5_0p02_0008_0007.uasset" 5890
"../../../Engine/Content/EngineMaterials/Substrate/GLints/dict_16_192_64_0p5_0p02_0008_0001.uasset" 5891
"/Engine/EngineMaterials/Substrate/GLints/dict_16_192_64_0p5_0p02_0008_0008" 5892
"/Engine/EngineMaterials/Substrate/GLints/dict_16_192_64_0p5_0p02_0008_0009" 5893
"/Engine/EngineMaterials/Substrate/GLints/dict_16_192_64_0p5_0p02_0008_0012" 5894
"/Engine/EngineMaterials/Substrate/GLints/dict_16_192_64_0p5_0p02_0008_0001" 5895
"/Engine/EngineMaterials/Substrate/GLints/dict_16_192_64_0p5_0p02_0008_0010" 5896
"../../../Engine/Content/EngineMaterials/Substrate/GLints/dict_16_192_64_0p5_0p02_0007_0014.uasset" 5897
"../../../Engine/Content/EngineMaterials/Substrate/GLints/dict_16_192_64_0p5_0p02_0008_0000.uasset" 5898
"/Engine/EngineMaterials/Substrate/GLints/dict_16_192_64_0p5_0p02_0008_0004" 5899
"/Engine/EngineMaterials/Substrate/GLints/dict_16_192_64_0p5_0p02_0008_0005" 5900
"/Engine/EngineMaterials/Substrate/GLints/dict_16_192_64_0p5_0p02_0008_0006" 5901
"/Engine/EngineMaterials/Substrate/GLints/dict_16_192_64_0p5_0p02_0008_0007" 5902
"/Engine/EngineMaterials/Substrate/GLints/dict_16_192_64_0p5_0p02_0007_0014" 5903
"/Engine/EngineMaterials/Substrate/GLints/dict_16_192_64_0p5_0p02_0008_0000" 5904
"../../../Engine/Content/EngineMaterials/Substrate/GLints/dict_16_192_64_0p5_0p02_0007_0012.uasset" 5905
"../../../Engine/Content/EngineMaterials/Substrate/GLints/dict_16_192_64_0p5_0p02_0008_0003.uasset" 5906
"../../../Engine/Content/EngineMaterials/Substrate/GLints/dict_16_192_64_0p5_0p02_0007_0013.uasset" 5907
"../../../Engine/Content/EngineMaterials/Substrate/GLints/dict_16_192_64_0p5_0p02_0007_0015.uasset" 5908
"../../../Engine/Content/EngineMaterials/Substrate/GLints/dict_16_192_64_0p5_0p02_0008_0002.uasset" 5909
"../../../Engine/Content/EngineMaterials/Substrate/GLints/dict_16_192_64_0p5_0p02_0007_0011.uasset" 5910
"../../../Engine/Content/EngineMaterials/Substrate/GLints/dict_16_192_64_0p5_0p02_0007_0009.uasset" 5911
"../../../Engine/Content/EngineMaterials/Substrate/GLints/dict_16_192_64_0p5_0p02_0007_0010.uasset" 5912
"../../../Engine/Content/EngineMaterials/Substrate/GLints/dict_16_192_64_0p5_0p02_0007_0008.uasset" 5913
"../../../Engine/Content/EngineMaterials/Substrate/GLints/dict_16_192_64_0p5_0p02_0007_0007.uasset" 5914
"../../../Engine/Content/EngineMaterials/Substrate/GLints/dict_16_192_64_0p5_0p02_0007_0006.uasset" 5915
"../../../Engine/Content/EngineMaterials/Substrate/GLints/dict_16_192_64_0p5_0p02_0007_0004.uasset" 5916
"../../../Engine/Content/EngineMaterials/Substrate/GLints/dict_16_192_64_0p5_0p02_0007_0001.uasset" 5917
"../../../Engine/Content/EngineMaterials/Substrate/GLints/dict_16_192_64_0p5_0p02_0007_0003.uasset" 5918
"../../../Engine/Content/EngineMaterials/Substrate/GLints/dict_16_192_64_0p5_0p02_0007_0005.uasset" 5919
"../../../Engine/Content/EngineMaterials/Substrate/GLints/dict_16_192_64_0p5_0p02_0006_0015.uasset" 5920
"/Engine/EngineMaterials/Substrate/GLints/dict_16_192_64_0p5_0p02_0007_0011" 5921
"../../../Engine/Content/EngineMaterials/Substrate/GLints/dict_16_192_64_0p5_0p02_0007_0002.uasset" 5922
"/Engine/EngineMaterials/Substrate/GLints/dict_16_192_64_0p5_0p02_0007_0012" 5923
"../../../Engine/Content/EngineMaterials/Substrate/GLints/dict_16_192_64_0p5_0p02_0006_0013.uasset" 5924
"/Engine/EngineMaterials/Substrate/GLints/dict_16_192_64_0p5_0p02_0007_0013" 5925
"/Engine/EngineMaterials/Substrate/GLints/dict_16_192_64_0p5_0p02_0007_0001" 5926
"../../../Engine/Content/EngineMaterials/Substrate/GLints/dict_16_192_64_0p5_0p02_0007_0000.uasset" 5927
"../../../Engine/Content/EngineMaterials/Substrate/GLints/dict_16_192_64_0p5_0p02_0006_0014.uasset" 5928
"/Engine/EngineMaterials/Substrate/GLints/dict_16_192_64_0p5_0p02_0007_0003" 5929
"/Engine/EngineMaterials/Substrate/GLints/dict_16_192_64_0p5_0p02_0007_0004" 5930
"/Engine/EngineMaterials/Substrate/GLints/dict_16_192_64_0p5_0p02_0007_0005" 5931
"../../../Engine/Content/EngineMaterials/Substrate/GLints/dict_16_192_64_0p5_0p02_0006_0012.uasset" 5932
"/Engine/EngineMaterials/Substrate/GLints/dict_16_192_64_0p5_0p02_0007_0006" 5933
"/Engine/EngineMaterials/Substrate/GLints/dict_16_192_64_0p5_0p02_0007_0007" 5934
"/Engine/EngineMaterials/Substrate/GLints/dict_16_192_64_0p5_0p02_0007_0008" 5935
"../../../Engine/Content/EngineMaterials/Substrate/GLints/dict_16_192_64_0p5_0p02_0006_0011.uasset" 5936
"/Engine/EngineMaterials/Substrate/GLints/dict_16_192_64_0p5_0p02_0007_0015" 5937
"/Engine/EngineMaterials/Substrate/GLints/dict_16_192_64_0p5_0p02_0008_0002" 5938
"/Engine/EngineMaterials/Substrate/GLints/dict_16_192_64_0p5_0p02_0007_0009" 5939
"/Engine/EngineMaterials/Substrate/GLints/dict_16_192_64_0p5_0p02_0008_0003" 5940
"/Engine/EngineMaterials/Substrate/GLints/dict_16_192_64_0p5_0p02_0007_0010" 5941
"../../../Engine/Content/EngineMaterials/Substrate/GLints/dict_16_192_64_0p5_0p02_0006_0009.uasset" 5942
"../../../Engine/Content/EngineMaterials/Substrate/GLints/dict_16_192_64_0p5_0p02_0006_0010.uasset" 5943
"/Engine/EngineMaterials/Substrate/GLints/dict_16_192_64_0p5_0p02_0006_0015" 5944
"../../../Engine/Content/EngineMaterials/Substrate/GLints/dict_16_192_64_0p5_0p02_0006_0008.uasset" 5945
"/Engine/EngineMaterials/Substrate/GLints/dict_16_192_64_0p5_0p02_0007_0000" 5946
"/Engine/EngineMaterials/Substrate/GLints/dict_16_192_64_0p5_0p02_0006_0012" 5947
"/Engine/EngineMaterials/Substrate/GLints/dict_16_192_64_0p5_0p02_0006_0013" 5948
"/Engine/EngineMaterials/Substrate/GLints/dict_16_192_64_0p5_0p02_0006_0014" 5949
"/Engine/EngineMaterials/Substrate/GLints/dict_16_192_64_0p5_0p02_0007_0002" 5950
"../../../Engine/Content/EngineMaterials/Substrate/GLints/dict_16_192_64_0p5_0p02_0006_0004.uasset" 5951
"/Engine/EngineMaterials/Substrate/GLints/dict_16_192_64_0p5_0p02_0006_0008" 5952
"/Engine/EngineMaterials/Substrate/GLints/dict_16_192_64_0p5_0p02_0006_0009" 5953
"../../../Engine/Content/EngineMaterials/Substrate/GLints/dict_16_192_64_0p5_0p02_0006_0005.uasset" 5954
"../../../Engine/Content/EngineMaterials/Substrate/GLints/dict_16_192_64_0p5_0p02_0006_0003.uasset" 5955
"../../../Engine/Content/EngineMaterials/Substrate/GLints/dict_16_192_64_0p5_0p02_0006_0006.uasset" 5956
"/Engine/EngineMaterials/Substrate/GLints/dict_16_192_64_0p5_0p02_0006_0010" 5957
"/Engine/EngineMaterials/Substrate/GLints/dict_16_192_64_0p5_0p02_0006_0011" 5958
"../../../Engine/Content/EngineMaterials/Substrate/GLints/dict_16_192_64_0p5_0p02_0006_0001.uasset" 5959
"/Engine/EngineMaterials/Substrate/GLints/dict_16_192_64_0p5_0p02_0006_0003" 5960
"/Engine/EngineMaterials/Substrate/GLints/dict_16_192_64_0p5_0p02_0006_0004" 5961
"/Engine/EngineMaterials/Substrate/GLints/dict_16_192_64_0p5_0p02_0006_0001" 5962
"../../../Engine/Content/EngineMaterials/Substrate/GLints/dict_16_192_64_0p5_0p02_0006_0002.uasset" 5963
"../../../Engine/Content/EngineMaterials/Substrate/GLints/dict_16_192_64_0p5_0p02_0006_0007.uasset" 5964
"/Engine/EngineMaterials/Substrate/GLints/dict_16_192_64_0p5_0p02_0006_0005" 5965
"/Engine/EngineMaterials/Substrate/GLints/dict_16_192_64_0p5_0p02_0006_0006" 5966
"/Engine/EngineMaterials/Substrate/GLints/dict_16_192_64_0p5_0p02_0006_0002" 5967
"/Engine/EngineMaterials/Substrate/GLints/dict_16_192_64_0p5_0p02_0006_0007" 5968
"../../../Engine/Content/EngineMaterials/Substrate/GLints/dict_16_192_64_0p5_0p02_0005_0012.uasset" 5969
"../../../Engine/Content/EngineMaterials/Substrate/GLints/dict_16_192_64_0p5_0p02_0006_0000.uasset" 5970
"../../../Engine/Content/EngineMaterials/Substrate/GLints/dict_16_192_64_0p5_0p02_0005_0013.uasset" 5971
"../../../Engine/Content/EngineMaterials/Substrate/GLints/dict_16_192_64_0p5_0p02_0005_0015.uasset" 5972
"../../../Engine/Content/EngineMaterials/Substrate/GLints/dict_16_192_64_0p5_0p02_0005_0010.uasset" 5973
"../../../Engine/Content/EngineMaterials/Substrate/GLints/dict_16_192_64_0p5_0p02_0005_0014.uasset" 5974
"../../../Engine/Content/EngineMaterials/Substrate/GLints/dict_16_192_64_0p5_0p02_0005_0011.uasset" 5975
"/Engine/EngineMaterials/Substrate/GLints/dict_16_192_64_0p5_0p02_0005_0010" 5976
"/Engine/EngineMaterials/Substrate/GLints/dict_16_192_64_0p5_0p02_0005_0012" 5977
"/Engine/EngineMaterials/Substrate/GLints/dict_16_192_64_0p5_0p02_0005_0013" 5978
"/Engine/EngineMaterials/Substrate/GLints/dict_16_192_64_0p5_0p02_0005_0014" 5979
"/Engine/EngineMaterials/Substrate/GLints/dict_16_192_64_0p5_0p02_0005_0015" 5980
"/Engine/EngineMaterials/Substrate/GLints/dict_16_192_64_0p5_0p02_0006_0000" 5981
"/Engine/EngineMaterials/Substrate/GLints/dict_16_192_64_0p5_0p02_0005_0011" 5982
"../../../Engine/Content/EngineMaterials/Substrate/GLints/dict_16_192_64_0p5_0p02_0005_0007.uasset" 5983
"../../../Engine/Content/EngineMaterials/Substrate/GLints/dict_16_192_64_0p5_0p02_0005_0008.uasset" 5984
"../../../Engine/Content/EngineMaterials/Substrate/GLints/dict_16_192_64_0p5_0p02_0005_0005.uasset" 5985
"../../../Engine/Content/EngineMaterials/Substrate/GLints/dict_16_192_64_0p5_0p02_0005_0004.uasset" 5986
"../../../Engine/Content/EngineMaterials/Substrate/GLints/dict_16_192_64_0p5_0p02_0005_0006.uasset" 5987
"../../../Engine/Content/EngineMaterials/Substrate/GLints/dict_16_192_64_0p5_0p02_0005_0009.uasset" 5988
"../../../Engine/Content/EngineMaterials/Substrate/GLints/dict_16_192_64_0p5_0p02_0005_0001.uasset" 5989
"../../../Engine/Content/EngineMaterials/Substrate/GLints/dict_16_192_64_0p5_0p02_0005_0003.uasset" 5990
"../../../Engine/Content/EngineMaterials/Substrate/GLints/dict_16_192_64_0p5_0p02_0005_0002.uasset" 5991
"../../../Engine/Content/EngineMaterials/Substrate/GLints/dict_16_192_64_0p5_0p02_0004_0014.uasset" 5992
"/Engine/EngineMaterials/Substrate/GLints/dict_16_192_64_0p5_0p02_0005_0001" 5993
"../../../Engine/Content/EngineMaterials/Substrate/GLints/dict_16_192_64_0p5_0p02_0004_0013.uasset" 5994
"../../../Engine/Content/EngineMaterials/Substrate/GLints/dict_16_192_64_0p5_0p02_0004_0012.uasset" 5995
"/Engine/EngineMaterials/Substrate/GLints/dict_16_192_64_0p5_0p02_0005_0002" 5996
"../../../Engine/Content/EngineMaterials/Substrate/GLints/dict_16_192_64_0p5_0p02_0004_0015.uasset" 5997
"/Engine/EngineMaterials/Substrate/GLints/dict_16_192_64_0p5_0p02_0005_0003" 5998
"/Engine/EngineMaterials/Substrate/GLints/dict_16_192_64_0p5_0p02_0005_0004" 5999
"/Engine/EngineMaterials/Substrate/GLints/dict_16_192_64_0p5_0p02_0005_0005" 6000
"/Engine/EngineMaterials/Substrate/GLints/dict_16_192_64_0p5_0p02_0005_0006" 6001
"../../../Engine/Content/EngineMaterials/Substrate/GLints/dict_16_192_64_0p5_0p02_0004_0011.uasset" 6002
"../../../Engine/Content/EngineMaterials/Substrate/GLints/dict_16_192_64_0p5_0p02_0005_0000.uasset" 6003
"/Engine/EngineMaterials/Substrate/GLints/dict_16_192_64_0p5_0p02_0005_0007" 6004
"/Engine/EngineMaterials/Substrate/GLints/dict_16_192_64_0p5_0p02_0005_0008" 6005
"/Engine/EngineMaterials/Substrate/GLints/dict_16_192_64_0p5_0p02_0005_0009" 6006
"/Engine/EngineMaterials/Substrate/GLints/dict_16_192_64_0p5_0p02_0004_0014" 6007
"/Engine/EngineMaterials/Substrate/GLints/dict_16_192_64_0p5_0p02_0004_0011" 6008
"/Engine/EngineMaterials/Substrate/GLints/dict_16_192_64_0p5_0p02_0004_0012" 6009
"/Engine/EngineMaterials/Substrate/GLints/dict_16_192_64_0p5_0p02_0004_0013" 6010
"/Engine/EngineMaterials/Substrate/GLints/dict_16_192_64_0p5_0p02_0004_0015" 6011
"/Engine/EngineMaterials/Substrate/GLints/dict_16_192_64_0p5_0p02_0005_0000" 6012
"../../../Engine/Content/EngineMaterials/Substrate/GLints/dict_16_192_64_0p5_0p02_0004_0010.uasset" 6013
"../../../Engine/Content/EngineMaterials/Substrate/GLints/dict_16_192_64_0p5_0p02_0004_0009.uasset" 6014
"../../../Engine/Content/EngineMaterials/Substrate/GLints/dict_16_192_64_0p5_0p02_0004_0005.uasset" 6015
"../../../Engine/Content/EngineMaterials/Substrate/GLints/dict_16_192_64_0p5_0p02_0004_0006.uasset" 6016
"../../../Engine/Content/EngineMaterials/Substrate/GLints/dict_16_192_64_0p5_0p02_0004_0007.uasset" 6017
"../../../Engine/Content/EngineMaterials/Substrate/GLints/dict_16_192_64_0p5_0p02_0004_0003.uasset" 6018
"../../../Engine/Content/EngineMaterials/Substrate/GLints/dict_16_192_64_0p5_0p02_0004_0001.uasset" 6019
"../../../Engine/Content/EngineMaterials/Substrate/GLints/dict_16_192_64_0p5_0p02_0004_0002.uasset" 6020
"../../../Engine/Content/EngineMaterials/Substrate/GLints/dict_16_192_64_0p5_0p02_0004_0008.uasset" 6021
"../../../Engine/Content/EngineMaterials/Substrate/GLints/dict_16_192_64_0p5_0p02_0004_0004.uasset" 6022
"../../../Engine/Content/EngineMaterials/Substrate/GLints/dict_16_192_64_0p5_0p02_0004_0000.uasset" 6023
"/Engine/EngineMaterials/Substrate/GLints/dict_16_192_64_0p5_0p02_0004_0008" 6024
"/Engine/EngineMaterials/Substrate/GLints/dict_16_192_64_0p5_0p02_0004_0003" 6025
"../../../Engine/Content/EngineMaterials/Substrate/GLints/dict_16_192_64_0p5_0p02_0003_0015.uasset" 6026
"/Engine/EngineMaterials/Substrate/GLints/dict_16_192_64_0p5_0p02_0004_0004" 6027
"/Engine/EngineMaterials/Substrate/GLints/dict_16_192_64_0p5_0p02_0004_0005" 6028
"../../../Engine/Content/EngineMaterials/Substrate/GLints/dict_16_192_64_0p5_0p02_0003_0014.uasset" 6029
"../../../Engine/Content/EngineMaterials/Substrate/GLints/dict_16_192_64_0p5_0p02_0003_0012.uasset" 6030
"../../../Engine/Content/EngineMaterials/Substrate/GLints/dict_16_192_64_0p5_0p02_0003_0007.uasset" 6031
"/Engine/EngineMaterials/Substrate/GLints/dict_16_192_64_0p5_0p02_0004_0009" 6032
"../../../Engine/Content/EngineMaterials/Substrate/GLints/dict_16_192_64_0p5_0p02_0003_0013.uasset" 6033
"../../../Engine/Content/EngineMaterials/Substrate/GLints/dict_16_192_64_0p5_0p02_0003_0009.uasset" 6034
"../../../Engine/Content/EngineMaterials/Substrate/GLints/dict_16_192_64_0p5_0p02_0003_0008.uasset" 6035
"../../../Engine/Content/EngineMaterials/Substrate/GLints/dict_16_192_64_0p5_0p02_0003_0011.uasset" 6036
"/Engine/EngineMaterials/Substrate/GLints/dict_16_192_64_0p5_0p02_0004_0010" 6037
"/Engine/EngineMaterials/Substrate/GLints/dict_16_192_64_0p5_0p02_0004_0006" 6038
"/Engine/EngineMaterials/Substrate/GLints/dict_16_192_64_0p5_0p02_0004_0001" 6039
"/Engine/EngineMaterials/Substrate/GLints/dict_16_192_64_0p5_0p02_0004_0007" 6040
"../../../Engine/Content/EngineMaterials/Substrate/GLints/dict_16_192_64_0p5_0p02_0003_0010.uasset" 6041
"/Engine/EngineMaterials/Substrate/GLints/dict_16_192_64_0p5_0p02_0004_0002" 6042
"/Engine/EngineMaterials/Substrate/GLints/dict_16_192_64_0p5_0p02_0004_0000" 6043
"/Engine/EngineMaterials/Substrate/GLints/dict_16_192_64_0p5_0p02_0003_0007" 6044
"/Engine/EngineMaterials/Substrate/GLints/dict_16_192_64_0p5_0p02_0003_0008" 6045
"/Engine/EngineMaterials/Substrate/GLints/dict_16_192_64_0p5_0p02_0003_0011" 6046
"/Engine/EngineMaterials/Substrate/GLints/dict_16_192_64_0p5_0p02_0003_0010" 6047
"../../../Engine/Content/EngineMaterials/Substrate/GLints/dict_16_192_64_0p5_0p02_0003_0005.uasset" 6048
"/Engine/EngineMaterials/Substrate/GLints/dict_16_192_64_0p5_0p02_0003_0012" 6049
"/Engine/EngineMaterials/Substrate/GLints/dict_16_192_64_0p5_0p02_0003_0013" 6050
"/Engine/EngineMaterials/Substrate/GLints/dict_16_192_64_0p5_0p02_0003_0014" 6051
"/Engine/EngineMaterials/Substrate/GLints/dict_16_192_64_0p5_0p02_0003_0009" 6052
"../../../Engine/Content/EngineMaterials/Substrate/GLints/dict_16_192_64_0p5_0p02_0003_0003.uasset" 6053
"/Engine/EngineMaterials/Substrate/GLints/dict_16_192_64_0p5_0p02_0003_0015" 6054
"/Engine/EngineMaterials/Substrate/GLints/dict_16_192_64_0p5_0p02_0003_0003" 6055
"/Engine/EngineMaterials/Substrate/GLints/dict_16_192_64_0p5_0p02_0003_0005" 6056
"../../../Engine/Content/EngineMaterials/Substrate/GLints/dict_16_192_64_0p5_0p02_0003_0002.uasset" 6057
"../../../Engine/Content/EngineMaterials/Substrate/GLints/dict_16_192_64_0p5_0p02_0002_0012.uasset" 6058
"../../../Engine/Content/EngineMaterials/Substrate/GLints/dict_16_192_64_0p5_0p02_0003_0004.uasset" 6059
"../../../Engine/Content/EngineMaterials/Substrate/GLints/dict_16_192_64_0p5_0p02_0002_0013.uasset" 6060
"../../../Engine/Content/EngineMaterials/Substrate/GLints/dict_16_192_64_0p5_0p02_0002_0014.uasset" 6061
"../../../Engine/Content/EngineMaterials/Substrate/GLints/dict_16_192_64_0p5_0p02_0003_0001.uasset" 6062
"../../../Engine/Content/EngineMaterials/Substrate/GLints/dict_16_192_64_0p5_0p02_0002_0015.uasset" 6063
"../../../Engine/Content/EngineMaterials/Substrate/GLints/dict_16_192_64_0p5_0p02_0003_0000.uasset" 6064
"../../../Engine/Content/EngineMaterials/Substrate/GLints/dict_16_192_64_0p5_0p02_0003_0006.uasset" 6065
"../../../Engine/Content/EngineMaterials/Substrate/GLints/dict_16_192_64_0p5_0p02_0002_0011.uasset" 6066
"/Engine/EngineMaterials/Substrate/GLints/dict_16_192_64_0p5_0p02_0003_0000" 6067
"/Engine/EngineMaterials/Substrate/GLints/dict_16_192_64_0p5_0p02_0003_0001" 6068
"/Engine/EngineMaterials/Substrate/GLints/dict_16_192_64_0p5_0p02_0003_0002" 6069
"../../../Engine/Content/EngineMaterials/Substrate/GLints/dict_16_192_64_0p5_0p02_0002_0010.uasset" 6070
"/Engine/EngineMaterials/Substrate/GLints/dict_16_192_64_0p5_0p02_0002_0011" 6071
"/Engine/EngineMaterials/Substrate/GLints/dict_16_192_64_0p5_0p02_0002_0012" 6072
"/Engine/EngineMaterials/Substrate/GLints/dict_16_192_64_0p5_0p02_0003_0004" 6073
"/Engine/EngineMaterials/Substrate/GLints/dict_16_192_64_0p5_0p02_0003_0006" 6074
"/Engine/EngineMaterials/Substrate/GLints/dict_16_192_64_0p5_0p02_0002_0013" 6075
"/Engine/EngineMaterials/Substrate/GLints/dict_16_192_64_0p5_0p02_0002_0014" 6076
"/Engine/EngineMaterials/Substrate/GLints/dict_16_192_64_0p5_0p02_0002_0015" 6077
"/Engine/EngineMaterials/Substrate/GLints/dict_16_192_64_0p5_0p02_0002_0010" 6078
"../../../Engine/Content/EngineMaterials/Substrate/GLints/dict_16_192_64_0p5_0p02_0002_0008.uasset" 6079
"/Engine/EngineMaterials/Substrate/GLints/dict_16_192_64_0p5_0p02_0002_0008" 6080
"../../../Engine/Content/EngineMaterials/Substrate/GLints/dict_16_192_64_0p5_0p02_0002_0009.uasset" 6081
"../../../Engine/Content/EngineMaterials/Substrate/GLints/dict_16_192_64_0p5_0p02_0002_0006.uasset" 6082
"../../../Engine/Content/EngineMaterials/Substrate/GLints/dict_16_192_64_0p5_0p02_0002_0003.uasset" 6083
"../../../Engine/Content/EngineMaterials/Substrate/GLints/dict_16_192_64_0p5_0p02_0002_0004.uasset" 6084
"../../../Engine/Content/EngineMaterials/Substrate/GLints/dict_16_192_64_0p5_0p02_0002_0005.uasset" 6085
"../../../Engine/Content/EngineMaterials/Substrate/GLints/dict_16_192_64_0p5_0p02_0002_0001.uasset" 6086
"../../../Engine/Content/EngineMaterials/Substrate/GLints/dict_16_192_64_0p5_0p02_0002_0002.uasset" 6087
"../../../Engine/Content/EngineMaterials/Substrate/GLints/dict_16_192_64_0p5_0p02_0002_0007.uasset" 6088
"../../../Engine/Content/EngineMaterials/Substrate/GLints/dict_16_192_64_0p5_0p02_0001_0015.uasset" 6089
"../../../Engine/Content/EngineMaterials/Substrate/GLints/dict_16_192_64_0p5_0p02_0002_0000.uasset" 6090
"../../../Engine/Content/EngineMaterials/Substrate/GLints/dict_16_192_64_0p5_0p02_0001_0014.uasset" 6091
"../../../Engine/Content/EngineMaterials/Substrate/GLints/dict_16_192_64_0p5_0p02_0001_0013.uasset" 6092
"../../../Engine/Content/EngineMaterials/Substrate/GLints/dict_16_192_64_0p5_0p02_0001_0011.uasset" 6093
"../../../Engine/Content/EngineMaterials/Substrate/GLints/dict_16_192_64_0p5_0p02_0001_0007.uasset" 6094
"../../../Engine/Content/EngineMaterials/Substrate/GLints/dict_16_192_64_0p5_0p02_0001_0009.uasset" 6095
"../../../Engine/Content/EngineMaterials/Substrate/GLints/dict_16_192_64_0p5_0p02_0001_0008.uasset" 6096
"../../../Engine/Content/EngineMaterials/Substrate/GLints/dict_16_192_64_0p5_0p02_0001_0012.uasset" 6097
"../../../Engine/Content/EngineMaterials/Substrate/GLints/dict_16_192_64_0p5_0p02_0001_0010.uasset" 6098
"/Engine/EngineMaterials/Substrate/GLints/dict_16_192_64_0p5_0p02_0002_0000" 6099
"../../../Engine/Content/EngineMaterials/Substrate/GLints/dict_16_192_64_0p5_0p02_0001_0005.uasset" 6100
"/Engine/EngineMaterials/Substrate/GLints/dict_16_192_64_0p5_0p02_0002_0001" 6101
"../../../Engine/Content/EngineMaterials/Substrate/GLints/dict_16_192_64_0p5_0p02_0001_0006.uasset" 6102
"/Engine/EngineMaterials/Substrate/GLints/dict_16_192_64_0p5_0p02_0002_0002" 6103
"/Engine/EngineMaterials/Substrate/GLints/dict_16_192_64_0p5_0p02_0002_0003" 6104
"/Engine/EngineMaterials/Substrate/GLints/dict_16_192_64_0p5_0p02_0002_0004" 6105
"/Engine/EngineMaterials/Substrate/GLints/dict_16_192_64_0p5_0p02_0002_0005" 6106
"/Engine/EngineMaterials/Substrate/GLints/dict_16_192_64_0p5_0p02_0002_0006" 6107
"/Engine/EngineMaterials/Substrate/GLints/dict_16_192_64_0p5_0p02_0001_0007" 6108
"/Engine/EngineMaterials/Substrate/GLints/dict_16_192_64_0p5_0p02_0001_0008" 6109
"/Engine/EngineMaterials/Substrate/GLints/dict_16_192_64_0p5_0p02_0001_0009" 6110
"/Engine/EngineMaterials/Substrate/GLints/dict_16_192_64_0p5_0p02_0002_0007" 6111
"/Engine/EngineMaterials/Substrate/GLints/dict_16_192_64_0p5_0p02_0001_0011" 6112
"/Engine/EngineMaterials/Substrate/GLints/dict_16_192_64_0p5_0p02_0002_0009" 6113
"/Engine/EngineMaterials/Substrate/GLints/dict_16_192_64_0p5_0p02_0001_0012" 6114
"/Engine/EngineMaterials/Substrate/GLints/dict_16_192_64_0p5_0p02_0001_0013" 6115
"/Engine/EngineMaterials/Substrate/GLints/dict_16_192_64_0p5_0p02_0001_0014" 6116
"../../../Engine/Content/EngineMaterials/Substrate/GLints/dict_16_192_64_0p5_0p02_0000_0011.uasset" 6117
"/Engine/EngineMaterials/Substrate/GLints/dict_16_192_64_0p5_0p02_0001_0015" 6118
"../../../Engine/Content/EngineMaterials/Substrate/GLints/dict_16_192_64_0p5_0p02_0001_0004.uasset" 6119
"../../../Engine/Content/EngineMaterials/Substrate/GLints/dict_16_192_64_0p5_0p02_0000_0013.uasset" 6120
"/Engine/EngineMaterials/Substrate/GLints/dict_16_192_64_0p5_0p02_0000_0011" 6121
"../../../Engine/Content/EngineMaterials/Substrate/GLints/dict_16_192_64_0p5_0p02_0001_0001.uasset" 6122
"../../../Engine/Content/EngineMaterials/Substrate/GLints/dict_16_192_64_0p5_0p02_0001_0000.uasset" 6123
"/Engine/EngineMaterials/Substrate/GLints/dict_16_192_64_0p5_0p02_0000_0013" 6124
"../../../Engine/Content/EngineMaterials/Substrate/GLints/dict_16_192_64_0p5_0p02_0000_0015.uasset" 6125
"/Engine/EngineMaterials/Substrate/GLints/dict_16_192_64_0p5_0p02_0001_0005" 6126
"/Engine/EngineMaterials/Substrate/GLints/dict_16_192_64_0p5_0p02_0001_0006" 6127
"/Engine/EngineMaterials/Substrate/GLints/dict_16_192_64_0p5_0p02_0001_0010" 6128
"/Engine/EngineMaterials/Substrate/GLints/dict_16_192_64_0p5_0p02_0001_0004" 6129
"../../../Engine/Content/EngineMaterials/Substrate/GLints/dict_16_192_64_0p5_0p02_0000_0010.uasset" 6130
"../../../Engine/Content/EngineMaterials/Substrate/GLints/dict_16_192_64_0p5_0p02_0000_0012.uasset" 6131
"/Engine/EngineMaterials/Substrate/GLints/dict_16_192_64_0p5_0p02_0000_0015" 6132
"../../../Engine/Content/EngineMaterials/Substrate/GLints/dict_16_192_64_0p5_0p02_0001_0002.uasset" 6133
"../../../Engine/Content/EngineMaterials/Substrate/GLints/dict_16_192_64_0p5_0p02_0001_0003.uasset" 6134
"/Engine/EngineMaterials/Substrate/GLints/dict_16_192_64_0p5_0p02_0001_0000" 6135
"/Engine/EngineMaterials/Substrate/GLints/dict_16_192_64_0p5_0p02_0001_0001" 6136
"/Engine/EngineMaterials/Substrate/GLints/dict_16_192_64_0p5_0p02_0000_0010" 6137
"/Engine/EngineMaterials/Substrate/GLints/dict_16_192_64_0p5_0p02_0000_0012" 6138
"/Engine/EngineMaterials/Substrate/GLints/dict_16_192_64_0p5_0p02_0001_0002" 6139
"/Engine/EngineMaterials/Substrate/GLints/dict_16_192_64_0p5_0p02_0001_0003" 6140
"../../../Engine/Content/EngineMaterials/Substrate/GLints/dict_16_192_64_0p5_0p02_0000_0014.uasset" 6141
"../../../Engine/Content/EngineMaterials/Substrate/GLints/dict_16_192_64_0p5_0p02_0000_0007.uasset" 6142
"../../../Engine/Content/EngineMaterials/Substrate/GLints/dict_16_192_64_0p5_0p02_0000_0003.uasset" 6143
"../../../Engine/Content/EngineMaterials/Substrate/GLints/dict_16_192_64_0p5_0p02_0000_0004.uasset" 6144
"../../../Engine/Content/EngineMaterials/Substrate/GLints/dict_16_192_64_0p5_0p02_0000_0009.uasset" 6145
"../../../Engine/Content/EngineMaterials/Substrate/GLints/dict_16_192_64_0p5_0p02_0000_0002.uasset" 6146
"../../../Engine/Content/EngineMaterials/Substrate/GLints/dict_16_192_64_0p5_0p02_0000_0006.uasset" 6147
"../../../Engine/Content/EngineMaterials/Substrate/GLints/dict_16_192_64_0p5_0p02_0000_0005.uasset" 6148
"../../../Engine/Content/EngineMaterials/Substrate/GLints/dict_16_192_64_0p5_0p02_0000_0008.uasset" 6149
"../../../Engine/Content/EngineMaterials/Substrate/GLints/dict_16_192_64_0p5_0p02_0000_0001.uasset" 6150
"/Engine/EngineMaterials/Substrate/GLints/dict_16_192_64_0p5_0p02_0000_0014" 6151
"/Engine/EngineMaterials/Substrate/GLints/dict_16_192_64_0p5_0p02_0000_0001" 6152
"/Engine/EngineMaterials/Substrate/GLints/dict_16_192_64_0p5_0p02_0000_0002" 6153
"/Engine/EngineMaterials/Substrate/GLints/dict_16_192_64_0p5_0p02_0000_0009" 6154
"../../../Engine/Content/EngineMaterials/Substrate/Glints2/dict_0007_0254.uasset" 6155
"/Engine/EngineMaterials/Substrate/GLints/dict_16_192_64_0p5_0p02_0000_0003" 6156
"../../../Engine/Content/EngineMaterials/Substrate/Glints2/dict_0007_0252.uasset" 6157
"../../../Engine/Content/EngineMaterials/Substrate/Glints2/dict_0007_0251.uasset" 6158
"../../../Engine/Content/EngineMaterials/Substrate/GLints/AGlintTex2dArray.uasset" 6159
"../../../Engine/Content/EngineMaterials/Substrate/Glints2/dict_0007_0250.uasset" 6160
"/Engine/EngineMaterials/Substrate/GLints/dict_16_192_64_0p5_0p02_0000_0004" 6161
"../../../Engine/Content/EngineMaterials/Substrate/GLints/dict_16_192_64_0p5_0p02_0000_0000.uasset" 6162
"/Engine/EngineMaterials/Substrate/GLints/dict_16_192_64_0p5_0p02_0000_0005" 6163
"/Engine/EngineMaterials/Substrate/GLints/dict_16_192_64_0p5_0p02_0000_0006" 6164
"../../../Engine/Content/EngineMaterials/Substrate/Glints2/dict_0007_0255.uasset" 6165
"/Engine/EngineMaterials/Substrate/GLints/dict_16_192_64_0p5_0p02_0000_0007" 6166
"../../../Engine/Content/EngineMaterials/Substrate/Glints2/dict_0007_0253.uasset" 6167
"/Engine/EngineMaterials/Substrate/GLints/dict_16_192_64_0p5_0p02_0000_0008" 6168
"/Engine/EngineMaterials/Substrate/Glints2/dict_0007_0250" 6169
"/Engine/EngineMaterials/Substrate/Glints2/dict_0007_0251" 6170
"/Engine/EngineMaterials/Substrate/Glints2/dict_0007_0252" 6171
"/Engine/EngineMaterials/Substrate/Glints2/dict_0007_0253" 6172
"/Engine/EngineMaterials/Substrate/Glints2/dict_0007_0254" 6173
"/Engine/EngineMaterials/Substrate/Glints2/dict_0007_0255" 6174
"/Engine/EngineMaterials/Substrate/GLints/AGlintTex2dArray" 6175
"../../../Engine/Content/EngineMaterials/Substrate/Glints2/dict_0007_0247.uasset" 6176
"../../../Engine/Content/EngineMaterials/Substrate/Glints2/dict_0007_0248.uasset" 6177
"../../../Engine/Content/EngineMaterials/Substrate/Glints2/dict_0007_0246.uasset" 6178
"../../../Engine/Content/EngineMaterials/Substrate/Glints2/dict_0007_0244.uasset" 6179
"../../../Engine/Content/EngineMaterials/Substrate/Glints2/dict_0007_0242.uasset" 6180
"../../../Engine/Content/EngineMaterials/Substrate/Glints2/dict_0007_0243.uasset" 6181
"../../../Engine/Content/EngineMaterials/Substrate/Glints2/dict_0007_0245.uasset" 6182
"../../../Engine/Content/EngineMaterials/Substrate/Glints2/dict_0007_0241.uasset" 6183
"../../../Engine/Content/EngineMaterials/Substrate/Glints2/dict_0007_0238.uasset" 6184
"../../../Engine/Content/EngineMaterials/Substrate/Glints2/dict_0007_0249.uasset" 6185
"../../../Engine/Content/EngineMaterials/Substrate/Glints2/dict_0007_0237.uasset" 6186
"../../../Engine/Content/EngineMaterials/Substrate/Glints2/dict_0007_0236.uasset" 6187
"/Engine/EngineMaterials/Substrate/Glints2/dict_0007_0249" 6188
"../../../Engine/Content/EngineMaterials/Substrate/Glints2/dict_0007_0235.uasset" 6189
"/Engine/EngineMaterials/Substrate/Glints2/dict_0007_0243" 6190
"/Engine/EngineMaterials/Substrate/Glints2/dict_0007_0236" 6191
"/Engine/EngineMaterials/Substrate/Glints2/dict_0007_0244" 6192
"../../../Engine/Content/EngineMaterials/Substrate/Glints2/dict_0007_0234.uasset" 6193
"../../../Engine/Content/EngineMaterials/Substrate/Glints2/dict_0007_0240.uasset" 6194
"../../../Engine/Content/EngineMaterials/Substrate/Glints2/dict_0007_0233.uasset" 6195
"/Engine/EngineMaterials/Substrate/Glints2/dict_0007_0245" 6196
"/Engine/EngineMaterials/Substrate/Glints2/dict_0007_0246" 6197
"/Engine/EngineMaterials/Substrate/Glints2/dict_0007_0241" 6198
"../../../Engine/Content/EngineMaterials/Substrate/Glints2/dict_0007_0229.uasset" 6199
"/Engine/EngineMaterials/Substrate/Glints2/dict_0007_0247" 6200
"/Engine/EngineMaterials/Substrate/Glints2/dict_0007_0237" 6201
"../../../Engine/Content/EngineMaterials/Substrate/Glints2/dict_0007_0230.uasset" 6202
"/Engine/EngineMaterials/Substrate/Glints2/dict_0007_0238" 6203
"/Engine/EngineMaterials/Substrate/Glints2/dict_0007_0248" 6204
"/Engine/EngineMaterials/Substrate/Glints2/dict_0007_0242" 6205
"/Engine/EngineMaterials/Substrate/Glints2/dict_0007_0240" 6206
"/Engine/EngineMaterials/Substrate/Glints2/dict_0007_0229" 6207
"/Engine/EngineMaterials/Substrate/Glints2/dict_0007_0230" 6208
"/Engine/EngineMaterials/Substrate/Glints2/dict_0007_0233" 6209
"/Engine/EngineMaterials/Substrate/Glints2/dict_0007_0234" 6210
"../../../Engine/Content/EngineMaterials/Substrate/Glints2/dict_0007_0226.uasset" 6211
"/Engine/EngineMaterials/Substrate/Glints2/dict_0007_0235" 6212
"../../../Engine/Content/EngineMaterials/Substrate/Glints2/dict_0007_0227.uasset" 6213
"/Engine/EngineMaterials/Substrate/Glints2/dict_0007_0226" 6214
"/Engine/EngineMaterials/Substrate/Glints2/dict_0007_0227" 6215
"../../../Engine/Content/EngineMaterials/Substrate/Glints2/dict_0007_0232.uasset" 6216
"/Engine/EngineMaterials/Substrate/Glints2/dict_0007_0232" 6217
"../../../Engine/Content/EngineMaterials/Substrate/Glints2/dict_0007_0239.uasset" 6218
"../../../Engine/Content/EngineMaterials/Substrate/Glints2/dict_0007_0231.uasset" 6219
"../../../Engine/Content/EngineMaterials/Substrate/Glints2/dict_0007_0222.uasset" 6220
"../../../Engine/Content/EngineMaterials/Substrate/Glints2/dict_0007_0224.uasset" 6221
"../../../Engine/Content/EngineMaterials/Substrate/Glints2/dict_0007_0220.uasset" 6222
"../../../Engine/Content/EngineMaterials/Substrate/Glints2/dict_0007_0221.uasset" 6223
"../../../Engine/Content/EngineMaterials/Substrate/Glints2/dict_0007_0228.uasset" 6224
"../../../Engine/Content/EngineMaterials/Substrate/Glints2/dict_0007_0225.uasset" 6225
"../../../Engine/Content/EngineMaterials/Substrate/Glints2/dict_0007_0223.uasset" 6226
"../../../Engine/Content/EngineMaterials/Substrate/Glints2/dict_0007_0219.uasset" 6227
"../../../Engine/Content/EngineMaterials/Substrate/Glints2/dict_0007_0218.uasset" 6228
"../../../Engine/Content/EngineMaterials/Substrate/Glints2/dict_0007_0217.uasset" 6229
"../../../Engine/Content/EngineMaterials/Substrate/Glints2/dict_0007_0215.uasset" 6230
"../../../Engine/Content/EngineMaterials/Substrate/Glints2/dict_0007_0214.uasset" 6231
"../../../Engine/Content/EngineMaterials/Substrate/Glints2/dict_0007_0216.uasset" 6232
"/Engine/EngineMaterials/Substrate/Glints2/dict_0007_0218" 6233
"../../../Engine/Content/EngineMaterials/Substrate/Glints2/dict_0007_0212.uasset" 6234
"../../../Engine/Content/EngineMaterials/Substrate/Glints2/dict_0007_0210.uasset" 6235
"/Engine/EngineMaterials/Substrate/Glints2/dict_0007_0219" 6236
"/Engine/EngineMaterials/Substrate/Glints2/dict_0007_0220" 6237
"../../../Engine/Content/EngineMaterials/Substrate/Glints2/dict_0007_0213.uasset" 6238
"/Engine/EngineMaterials/Substrate/Glints2/dict_0007_0221" 6239
"/Engine/EngineMaterials/Substrate/Glints2/dict_0007_0222" 6240
"/Engine/EngineMaterials/Substrate/Glints2/dict_0007_0223" 6241
"/Engine/EngineMaterials/Substrate/Glints2/dict_0007_0239" 6242
"../../../Engine/Content/EngineMaterials/Substrate/Glints2/dict_0007_0208.uasset" 6243
"../../../Engine/Content/EngineMaterials/Substrate/Glints2/dict_0007_0207.uasset" 6244
"/Engine/EngineMaterials/Substrate/Glints2/dict_0007_0224" 6245
"/Engine/EngineMaterials/Substrate/Glints2/dict_0007_0225" 6246
"../../../Engine/Content/EngineMaterials/Substrate/Glints2/dict_0007_0209.uasset" 6247
"/Engine/EngineMaterials/Substrate/Glints2/dict_0007_0228" 6248
"/Engine/EngineMaterials/Substrate/Glints2/dict_0007_0231" 6249
"/Engine/EngineMaterials/Substrate/Glints2/dict_0007_0214" 6250
"/Engine/EngineMaterials/Substrate/Glints2/dict_0007_0215" 6251
"/Engine/EngineMaterials/Substrate/Glints2/dict_0007_0216" 6252
"/Engine/EngineMaterials/Substrate/Glints2/dict_0007_0217" 6253
"../../../Engine/Content/EngineMaterials/Substrate/Glints2/dict_0007_0211.uasset" 6254
"../../../Engine/Content/EngineMaterials/Substrate/Glints2/dict_0007_0204.uasset" 6255
"/Engine/EngineMaterials/Substrate/Glints2/dict_0007_0207" 6256
"/Engine/EngineMaterials/Substrate/Glints2/dict_0007_0208" 6257
"/Engine/EngineMaterials/Substrate/Glints2/dict_0007_0209" 6258
"/Engine/EngineMaterials/Substrate/Glints2/dict_0007_0210" 6259
"/Engine/EngineMaterials/Substrate/Glints2/dict_0007_0211" 6260
"/Engine/EngineMaterials/Substrate/Glints2/dict_0007_0212" 6261
"../../../Engine/Content/EngineMaterials/Substrate/Glints2/dict_0007_0206.uasset" 6262
"/Engine/EngineMaterials/Substrate/Glints2/dict_0007_0213" 6263
"../../../Engine/Content/EngineMaterials/Substrate/Glints2/dict_0007_0203.uasset" 6264
"/Engine/EngineMaterials/Substrate/Glints2/dict_0007_0206" 6265
"../../../Engine/Content/EngineMaterials/Substrate/Glints2/dict_0007_0202.uasset" 6266
"/Engine/EngineMaterials/Substrate/Glints2/dict_0007_0203" 6267
"/Engine/EngineMaterials/Substrate/Glints2/dict_0007_0204" 6268
"/Engine/EngineMaterials/Substrate/Glints2/dict_0007_0202" 6269
"../../../Engine/Content/EngineMaterials/Substrate/Glints2/dict_0007_0200.uasset" 6270
"../../../Engine/Content/EngineMaterials/Substrate/Glints2/dict_0007_0197.uasset" 6271
"../../../Engine/Content/EngineMaterials/Substrate/Glints2/dict_0007_0205.uasset" 6272
"../../../Engine/Content/EngineMaterials/Substrate/Glints2/dict_0007_0195.uasset" 6273
"../../../Engine/Content/EngineMaterials/Substrate/Glints2/dict_0007_0196.uasset" 6274
"/Engine/EngineMaterials/Substrate/Glints2/dict_0007_0200" 6275
"/Engine/EngineMaterials/Substrate/Glints2/dict_0007_0197" 6276
"../../../Engine/Content/EngineMaterials/Substrate/Glints2/dict_0007_0192.uasset" 6277
"/Engine/EngineMaterials/Substrate/Glints2/dict_0007_0205" 6278
"/Engine/EngineMaterials/Substrate/Glints2/dict_0007_0192" 6279
"/Engine/EngineMaterials/Substrate/Glints2/dict_0007_0195" 6280
"../../../Engine/Content/EngineMaterials/Substrate/Glints2/dict_0007_0194.uasset" 6281
"../../../Engine/Content/EngineMaterials/Substrate/Glints2/dict_0007_0193.uasset" 6282
"/Engine/EngineMaterials/Substrate/Glints2/dict_0007_0196" 6283
"/Engine/EngineMaterials/Substrate/Glints2/dict_0007_0193" 6284
"/Engine/EngineMaterials/Substrate/Glints2/dict_0007_0194" 6285
"../../../Engine/Content/EngineMaterials/Substrate/Glints2/dict_0007_0201.uasset" 6286
"../../../Engine/Content/EngineMaterials/Substrate/Glints2/dict_0007_0191.uasset" 6287
"../../../Engine/Content/EngineMaterials/Substrate/Glints2/dict_0007_0190.uasset" 6288
"../../../Engine/Content/EngineMaterials/Substrate/Glints2/dict_0007_0199.uasset" 6289
"../../../Engine/Content/EngineMaterials/Substrate/Glints2/dict_0007_0198.uasset" 6290
"../../../Engine/Content/EngineMaterials/Substrate/Glints2/dict_0007_0187.uasset" 6291
"../../../Engine/Content/EngineMaterials/Substrate/Glints2/dict_0007_0188.uasset" 6292
"../../../Engine/Content/EngineMaterials/Substrate/Glints2/dict_0007_0186.uasset" 6293
"../../../Engine/Content/EngineMaterials/Substrate/Glints2/dict_0007_0184.uasset" 6294
"../../../Engine/Content/EngineMaterials/Substrate/Glints2/dict_0007_0182.uasset" 6295
"/Engine/EngineMaterials/Substrate/Glints2/dict_0007_0182" 6296
"/Engine/EngineMaterials/Substrate/Glints2/dict_0007_0184" 6297
"../../../Engine/Content/EngineMaterials/Substrate/Glints2/dict_0007_0178.uasset" 6298
"../../../Engine/Content/EngineMaterials/Substrate/Glints2/dict_0007_0185.uasset" 6299
"../../../Engine/Content/EngineMaterials/Substrate/Glints2/dict_0007_0177.uasset" 6300
"/Engine/EngineMaterials/Substrate/Glints2/dict_0007_0186" 6301
"../../../Engine/Content/EngineMaterials/Substrate/Glints2/dict_0007_0179.uasset" 6302
"../../../Engine/Content/EngineMaterials/Substrate/Glints2/dict_0007_0176.uasset" 6303
"/Engine/EngineMaterials/Substrate/Glints2/dict_0007_0187" 6304
"../../../Engine/Content/EngineMaterials/Substrate/Glints2/dict_0007_0175.uasset" 6305
"../../../Engine/Content/EngineMaterials/Substrate/Glints2/dict_0007_0173.uasset" 6306
"/Engine/EngineMaterials/Substrate/Glints2/dict_0007_0199" 6307
"/Engine/EngineMaterials/Substrate/Glints2/dict_0007_0188" 6308
"/Engine/EngineMaterials/Substrate/Glints2/dict_0007_0190" 6309
"/Engine/EngineMaterials/Substrate/Glints2/dict_0007_0198" 6310
"/Engine/EngineMaterials/Substrate/Glints2/dict_0007_0191" 6311
"/Engine/EngineMaterials/Substrate/Glints2/dict_0007_0201" 6312
"/Engine/EngineMaterials/Substrate/Glints2/dict_0007_0175" 6313
"../../../Engine/Content/EngineMaterials/Substrate/Glints2/dict_0007_0174.uasset" 6314
"/Engine/EngineMaterials/Substrate/Glints2/dict_0007_0176" 6315
"/Engine/EngineMaterials/Substrate/Glints2/dict_0007_0177" 6316
"/Engine/EngineMaterials/Substrate/Glints2/dict_0007_0185" 6317
"../../../Engine/Content/EngineMaterials/Substrate/Glints2/dict_0007_0172.uasset" 6318
"/Engine/EngineMaterials/Substrate/Glints2/dict_0007_0178" 6319
"/Engine/EngineMaterials/Substrate/Glints2/dict_0007_0179" 6320
"/Engine/EngineMaterials/Substrate/Glints2/dict_0007_0173" 6321
"/Engine/EngineMaterials/Substrate/Glints2/dict_0007_0172" 6322
"/Engine/EngineMaterials/Substrate/Glints2/dict_0007_0174" 6323
"../../../Engine/Content/EngineMaterials/Substrate/Glints2/dict_0007_0171.uasset" 6324
"../../../Engine/Content/EngineMaterials/Substrate/Glints2/dict_0007_0183.uasset" 6325
"../../../Engine/Content/EngineMaterials/Substrate/Glints2/dict_0007_0168.uasset" 6326
"../../../Engine/Content/EngineMaterials/Substrate/Glints2/dict_0007_0167.uasset" 6327
"../../../Engine/Content/EngineMaterials/Substrate/Glints2/dict_0007_0180.uasset" 6328
"../../../Engine/Content/EngineMaterials/Substrate/Glints2/dict_0007_0170.uasset" 6329
"../../../Engine/Content/EngineMaterials/Substrate/Glints2/dict_0007_0169.uasset" 6330
"../../../Engine/Content/EngineMaterials/Substrate/Glints2/dict_0007_0181.uasset" 6331
"../../../Engine/Content/EngineMaterials/Substrate/Glints2/dict_0007_0166.uasset" 6332
"/Engine/EngineMaterials/Substrate/Glints2/dict_0007_0183" 6333
"/Engine/EngineMaterials/Substrate/Glints2/dict_0007_0168" 6334
"../../../Engine/Content/EngineMaterials/Substrate/Glints2/dict_0007_0189.uasset" 6335
"/Engine/EngineMaterials/Substrate/Glints2/dict_0007_0180" 6336
"/Engine/EngineMaterials/Substrate/Glints2/dict_0007_0181" 6337
"/Engine/EngineMaterials/Substrate/Glints2/dict_0007_0171" 6338
"/Engine/EngineMaterials/Substrate/Glints2/dict_0007_0169" 6339
"/Engine/EngineMaterials/Substrate/Glints2/dict_0007_0166" 6340
"../../../Engine/Content/EngineMaterials/Substrate/Glints2/dict_0007_0161.uasset" 6341
"../../../Engine/Content/EngineMaterials/Substrate/Glints2/dict_0007_0162.uasset" 6342
"/Engine/EngineMaterials/Substrate/Glints2/dict_0007_0170" 6343
"/Engine/EngineMaterials/Substrate/Glints2/dict_0007_0167" 6344
"/Engine/EngineMaterials/Substrate/Glints2/dict_0007_0189" 6345
"../../../Engine/Content/EngineMaterials/Substrate/Glints2/dict_0007_0158.uasset" 6346
"../../../Engine/Content/EngineMaterials/Substrate/Glints2/dict_0007_0159.uasset" 6347
"../../../Engine/Content/EngineMaterials/Substrate/Glints2/dict_0007_0157.uasset" 6348
"/Engine/EngineMaterials/Substrate/Glints2/dict_0007_0161" 6349
"../../../Engine/Content/EngineMaterials/Substrate/Glints2/dict_0007_0160.uasset" 6350
"../../../Engine/Content/EngineMaterials/Substrate/Glints2/dict_0007_0165.uasset" 6351
"/Engine/EngineMaterials/Substrate/Glints2/dict_0007_0162" 6352
"/Engine/EngineMaterials/Substrate/Glints2/dict_0007_0157" 6353
"/Engine/EngineMaterials/Substrate/Glints2/dict_0007_0158" 6354
"/Engine/EngineMaterials/Substrate/Glints2/dict_0007_0159" 6355
"/Engine/EngineMaterials/Substrate/Glints2/dict_0007_0160" 6356
"/Engine/EngineMaterials/Substrate/Glints2/dict_0007_0165" 6357
"../../../Engine/Content/EngineMaterials/Substrate/Glints2/dict_0007_0164.uasset" 6358
"../../../Engine/Content/EngineMaterials/Substrate/Glints2/dict_0007_0154.uasset" 6359
"../../../Engine/Content/EngineMaterials/Substrate/Glints2/dict_0007_0151.uasset" 6360
"../../../Engine/Content/EngineMaterials/Substrate/Glints2/dict_0007_0150.uasset" 6361
"../../../Engine/Content/EngineMaterials/Substrate/Glints2/dict_0007_0155.uasset" 6362
"../../../Engine/Content/EngineMaterials/Substrate/Glints2/dict_0007_0163.uasset" 6363
"../../../Engine/Content/EngineMaterials/Substrate/Glints2/dict_0007_0148.uasset" 6364
"../../../Engine/Content/EngineMaterials/Substrate/Glints2/dict_0007_0152.uasset" 6365
"../../../Engine/Content/EngineMaterials/Substrate/Glints2/dict_0007_0156.uasset" 6366
"../../../Engine/Content/EngineMaterials/Substrate/Glints2/dict_0007_0147.uasset" 6367
"../../../Engine/Content/EngineMaterials/Substrate/Glints2/dict_0007_0146.uasset" 6368
"../../../Engine/Content/EngineMaterials/Substrate/Glints2/dict_0007_0144.uasset" 6369
"/Engine/EngineMaterials/Substrate/Glints2/dict_0007_0146" 6370
"/Engine/EngineMaterials/Substrate/Glints2/dict_0007_0147" 6371
"../../../Engine/Content/EngineMaterials/Substrate/Glints2/dict_0007_0145.uasset" 6372
"/Engine/EngineMaterials/Substrate/Glints2/dict_0007_0148" 6373
"/Engine/EngineMaterials/Substrate/Glints2/dict_0007_0154" 6374
"/Engine/EngineMaterials/Substrate/Glints2/dict_0007_0155" 6375
"../../../Engine/Content/EngineMaterials/Substrate/Glints2/dict_0007_0149.uasset" 6376
"/Engine/EngineMaterials/Substrate/Glints2/dict_0007_0156" 6377
"../../../Engine/Content/EngineMaterials/Substrate/Glints2/dict_0007_0153.uasset" 6378
"/Engine/EngineMaterials/Substrate/Glints2/dict_0007_0150" 6379
"/Engine/EngineMaterials/Substrate/Glints2/dict_0007_0151" 6380
"/Engine/EngineMaterials/Substrate/Glints2/dict_0007_0152" 6381
"/Engine/EngineMaterials/Substrate/Glints2/dict_0007_0163" 6382
"/Engine/EngineMaterials/Substrate/Glints2/dict_0007_0164" 6383
"/Engine/EngineMaterials/Substrate/Glints2/dict_0007_0144" 6384
"/Engine/EngineMaterials/Substrate/Glints2/dict_0007_0153" 6385
"/Engine/EngineMaterials/Substrate/Glints2/dict_0007_0149" 6386
"/Engine/EngineMaterials/Substrate/Glints2/dict_0007_0145" 6387
"../../../Engine/Content/EngineMaterials/Substrate/Glints2/dict_0007_0139.uasset" 6388
"../../../Engine/Content/EngineMaterials/Substrate/Glints2/dict_0007_0138.uasset" 6389
"../../../Engine/Content/EngineMaterials/Substrate/Glints2/dict_0007_0143.uasset" 6390
"../../../Engine/Content/EngineMaterials/Substrate/Glints2/dict_0007_0137.uasset" 6391
"../../../Engine/Content/EngineMaterials/Substrate/Glints2/dict_0007_0135.uasset" 6392
"../../../Engine/Content/EngineMaterials/Substrate/Glints2/dict_0007_0142.uasset" 6393
"../../../Engine/Content/EngineMaterials/Substrate/Glints2/dict_0007_0141.uasset" 6394
"../../../Engine/Content/EngineMaterials/Substrate/Glints2/dict_0007_0133.uasset" 6395
"../../../Engine/Content/EngineMaterials/Substrate/Glints2/dict_0007_0140.uasset" 6396
"../../../Engine/Content/EngineMaterials/Substrate/Glints2/dict_0007_0134.uasset" 6397
"../../../Engine/Content/EngineMaterials/Substrate/Glints2/dict_0007_0136.uasset" 6398
"../../../Engine/Content/EngineMaterials/Substrate/Glints2/dict_0007_0132.uasset" 6399
"../../../Engine/Content/EngineMaterials/Substrate/Glints2/dict_0007_0131.uasset" 6400
"../../../Engine/Content/EngineMaterials/Substrate/Glints2/dict_0007_0127.uasset" 6401
"../../../Engine/Content/EngineMaterials/Substrate/Glints2/dict_0007_0128.uasset" 6402
"../../../Engine/Content/EngineMaterials/Substrate/Glints2/dict_0007_0130.uasset" 6403
"/Engine/EngineMaterials/Substrate/Glints2/dict_0007_0135" 6404
"/Engine/EngineMaterials/Substrate/Glints2/dict_0007_0127" 6405
"../../../Engine/Content/EngineMaterials/Substrate/Glints2/dict_0007_0124.uasset" 6406
"../../../Engine/Content/EngineMaterials/Substrate/Glints2/dict_0007_0129.uasset" 6407
"../../../Engine/Content/EngineMaterials/Substrate/Glints2/dict_0007_0125.uasset" 6408
"/Engine/EngineMaterials/Substrate/Glints2/dict_0007_0128" 6409
"/Engine/EngineMaterials/Substrate/Glints2/dict_0007_0136" 6410
"/Engine/EngineMaterials/Substrate/Glints2/dict_0007_0137" 6411
"../../../Engine/Content/EngineMaterials/Substrate/Glints2/dict_0007_0122.uasset" 6412
"../../../Engine/Content/EngineMaterials/Substrate/Glints2/dict_0007_0126.uasset" 6413
"/Engine/EngineMaterials/Substrate/Glints2/dict_0007_0132" 6414
"/Engine/EngineMaterials/Substrate/Glints2/dict_0007_0130" 6415
"/Engine/EngineMaterials/Substrate/Glints2/dict_0007_0138" 6416
"/Engine/EngineMaterials/Substrate/Glints2/dict_0007_0133" 6417
"../../../Engine/Content/EngineMaterials/Substrate/Glints2/dict_0007_0123.uasset" 6418
"/Engine/EngineMaterials/Substrate/Glints2/dict_0007_0134" 6419
"/Engine/EngineMaterials/Substrate/Glints2/dict_0007_0139" 6420
"/Engine/EngineMaterials/Substrate/Glints2/dict_0007_0131" 6421
"../../../Engine/Content/EngineMaterials/Substrate/Glints2/dict_0007_0121.uasset" 6422
"/Engine/EngineMaterials/Substrate/Glints2/dict_0007_0140" 6423
"/Engine/EngineMaterials/Substrate/Glints2/dict_0007_0141" 6424
"/Engine/EngineMaterials/Substrate/Glints2/dict_0007_0142" 6425
"/Engine/EngineMaterials/Substrate/Glints2/dict_0007_0143" 6426
"/Engine/EngineMaterials/Substrate/Glints2/dict_0007_0121" 6427
"/Engine/EngineMaterials/Substrate/Glints2/dict_0007_0122" 6428
"/Engine/EngineMaterials/Substrate/Glints2/dict_0007_0123" 6429
"/Engine/EngineMaterials/Substrate/Glints2/dict_0007_0129" 6430
"/Engine/EngineMaterials/Substrate/Glints2/dict_0007_0124" 6431
"../../../Engine/Content/EngineMaterials/Substrate/Glints2/dict_0007_0118.uasset" 6432
"../../../Engine/Content/EngineMaterials/Substrate/Glints2/dict_0007_0117.uasset" 6433
"/Engine/EngineMaterials/Substrate/Glints2/dict_0007_0125" 6434
"/Engine/EngineMaterials/Substrate/Glints2/dict_0007_0126" 6435
"../../../Engine/Content/EngineMaterials/Substrate/Glints2/dict_0007_0116.uasset" 6436
"/Engine/EngineMaterials/Substrate/Glints2/dict_0007_0117" 6437
"/Engine/EngineMaterials/Substrate/Glints2/dict_0007_0118" 6438
"/Engine/EngineMaterials/Substrate/Glints2/dict_0007_0116" 6439
"../../../Engine/Content/EngineMaterials/Substrate/Glints2/dict_0007_0115.uasset" 6440
"/Engine/EngineMaterials/Substrate/Glints2/dict_0007_0115" 6441
"../../../Engine/Content/EngineMaterials/Substrate/Glints2/dict_0007_0120.uasset" 6442
"../../../Engine/Content/EngineMaterials/Substrate/Glints2/dict_0007_0119.uasset" 6443
"../../../Engine/Content/EngineMaterials/Substrate/Glints2/dict_0007_0114.uasset" 6444
"../../../Engine/Content/EngineMaterials/Substrate/Glints2/dict_0007_0112.uasset" 6445
"../../../Engine/Content/EngineMaterials/Substrate/Glints2/dict_0007_0113.uasset" 6446
"/Engine/EngineMaterials/Substrate/Glints2/dict_0007_0112" 6447
"../../../Engine/Content/EngineMaterials/Substrate/Glints2/dict_0007_0111.uasset" 6448
"../../../Engine/Content/EngineMaterials/Substrate/Glints2/dict_0007_0110.uasset" 6449
"../../../Engine/Content/EngineMaterials/Substrate/Glints2/dict_0007_0109.uasset" 6450
"/Engine/EngineMaterials/Substrate/Glints2/dict_0007_0113" 6451
"/Engine/EngineMaterials/Substrate/Glints2/dict_0007_0119" 6452
"/Engine/EngineMaterials/Substrate/Glints2/dict_0007_0114" 6453
"/Engine/EngineMaterials/Substrate/Glints2/dict_0007_0120" 6454
"/Engine/EngineMaterials/Substrate/Glints2/dict_0007_0109" 6455
"/Engine/EngineMaterials/Substrate/Glints2/dict_0007_0110" 6456
"/Engine/EngineMaterials/Substrate/Glints2/dict_0007_0111" 6457
"../../../Engine/Content/EngineMaterials/Substrate/Glints2/dict_0007_0108.uasset" 6458
"../../../Engine/Content/EngineMaterials/Substrate/Glints2/dict_0007_0106.uasset" 6459
"../../../Engine/Content/EngineMaterials/Substrate/Glints2/dict_0007_0102.uasset" 6460
"../../../Engine/Content/EngineMaterials/Substrate/Glints2/dict_0007_0100.uasset" 6461
"../../../Engine/Content/EngineMaterials/Substrate/Glints2/dict_0007_0107.uasset" 6462
"../../../Engine/Content/EngineMaterials/Substrate/Glints2/dict_0007_0099.uasset" 6463
"../../../Engine/Content/EngineMaterials/Substrate/Glints2/dict_0007_0104.uasset" 6464
"../../../Engine/Content/EngineMaterials/Substrate/Glints2/dict_0007_0105.uasset" 6465
"../../../Engine/Content/EngineMaterials/Substrate/Glints2/dict_0007_0103.uasset" 6466
"../../../Engine/Content/EngineMaterials/Substrate/Glints2/dict_0007_0101.uasset" 6467
"../../../Engine/Content/EngineMaterials/Substrate/Glints2/dict_0007_0097.uasset" 6468
"../../../Engine/Content/EngineMaterials/Substrate/Glints2/dict_0007_0098.uasset" 6469
"/Engine/EngineMaterials/Substrate/Glints2/dict_0007_0097" 6470
"/Engine/EngineMaterials/Substrate/Glints2/dict_0007_0098" 6471
"../../../Engine/Content/EngineMaterials/Substrate/Glints2/dict_0007_0095.uasset" 6472
"../../../Engine/Content/EngineMaterials/Substrate/Glints2/dict_0007_0093.uasset" 6473
"/Engine/EngineMaterials/Substrate/Glints2/dict_0007_0099" 6474
"/Engine/EngineMaterials/Substrate/Glints2/dict_0007_0100" 6475
"../../../Engine/Content/EngineMaterials/Substrate/Glints2/dict_0007_0092.uasset" 6476
"/Engine/EngineMaterials/Substrate/Glints2/dict_0007_0101" 6477
"../../../Engine/Content/EngineMaterials/Substrate/Glints2/dict_0007_0096.uasset" 6478
"../../../Engine/Content/EngineMaterials/Substrate/Glints2/dict_0007_0094.uasset" 6479
"/Engine/EngineMaterials/Substrate/Glints2/dict_0007_0102" 6480
"../../../Engine/Content/EngineMaterials/Substrate/Glints2/dict_0007_0090.uasset" 6481
"/Engine/EngineMaterials/Substrate/Glints2/dict_0007_0103" 6482
"/Engine/EngineMaterials/Substrate/Glints2/dict_0007_0104" 6483
"/Engine/EngineMaterials/Substrate/Glints2/dict_0007_0105" 6484
"/Engine/EngineMaterials/Substrate/Glints2/dict_0007_0106" 6485
"/Engine/EngineMaterials/Substrate/Glints2/dict_0007_0107" 6486
"/Engine/EngineMaterials/Substrate/Glints2/dict_0007_0108" 6487
"/Engine/EngineMaterials/Substrate/Glints2/dict_0007_0096" 6488
"/Engine/EngineMaterials/Substrate/Glints2/dict_0007_0090" 6489
"/Engine/EngineMaterials/Substrate/Glints2/dict_0007_0092" 6490
"/Engine/EngineMaterials/Substrate/Glints2/dict_0007_0093" 6491
"../../../Engine/Content/EngineMaterials/Substrate/Glints2/dict_0007_0091.uasset" 6492
"/Engine/EngineMaterials/Substrate/Glints2/dict_0007_0094" 6493
"/Engine/EngineMaterials/Substrate/Glints2/dict_0007_0095" 6494
"/Engine/EngineMaterials/Substrate/Glints2/dict_0007_0091" 6495
"../../../Engine/Content/EngineMaterials/Substrate/Glints2/dict_0007_0089.uasset" 6496
"../../../Engine/Content/EngineMaterials/Substrate/Glints2/dict_0007_0088.uasset" 6497
"../../../Engine/Content/EngineMaterials/Substrate/Glints2/dict_0007_0081.uasset" 6498
"../../../Engine/Content/EngineMaterials/Substrate/Glints2/dict_0007_0082.uasset" 6499
"../../../Engine/Content/EngineMaterials/Substrate/Glints2/dict_0007_0083.uasset" 6500
"../../../Engine/Content/EngineMaterials/Substrate/Glints2/dict_0007_0087.uasset" 6501
"../../../Engine/Content/EngineMaterials/Substrate/Glints2/dict_0007_0085.uasset" 6502
"../../../Engine/Content/EngineMaterials/Substrate/Glints2/dict_0007_0084.uasset" 6503
"../../../Engine/Content/EngineMaterials/Substrate/Glints2/dict_0007_0079.uasset" 6504
"../../../Engine/Content/EngineMaterials/Substrate/Glints2/dict_0007_0080.uasset" 6505
"../../../Engine/Content/EngineMaterials/Substrate/Glints2/dict_0007_0086.uasset" 6506
"/Engine/EngineMaterials/Substrate/Glints2/dict_0007_0080" 6507
"../../../Engine/Content/EngineMaterials/Substrate/Glints2/dict_0007_0078.uasset" 6508
"/Engine/EngineMaterials/Substrate/Glints2/dict_0007_0081" 6509
"/Engine/EngineMaterials/Substrate/Glints2/dict_0007_0086" 6510
"/Engine/EngineMaterials/Substrate/Glints2/dict_0007_0087" 6511
"/Engine/EngineMaterials/Substrate/Glints2/dict_0007_0088" 6512
"/Engine/EngineMaterials/Substrate/Glints2/dict_0007_0082" 6513
"/Engine/EngineMaterials/Substrate/Glints2/dict_0007_0083" 6514
"/Engine/EngineMaterials/Substrate/Glints2/dict_0007_0084" 6515
"/Engine/EngineMaterials/Substrate/Glints2/dict_0007_0089" 6516
"/Engine/EngineMaterials/Substrate/Glints2/dict_0007_0085" 6517
"../../../Engine/Content/EngineMaterials/Substrate/Glints2/dict_0007_0074.uasset" 6518
"/Engine/EngineMaterials/Substrate/Glints2/dict_0007_0079" 6519
"/Engine/EngineMaterials/Substrate/Glints2/dict_0007_0074" 6520
"../../../Engine/Content/EngineMaterials/Substrate/Glints2/dict_0007_0077.uasset" 6521
"/Engine/EngineMaterials/Substrate/Glints2/dict_0007_0078" 6522
"/Engine/EngineMaterials/Substrate/Glints2/dict_0007_0077" 6523
"../../../Engine/Content/EngineMaterials/Substrate/Glints2/dict_0007_0075.uasset" 6524
"../../../Engine/Content/EngineMaterials/Substrate/Glints2/dict_0007_0076.uasset" 6525
"../../../Engine/Content/EngineMaterials/Substrate/Glints2/dict_0007_0073.uasset" 6526
"../../../Engine/Content/EngineMaterials/Substrate/Glints2/dict_0007_0070.uasset" 6527
"../../../Engine/Content/EngineMaterials/Substrate/Glints2/dict_0007_0069.uasset" 6528
"../../../Engine/Content/EngineMaterials/Substrate/Glints2/dict_0007_0068.uasset" 6529
"../../../Engine/Content/EngineMaterials/Substrate/Glints2/dict_0007_0071.uasset" 6530
"../../../Engine/Content/EngineMaterials/Substrate/Glints2/dict_0007_0072.uasset" 6531
"../../../Engine/Content/EngineMaterials/Substrate/Glints2/dict_0007_0066.uasset" 6532
"../../../Engine/Content/EngineMaterials/Substrate/Glints2/dict_0007_0067.uasset" 6533
"/Engine/EngineMaterials/Substrate/Glints2/dict_0007_0066" 6534
"/Engine/EngineMaterials/Substrate/Glints2/dict_0007_0067" 6535
"/Engine/EngineMaterials/Substrate/Glints2/dict_0007_0068" 6536
"../../../Engine/Content/EngineMaterials/Substrate/Glints2/dict_0007_0065.uasset" 6537
"/Engine/EngineMaterials/Substrate/Glints2/dict_0007_0069" 6538
"/Engine/EngineMaterials/Substrate/Glints2/dict_0007_0070" 6539
"../../../Engine/Content/EngineMaterials/Substrate/Glints2/dict_0007_0062.uasset" 6540
"../../../Engine/Content/EngineMaterials/Substrate/Glints2/dict_0007_0061.uasset" 6541
"../../../Engine/Content/EngineMaterials/Substrate/Glints2/dict_0007_0059.uasset" 6542
"../../../Engine/Content/EngineMaterials/Substrate/Glints2/dict_0007_0060.uasset" 6543
"/Engine/EngineMaterials/Substrate/Glints2/dict_0007_0071" 6544
"/Engine/EngineMaterials/Substrate/Glints2/dict_0007_0072" 6545
"/Engine/EngineMaterials/Substrate/Glints2/dict_0007_0073" 6546
"/Engine/EngineMaterials/Substrate/Glints2/dict_0007_0075" 6547
"../../../Engine/Content/EngineMaterials/Substrate/Glints2/dict_0007_0064.uasset" 6548
"/Engine/EngineMaterials/Substrate/Glints2/dict_0007_0076" 6549
"/Engine/EngineMaterials/Substrate/Glints2/dict_0007_0059" 6550
"/Engine/EngineMaterials/Substrate/Glints2/dict_0007_0065" 6551
"/Engine/EngineMaterials/Substrate/Glints2/dict_0007_0060" 6552
"../../../Engine/Content/EngineMaterials/Substrate/Glints2/dict_0007_0063.uasset" 6553
"/Engine/EngineMaterials/Substrate/Glints2/dict_0007_0061" 6554
"/Engine/EngineMaterials/Substrate/Glints2/dict_0007_0062" 6555
"/Engine/EngineMaterials/Substrate/Glints2/dict_0007_0064" 6556
"../../../Engine/Content/EngineMaterials/Substrate/Glints2/dict_0007_0058.uasset" 6557
"../../../Engine/Content/EngineMaterials/Substrate/Glints2/dict_0007_0057.uasset" 6558
"/Engine/EngineMaterials/Substrate/Glints2/dict_0007_0058" 6559
"/Engine/EngineMaterials/Substrate/Glints2/dict_0007_0063" 6560
"/Engine/EngineMaterials/Substrate/Glints2/dict_0007_0057" 6561
"../../../Engine/Content/EngineMaterials/Substrate/Glints2/dict_0007_0052.uasset" 6562
"../../../Engine/Content/EngineMaterials/Substrate/Glints2/dict_0007_0054.uasset" 6563
"../../../Engine/Content/EngineMaterials/Substrate/Glints2/dict_0007_0056.uasset" 6564
"../../../Engine/Content/EngineMaterials/Substrate/Glints2/dict_0007_0053.uasset" 6565
"../../../Engine/Content/EngineMaterials/Substrate/Glints2/dict_0007_0055.uasset" 6566
"../../../Engine/Content/EngineMaterials/Substrate/Glints2/dict_0007_0051.uasset" 6567
"../../../Engine/Content/EngineMaterials/Substrate/Glints2/dict_0007_0047.uasset" 6568
"../../../Engine/Content/EngineMaterials/Substrate/Glints2/dict_0007_0050.uasset" 6569
"../../../Engine/Content/EngineMaterials/Substrate/Glints2/dict_0007_0049.uasset" 6570
"../../../Engine/Content/EngineMaterials/Substrate/Glints2/dict_0007_0048.uasset" 6571
"/Engine/EngineMaterials/Substrate/Glints2/dict_0007_0047" 6572
"/Engine/EngineMaterials/Substrate/Glints2/dict_0007_0048" 6573
"/Engine/EngineMaterials/Substrate/Glints2/dict_0007_0049" 6574
"/Engine/EngineMaterials/Substrate/Glints2/dict_0007_0050" 6575
"/Engine/EngineMaterials/Substrate/Glints2/dict_0007_0051" 6576
"/Engine/EngineMaterials/Substrate/Glints2/dict_0007_0052" 6577
"/Engine/EngineMaterials/Substrate/Glints2/dict_0007_0053" 6578
"/Engine/EngineMaterials/Substrate/Glints2/dict_0007_0054" 6579
"/Engine/EngineMaterials/Substrate/Glints2/dict_0007_0055" 6580
"/Engine/EngineMaterials/Substrate/Glints2/dict_0007_0056" 6581
"../../../Engine/Content/EngineMaterials/Substrate/Glints2/dict_0007_0043.uasset" 6582
"../../../Engine/Content/EngineMaterials/Substrate/Glints2/dict_0007_0046.uasset" 6583
"../../../Engine/Content/EngineMaterials/Substrate/Glints2/dict_0007_0044.uasset" 6584
"../../../Engine/Content/EngineMaterials/Substrate/Glints2/dict_0007_0042.uasset" 6585
"../../../Engine/Content/EngineMaterials/Substrate/Glints2/dict_0007_0038.uasset" 6586
"../../../Engine/Content/EngineMaterials/Substrate/Glints2/dict_0007_0039.uasset" 6587
"../../../Engine/Content/EngineMaterials/Substrate/Glints2/dict_0007_0045.uasset" 6588
"../../../Engine/Content/EngineMaterials/Substrate/Glints2/dict_0007_0041.uasset" 6589
"../../../Engine/Content/EngineMaterials/Substrate/Glints2/dict_0007_0036.uasset" 6590
"../../../Engine/Content/EngineMaterials/Substrate/Glints2/dict_0007_0040.uasset" 6591
"../../../Engine/Content/EngineMaterials/Substrate/Glints2/dict_0007_0037.uasset" 6592
"../../../Engine/Content/EngineMaterials/Substrate/Glints2/dict_0007_0035.uasset" 6593
"../../../Engine/Content/EngineMaterials/Substrate/Glints2/dict_0007_0030.uasset" 6594
"../../../Engine/Content/EngineMaterials/Substrate/Glints2/dict_0007_0033.uasset" 6595
"/Engine/EngineMaterials/Substrate/Glints2/dict_0007_0030" 6596
"../../../Engine/Content/EngineMaterials/Substrate/Glints2/dict_0007_0034.uasset" 6597
"../../../Engine/Content/EngineMaterials/Substrate/Glints2/dict_0007_0028.uasset" 6598
"/Engine/EngineMaterials/Substrate/Glints2/dict_0007_0035" 6599
"/Engine/EngineMaterials/Substrate/Glints2/dict_0007_0036" 6600
"../../../Engine/Content/EngineMaterials/Substrate/Glints2/dict_0007_0031.uasset" 6601
"/Engine/EngineMaterials/Substrate/Glints2/dict_0007_0037" 6602
"/Engine/EngineMaterials/Substrate/Glints2/dict_0007_0038" 6603
"/Engine/EngineMaterials/Substrate/Glints2/dict_0007_0039" 6604
"/Engine/EngineMaterials/Substrate/Glints2/dict_0007_0040" 6605
"/Engine/EngineMaterials/Substrate/Glints2/dict_0007_0041" 6606
"../../../Engine/Content/EngineMaterials/Substrate/Glints2/dict_0007_0027.uasset" 6607
"/Engine/EngineMaterials/Substrate/Glints2/dict_0007_0045" 6608
"/Engine/EngineMaterials/Substrate/Glints2/dict_0007_0042" 6609
"/Engine/EngineMaterials/Substrate/Glints2/dict_0007_0043" 6610
"/Engine/EngineMaterials/Substrate/Glints2/dict_0007_0033" 6611
"/Engine/EngineMaterials/Substrate/Glints2/dict_0007_0044" 6612
"/Engine/EngineMaterials/Substrate/Glints2/dict_0007_0046" 6613
"../../../Engine/Content/EngineMaterials/Substrate/Glints2/dict_0007_0032.uasset" 6614
"/Engine/EngineMaterials/Substrate/Glints2/dict_0007_0028" 6615
"/Engine/EngineMaterials/Substrate/Glints2/dict_0007_0034" 6616
"../../../Engine/Content/EngineMaterials/Substrate/Glints2/dict_0007_0029.uasset" 6617
"../../../Engine/Content/EngineMaterials/Substrate/Glints2/dict_0007_0026.uasset" 6618
"/Engine/EngineMaterials/Substrate/Glints2/dict_0007_0031" 6619
"/Engine/EngineMaterials/Substrate/Glints2/dict_0007_0032" 6620
"/Engine/EngineMaterials/Substrate/Glints2/dict_0007_0027" 6621
"/Engine/EngineMaterials/Substrate/Glints2/dict_0007_0029" 6622
"/Engine/EngineMaterials/Substrate/Glints2/dict_0007_0026" 6623
"../../../Engine/Content/EngineMaterials/Substrate/Glints2/dict_0007_0021.uasset" 6624
"../../../Engine/Content/EngineMaterials/Substrate/Glints2/dict_0007_0023.uasset" 6625
"../../../Engine/Content/EngineMaterials/Substrate/Glints2/dict_0007_0022.uasset" 6626
"../../../Engine/Content/EngineMaterials/Substrate/Glints2/dict_0007_0024.uasset" 6627
"../../../Engine/Content/EngineMaterials/Substrate/Glints2/dict_0007_0019.uasset" 6628
"../../../Engine/Content/EngineMaterials/Substrate/Glints2/dict_0007_0018.uasset" 6629
"../../../Engine/Content/EngineMaterials/Substrate/Glints2/dict_0007_0020.uasset" 6630
"../../../Engine/Content/EngineMaterials/Substrate/Glints2/dict_0007_0025.uasset" 6631
"../../../Engine/Content/EngineMaterials/Substrate/Glints2/dict_0007_0016.uasset" 6632
"/Engine/EngineMaterials/Substrate/Glints2/dict_0007_0016" 6633
"/Engine/EngineMaterials/Substrate/Glints2/dict_0007_0018" 6634
"/Engine/EngineMaterials/Substrate/Glints2/dict_0007_0019" 6635
"/Engine/EngineMaterials/Substrate/Glints2/dict_0007_0020" 6636
"/Engine/EngineMaterials/Substrate/Glints2/dict_0007_0021" 6637
"/Engine/EngineMaterials/Substrate/Glints2/dict_0007_0022" 6638
"/Engine/EngineMaterials/Substrate/Glints2/dict_0007_0023" 6639
"../../../Engine/Content/EngineMaterials/Substrate/Glints2/dict_0007_0011.uasset" 6640
"/Engine/EngineMaterials/Substrate/Glints2/dict_0007_0024" 6641
"../../../Engine/Content/EngineMaterials/Substrate/Glints2/dict_0007_0014.uasset" 6642
"/Engine/EngineMaterials/Substrate/Glints2/dict_0007_0025" 6643
"../../../Engine/Content/EngineMaterials/Substrate/Glints2/dict_0007_0012.uasset" 6644
"../../../Engine/Content/EngineMaterials/Substrate/Glints2/dict_0007_0013.uasset" 6645
"/Engine/EngineMaterials/Substrate/Glints2/dict_0007_0011" 6646
"/Engine/EngineMaterials/Substrate/Glints2/dict_0007_0012" 6647
"/Engine/EngineMaterials/Substrate/Glints2/dict_0007_0013" 6648
"/Engine/EngineMaterials/Substrate/Glints2/dict_0007_0014" 6649
"../../../Engine/Content/EngineMaterials/Substrate/Glints2/dict_0007_0009.uasset" 6650
"../../../Engine/Content/EngineMaterials/Substrate/Glints2/dict_0007_0010.uasset" 6651
"../../../Engine/Content/EngineMaterials/Substrate/Glints2/dict_0007_0015.uasset" 6652
"../../../Engine/Content/EngineMaterials/Substrate/Glints2/dict_0007_0006.uasset" 6653
"../../../Engine/Content/EngineMaterials/Substrate/Glints2/dict_0007_0004.uasset" 6654
"../../../Engine/Content/EngineMaterials/Substrate/Glints2/dict_0007_0005.uasset" 6655
"../../../Engine/Content/EngineMaterials/Substrate/Glints2/dict_0007_0001.uasset" 6656
"../../../Engine/Content/EngineMaterials/Substrate/Glints2/dict_0007_0002.uasset" 6657
"../../../Engine/Content/EngineMaterials/Substrate/Glints2/dict_0007_0017.uasset" 6658
"../../../Engine/Content/EngineMaterials/Substrate/Glints2/dict_0007_0003.uasset" 6659
"../../../Engine/Content/EngineMaterials/Substrate/Glints2/dict_0006_0255.uasset" 6660
"/Engine/EngineMaterials/Substrate/Glints2/dict_0007_0015" 6661
"../../../Engine/Content/EngineMaterials/Substrate/Glints2/dict_0006_0254.uasset" 6662
"/Engine/EngineMaterials/Substrate/Glints2/dict_0007_0017" 6663
"/Engine/EngineMaterials/Substrate/Glints2/dict_0007_0001" 6664
"../../../Engine/Content/EngineMaterials/Substrate/Glints2/dict_0006_0253.uasset" 6665
"/Engine/EngineMaterials/Substrate/Glints2/dict_0007_0002" 6666
"/Engine/EngineMaterials/Substrate/Glints2/dict_0007_0003" 6667
"/Engine/EngineMaterials/Substrate/Glints2/dict_0007_0004" 6668
"../../../Engine/Content/EngineMaterials/Substrate/Glints2/dict_0007_0000.uasset" 6669
"/Engine/EngineMaterials/Substrate/Glints2/dict_0007_0005" 6670
"/Engine/EngineMaterials/Substrate/Glints2/dict_0007_0006" 6671
"/Engine/EngineMaterials/Substrate/Glints2/dict_0007_0009" 6672
"/Engine/EngineMaterials/Substrate/Glints2/dict_0007_0010" 6673
"../../../Engine/Content/EngineMaterials/Substrate/Glints2/dict_0006_0251.uasset" 6674
"/Engine/EngineMaterials/Substrate/Glints2/dict_0006_0255" 6675
"/Engine/EngineMaterials/Substrate/Glints2/dict_0006_0253" 6676
"/Engine/EngineMaterials/Substrate/Glints2/dict_0006_0251" 6677
"../../../Engine/Content/EngineMaterials/Substrate/Glints2/dict_0006_0252.uasset" 6678
"/Engine/EngineMaterials/Substrate/Glints2/dict_0006_0254" 6679
"/Engine/EngineMaterials/Substrate/Glints2/dict_0007_0000" 6680
"/Engine/EngineMaterials/Substrate/Glints2/dict_0006_0252" 6681
"../../../Engine/Content/EngineMaterials/Substrate/Glints2/dict_0007_0008.uasset" 6682
"../../../Engine/Content/EngineMaterials/Substrate/Glints2/dict_0006_0246.uasset" 6683
"../../../Engine/Content/EngineMaterials/Substrate/Glints2/dict_0006_0247.uasset" 6684
"../../../Engine/Content/EngineMaterials/Substrate/Glints2/dict_0006_0245.uasset" 6685
"../../../Engine/Content/EngineMaterials/Substrate/Glints2/dict_0006_0250.uasset" 6686
"../../../Engine/Content/EngineMaterials/Substrate/Glints2/dict_0007_0007.uasset" 6687
"../../../Engine/Content/EngineMaterials/Substrate/Glints2/dict_0006_0249.uasset" 6688
"../../../Engine/Content/EngineMaterials/Substrate/Glints2/dict_0006_0241.uasset" 6689
"../../../Engine/Content/EngineMaterials/Substrate/Glints2/dict_0006_0243.uasset" 6690
"/Engine/EngineMaterials/Substrate/Glints2/dict_0006_0241" 6691
"../../../Engine/Content/EngineMaterials/Substrate/Glints2/dict_0006_0244.uasset" 6692
"../../../Engine/Content/EngineMaterials/Substrate/Glints2/dict_0006_0239.uasset" 6693
"/Engine/EngineMaterials/Substrate/Glints2/dict_0006_0243" 6694
"../../../Engine/Content/EngineMaterials/Substrate/Glints2/dict_0006_0238.uasset" 6695
"../../../Engine/Content/EngineMaterials/Substrate/Glints2/dict_0006_0248.uasset" 6696
"/Engine/EngineMaterials/Substrate/Glints2/dict_0006_0245" 6697
"/Engine/EngineMaterials/Substrate/Glints2/dict_0006_0246" 6698
"/Engine/EngineMaterials/Substrate/Glints2/dict_0006_0247" 6699
"/Engine/EngineMaterials/Substrate/Glints2/dict_0006_0250" 6700
"/Engine/EngineMaterials/Substrate/Glints2/dict_0007_0007" 6701
"../../../Engine/Content/EngineMaterials/Substrate/Glints2/dict_0006_0240.uasset" 6702
"/Engine/EngineMaterials/Substrate/Glints2/dict_0007_0008" 6703
"/Engine/EngineMaterials/Substrate/Glints2/dict_0006_0249" 6704
"/Engine/EngineMaterials/Substrate/Glints2/dict_0006_0244" 6705
"/Engine/EngineMaterials/Substrate/Glints2/dict_0006_0248" 6706
"../../../Engine/Content/EngineMaterials/Substrate/Glints2/dict_0006_0235.uasset" 6707
"../../../Engine/Content/EngineMaterials/Substrate/Glints2/dict_0006_0242.uasset" 6708
"/Engine/EngineMaterials/Substrate/Glints2/dict_0006_0238" 6709
"/Engine/EngineMaterials/Substrate/Glints2/dict_0006_0239" 6710
"/Engine/EngineMaterials/Substrate/Glints2/dict_0006_0240" 6711
"/Engine/EngineMaterials/Substrate/Glints2/dict_0006_0242" 6712
"/Engine/EngineMaterials/Substrate/Glints2/dict_0006_0235" 6713
"../../../Engine/Content/EngineMaterials/Substrate/Glints2/dict_0006_0236.uasset" 6714
"../../../Engine/Content/EngineMaterials/Substrate/Glints2/dict_0006_0237.uasset" 6715
"../../../Engine/Content/EngineMaterials/Substrate/Glints2/dict_0006_0233.uasset" 6716
"../../../Engine/Content/EngineMaterials/Substrate/Glints2/dict_0006_0234.uasset" 6717
"../../../Engine/Content/EngineMaterials/Substrate/Glints2/dict_0006_0230.uasset" 6718
"../../../Engine/Content/EngineMaterials/Substrate/Glints2/dict_0006_0228.uasset" 6719
"../../../Engine/Content/EngineMaterials/Substrate/Glints2/dict_0006_0231.uasset" 6720
"../../../Engine/Content/EngineMaterials/Substrate/Glints2/dict_0006_0226.uasset" 6721
"../../../Engine/Content/EngineMaterials/Substrate/Glints2/dict_0006_0229.uasset" 6722
"../../../Engine/Content/EngineMaterials/Substrate/Glints2/dict_0006_0227.uasset" 6723
"../../../Engine/Content/EngineMaterials/Substrate/Glints2/dict_0006_0232.uasset" 6724
"../../../Engine/Content/EngineMaterials/Substrate/Glints2/dict_0006_0219.uasset" 6725
"../../../Engine/Content/EngineMaterials/Substrate/Glints2/dict_0006_0222.uasset" 6726
"../../../Engine/Content/EngineMaterials/Substrate/Glints2/dict_0006_0225.uasset" 6727
"/Engine/EngineMaterials/Substrate/Glints2/dict_0006_0226" 6728
"../../../Engine/Content/EngineMaterials/Substrate/Glints2/dict_0006_0220.uasset" 6729
"../../../Engine/Content/EngineMaterials/Substrate/Glints2/dict_0006_0218.uasset" 6730
"/Engine/EngineMaterials/Substrate/Glints2/dict_0006_0227" 6731
"../../../Engine/Content/EngineMaterials/Substrate/Glints2/dict_0006_0223.uasset" 6732
"../../../Engine/Content/EngineMaterials/Substrate/Glints2/dict_0006_0224.uasset" 6733
"/Engine/EngineMaterials/Substrate/Glints2/dict_0006_0228" 6734
"../../../Engine/Content/EngineMaterials/Substrate/Glints2/dict_0006_0221.uasset" 6735
"/Engine/EngineMaterials/Substrate/Glints2/dict_0006_0222" 6736
"/Engine/EngineMaterials/Substrate/Glints2/dict_0006_0229" 6737
"/Engine/EngineMaterials/Substrate/Glints2/dict_0006_0230" 6738
"/Engine/EngineMaterials/Substrate/Glints2/dict_0006_0231" 6739
"/Engine/EngineMaterials/Substrate/Glints2/dict_0006_0232" 6740
"/Engine/EngineMaterials/Substrate/Glints2/dict_0006_0233" 6741
"/Engine/EngineMaterials/Substrate/Glints2/dict_0006_0219" 6742
"../../../Engine/Content/EngineMaterials/Substrate/Glints2/dict_0006_0217.uasset" 6743
"/Engine/EngineMaterials/Substrate/Glints2/dict_0006_0234" 6744
"/Engine/EngineMaterials/Substrate/Glints2/dict_0006_0237" 6745
"../../../Engine/Content/EngineMaterials/Substrate/Glints2/dict_0006_0214.uasset" 6746
"/Engine/EngineMaterials/Substrate/Glints2/dict_0006_0236" 6747
"/Engine/EngineMaterials/Substrate/Glints2/dict_0006_0221" 6748
"/Engine/EngineMaterials/Substrate/Glints2/dict_0006_0214" 6749
"../../../Engine/Content/EngineMaterials/Substrate/Glints2/dict_0006_0215.uasset" 6750
"/Engine/EngineMaterials/Substrate/Glints2/dict_0006_0217" 6751
"/Engine/EngineMaterials/Substrate/Glints2/dict_0006_0223" 6752
"../../../Engine/Content/EngineMaterials/Substrate/Glints2/dict_0006_0212.uasset" 6753
"/Engine/EngineMaterials/Substrate/Glints2/dict_0006_0224" 6754
"/Engine/EngineMaterials/Substrate/Glints2/dict_0006_0218" 6755
"../../../Engine/Content/EngineMaterials/Substrate/Glints2/dict_0006_0210.uasset" 6756
"../../../Engine/Content/EngineMaterials/Substrate/Glints2/dict_0006_0213.uasset" 6757
"/Engine/EngineMaterials/Substrate/Glints2/dict_0006_0225" 6758
"../../../Engine/Content/EngineMaterials/Substrate/Glints2/dict_0006_0209.uasset" 6759
"../../../Engine/Content/EngineMaterials/Substrate/Glints2/dict_0006_0206.uasset" 6760
"../../../Engine/Content/EngineMaterials/Substrate/Glints2/dict_0006_0204.uasset" 6761
"../../../Engine/Content/EngineMaterials/Substrate/Glints2/dict_0006_0203.uasset" 6762
"../../../Engine/Content/EngineMaterials/Substrate/Glints2/dict_0006_0211.uasset" 6763
"../../../Engine/Content/EngineMaterials/Substrate/Glints2/dict_0006_0201.uasset" 6764
"../../../Engine/Content/EngineMaterials/Substrate/Glints2/dict_0006_0216.uasset" 6765
"../../../Engine/Content/EngineMaterials/Substrate/Glints2/dict_0006_0202.uasset" 6766
"../../../Engine/Content/EngineMaterials/Substrate/Glints2/dict_0006_0199.uasset" 6767
"../../../Engine/Content/EngineMaterials/Substrate/Glints2/dict_0006_0208.uasset" 6768
"../../../Engine/Content/EngineMaterials/Substrate/Glints2/dict_0006_0207.uasset" 6769
"../../../Engine/Content/EngineMaterials/Substrate/Glints2/dict_0006_0205.uasset" 6770
"../../../Engine/Content/EngineMaterials/Substrate/Glints2/dict_0006_0200.uasset" 6771
"../../../Engine/Content/EngineMaterials/Substrate/Glints2/dict_0006_0197.uasset" 6772
"../../../Engine/Content/EngineMaterials/Substrate/Glints2/dict_0006_0198.uasset" 6773
"../../../Engine/Content/EngineMaterials/Substrate/Glints2/dict_0006_0195.uasset" 6774
"../../../Engine/Content/EngineMaterials/Substrate/Glints2/dict_0006_0194.uasset" 6775
"../../../Engine/Content/EngineMaterials/Substrate/Glints2/dict_0006_0192.uasset" 6776
"../../../Engine/Content/EngineMaterials/Substrate/Glints2/dict_0006_0193.uasset" 6777
"../../../Engine/Content/EngineMaterials/Substrate/Glints2/dict_0006_0196.uasset" 6778
"/Engine/EngineMaterials/Substrate/Glints2/dict_0006_0192" 6779
"/Engine/EngineMaterials/Substrate/Glints2/dict_0006_0212" 6780
"/Engine/EngineMaterials/Substrate/Glints2/dict_0006_0193" 6781
"/Engine/EngineMaterials/Substrate/Glints2/dict_0006_0205" 6782
"/Engine/EngineMaterials/Substrate/Glints2/dict_0006_0213" 6783
"/Engine/EngineMaterials/Substrate/Glints2/dict_0006_0207" 6784
"/Engine/EngineMaterials/Substrate/Glints2/dict_0006_0215" 6785
"/Engine/EngineMaterials/Substrate/Glints2/dict_0006_0216" 6786
"/Engine/EngineMaterials/Substrate/Glints2/dict_0006_0194" 6787
"/Engine/EngineMaterials/Substrate/Glints2/dict_0006_0195" 6788
"/Engine/EngineMaterials/Substrate/Glints2/dict_0006_0196" 6789
"/Engine/EngineMaterials/Substrate/Glints2/dict_0006_0197" 6790
"/Engine/EngineMaterials/Substrate/Glints2/dict_0006_0198" 6791
"/Engine/EngineMaterials/Substrate/Glints2/dict_0006_0199" 6792
"/Engine/EngineMaterials/Substrate/Glints2/dict_0006_0200" 6793
"/Engine/EngineMaterials/Substrate/Glints2/dict_0006_0201" 6794
"/Engine/EngineMaterials/Substrate/Glints2/dict_0006_0202" 6795
"/Engine/EngineMaterials/Substrate/Glints2/dict_0006_0206" 6796
"/Engine/EngineMaterials/Substrate/Glints2/dict_0006_0203" 6797
"/Engine/EngineMaterials/Substrate/Glints2/dict_0006_0204" 6798
"/Engine/EngineMaterials/Substrate/Glints2/dict_0006_0208" 6799
"/Engine/EngineMaterials/Substrate/Glints2/dict_0006_0209" 6800
"/Engine/EngineMaterials/Substrate/Glints2/dict_0006_0210" 6801
"/Engine/EngineMaterials/Substrate/Glints2/dict_0006_0211" 6802
"/Engine/EngineMaterials/Substrate/Glints2/dict_0006_0220" 6803
"../../../Engine/Content/EngineMaterials/Substrate/Glints2/dict_0006_0191.uasset" 6804
"../../../Engine/Content/EngineMaterials/Substrate/Glints2/dict_0006_0189.uasset" 6805
"../../../Engine/Content/EngineMaterials/Substrate/Glints2/dict_0006_0190.uasset" 6806
"/Engine/EngineMaterials/Substrate/Glints2/dict_0006_0189" 6807
"/Engine/EngineMaterials/Substrate/Glints2/dict_0006_0190" 6808
"/Engine/EngineMaterials/Substrate/Glints2/dict_0006_0191" 6809
"../../../Engine/Content/EngineMaterials/Substrate/Glints2/dict_0006_0185.uasset" 6810
"../../../Engine/Content/EngineMaterials/Substrate/Glints2/dict_0006_0188.uasset" 6811
"../../../Engine/Content/EngineMaterials/Substrate/Glints2/dict_0006_0184.uasset" 6812
"../../../Engine/Content/EngineMaterials/Substrate/Glints2/dict_0006_0182.uasset" 6813
"../../../Engine/Content/EngineMaterials/Substrate/Glints2/dict_0006_0186.uasset" 6814
"../../../Engine/Content/EngineMaterials/Substrate/Glints2/dict_0006_0181.uasset" 6815
"/Engine/EngineMaterials/Substrate/Glints2/dict_0006_0185" 6816
"/Engine/EngineMaterials/Substrate/Glints2/dict_0006_0186" 6817
"/Engine/EngineMaterials/Substrate/Glints2/dict_0006_0188" 6818
"/Engine/EngineMaterials/Substrate/Glints2/dict_0006_0182" 6819
"/Engine/EngineMaterials/Substrate/Glints2/dict_0006_0184" 6820
"/Engine/EngineMaterials/Substrate/Glints2/dict_0006_0181" 6821
"../../../Engine/Content/EngineMaterials/Substrate/Glints2/dict_0006_0178.uasset" 6822
"../../../Engine/Content/EngineMaterials/Substrate/Glints2/dict_0006_0183.uasset" 6823
"../../../Engine/Content/EngineMaterials/Substrate/Glints2/dict_0006_0187.uasset" 6824
"../../../Engine/Content/EngineMaterials/Substrate/Glints2/dict_0006_0179.uasset" 6825
"../../../Engine/Content/EngineMaterials/Substrate/Glints2/dict_0006_0173.uasset" 6826
"../../../Engine/Content/EngineMaterials/Substrate/Glints2/dict_0006_0170.uasset" 6827
"../../../Engine/Content/EngineMaterials/Substrate/Glints2/dict_0006_0177.uasset" 6828
"../../../Engine/Content/EngineMaterials/Substrate/Glints2/dict_0006_0172.uasset" 6829
"/Engine/EngineMaterials/Substrate/Glints2/dict_0006_0187" 6830
"../../../Engine/Content/EngineMaterials/Substrate/Glints2/dict_0006_0176.uasset" 6831
"../../../Engine/Content/EngineMaterials/Substrate/Glints2/dict_0006_0180.uasset" 6832
"/Engine/EngineMaterials/Substrate/Glints2/dict_0006_0170" 6833
"../../../Engine/Content/EngineMaterials/Substrate/Glints2/dict_0006_0175.uasset" 6834
"/Engine/EngineMaterials/Substrate/Glints2/dict_0006_0173" 6835
"/Engine/EngineMaterials/Substrate/Glints2/dict_0006_0177" 6836
"../../../Engine/Content/EngineMaterials/Substrate/Glints2/dict_0006_0171.uasset" 6837
"/Engine/EngineMaterials/Substrate/Glints2/dict_0006_0178" 6838
"../../../Engine/Content/EngineMaterials/Substrate/Glints2/dict_0006_0169.uasset" 6839
"/Engine/EngineMaterials/Substrate/Glints2/dict_0006_0179" 6840
"/Engine/EngineMaterials/Substrate/Glints2/dict_0006_0183" 6841
"/Engine/EngineMaterials/Substrate/Glints2/dict_0006_0169" 6842
"/Engine/EngineMaterials/Substrate/Glints2/dict_0006_0171" 6843
"/Engine/EngineMaterials/Substrate/Glints2/dict_0006_0172" 6844
"../../../Engine/Content/EngineMaterials/Substrate/Glints2/dict_0006_0168.uasset" 6845
"../../../Engine/Content/EngineMaterials/Substrate/Glints2/dict_0006_0174.uasset" 6846
"/Engine/EngineMaterials/Substrate/Glints2/dict_0006_0175" 6847
"../../../Engine/Content/EngineMaterials/Substrate/Glints2/dict_0006_0166.uasset" 6848
"/Engine/EngineMaterials/Substrate/Glints2/dict_0006_0176" 6849
"/Engine/EngineMaterials/Substrate/Glints2/dict_0006_0180" 6850
"/Engine/EngineMaterials/Substrate/Glints2/dict_0006_0166" 6851
"../../../Engine/Content/EngineMaterials/Substrate/Glints2/dict_0006_0165.uasset" 6852
"/Engine/EngineMaterials/Substrate/Glints2/dict_0006_0168" 6853
"../../../Engine/Content/EngineMaterials/Substrate/Glints2/dict_0006_0164.uasset" 6854
"/Engine/EngineMaterials/Substrate/Glints2/dict_0006_0174" 6855
"../../../Engine/Content/EngineMaterials/Substrate/Glints2/dict_0006_0161.uasset" 6856
"../../../Engine/Content/EngineMaterials/Substrate/Glints2/dict_0006_0163.uasset" 6857
"/Engine/EngineMaterials/Substrate/Glints2/dict_0006_0161" 6858
"/Engine/EngineMaterials/Substrate/Glints2/dict_0006_0164" 6859
"/Engine/EngineMaterials/Substrate/Glints2/dict_0006_0165" 6860
"/Engine/EngineMaterials/Substrate/Glints2/dict_0006_0163" 6861
"../../../Engine/Content/EngineMaterials/Substrate/Glints2/dict_0006_0162.uasset" 6862
"../../../Engine/Content/EngineMaterials/Substrate/Glints2/dict_0006_0157.uasset" 6863
"../../../Engine/Content/EngineMaterials/Substrate/Glints2/dict_0006_0167.uasset" 6864
"../../../Engine/Content/EngineMaterials/Substrate/Glints2/dict_0006_0158.uasset" 6865
"../../../Engine/Content/EngineMaterials/Substrate/Glints2/dict_0006_0155.uasset" 6866
"../../../Engine/Content/EngineMaterials/Substrate/Glints2/dict_0006_0152.uasset" 6867
"../../../Engine/Content/EngineMaterials/Substrate/Glints2/dict_0006_0153.uasset" 6868
"../../../Engine/Content/EngineMaterials/Substrate/Glints2/dict_0006_0154.uasset" 6869
"/Engine/EngineMaterials/Substrate/Glints2/dict_0006_0162" 6870
"../../../Engine/Content/EngineMaterials/Substrate/Glints2/dict_0006_0151.uasset" 6871
"/Engine/EngineMaterials/Substrate/Glints2/dict_0006_0152" 6872
"../../../Engine/Content/EngineMaterials/Substrate/Glints2/dict_0006_0150.uasset" 6873
"/Engine/EngineMaterials/Substrate/Glints2/dict_0006_0153" 6874
"/Engine/EngineMaterials/Substrate/Glints2/dict_0006_0167" 6875
"/Engine/EngineMaterials/Substrate/Glints2/dict_0006_0154" 6876
"/Engine/EngineMaterials/Substrate/Glints2/dict_0006_0157" 6877
"/Engine/EngineMaterials/Substrate/Glints2/dict_0006_0158" 6878
"/Engine/EngineMaterials/Substrate/Glints2/dict_0006_0155" 6879
"../../../Engine/Content/EngineMaterials/Substrate/Glints2/dict_0006_0149.uasset" 6880
"/Engine/EngineMaterials/Substrate/Glints2/dict_0006_0151" 6881
"../../../Engine/Content/EngineMaterials/Substrate/Glints2/dict_0006_0159.uasset" 6882
"/Engine/EngineMaterials/Substrate/Glints2/dict_0006_0150" 6883
"/Engine/EngineMaterials/Substrate/Glints2/dict_0006_0149" 6884
"/Engine/EngineMaterials/Substrate/Glints2/dict_0006_0159" 6885
"../../../Engine/Content/EngineMaterials/Substrate/Glints2/dict_0006_0148.uasset" 6886
"/Engine/EngineMaterials/Substrate/Glints2/dict_0006_0148" 6887
"../../../Engine/Content/EngineMaterials/Substrate/Glints2/dict_0006_0156.uasset" 6888
"/Engine/EngineMaterials/Substrate/Glints2/dict_0006_0156" 6889
"../../../Engine/Content/EngineMaterials/Substrate/Glints2/dict_0006_0146.uasset" 6890
"/Engine/EngineMaterials/Substrate/Glints2/dict_0006_0146" 6891
"../../../Engine/Content/EngineMaterials/Substrate/Glints2/dict_0006_0142.uasset" 6892
"../../../Engine/Content/EngineMaterials/Substrate/Glints2/dict_0006_0140.uasset" 6893
"../../../Engine/Content/EngineMaterials/Substrate/Glints2/dict_0006_0145.uasset" 6894
"../../../Engine/Content/EngineMaterials/Substrate/Glints2/dict_0006_0143.uasset" 6895
"../../../Engine/Content/EngineMaterials/Substrate/Glints2/dict_0006_0139.uasset" 6896
"../../../Engine/Content/EngineMaterials/Substrate/Glints2/dict_0006_0141.uasset" 6897
"../../../Engine/Content/EngineMaterials/Substrate/Glints2/dict_0006_0144.uasset" 6898
"../../../Engine/Content/EngineMaterials/Substrate/Glints2/dict_0006_0160.uasset" 6899
"../../../Engine/Content/EngineMaterials/Substrate/Glints2/dict_0006_0137.uasset" 6900
"../../../Engine/Content/EngineMaterials/Substrate/Glints2/dict_0006_0138.uasset" 6901
"../../../Engine/Content/EngineMaterials/Substrate/Glints2/dict_0006_0133.uasset" 6902
"../../../Engine/Content/EngineMaterials/Substrate/Glints2/dict_0006_0131.uasset" 6903
"../../../Engine/Content/EngineMaterials/Substrate/Glints2/dict_0006_0132.uasset" 6904
"/Engine/EngineMaterials/Substrate/Glints2/dict_0006_0160" 6905
"../../../Engine/Content/EngineMaterials/Substrate/Glints2/dict_0006_0136.uasset" 6906
"/Engine/EngineMaterials/Substrate/Glints2/dict_0006_0144" 6907
"/Engine/EngineMaterials/Substrate/Glints2/dict_0006_0138" 6908
"/Engine/EngineMaterials/Substrate/Glints2/dict_0006_0145" 6909
"../../../Engine/Content/EngineMaterials/Substrate/Glints2/dict_0006_0128.uasset" 6910
"../../../Engine/Content/EngineMaterials/Substrate/Glints2/dict_0006_0134.uasset" 6911
"/Engine/EngineMaterials/Substrate/Glints2/dict_0006_0139" 6912
"/Engine/EngineMaterials/Substrate/Glints2/dict_0006_0140" 6913
"/Engine/EngineMaterials/Substrate/Glints2/dict_0006_0137" 6914
"/Engine/EngineMaterials/Substrate/Glints2/dict_0006_0141" 6915
"../../../Engine/Content/EngineMaterials/Substrate/Glints2/dict_0006_0130.uasset" 6916
"../../../Engine/Content/EngineMaterials/Substrate/Glints2/dict_0006_0127.uasset" 6917
"/Engine/EngineMaterials/Substrate/Glints2/dict_0006_0142" 6918
"/Engine/EngineMaterials/Substrate/Glints2/dict_0006_0143" 6919
"/Engine/EngineMaterials/Substrate/Glints2/dict_0006_0132" 6920
"/Engine/EngineMaterials/Substrate/Glints2/dict_0006_0131" 6921
"/Engine/EngineMaterials/Substrate/Glints2/dict_0006_0133" 6922
"../../../Engine/Content/EngineMaterials/Substrate/Glints2/dict_0006_0147.uasset" 6923
"/Engine/EngineMaterials/Substrate/Glints2/dict_0006_0134" 6924
"/Engine/EngineMaterials/Substrate/Glints2/dict_0006_0136" 6925
"../../../Engine/Content/EngineMaterials/Substrate/Glints2/dict_0006_0126.uasset" 6926
"/Engine/EngineMaterials/Substrate/Glints2/dict_0006_0127" 6927
"/Engine/EngineMaterials/Substrate/Glints2/dict_0006_0128" 6928
"/Engine/EngineMaterials/Substrate/Glints2/dict_0006_0130" 6929
"/Engine/EngineMaterials/Substrate/Glints2/dict_0006_0126" 6930
"../../../Engine/Content/EngineMaterials/Substrate/Glints2/dict_0006_0125.uasset" 6931
"/Engine/EngineMaterials/Substrate/Glints2/dict_0006_0147" 6932
"/Engine/EngineMaterials/Substrate/Glints2/dict_0006_0125" 6933
"../../../Engine/Content/EngineMaterials/Substrate/Glints2/dict_0006_0129.uasset" 6934
"../../../Engine/Content/EngineMaterials/Substrate/Glints2/dict_0006_0123.uasset" 6935
"../../../Engine/Content/EngineMaterials/Substrate/Glints2/dict_0006_0135.uasset" 6936
"../../../Engine/Content/EngineMaterials/Substrate/Glints2/dict_0006_0119.uasset" 6937
"../../../Engine/Content/EngineMaterials/Substrate/Glints2/dict_0006_0124.uasset" 6938
"../../../Engine/Content/EngineMaterials/Substrate/Glints2/dict_0006_0118.uasset" 6939
"../../../Engine/Content/EngineMaterials/Substrate/Glints2/dict_0006_0121.uasset" 6940
"../../../Engine/Content/EngineMaterials/Substrate/Glints2/dict_0006_0117.uasset" 6941
"../../../Engine/Content/EngineMaterials/Substrate/Glints2/dict_0006_0114.uasset" 6942
"../../../Engine/Content/EngineMaterials/Substrate/Glints2/dict_0006_0122.uasset" 6943
"../../../Engine/Content/EngineMaterials/Substrate/Glints2/dict_0006_0116.uasset" 6944
"../../../Engine/Content/EngineMaterials/Substrate/Glints2/dict_0006_0120.uasset" 6945
"../../../Engine/Content/EngineMaterials/Substrate/Glints2/dict_0006_0112.uasset" 6946
"../../../Engine/Content/EngineMaterials/Substrate/Glints2/dict_0006_0115.uasset" 6947
"/Engine/EngineMaterials/Substrate/Glints2/dict_0006_0123" 6948
"/Engine/EngineMaterials/Substrate/Glints2/dict_0006_0124" 6949
"/Engine/EngineMaterials/Substrate/Glints2/dict_0006_0135" 6950
"../../../Engine/Content/EngineMaterials/Substrate/Glints2/dict_0006_0107.uasset" 6951
"/Engine/EngineMaterials/Substrate/Glints2/dict_0006_0116" 6952
"../../../Engine/Content/EngineMaterials/Substrate/Glints2/dict_0006_0111.uasset" 6953
"../../../Engine/Content/EngineMaterials/Substrate/Glints2/dict_0006_0110.uasset" 6954
"/Engine/EngineMaterials/Substrate/Glints2/dict_0006_0112" 6955
"../../../Engine/Content/EngineMaterials/Substrate/Glints2/dict_0006_0109.uasset" 6956
"/Engine/EngineMaterials/Substrate/Glints2/dict_0006_0129" 6957
"../../../Engine/Content/EngineMaterials/Substrate/Glints2/dict_0006_0113.uasset" 6958
"../../../Engine/Content/EngineMaterials/Substrate/Glints2/dict_0006_0108.uasset" 6959
"/Engine/EngineMaterials/Substrate/Glints2/dict_0006_0114" 6960
"/Engine/EngineMaterials/Substrate/Glints2/dict_0006_0118" 6961
"/Engine/EngineMaterials/Substrate/Glints2/dict_0006_0119" 6962
"../../../Engine/Content/EngineMaterials/Substrate/Glints2/dict_0006_0106.uasset" 6963
"/Engine/EngineMaterials/Substrate/Glints2/dict_0006_0120" 6964
"../../../Engine/Content/EngineMaterials/Substrate/Glints2/dict_0006_0103.uasset" 6965
"/Engine/EngineMaterials/Substrate/Glints2/dict_0006_0115" 6966
"../../../Engine/Content/EngineMaterials/Substrate/Glints2/dict_0006_0102.uasset" 6967
"/Engine/EngineMaterials/Substrate/Glints2/dict_0006_0121" 6968
"/Engine/EngineMaterials/Substrate/Glints2/dict_0006_0122" 6969
"/Engine/EngineMaterials/Substrate/Glints2/dict_0006_0117" 6970
"/Engine/EngineMaterials/Substrate/Glints2/dict_0006_0106" 6971
"../../../Engine/Content/EngineMaterials/Substrate/Glints2/dict_0006_0101.uasset" 6972
"/Engine/EngineMaterials/Substrate/Glints2/dict_0006_0107" 6973
"../../../Engine/Content/EngineMaterials/Substrate/Glints2/dict_0006_0100.uasset" 6974
"/Engine/EngineMaterials/Substrate/Glints2/dict_0006_0102" 6975
"/Engine/EngineMaterials/Substrate/Glints2/dict_0006_0108" 6976
"/Engine/EngineMaterials/Substrate/Glints2/dict_0006_0109" 6977
"/Engine/EngineMaterials/Substrate/Glints2/dict_0006_0103" 6978
"/Engine/EngineMaterials/Substrate/Glints2/dict_0006_0110" 6979
"/Engine/EngineMaterials/Substrate/Glints2/dict_0006_0111" 6980
"/Engine/EngineMaterials/Substrate/Glints2/dict_0006_0113" 6981
"/Engine/EngineMaterials/Substrate/Glints2/dict_0006_0100" 6982
"../../../Engine/Content/EngineMaterials/Substrate/Glints2/dict_0006_0097.uasset" 6983
"../../../Engine/Content/EngineMaterials/Substrate/Glints2/dict_0006_0096.uasset" 6984
"../../../Engine/Content/EngineMaterials/Substrate/Glints2/dict_0006_0095.uasset" 6985
"/Engine/EngineMaterials/Substrate/Glints2/dict_0006_0101" 6986
"/Engine/EngineMaterials/Substrate/Glints2/dict_0006_0095" 6987
"/Engine/EngineMaterials/Substrate/Glints2/dict_0006_0096" 6988
"/Engine/EngineMaterials/Substrate/Glints2/dict_0006_0097" 6989
"../../../Engine/Content/EngineMaterials/Substrate/Glints2/dict_0006_0105.uasset" 6990
"../../../Engine/Content/EngineMaterials/Substrate/Glints2/dict_0006_0098.uasset" 6991
"../../../Engine/Content/EngineMaterials/Substrate/Glints2/dict_0006_0094.uasset" 6992
"../../../Engine/Content/EngineMaterials/Substrate/Glints2/dict_0006_0093.uasset" 6993
"../../../Engine/Content/EngineMaterials/Substrate/Glints2/dict_0006_0091.uasset" 6994
"../../../Engine/Content/EngineMaterials/Substrate/Glints2/dict_0006_0104.uasset" 6995
"../../../Engine/Content/EngineMaterials/Substrate/Glints2/dict_0006_0092.uasset" 6996
"../../../Engine/Content/EngineMaterials/Substrate/Glints2/dict_0006_0099.uasset" 6997
"../../../Engine/Content/EngineMaterials/Substrate/Glints2/dict_0006_0090.uasset" 6998
"../../../Engine/Content/EngineMaterials/Substrate/Glints2/dict_0006_0089.uasset" 6999
"../../../Engine/Content/EngineMaterials/Substrate/Glints2/dict_0006_0086.uasset" 7000
"../../../Engine/Content/EngineMaterials/Substrate/Glints2/dict_0006_0088.uasset" 7001
"../../../Engine/Content/EngineMaterials/Substrate/Glints2/dict_0006_0087.uasset" 7002
"../../../Engine/Content/EngineMaterials/Substrate/Glints2/dict_0006_0085.uasset" 7003
"../../../Engine/Content/EngineMaterials/Substrate/Glints2/dict_0006_0083.uasset" 7004
"../../../Engine/Content/EngineMaterials/Substrate/Glints2/dict_0006_0084.uasset" 7005
"../../../Engine/Content/EngineMaterials/Substrate/Glints2/dict_0006_0082.uasset" 7006
"../../../Engine/Content/EngineMaterials/Substrate/Glints2/dict_0006_0081.uasset" 7007
"../../../Engine/Content/EngineMaterials/Substrate/Glints2/dict_0006_0080.uasset" 7008
"/Engine/EngineMaterials/Substrate/Glints2/dict_0006_0098" 7009
"/Engine/EngineMaterials/Substrate/Glints2/dict_0006_0081" 7010
"/Engine/EngineMaterials/Substrate/Glints2/dict_0006_0099" 7011
"/Engine/EngineMaterials/Substrate/Glints2/dict_0006_0082" 7012
"/Engine/EngineMaterials/Substrate/Glints2/dict_0006_0083" 7013
"/Engine/EngineMaterials/Substrate/Glints2/dict_0006_0104" 7014
"../../../Engine/Content/EngineMaterials/Substrate/Glints2/dict_0006_0076.uasset" 7015
"../../../Engine/Content/EngineMaterials/Substrate/Glints2/dict_0006_0077.uasset" 7016
"../../../Engine/Content/EngineMaterials/Substrate/Glints2/dict_0006_0078.uasset" 7017
"/Engine/EngineMaterials/Substrate/Glints2/dict_0006_0084" 7018
"../../../Engine/Content/EngineMaterials/Substrate/Glints2/dict_0006_0074.uasset" 7019
"/Engine/EngineMaterials/Substrate/Glints2/dict_0006_0085" 7020
"/Engine/EngineMaterials/Substrate/Glints2/dict_0006_0086" 7021
"../../../Engine/Content/EngineMaterials/Substrate/Glints2/dict_0006_0072.uasset" 7022
"/Engine/EngineMaterials/Substrate/Glints2/dict_0006_0080" 7023
"../../../Engine/Content/EngineMaterials/Substrate/Glints2/dict_0006_0075.uasset" 7024
"/Engine/EngineMaterials/Substrate/Glints2/dict_0006_0087" 7025
"/Engine/EngineMaterials/Substrate/Glints2/dict_0006_0088" 7026
"/Engine/EngineMaterials/Substrate/Glints2/dict_0006_0089" 7027
"/Engine/EngineMaterials/Substrate/Glints2/dict_0006_0090" 7028
"/Engine/EngineMaterials/Substrate/Glints2/dict_0006_0091" 7029
"../../../Engine/Content/EngineMaterials/Substrate/Glints2/dict_0006_0073.uasset" 7030
"../../../Engine/Content/EngineMaterials/Substrate/Glints2/dict_0006_0070.uasset" 7031
"/Engine/EngineMaterials/Substrate/Glints2/dict_0006_0092" 7032
"../../../Engine/Content/EngineMaterials/Substrate/Glints2/dict_0006_0068.uasset" 7033
"../../../Engine/Content/EngineMaterials/Substrate/Glints2/dict_0006_0071.uasset" 7034
"/Engine/EngineMaterials/Substrate/Glints2/dict_0006_0105" 7035
"/Engine/EngineMaterials/Substrate/Glints2/dict_0006_0093" 7036
"/Engine/EngineMaterials/Substrate/Glints2/dict_0006_0094" 7037
"../../../Engine/Content/EngineMaterials/Substrate/Glints2/dict_0006_0069.uasset" 7038
"/Engine/EngineMaterials/Substrate/Glints2/dict_0006_0072" 7039
"/Engine/EngineMaterials/Substrate/Glints2/dict_0006_0070" 7040
"/Engine/EngineMaterials/Substrate/Glints2/dict_0006_0071" 7041
"/Engine/EngineMaterials/Substrate/Glints2/dict_0006_0068" 7042
"/Engine/EngineMaterials/Substrate/Glints2/dict_0006_0073" 7043
"/Engine/EngineMaterials/Substrate/Glints2/dict_0006_0074" 7044
"/Engine/EngineMaterials/Substrate/Glints2/dict_0006_0075" 7045
"/Engine/EngineMaterials/Substrate/Glints2/dict_0006_0076" 7046
"/Engine/EngineMaterials/Substrate/Glints2/dict_0006_0077" 7047
"/Engine/EngineMaterials/Substrate/Glints2/dict_0006_0078" 7048
"../../../Engine/Content/EngineMaterials/Substrate/Glints2/dict_0006_0067.uasset" 7049
"/Engine/EngineMaterials/Substrate/Glints2/dict_0006_0067" 7050
"/Engine/EngineMaterials/Substrate/Glints2/dict_0006_0069" 7051
"../../../Engine/Content/EngineMaterials/Substrate/Glints2/dict_0006_0079.uasset" 7052
"../../../Engine/Content/EngineMaterials/Substrate/Glints2/dict_0006_0058.uasset" 7053
"../../../Engine/Content/EngineMaterials/Substrate/Glints2/dict_0006_0066.uasset" 7054
"../../../Engine/Content/EngineMaterials/Substrate/Glints2/dict_0006_0059.uasset" 7055
"../../../Engine/Content/EngineMaterials/Substrate/Glints2/dict_0006_0063.uasset" 7056
"../../../Engine/Content/EngineMaterials/Substrate/Glints2/dict_0006_0062.uasset" 7057
"../../../Engine/Content/EngineMaterials/Substrate/Glints2/dict_0006_0061.uasset" 7058
"../../../Engine/Content/EngineMaterials/Substrate/Glints2/dict_0006_0065.uasset" 7059
"../../../Engine/Content/EngineMaterials/Substrate/Glints2/dict_0006_0057.uasset" 7060
"../../../Engine/Content/EngineMaterials/Substrate/Glints2/dict_0006_0060.uasset" 7061
"../../../Engine/Content/EngineMaterials/Substrate/Glints2/dict_0006_0064.uasset" 7062
"/Engine/EngineMaterials/Substrate/Glints2/dict_0006_0079" 7063
"/Engine/EngineMaterials/Substrate/Glints2/dict_0006_0057" 7064
"/Engine/EngineMaterials/Substrate/Glints2/dict_0006_0058" 7065
"/Engine/EngineMaterials/Substrate/Glints2/dict_0006_0059" 7066
"/Engine/EngineMaterials/Substrate/Glints2/dict_0006_0060" 7067
"/Engine/EngineMaterials/Substrate/Glints2/dict_0006_0061" 7068
"/Engine/EngineMaterials/Substrate/Glints2/dict_0006_0062" 7069
"/Engine/EngineMaterials/Substrate/Glints2/dict_0006_0063" 7070
"/Engine/EngineMaterials/Substrate/Glints2/dict_0006_0064" 7071
"/Engine/EngineMaterials/Substrate/Glints2/dict_0006_0065" 7072
"/Engine/EngineMaterials/Substrate/Glints2/dict_0006_0066" 7073
"../../../Engine/Content/EngineMaterials/Substrate/Glints2/dict_0006_0054.uasset" 7074
"../../../Engine/Content/EngineMaterials/Substrate/Glints2/dict_0006_0048.uasset" 7075
"../../../Engine/Content/EngineMaterials/Substrate/Glints2/dict_0006_0053.uasset" 7076
"../../../Engine/Content/EngineMaterials/Substrate/Glints2/dict_0006_0049.uasset" 7077
"../../../Engine/Content/EngineMaterials/Substrate/Glints2/dict_0006_0046.uasset" 7078
"/Engine/EngineMaterials/Substrate/Glints2/dict_0006_0048" 7079
"../../../Engine/Content/EngineMaterials/Substrate/Glints2/dict_0006_0051.uasset" 7080
"/Engine/EngineMaterials/Substrate/Glints2/dict_0006_0049" 7081
"../../../Engine/Content/EngineMaterials/Substrate/Glints2/dict_0006_0052.uasset" 7082
"../../../Engine/Content/EngineMaterials/Substrate/Glints2/dict_0006_0050.uasset" 7083
"/Engine/EngineMaterials/Substrate/Glints2/dict_0006_0053" 7084
"../../../Engine/Content/EngineMaterials/Substrate/Glints2/dict_0006_0047.uasset" 7085
"/Engine/EngineMaterials/Substrate/Glints2/dict_0006_0054" 7086
"../../../Engine/Content/EngineMaterials/Substrate/Glints2/dict_0006_0045.uasset" 7087
"/Engine/EngineMaterials/Substrate/Glints2/dict_0006_0050" 7088
"/Engine/EngineMaterials/Substrate/Glints2/dict_0006_0051" 7089
"/Engine/EngineMaterials/Substrate/Glints2/dict_0006_0052" 7090
"/Engine/EngineMaterials/Substrate/Glints2/dict_0006_0045" 7091
"/Engine/EngineMaterials/Substrate/Glints2/dict_0006_0046" 7092
"/Engine/EngineMaterials/Substrate/Glints2/dict_0006_0047" 7093
"../../../Engine/Content/EngineMaterials/Substrate/Glints2/dict_0006_0056.uasset" 7094
"../../../Engine/Content/EngineMaterials/Substrate/Glints2/dict_0006_0042.uasset" 7095
"../../../Engine/Content/EngineMaterials/Substrate/Glints2/dict_0006_0040.uasset" 7096
"../../../Engine/Content/EngineMaterials/Substrate/Glints2/dict_0006_0039.uasset" 7097
"../../../Engine/Content/EngineMaterials/Substrate/Glints2/dict_0006_0038.uasset" 7098
"../../../Engine/Content/EngineMaterials/Substrate/Glints2/dict_0006_0036.uasset" 7099
"../../../Engine/Content/EngineMaterials/Substrate/Glints2/dict_0006_0043.uasset" 7100
"../../../Engine/Content/EngineMaterials/Substrate/Glints2/dict_0006_0037.uasset" 7101
"../../../Engine/Content/EngineMaterials/Substrate/Glints2/dict_0006_0041.uasset" 7102
"/Engine/EngineMaterials/Substrate/Glints2/dict_0006_0038" 7103
"/Engine/EngineMaterials/Substrate/Glints2/dict_0006_0039" 7104
"/Engine/EngineMaterials/Substrate/Glints2/dict_0006_0040" 7105
"/Engine/EngineMaterials/Substrate/Glints2/dict_0006_0036" 7106
"/Engine/EngineMaterials/Substrate/Glints2/dict_0006_0042" 7107
"/Engine/EngineMaterials/Substrate/Glints2/dict_0006_0043" 7108
"/Engine/EngineMaterials/Substrate/Glints2/dict_0006_0056" 7109
"../../../Engine/Content/EngineMaterials/Substrate/Glints2/dict_0006_0044.uasset" 7110
"/Engine/EngineMaterials/Substrate/Glints2/dict_0006_0041" 7111
"/Engine/EngineMaterials/Substrate/Glints2/dict_0006_0044" 7112
"/Engine/EngineMaterials/Substrate/Glints2/dict_0006_0037" 7113
"../../../Engine/Content/EngineMaterials/Substrate/Glints2/dict_0006_0028.uasset" 7114
"../../../Engine/Content/EngineMaterials/Substrate/Glints2/dict_0006_0034.uasset" 7115
"../../../Engine/Content/EngineMaterials/Substrate/Glints2/dict_0006_0033.uasset" 7116
"../../../Engine/Content/EngineMaterials/Substrate/Glints2/dict_0006_0055.uasset" 7117
"../../../Engine/Content/EngineMaterials/Substrate/Glints2/dict_0006_0030.uasset" 7118
"../../../Engine/Content/EngineMaterials/Substrate/Glints2/dict_0006_0029.uasset" 7119
"../../../Engine/Content/EngineMaterials/Substrate/Glints2/dict_0006_0031.uasset" 7120
"../../../Engine/Content/EngineMaterials/Substrate/Glints2/dict_0006_0032.uasset" 7121
"../../../Engine/Content/EngineMaterials/Substrate/Glints2/dict_0006_0027.uasset" 7122
"../../../Engine/Content/EngineMaterials/Substrate/Glints2/dict_0006_0026.uasset" 7123
"../../../Engine/Content/EngineMaterials/Substrate/Glints2/dict_0006_0021.uasset" 7124
"../../../Engine/Content/EngineMaterials/Substrate/Glints2/dict_0006_0035.uasset" 7125
"../../../Engine/Content/EngineMaterials/Substrate/Glints2/dict_0006_0016.uasset" 7126
"../../../Engine/Content/EngineMaterials/Substrate/Glints2/dict_0006_0018.uasset" 7127
"../../../Engine/Content/EngineMaterials/Substrate/Glints2/dict_0006_0017.uasset" 7128
"../../../Engine/Content/EngineMaterials/Substrate/Glints2/dict_0006_0023.uasset" 7129
"../../../Engine/Content/EngineMaterials/Substrate/Glints2/dict_0006_0024.uasset" 7130
"../../../Engine/Content/EngineMaterials/Substrate/Glints2/dict_0006_0022.uasset" 7131
"../../../Engine/Content/EngineMaterials/Substrate/Glints2/dict_0006_0019.uasset" 7132
"/Engine/EngineMaterials/Substrate/Glints2/dict_0006_0021" 7133
"/Engine/EngineMaterials/Substrate/Glints2/dict_0006_0022" 7134
"/Engine/EngineMaterials/Substrate/Glints2/dict_0006_0016" 7135
"../../../Engine/Content/EngineMaterials/Substrate/Glints2/dict_0006_0025.uasset" 7136
"/Engine/EngineMaterials/Substrate/Glints2/dict_0006_0017" 7137
"/Engine/EngineMaterials/Substrate/Glints2/dict_0006_0018" 7138
"/Engine/EngineMaterials/Substrate/Glints2/dict_0006_0019" 7139
"../../../Engine/Content/EngineMaterials/Substrate/Glints2/dict_0006_0020.uasset" 7140
"../../../Engine/Content/EngineMaterials/Substrate/Glints2/dict_0006_0015.uasset" 7141
"/Engine/EngineMaterials/Substrate/Glints2/dict_0006_0023" 7142
"/Engine/EngineMaterials/Substrate/Glints2/dict_0006_0024" 7143
"/Engine/EngineMaterials/Substrate/Glints2/dict_0006_0055" 7144
"/Engine/EngineMaterials/Substrate/Glints2/dict_0006_0026" 7145
"/Engine/EngineMaterials/Substrate/Glints2/dict_0006_0027" 7146
"/Engine/EngineMaterials/Substrate/Glints2/dict_0006_0028" 7147
"/Engine/EngineMaterials/Substrate/Glints2/dict_0006_0029" 7148
"/Engine/EngineMaterials/Substrate/Glints2/dict_0006_0030" 7149
"/Engine/EngineMaterials/Substrate/Glints2/dict_0006_0031" 7150
"../../../Engine/Content/EngineMaterials/Substrate/Glints2/dict_0006_0007.uasset" 7151
"../../../Engine/Content/EngineMaterials/Substrate/Glints2/dict_0006_0011.uasset" 7152
"../../../Engine/Content/EngineMaterials/Substrate/Glints2/dict_0006_0008.uasset" 7153
"../../../Engine/Content/EngineMaterials/Substrate/Glints2/dict_0006_0012.uasset" 7154
"../../../Engine/Content/EngineMaterials/Substrate/Glints2/dict_0006_0009.uasset" 7155
"/Engine/EngineMaterials/Substrate/Glints2/dict_0006_0032" 7156
"../../../Engine/Content/EngineMaterials/Substrate/Glints2/dict_0006_0006.uasset" 7157
"/Engine/EngineMaterials/Substrate/Glints2/dict_0006_0033" 7158
"/Engine/EngineMaterials/Substrate/Glints2/dict_0006_0034" 7159
"../../../Engine/Content/EngineMaterials/Substrate/Glints2/dict_0006_0010.uasset" 7160
"../../../Engine/Content/EngineMaterials/Substrate/Glints2/dict_0006_0014.uasset" 7161
"/Engine/EngineMaterials/Substrate/Glints2/dict_0006_0035" 7162
"/Engine/EngineMaterials/Substrate/Glints2/dict_0006_0008" 7163
"/Engine/EngineMaterials/Substrate/Glints2/dict_0006_0015" 7164
"/Engine/EngineMaterials/Substrate/Glints2/dict_0006_0009" 7165
"/Engine/EngineMaterials/Substrate/Glints2/dict_0006_0010" 7166
"/Engine/EngineMaterials/Substrate/Glints2/dict_0006_0011" 7167
"/Engine/EngineMaterials/Substrate/Glints2/dict_0006_0012" 7168
"/Engine/EngineMaterials/Substrate/Glints2/dict_0006_0006" 7169
"/Engine/EngineMaterials/Substrate/Glints2/dict_0006_0020" 7170
"/Engine/EngineMaterials/Substrate/Glints2/dict_0006_0025" 7171
"/Engine/EngineMaterials/Substrate/Glints2/dict_0006_0014" 7172
"../../../Engine/Content/EngineMaterials/Substrate/Glints2/dict_0006_0013.uasset" 7173
"/Engine/EngineMaterials/Substrate/Glints2/dict_0006_0007" 7174
"/Engine/EngineMaterials/Substrate/Glints2/dict_0006_0013" 7175
"../../../Engine/Content/EngineMaterials/Substrate/Glints2/dict_0006_0003.uasset" 7176
"../../../Engine/Content/EngineMaterials/Substrate/Glints2/dict_0005_0253.uasset" 7177
"../../../Engine/Content/EngineMaterials/Substrate/Glints2/dict_0006_0004.uasset" 7178
"../../../Engine/Content/EngineMaterials/Substrate/Glints2/dict_0005_0255.uasset" 7179
"../../../Engine/Content/EngineMaterials/Substrate/Glints2/dict_0006_0000.uasset" 7180
"../../../Engine/Content/EngineMaterials/Substrate/Glints2/dict_0006_0002.uasset" 7181
"../../../Engine/Content/EngineMaterials/Substrate/Glints2/dict_0005_0254.uasset" 7182
"../../../Engine/Content/EngineMaterials/Substrate/Glints2/dict_0006_0001.uasset" 7183
"../../../Engine/Content/EngineMaterials/Substrate/Glints2/dict_0006_0005.uasset" 7184
"/Engine/EngineMaterials/Substrate/Glints2/dict_0006_0005" 7185
"/Engine/EngineMaterials/Substrate/Glints2/dict_0005_0253" 7186
"/Engine/EngineMaterials/Substrate/Glints2/dict_0005_0254" 7187
"/Engine/EngineMaterials/Substrate/Glints2/dict_0005_0255" 7188
"../../../Engine/Content/EngineMaterials/Substrate/Glints2/dict_0005_0243.uasset" 7189
"../../../Engine/Content/EngineMaterials/Substrate/Glints2/dict_0005_0250.uasset" 7190
"../../../Engine/Content/EngineMaterials/Substrate/Glints2/dict_0005_0245.uasset" 7191
"../../../Engine/Content/EngineMaterials/Substrate/Glints2/dict_0005_0244.uasset" 7192
"/Engine/EngineMaterials/Substrate/Glints2/dict_0006_0000" 7193
"/Engine/EngineMaterials/Substrate/Glints2/dict_0006_0001" 7194
"/Engine/EngineMaterials/Substrate/Glints2/dict_0006_0002" 7195
"../../../Engine/Content/EngineMaterials/Substrate/Glints2/dict_0005_0246.uasset" 7196
"../../../Engine/Content/EngineMaterials/Substrate/Glints2/dict_0005_0249.uasset" 7197
"../../../Engine/Content/EngineMaterials/Substrate/Glints2/dict_0005_0248.uasset" 7198
"/Engine/EngineMaterials/Substrate/Glints2/dict_0006_0003" 7199
"../../../Engine/Content/EngineMaterials/Substrate/Glints2/dict_0005_0247.uasset" 7200
"../../../Engine/Content/EngineMaterials/Substrate/Glints2/dict_0005_0251.uasset" 7201
"/Engine/EngineMaterials/Substrate/Glints2/dict_0006_0004" 7202
"/Engine/EngineMaterials/Substrate/Glints2/dict_0005_0243" 7203
"/Engine/EngineMaterials/Substrate/Glints2/dict_0005_0244" 7204
"../../../Engine/Content/EngineMaterials/Substrate/Glints2/dict_0005_0242.uasset" 7205
"/Engine/EngineMaterials/Substrate/Glints2/dict_0005_0245" 7206
"/Engine/EngineMaterials/Substrate/Glints2/dict_0005_0246" 7207
"../../../Engine/Content/EngineMaterials/Substrate/Glints2/dict_0005_0252.uasset" 7208
"/Engine/EngineMaterials/Substrate/Glints2/dict_0005_0247" 7209
"/Engine/EngineMaterials/Substrate/Glints2/dict_0005_0248" 7210
"/Engine/EngineMaterials/Substrate/Glints2/dict_0005_0249" 7211
"/Engine/EngineMaterials/Substrate/Glints2/dict_0005_0250" 7212
"/Engine/EngineMaterials/Substrate/Glints2/dict_0005_0251" 7213
"/Engine/EngineMaterials/Substrate/Glints2/dict_0005_0242" 7214
"/Engine/EngineMaterials/Substrate/Glints2/dict_0005_0252" 7215
"../../../Engine/Content/EngineMaterials/Substrate/Glints2/dict_0005_0239.uasset" 7216
"../../../Engine/Content/EngineMaterials/Substrate/Glints2/dict_0005_0241.uasset" 7217
"../../../Engine/Content/EngineMaterials/Substrate/Glints2/dict_0005_0235.uasset" 7218
"../../../Engine/Content/EngineMaterials/Substrate/Glints2/dict_0005_0234.uasset" 7219
"../../../Engine/Content/EngineMaterials/Substrate/Glints2/dict_0005_0237.uasset" 7220
"../../../Engine/Content/EngineMaterials/Substrate/Glints2/dict_0005_0240.uasset" 7221
"../../../Engine/Content/EngineMaterials/Substrate/Glints2/dict_0005_0233.uasset" 7222
"../../../Engine/Content/EngineMaterials/Substrate/Glints2/dict_0005_0231.uasset" 7223
"/Engine/EngineMaterials/Substrate/Glints2/dict_0005_0231" 7224
"/Engine/EngineMaterials/Substrate/Glints2/dict_0005_0233" 7225
"../../../Engine/Content/EngineMaterials/Substrate/Glints2/dict_0005_0230.uasset" 7226
"/Engine/EngineMaterials/Substrate/Glints2/dict_0005_0234" 7227
"/Engine/EngineMaterials/Substrate/Glints2/dict_0005_0235" 7228
"/Engine/EngineMaterials/Substrate/Glints2/dict_0005_0237" 7229
"/Engine/EngineMaterials/Substrate/Glints2/dict_0005_0239" 7230
"../../../Engine/Content/EngineMaterials/Substrate/Glints2/dict_0005_0236.uasset" 7231
"/Engine/EngineMaterials/Substrate/Glints2/dict_0005_0240" 7232
"/Engine/EngineMaterials/Substrate/Glints2/dict_0005_0241" 7233
"/Engine/EngineMaterials/Substrate/Glints2/dict_0005_0236" 7234
"/Engine/EngineMaterials/Substrate/Glints2/dict_0005_0230" 7235
"../../../Engine/Content/EngineMaterials/Substrate/Glints2/dict_0005_0226.uasset" 7236
"../../../Engine/Content/EngineMaterials/Substrate/Glints2/dict_0005_0227.uasset" 7237
"../../../Engine/Content/EngineMaterials/Substrate/Glints2/dict_0005_0228.uasset" 7238
"../../../Engine/Content/EngineMaterials/Substrate/Glints2/dict_0005_0229.uasset" 7239
"/Engine/EngineMaterials/Substrate/Glints2/dict_0005_0226" 7240
"/Engine/EngineMaterials/Substrate/Glints2/dict_0005_0227" 7241
"/Engine/EngineMaterials/Substrate/Glints2/dict_0005_0228" 7242
"../../../Engine/Content/EngineMaterials/Substrate/Glints2/dict_0005_0225.uasset" 7243
"/Engine/EngineMaterials/Substrate/Glints2/dict_0005_0229" 7244
"/Engine/EngineMaterials/Substrate/Glints2/dict_0005_0225" 7245
"../../../Engine/Content/EngineMaterials/Substrate/Glints2/dict_0005_0224.uasset" 7246
"../../../Engine/Content/EngineMaterials/Substrate/Glints2/dict_0005_0238.uasset" 7247
"../../../Engine/Content/EngineMaterials/Substrate/Glints2/dict_0005_0232.uasset" 7248
"../../../Engine/Content/EngineMaterials/Substrate/Glints2/dict_0005_0221.uasset" 7249
"../../../Engine/Content/EngineMaterials/Substrate/Glints2/dict_0005_0222.uasset" 7250
"../../../Engine/Content/EngineMaterials/Substrate/Glints2/dict_0005_0223.uasset" 7251
"../../../Engine/Content/EngineMaterials/Substrate/Glints2/dict_0005_0218.uasset" 7252
"../../../Engine/Content/EngineMaterials/Substrate/Glints2/dict_0005_0216.uasset" 7253
"../../../Engine/Content/EngineMaterials/Substrate/Glints2/dict_0005_0219.uasset" 7254
"../../../Engine/Content/EngineMaterials/Substrate/Glints2/dict_0005_0217.uasset" 7255
"../../../Engine/Content/EngineMaterials/Substrate/Glints2/dict_0005_0215.uasset" 7256
"../../../Engine/Content/EngineMaterials/Substrate/Glints2/dict_0005_0220.uasset" 7257
"../../../Engine/Content/EngineMaterials/Substrate/Glints2/dict_0005_0213.uasset" 7258
"../../../Engine/Content/EngineMaterials/Substrate/Glints2/dict_0005_0214.uasset" 7259
"../../../Engine/Content/EngineMaterials/Substrate/Glints2/dict_0005_0211.uasset" 7260
"../../../Engine/Content/EngineMaterials/Substrate/Glints2/dict_0005_0209.uasset" 7261
"../../../Engine/Content/EngineMaterials/Substrate/Glints2/dict_0005_0210.uasset" 7262
"../../../Engine/Content/EngineMaterials/Substrate/Glints2/dict_0005_0212.uasset" 7263
"/Engine/EngineMaterials/Substrate/Glints2/dict_0005_0210" 7264
"/Engine/EngineMaterials/Substrate/Glints2/dict_0005_0212" 7265
"/Engine/EngineMaterials/Substrate/Glints2/dict_0005_0232" 7266
"/Engine/EngineMaterials/Substrate/Glints2/dict_0005_0213" 7267
"/Engine/EngineMaterials/Substrate/Glints2/dict_0005_0214" 7268
"/Engine/EngineMaterials/Substrate/Glints2/dict_0005_0221" 7269
"../../../Engine/Content/EngineMaterials/Substrate/Glints2/dict_0005_0204.uasset" 7270
"../../../Engine/Content/EngineMaterials/Substrate/Glints2/dict_0005_0207.uasset" 7271
"../../../Engine/Content/EngineMaterials/Substrate/Glints2/dict_0005_0205.uasset" 7272
"/Engine/EngineMaterials/Substrate/Glints2/dict_0005_0215" 7273
"/Engine/EngineMaterials/Substrate/Glints2/dict_0005_0216" 7274
"../../../Engine/Content/EngineMaterials/Substrate/Glints2/dict_0005_0208.uasset" 7275
"/Engine/EngineMaterials/Substrate/Glints2/dict_0005_0238" 7276
"/Engine/EngineMaterials/Substrate/Glints2/dict_0005_0217" 7277
"/Engine/EngineMaterials/Substrate/Glints2/dict_0005_0218" 7278
"../../../Engine/Content/EngineMaterials/Substrate/Glints2/dict_0005_0202.uasset" 7279
"/Engine/EngineMaterials/Substrate/Glints2/dict_0005_0219" 7280
"/Engine/EngineMaterials/Substrate/Glints2/dict_0005_0211" 7281
"/Engine/EngineMaterials/Substrate/Glints2/dict_0005_0209" 7282
"/Engine/EngineMaterials/Substrate/Glints2/dict_0005_0222" 7283
"/Engine/EngineMaterials/Substrate/Glints2/dict_0005_0223" 7284
"/Engine/EngineMaterials/Substrate/Glints2/dict_0005_0224" 7285
"../../../Engine/Content/EngineMaterials/Substrate/Glints2/dict_0005_0201.uasset" 7286
"../../../Engine/Content/EngineMaterials/Substrate/Glints2/dict_0005_0200.uasset" 7287
"../../../Engine/Content/EngineMaterials/Substrate/Glints2/dict_0005_0198.uasset" 7288
"/Engine/EngineMaterials/Substrate/Glints2/dict_0005_0202" 7289
"../../../Engine/Content/EngineMaterials/Substrate/Glints2/dict_0005_0203.uasset" 7290
"/Engine/EngineMaterials/Substrate/Glints2/dict_0005_0204" 7291
"../../../Engine/Content/EngineMaterials/Substrate/Glints2/dict_0005_0199.uasset" 7292
"/Engine/EngineMaterials/Substrate/Glints2/dict_0005_0205" 7293
"/Engine/EngineMaterials/Substrate/Glints2/dict_0005_0200" 7294
"/Engine/EngineMaterials/Substrate/Glints2/dict_0005_0201" 7295
"/Engine/EngineMaterials/Substrate/Glints2/dict_0005_0207" 7296
"/Engine/EngineMaterials/Substrate/Glints2/dict_0005_0208" 7297
"/Engine/EngineMaterials/Substrate/Glints2/dict_0005_0220" 7298
"/Engine/EngineMaterials/Substrate/Glints2/dict_0005_0203" 7299
"/Engine/EngineMaterials/Substrate/Glints2/dict_0005_0198" 7300
"../../../Engine/Content/EngineMaterials/Substrate/Glints2/dict_0005_0195.uasset" 7301
"/Engine/EngineMaterials/Substrate/Glints2/dict_0005_0199" 7302
"/Engine/EngineMaterials/Substrate/Glints2/dict_0005_0195" 7303
"../../../Engine/Content/EngineMaterials/Substrate/Glints2/dict_0005_0197.uasset" 7304
"../../../Engine/Content/EngineMaterials/Substrate/Glints2/dict_0005_0190.uasset" 7305
"../../../Engine/Content/EngineMaterials/Substrate/Glints2/dict_0005_0193.uasset" 7306
"../../../Engine/Content/EngineMaterials/Substrate/Glints2/dict_0005_0194.uasset" 7307
"../../../Engine/Content/EngineMaterials/Substrate/Glints2/dict_0005_0191.uasset" 7308
"../../../Engine/Content/EngineMaterials/Substrate/Glints2/dict_0005_0206.uasset" 7309
"../../../Engine/Content/EngineMaterials/Substrate/Glints2/dict_0005_0196.uasset" 7310
"../../../Engine/Content/EngineMaterials/Substrate/Glints2/dict_0005_0192.uasset" 7311
"../../../Engine/Content/EngineMaterials/Substrate/Glints2/dict_0005_0189.uasset" 7312
"../../../Engine/Content/EngineMaterials/Substrate/Glints2/dict_0005_0188.uasset" 7313
"/Engine/EngineMaterials/Substrate/Glints2/dict_0005_0206" 7314
"/Engine/EngineMaterials/Substrate/Glints2/dict_0005_0188" 7315
"/Engine/EngineMaterials/Substrate/Glints2/dict_0005_0189" 7316
"../../../Engine/Content/EngineMaterials/Substrate/Glints2/dict_0005_0186.uasset" 7317
"/Engine/EngineMaterials/Substrate/Glints2/dict_0005_0190" 7318
"/Engine/EngineMaterials/Substrate/Glints2/dict_0005_0191" 7319
"/Engine/EngineMaterials/Substrate/Glints2/dict_0005_0192" 7320
"/Engine/EngineMaterials/Substrate/Glints2/dict_0005_0193" 7321
"/Engine/EngineMaterials/Substrate/Glints2/dict_0005_0194" 7322
"../../../Engine/Content/EngineMaterials/Substrate/Glints2/dict_0005_0184.uasset" 7323
"../../../Engine/Content/EngineMaterials/Substrate/Glints2/dict_0005_0182.uasset" 7324
"/Engine/EngineMaterials/Substrate/Glints2/dict_0005_0196" 7325
"../../../Engine/Content/EngineMaterials/Substrate/Glints2/dict_0005_0180.uasset" 7326
"/Engine/EngineMaterials/Substrate/Glints2/dict_0005_0197" 7327
"../../../Engine/Content/EngineMaterials/Substrate/Glints2/dict_0005_0185.uasset" 7328
"../../../Engine/Content/EngineMaterials/Substrate/Glints2/dict_0005_0183.uasset" 7329
"/Engine/EngineMaterials/Substrate/Glints2/dict_0005_0180" 7330
"../../../Engine/Content/EngineMaterials/Substrate/Glints2/dict_0005_0178.uasset" 7331
"../../../Engine/Content/EngineMaterials/Substrate/Glints2/dict_0005_0181.uasset" 7332
"/Engine/EngineMaterials/Substrate/Glints2/dict_0005_0182" 7333
"/Engine/EngineMaterials/Substrate/Glints2/dict_0005_0183" 7334
"../../../Engine/Content/EngineMaterials/Substrate/Glints2/dict_0005_0179.uasset" 7335
"/Engine/EngineMaterials/Substrate/Glints2/dict_0005_0184" 7336
"/Engine/EngineMaterials/Substrate/Glints2/dict_0005_0185" 7337
"../../../Engine/Content/EngineMaterials/Substrate/Glints2/dict_0005_0187.uasset" 7338
"/Engine/EngineMaterials/Substrate/Glints2/dict_0005_0186" 7339
"/Engine/EngineMaterials/Substrate/Glints2/dict_0005_0178" 7340
"/Engine/EngineMaterials/Substrate/Glints2/dict_0005_0179" 7341
"/Engine/EngineMaterials/Substrate/Glints2/dict_0005_0181" 7342
"/Engine/EngineMaterials/Substrate/Glints2/dict_0005_0187" 7343
"../../../Engine/Content/EngineMaterials/Substrate/Glints2/dict_0005_0176.uasset" 7344
"../../../Engine/Content/EngineMaterials/Substrate/Glints2/dict_0005_0171.uasset" 7345
"../../../Engine/Content/EngineMaterials/Substrate/Glints2/dict_0005_0172.uasset" 7346
"../../../Engine/Content/EngineMaterials/Substrate/Glints2/dict_0005_0177.uasset" 7347
"../../../Engine/Content/EngineMaterials/Substrate/Glints2/dict_0005_0169.uasset" 7348
"../../../Engine/Content/EngineMaterials/Substrate/Glints2/dict_0005_0168.uasset" 7349
"../../../Engine/Content/EngineMaterials/Substrate/Glints2/dict_0005_0175.uasset" 7350
"/Engine/EngineMaterials/Substrate/Glints2/dict_0005_0171" 7351
"/Engine/EngineMaterials/Substrate/Glints2/dict_0005_0172" 7352
"/Engine/EngineMaterials/Substrate/Glints2/dict_0005_0175" 7353
"../../../Engine/Content/EngineMaterials/Substrate/Glints2/dict_0005_0173.uasset" 7354
"/Engine/EngineMaterials/Substrate/Glints2/dict_0005_0176" 7355
"../../../Engine/Content/EngineMaterials/Substrate/Glints2/dict_0005_0170.uasset" 7356
"../../../Engine/Content/EngineMaterials/Substrate/Glints2/dict_0005_0174.uasset" 7357
"/Engine/EngineMaterials/Substrate/Glints2/dict_0005_0177" 7358
"/Engine/EngineMaterials/Substrate/Glints2/dict_0005_0168" 7359
"/Engine/EngineMaterials/Substrate/Glints2/dict_0005_0169" 7360
"/Engine/EngineMaterials/Substrate/Glints2/dict_0005_0170" 7361
"/Engine/EngineMaterials/Substrate/Glints2/dict_0005_0173" 7362
"/Engine/EngineMaterials/Substrate/Glints2/dict_0005_0174" 7363
"../../../Engine/Content/EngineMaterials/Substrate/Glints2/dict_0005_0167.uasset" 7364
"../../../Engine/Content/EngineMaterials/Substrate/Glints2/dict_0005_0161.uasset" 7365
"../../../Engine/Content/EngineMaterials/Substrate/Glints2/dict_0005_0165.uasset" 7366
"../../../Engine/Content/EngineMaterials/Substrate/Glints2/dict_0005_0166.uasset" 7367
"../../../Engine/Content/EngineMaterials/Substrate/Glints2/dict_0005_0162.uasset" 7368
"../../../Engine/Content/EngineMaterials/Substrate/Glints2/dict_0005_0160.uasset" 7369
"../../../Engine/Content/EngineMaterials/Substrate/Glints2/dict_0005_0163.uasset" 7370
"../../../Engine/Content/EngineMaterials/Substrate/Glints2/dict_0005_0156.uasset" 7371
"../../../Engine/Content/EngineMaterials/Substrate/Glints2/dict_0005_0158.uasset" 7372
"../../../Engine/Content/EngineMaterials/Substrate/Glints2/dict_0005_0164.uasset" 7373
"../../../Engine/Content/EngineMaterials/Substrate/Glints2/dict_0005_0159.uasset" 7374
"../../../Engine/Content/EngineMaterials/Substrate/Glints2/dict_0005_0157.uasset" 7375
"../../../Engine/Content/EngineMaterials/Substrate/Glints2/dict_0005_0154.uasset" 7376
"../../../Engine/Content/EngineMaterials/Substrate/Glints2/dict_0005_0152.uasset" 7377
"../../../Engine/Content/EngineMaterials/Substrate/Glints2/dict_0005_0151.uasset" 7378
"/Engine/EngineMaterials/Substrate/Glints2/dict_0005_0167" 7379
"../../../Engine/Content/EngineMaterials/Substrate/Glints2/dict_0005_0150.uasset" 7380
"../../../Engine/Content/EngineMaterials/Substrate/Glints2/dict_0005_0153.uasset" 7381
"../../../Engine/Content/EngineMaterials/Substrate/Glints2/dict_0005_0149.uasset" 7382
"/Engine/EngineMaterials/Substrate/Glints2/dict_0005_0151" 7383
"../../../Engine/Content/EngineMaterials/Substrate/Glints2/dict_0005_0147.uasset" 7384
"../../../Engine/Content/EngineMaterials/Substrate/Glints2/dict_0005_0155.uasset" 7385
"/Engine/EngineMaterials/Substrate/Glints2/dict_0005_0152" 7386
"/Engine/EngineMaterials/Substrate/Glints2/dict_0005_0156" 7387
"/Engine/EngineMaterials/Substrate/Glints2/dict_0005_0154" 7388
"/Engine/EngineMaterials/Substrate/Glints2/dict_0005_0157" 7389
"/Engine/EngineMaterials/Substrate/Glints2/dict_0005_0158" 7390
"../../../Engine/Content/EngineMaterials/Substrate/Glints2/dict_0005_0146.uasset" 7391
"../../../Engine/Content/EngineMaterials/Substrate/Glints2/dict_0005_0143.uasset" 7392
"/Engine/EngineMaterials/Substrate/Glints2/dict_0005_0159" 7393
"../../../Engine/Content/EngineMaterials/Substrate/Glints2/dict_0005_0145.uasset" 7394
"/Engine/EngineMaterials/Substrate/Glints2/dict_0005_0160" 7395
"/Engine/EngineMaterials/Substrate/Glints2/dict_0005_0161" 7396
"/Engine/EngineMaterials/Substrate/Glints2/dict_0005_0162" 7397
"../../../Engine/Content/EngineMaterials/Substrate/Glints2/dict_0005_0144.uasset" 7398
"/Engine/EngineMaterials/Substrate/Glints2/dict_0005_0163" 7399
"../../../Engine/Content/EngineMaterials/Substrate/Glints2/dict_0005_0148.uasset" 7400
"/Engine/EngineMaterials/Substrate/Glints2/dict_0005_0166" 7401
"/Engine/EngineMaterials/Substrate/Glints2/dict_0005_0164" 7402
"/Engine/EngineMaterials/Substrate/Glints2/dict_0005_0165" 7403
"../../../Engine/Content/EngineMaterials/Substrate/Glints2/dict_0005_0142.uasset" 7404
"/Engine/EngineMaterials/Substrate/Glints2/dict_0005_0146" 7405
"/Engine/EngineMaterials/Substrate/Glints2/dict_0005_0147" 7406
"/Engine/EngineMaterials/Substrate/Glints2/dict_0005_0150" 7407
"../../../Engine/Content/EngineMaterials/Substrate/Glints2/dict_0005_0141.uasset" 7408
"../../../Engine/Content/EngineMaterials/Substrate/Glints2/dict_0005_0139.uasset" 7409
"../../../Engine/Content/EngineMaterials/Substrate/Glints2/dict_0005_0137.uasset" 7410
"/Engine/EngineMaterials/Substrate/Glints2/dict_0005_0148" 7411
"/Engine/EngineMaterials/Substrate/Glints2/dict_0005_0153" 7412
"../../../Engine/Content/EngineMaterials/Substrate/Glints2/dict_0005_0136.uasset" 7413
"/Engine/EngineMaterials/Substrate/Glints2/dict_0005_0155" 7414
"/Engine/EngineMaterials/Substrate/Glints2/dict_0005_0149" 7415
"/Engine/EngineMaterials/Substrate/Glints2/dict_0005_0142" 7416
"../../../Engine/Content/EngineMaterials/Substrate/Glints2/dict_0005_0138.uasset" 7417
"/Engine/EngineMaterials/Substrate/Glints2/dict_0005_0143" 7418
"/Engine/EngineMaterials/Substrate/Glints2/dict_0005_0144" 7419
"/Engine/EngineMaterials/Substrate/Glints2/dict_0005_0145" 7420
"/Engine/EngineMaterials/Substrate/Glints2/dict_0005_0136" 7421
"/Engine/EngineMaterials/Substrate/Glints2/dict_0005_0139" 7422
"/Engine/EngineMaterials/Substrate/Glints2/dict_0005_0137" 7423
"/Engine/EngineMaterials/Substrate/Glints2/dict_0005_0138" 7424
"/Engine/EngineMaterials/Substrate/Glints2/dict_0005_0141" 7425
"../../../Engine/Content/EngineMaterials/Substrate/Glints2/dict_0005_0140.uasset" 7426
"../../../Engine/Content/EngineMaterials/Substrate/Glints2/dict_0005_0127.uasset" 7427
"../../../Engine/Content/EngineMaterials/Substrate/Glints2/dict_0005_0133.uasset" 7428
"../../../Engine/Content/EngineMaterials/Substrate/Glints2/dict_0005_0131.uasset" 7429
"../../../Engine/Content/EngineMaterials/Substrate/Glints2/dict_0005_0134.uasset" 7430
"../../../Engine/Content/EngineMaterials/Substrate/Glints2/dict_0005_0135.uasset" 7431
"../../../Engine/Content/EngineMaterials/Substrate/Glints2/dict_0005_0126.uasset" 7432
"../../../Engine/Content/EngineMaterials/Substrate/Glints2/dict_0005_0130.uasset" 7433
"../../../Engine/Content/EngineMaterials/Substrate/Glints2/dict_0005_0132.uasset" 7434
"../../../Engine/Content/EngineMaterials/Substrate/Glints2/dict_0005_0129.uasset" 7435
"../../../Engine/Content/EngineMaterials/Substrate/Glints2/dict_0005_0128.uasset" 7436
"../../../Engine/Content/EngineMaterials/Substrate/Glints2/dict_0005_0125.uasset" 7437
"/Engine/EngineMaterials/Substrate/Glints2/dict_0005_0140" 7438
"../../../Engine/Content/EngineMaterials/Substrate/Glints2/dict_0005_0123.uasset" 7439
"../../../Engine/Content/EngineMaterials/Substrate/Glints2/dict_0005_0121.uasset" 7440
"/Engine/EngineMaterials/Substrate/Glints2/dict_0005_0125" 7441
"../../../Engine/Content/EngineMaterials/Substrate/Glints2/dict_0005_0124.uasset" 7442
"../../../Engine/Content/EngineMaterials/Substrate/Glints2/dict_0005_0118.uasset" 7443
"/Engine/EngineMaterials/Substrate/Glints2/dict_0005_0126" 7444
"../../../Engine/Content/EngineMaterials/Substrate/Glints2/dict_0005_0117.uasset" 7445
"../../../Engine/Content/EngineMaterials/Substrate/Glints2/dict_0005_0120.uasset" 7446
"../../../Engine/Content/EngineMaterials/Substrate/Glints2/dict_0005_0122.uasset" 7447
"../../../Engine/Content/EngineMaterials/Substrate/Glints2/dict_0005_0114.uasset" 7448
"../../../Engine/Content/EngineMaterials/Substrate/Glints2/dict_0005_0113.uasset" 7449
"../../../Engine/Content/EngineMaterials/Substrate/Glints2/dict_0005_0119.uasset" 7450
"/Engine/EngineMaterials/Substrate/Glints2/dict_0005_0127" 7451
"/Engine/EngineMaterials/Substrate/Glints2/dict_0005_0128" 7452
"../../../Engine/Content/EngineMaterials/Substrate/Glints2/dict_0005_0115.uasset" 7453
"/Engine/EngineMaterials/Substrate/Glints2/dict_0005_0129" 7454
"/Engine/EngineMaterials/Substrate/Glints2/dict_0005_0130" 7455
"/Engine/EngineMaterials/Substrate/Glints2/dict_0005_0131" 7456
"/Engine/EngineMaterials/Substrate/Glints2/dict_0005_0132" 7457
"/Engine/EngineMaterials/Substrate/Glints2/dict_0005_0133" 7458
"/Engine/EngineMaterials/Substrate/Glints2/dict_0005_0134" 7459
"/Engine/EngineMaterials/Substrate/Glints2/dict_0005_0135" 7460
"/Engine/EngineMaterials/Substrate/Glints2/dict_0005_0121" 7461
"/Engine/EngineMaterials/Substrate/Glints2/dict_0005_0113" 7462
"/Engine/EngineMaterials/Substrate/Glints2/dict_0005_0122" 7463
"/Engine/EngineMaterials/Substrate/Glints2/dict_0005_0123" 7464
"../../../Engine/Content/EngineMaterials/Substrate/Glints2/dict_0005_0112.uasset" 7465
"/Engine/EngineMaterials/Substrate/Glints2/dict_0005_0124" 7466
"/Engine/EngineMaterials/Substrate/Glints2/dict_0005_0114" 7467
"/Engine/EngineMaterials/Substrate/Glints2/dict_0005_0115" 7468
"/Engine/EngineMaterials/Substrate/Glints2/dict_0005_0117" 7469
"/Engine/EngineMaterials/Substrate/Glints2/dict_0005_0118" 7470
"/Engine/EngineMaterials/Substrate/Glints2/dict_0005_0119" 7471
"/Engine/EngineMaterials/Substrate/Glints2/dict_0005_0120" 7472
"/Engine/EngineMaterials/Substrate/Glints2/dict_0005_0112" 7473
"../../../Engine/Content/EngineMaterials/Substrate/Glints2/dict_0005_0108.uasset" 7474
"../../../Engine/Content/EngineMaterials/Substrate/Glints2/dict_0005_0111.uasset" 7475
"../../../Engine/Content/EngineMaterials/Substrate/Glints2/dict_0005_0105.uasset" 7476
"../../../Engine/Content/EngineMaterials/Substrate/Glints2/dict_0005_0107.uasset" 7477
"../../../Engine/Content/EngineMaterials/Substrate/Glints2/dict_0005_0109.uasset" 7478
"../../../Engine/Content/EngineMaterials/Substrate/Glints2/dict_0005_0101.uasset" 7479
"../../../Engine/Content/EngineMaterials/Substrate/Glints2/dict_0005_0103.uasset" 7480
"../../../Engine/Content/EngineMaterials/Substrate/Glints2/dict_0005_0102.uasset" 7481
"../../../Engine/Content/EngineMaterials/Substrate/Glints2/dict_0005_0106.uasset" 7482
"../../../Engine/Content/EngineMaterials/Substrate/Glints2/dict_0005_0104.uasset" 7483
"../../../Engine/Content/EngineMaterials/Substrate/Glints2/dict_0005_0116.uasset" 7484
"../../../Engine/Content/EngineMaterials/Substrate/Glints2/dict_0005_0097.uasset" 7485
"../../../Engine/Content/EngineMaterials/Substrate/Glints2/dict_0005_0098.uasset" 7486
"../../../Engine/Content/EngineMaterials/Substrate/Glints2/dict_0005_0099.uasset" 7487
"../../../Engine/Content/EngineMaterials/Substrate/Glints2/dict_0005_0110.uasset" 7488
"/Engine/EngineMaterials/Substrate/Glints2/dict_0005_0105" 7489
"../../../Engine/Content/EngineMaterials/Substrate/Glints2/dict_0005_0093.uasset" 7490
"../../../Engine/Content/EngineMaterials/Substrate/Glints2/dict_0005_0094.uasset" 7491
"/Engine/EngineMaterials/Substrate/Glints2/dict_0005_0110" 7492
"../../../Engine/Content/EngineMaterials/Substrate/Glints2/dict_0005_0092.uasset" 7493
"/Engine/EngineMaterials/Substrate/Glints2/dict_0005_0111" 7494
"/Engine/EngineMaterials/Substrate/Glints2/dict_0005_0106" 7495
"../../../Engine/Content/EngineMaterials/Substrate/Glints2/dict_0005_0096.uasset" 7496
"/Engine/EngineMaterials/Substrate/Glints2/dict_0005_0107" 7497
"/Engine/EngineMaterials/Substrate/Glints2/dict_0005_0108" 7498
"/Engine/EngineMaterials/Substrate/Glints2/dict_0005_0109" 7499
"/Engine/EngineMaterials/Substrate/Glints2/dict_0005_0116" 7500
"../../../Engine/Content/EngineMaterials/Substrate/Glints2/dict_0005_0100.uasset" 7501
"/Engine/EngineMaterials/Substrate/Glints2/dict_0005_0097" 7502
"/Engine/EngineMaterials/Substrate/Glints2/dict_0005_0098" 7503
"/Engine/EngineMaterials/Substrate/Glints2/dict_0005_0099" 7504
"../../../Engine/Content/EngineMaterials/Substrate/Glints2/dict_0005_0090.uasset" 7505
"../../../Engine/Content/EngineMaterials/Substrate/Glints2/dict_0005_0088.uasset" 7506
"/Engine/EngineMaterials/Substrate/Glints2/dict_0005_0101" 7507
"../../../Engine/Content/EngineMaterials/Substrate/Glints2/dict_0005_0091.uasset" 7508
"/Engine/EngineMaterials/Substrate/Glints2/dict_0005_0102" 7509
"/Engine/EngineMaterials/Substrate/Glints2/dict_0005_0103" 7510
"/Engine/EngineMaterials/Substrate/Glints2/dict_0005_0104" 7511
"../../../Engine/Content/EngineMaterials/Substrate/Glints2/dict_0005_0086.uasset" 7512
"/Engine/EngineMaterials/Substrate/Glints2/dict_0005_0093" 7513
"../../../Engine/Content/EngineMaterials/Substrate/Glints2/dict_0005_0087.uasset" 7514
"/Engine/EngineMaterials/Substrate/Glints2/dict_0005_0086" 7515
"/Engine/EngineMaterials/Substrate/Glints2/dict_0005_0094" 7516
"/Engine/EngineMaterials/Substrate/Glints2/dict_0005_0088" 7517
"../../../Engine/Content/EngineMaterials/Substrate/Glints2/dict_0005_0085.uasset" 7518
"/Engine/EngineMaterials/Substrate/Glints2/dict_0005_0096" 7519
"../../../Engine/Content/EngineMaterials/Substrate/Glints2/dict_0005_0082.uasset" 7520
"../../../Engine/Content/EngineMaterials/Substrate/Glints2/dict_0005_0084.uasset" 7521
"/Engine/EngineMaterials/Substrate/Glints2/dict_0005_0090" 7522
"/Engine/EngineMaterials/Substrate/Glints2/dict_0005_0100" 7523
"/Engine/EngineMaterials/Substrate/Glints2/dict_0005_0091" 7524
"/Engine/EngineMaterials/Substrate/Glints2/dict_0005_0092" 7525
"/Engine/EngineMaterials/Substrate/Glints2/dict_0005_0082" 7526
"../../../Engine/Content/EngineMaterials/Substrate/Glints2/dict_0005_0083.uasset" 7527
"../../../Engine/Content/EngineMaterials/Substrate/Glints2/dict_0005_0095.uasset" 7528
"/Engine/EngineMaterials/Substrate/Glints2/dict_0005_0084" 7529
"/Engine/EngineMaterials/Substrate/Glints2/dict_0005_0085" 7530
"/Engine/EngineMaterials/Substrate/Glints2/dict_0005_0087" 7531
"/Engine/EngineMaterials/Substrate/Glints2/dict_0005_0083" 7532
"/Engine/EngineMaterials/Substrate/Glints2/dict_0005_0095" 7533
"../../../Engine/Content/EngineMaterials/Substrate/Glints2/dict_0005_0089.uasset" 7534
"/Engine/EngineMaterials/Substrate/Glints2/dict_0005_0089" 7535
"../../../Engine/Content/EngineMaterials/Substrate/Glints2/dict_0005_0080.uasset" 7536
"../../../Engine/Content/EngineMaterials/Substrate/Glints2/dict_0005_0079.uasset" 7537
"../../../Engine/Content/EngineMaterials/Substrate/Glints2/dict_0005_0078.uasset" 7538
"../../../Engine/Content/EngineMaterials/Substrate/Glints2/dict_0005_0077.uasset" 7539
"../../../Engine/Content/EngineMaterials/Substrate/Glints2/dict_0005_0075.uasset" 7540
"../../../Engine/Content/EngineMaterials/Substrate/Glints2/dict_0005_0074.uasset" 7541
"../../../Engine/Content/EngineMaterials/Substrate/Glints2/dict_0005_0073.uasset" 7542
"../../../Engine/Content/EngineMaterials/Substrate/Glints2/dict_0005_0081.uasset" 7543
"../../../Engine/Content/EngineMaterials/Substrate/Glints2/dict_0005_0076.uasset" 7544
"/Engine/EngineMaterials/Substrate/Glints2/dict_0005_0081" 7545
"/Engine/EngineMaterials/Substrate/Glints2/dict_0005_0073" 7546
"/Engine/EngineMaterials/Substrate/Glints2/dict_0005_0074" 7547
"/Engine/EngineMaterials/Substrate/Glints2/dict_0005_0075" 7548
"../../../Engine/Content/EngineMaterials/Substrate/Glints2/dict_0005_0069.uasset" 7549
"../../../Engine/Content/EngineMaterials/Substrate/Glints2/dict_0005_0068.uasset" 7550
"/Engine/EngineMaterials/Substrate/Glints2/dict_0005_0076" 7551
"/Engine/EngineMaterials/Substrate/Glints2/dict_0005_0077" 7552
"../../../Engine/Content/EngineMaterials/Substrate/Glints2/dict_0005_0070.uasset" 7553
"../../../Engine/Content/EngineMaterials/Substrate/Glints2/dict_0005_0072.uasset" 7554
"/Engine/EngineMaterials/Substrate/Glints2/dict_0005_0078" 7555
"/Engine/EngineMaterials/Substrate/Glints2/dict_0005_0079" 7556
"/Engine/EngineMaterials/Substrate/Glints2/dict_0005_0080" 7557
"../../../Engine/Content/EngineMaterials/Substrate/Glints2/dict_0005_0065.uasset" 7558
"/Engine/EngineMaterials/Substrate/Glints2/dict_0005_0068" 7559
"/Engine/EngineMaterials/Substrate/Glints2/dict_0005_0069" 7560
"../../../Engine/Content/EngineMaterials/Substrate/Glints2/dict_0005_0071.uasset" 7561
"/Engine/EngineMaterials/Substrate/Glints2/dict_0005_0070" 7562
"/Engine/EngineMaterials/Substrate/Glints2/dict_0005_0072" 7563
"/Engine/EngineMaterials/Substrate/Glints2/dict_0005_0065" 7564
"../../../Engine/Content/EngineMaterials/Substrate/Glints2/dict_0005_0066.uasset" 7565
"../../../Engine/Content/EngineMaterials/Substrate/Glints2/dict_0005_0067.uasset" 7566
"../../../Engine/Content/EngineMaterials/Substrate/Glints2/dict_0005_0062.uasset" 7567
"/Engine/EngineMaterials/Substrate/Glints2/dict_0005_0066" 7568
"/Engine/EngineMaterials/Substrate/Glints2/dict_0005_0067" 7569
"/Engine/EngineMaterials/Substrate/Glints2/dict_0005_0071" 7570
"/Engine/EngineMaterials/Substrate/Glints2/dict_0005_0062" 7571
"../../../Engine/Content/EngineMaterials/Substrate/Glints2/dict_0005_0064.uasset" 7572
"../../../Engine/Content/EngineMaterials/Substrate/Glints2/dict_0005_0063.uasset" 7573
"../../../Engine/Content/EngineMaterials/Substrate/Glints2/dict_0005_0059.uasset" 7574
"../../../Engine/Content/EngineMaterials/Substrate/Glints2/dict_0005_0061.uasset" 7575
"../../../Engine/Content/EngineMaterials/Substrate/Glints2/dict_0005_0058.uasset" 7576
"../../../Engine/Content/EngineMaterials/Substrate/Glints2/dict_0005_0053.uasset" 7577
"../../../Engine/Content/EngineMaterials/Substrate/Glints2/dict_0005_0057.uasset" 7578
"../../../Engine/Content/EngineMaterials/Substrate/Glints2/dict_0005_0054.uasset" 7579
"../../../Engine/Content/EngineMaterials/Substrate/Glints2/dict_0005_0060.uasset" 7580
"/Engine/EngineMaterials/Substrate/Glints2/dict_0005_0053" 7581
"../../../Engine/Content/EngineMaterials/Substrate/Glints2/dict_0005_0055.uasset" 7582
"/Engine/EngineMaterials/Substrate/Glints2/dict_0005_0057" 7583
"../../../Engine/Content/EngineMaterials/Substrate/Glints2/dict_0005_0056.uasset" 7584
"/Engine/EngineMaterials/Substrate/Glints2/dict_0005_0054" 7585
"/Engine/EngineMaterials/Substrate/Glints2/dict_0005_0058" 7586
"/Engine/EngineMaterials/Substrate/Glints2/dict_0005_0059" 7587
"/Engine/EngineMaterials/Substrate/Glints2/dict_0005_0060" 7588
"/Engine/EngineMaterials/Substrate/Glints2/dict_0005_0061" 7589
"/Engine/EngineMaterials/Substrate/Glints2/dict_0005_0063" 7590
"/Engine/EngineMaterials/Substrate/Glints2/dict_0005_0064" 7591
"../../../Engine/Content/EngineMaterials/Substrate/Glints2/dict_0005_0050.uasset" 7592
"/Engine/EngineMaterials/Substrate/Glints2/dict_0005_0055" 7593
"/Engine/EngineMaterials/Substrate/Glints2/dict_0005_0056" 7594
"/Engine/EngineMaterials/Substrate/Glints2/dict_0005_0050" 7595
"../../../Engine/Content/EngineMaterials/Substrate/Glints2/dict_0005_0048.uasset" 7596
"../../../Engine/Content/EngineMaterials/Substrate/Glints2/dict_0005_0047.uasset" 7597
"../../../Engine/Content/EngineMaterials/Substrate/Glints2/dict_0005_0049.uasset" 7598
"../../../Engine/Content/EngineMaterials/Substrate/Glints2/dict_0005_0051.uasset" 7599
"../../../Engine/Content/EngineMaterials/Substrate/Glints2/dict_0005_0044.uasset" 7600
"../../../Engine/Content/EngineMaterials/Substrate/Glints2/dict_0005_0052.uasset" 7601
"../../../Engine/Content/EngineMaterials/Substrate/Glints2/dict_0005_0043.uasset" 7602
"../../../Engine/Content/EngineMaterials/Substrate/Glints2/dict_0005_0042.uasset" 7603
"../../../Engine/Content/EngineMaterials/Substrate/Glints2/dict_0005_0045.uasset" 7604
"../../../Engine/Content/EngineMaterials/Substrate/Glints2/dict_0005_0046.uasset" 7605
"../../../Engine/Content/EngineMaterials/Substrate/Glints2/dict_0005_0041.uasset" 7606
"../../../Engine/Content/EngineMaterials/Substrate/Glints2/dict_0005_0040.uasset" 7607
"../../../Engine/Content/EngineMaterials/Substrate/Glints2/dict_0005_0038.uasset" 7608
"/Engine/EngineMaterials/Substrate/Glints2/dict_0005_0041" 7609
"../../../Engine/Content/EngineMaterials/Substrate/Glints2/dict_0005_0036.uasset" 7610
"../../../Engine/Content/EngineMaterials/Substrate/Glints2/dict_0005_0037.uasset" 7611
"/Engine/EngineMaterials/Substrate/Glints2/dict_0005_0051" 7612
"../../../Engine/Content/EngineMaterials/Substrate/Glints2/dict_0005_0033.uasset" 7613
"/Engine/EngineMaterials/Substrate/Glints2/dict_0005_0042" 7614
"../../../Engine/Content/EngineMaterials/Substrate/Glints2/dict_0005_0039.uasset" 7615
"/Engine/EngineMaterials/Substrate/Glints2/dict_0005_0052" 7616
"../../../Engine/Content/EngineMaterials/Substrate/Glints2/dict_0005_0034.uasset" 7617
"/Engine/EngineMaterials/Substrate/Glints2/dict_0005_0043" 7618
"/Engine/EngineMaterials/Substrate/Glints2/dict_0005_0044" 7619
"/Engine/EngineMaterials/Substrate/Glints2/dict_0005_0045" 7620
"/Engine/EngineMaterials/Substrate/Glints2/dict_0005_0046" 7621
"/Engine/EngineMaterials/Substrate/Glints2/dict_0005_0047" 7622
"/Engine/EngineMaterials/Substrate/Glints2/dict_0005_0048" 7623
"/Engine/EngineMaterials/Substrate/Glints2/dict_0005_0049" 7624
"/Engine/EngineMaterials/Substrate/Glints2/dict_0005_0040" 7625
"/Engine/EngineMaterials/Substrate/Glints2/dict_0005_0033" 7626
"../../../Engine/Content/EngineMaterials/Substrate/Glints2/dict_0005_0032.uasset" 7627
"/Engine/EngineMaterials/Substrate/Glints2/dict_0005_0034" 7628
"../../../Engine/Content/EngineMaterials/Substrate/Glints2/dict_0005_0035.uasset" 7629
"/Engine/EngineMaterials/Substrate/Glints2/dict_0005_0036" 7630
"/Engine/EngineMaterials/Substrate/Glints2/dict_0005_0037" 7631
"/Engine/EngineMaterials/Substrate/Glints2/dict_0005_0038" 7632
"/Engine/EngineMaterials/Substrate/Glints2/dict_0005_0039" 7633
"../../../Engine/Content/EngineMaterials/Substrate/Glints2/dict_0005_0031.uasset" 7634
"/Engine/EngineMaterials/Substrate/Glints2/dict_0005_0035" 7635
"/Engine/EngineMaterials/Substrate/Glints2/dict_0005_0032" 7636
"/Engine/EngineMaterials/Substrate/Glints2/dict_0005_0031" 7637
"../../../Engine/Content/EngineMaterials/Substrate/Glints2/dict_0005_0027.uasset" 7638
"../../../Engine/Content/EngineMaterials/Substrate/Glints2/dict_0005_0030.uasset" 7639
"../../../Engine/Content/EngineMaterials/Substrate/Glints2/dict_0005_0028.uasset" 7640
"../../../Engine/Content/EngineMaterials/Substrate/Glints2/dict_0005_0023.uasset" 7641
"../../../Engine/Content/EngineMaterials/Substrate/Glints2/dict_0005_0024.uasset" 7642
"../../../Engine/Content/EngineMaterials/Substrate/Glints2/dict_0005_0022.uasset" 7643
"../../../Engine/Content/EngineMaterials/Substrate/Glints2/dict_0005_0029.uasset" 7644
"../../../Engine/Content/EngineMaterials/Substrate/Glints2/dict_0005_0025.uasset" 7645
"../../../Engine/Content/EngineMaterials/Substrate/Glints2/dict_0005_0021.uasset" 7646
"../../../Engine/Content/EngineMaterials/Substrate/Glints2/dict_0005_0026.uasset" 7647
"../../../Engine/Content/EngineMaterials/Substrate/Glints2/dict_0005_0020.uasset" 7648
"../../../Engine/Content/EngineMaterials/Substrate/Glints2/dict_0005_0018.uasset" 7649
"../../../Engine/Content/EngineMaterials/Substrate/Glints2/dict_0005_0016.uasset" 7650
"../../../Engine/Content/EngineMaterials/Substrate/Glints2/dict_0005_0019.uasset" 7651
"/Engine/EngineMaterials/Substrate/Glints2/dict_0005_0023" 7652
"/Engine/EngineMaterials/Substrate/Glints2/dict_0005_0024" 7653
"../../../Engine/Content/EngineMaterials/Substrate/Glints2/dict_0005_0017.uasset" 7654
"../../../Engine/Content/EngineMaterials/Substrate/Glints2/dict_0005_0013.uasset" 7655
"/Engine/EngineMaterials/Substrate/Glints2/dict_0005_0025" 7656
"../../../Engine/Content/EngineMaterials/Substrate/Glints2/dict_0005_0014.uasset" 7657
"/Engine/EngineMaterials/Substrate/Glints2/dict_0005_0020" 7658
"/Engine/EngineMaterials/Substrate/Glints2/dict_0005_0026" 7659
"/Engine/EngineMaterials/Substrate/Glints2/dict_0005_0021" 7660
"/Engine/EngineMaterials/Substrate/Glints2/dict_0005_0027" 7661
"../../../Engine/Content/EngineMaterials/Substrate/Glints2/dict_0005_0010.uasset" 7662
"/Engine/EngineMaterials/Substrate/Glints2/dict_0005_0028" 7663
"../../../Engine/Content/EngineMaterials/Substrate/Glints2/dict_0005_0015.uasset" 7664
"/Engine/EngineMaterials/Substrate/Glints2/dict_0005_0029" 7665
"/Engine/EngineMaterials/Substrate/Glints2/dict_0005_0022" 7666
"/Engine/EngineMaterials/Substrate/Glints2/dict_0005_0030" 7667
"/Engine/EngineMaterials/Substrate/Glints2/dict_0005_0018" 7668
"../../../Engine/Content/EngineMaterials/Substrate/Glints2/dict_0005_0012.uasset" 7669
"/Engine/EngineMaterials/Substrate/Glints2/dict_0005_0010" 7670
"../../../Engine/Content/EngineMaterials/Substrate/Glints2/dict_0005_0007.uasset" 7671
"../../../Engine/Content/EngineMaterials/Substrate/Glints2/dict_0005_0011.uasset" 7672
"/Engine/EngineMaterials/Substrate/Glints2/dict_0005_0013" 7673
"/Engine/EngineMaterials/Substrate/Glints2/dict_0005_0014" 7674
"/Engine/EngineMaterials/Substrate/Glints2/dict_0005_0015" 7675
"../../../Engine/Content/EngineMaterials/Substrate/Glints2/dict_0005_0008.uasset" 7676
"/Engine/EngineMaterials/Substrate/Glints2/dict_0005_0016" 7677
"/Engine/EngineMaterials/Substrate/Glints2/dict_0005_0017" 7678
"/Engine/EngineMaterials/Substrate/Glints2/dict_0005_0019" 7679
"/Engine/EngineMaterials/Substrate/Glints2/dict_0005_0008" 7680
"../../../Engine/Content/EngineMaterials/Substrate/Glints2/dict_0005_0006.uasset" 7681
"/Engine/EngineMaterials/Substrate/Glints2/dict_0005_0007" 7682
"../../../Engine/Content/EngineMaterials/Substrate/Glints2/dict_0005_0004.uasset" 7683
"/Engine/EngineMaterials/Substrate/Glints2/dict_0005_0011" 7684
"/Engine/EngineMaterials/Substrate/Glints2/dict_0005_0012" 7685
"/Engine/EngineMaterials/Substrate/Glints2/dict_0005_0004" 7686
"/Engine/EngineMaterials/Substrate/Glints2/dict_0005_0006" 7687
"../../../Engine/Content/EngineMaterials/Substrate/Glints2/dict_0005_0001.uasset" 7688
"../../../Engine/Content/EngineMaterials/Substrate/Glints2/dict_0005_0002.uasset" 7689
"../../../Engine/Content/EngineMaterials/Substrate/Glints2/dict_0005_0003.uasset" 7690
"../../../Engine/Content/EngineMaterials/Substrate/Glints2/dict_0005_0005.uasset" 7691
"../../../Engine/Content/EngineMaterials/Substrate/Glints2/dict_0005_0000.uasset" 7692
"../../../Engine/Content/EngineMaterials/Substrate/Glints2/dict_0005_0009.uasset" 7693
"../../../Engine/Content/EngineMaterials/Substrate/Glints2/dict_0004_0255.uasset" 7694
"../../../Engine/Content/EngineMaterials/Substrate/Glints2/dict_0004_0254.uasset" 7695
"../../../Engine/Content/EngineMaterials/Substrate/Glints2/dict_0004_0253.uasset" 7696
"../../../Engine/Content/EngineMaterials/Substrate/Glints2/dict_0004_0247.uasset" 7697
"../../../Engine/Content/EngineMaterials/Substrate/Glints2/dict_0004_0250.uasset" 7698
"../../../Engine/Content/EngineMaterials/Substrate/Glints2/dict_0004_0249.uasset" 7699
"../../../Engine/Content/EngineMaterials/Substrate/Glints2/dict_0004_0248.uasset" 7700
"../../../Engine/Content/EngineMaterials/Substrate/Glints2/dict_0004_0246.uasset" 7701
"../../../Engine/Content/EngineMaterials/Substrate/Glints2/dict_0004_0245.uasset" 7702
"../../../Engine/Content/EngineMaterials/Substrate/Glints2/dict_0004_0252.uasset" 7703
"../../../Engine/Content/EngineMaterials/Substrate/Glints2/dict_0004_0241.uasset" 7704
"../../../Engine/Content/EngineMaterials/Substrate/Glints2/dict_0004_0240.uasset" 7705
"../../../Engine/Content/EngineMaterials/Substrate/Glints2/dict_0004_0244.uasset" 7706
"../../../Engine/Content/EngineMaterials/Substrate/Glints2/dict_0004_0242.uasset" 7707
"/Engine/EngineMaterials/Substrate/Glints2/dict_0005_0002" 7708
"/Engine/EngineMaterials/Substrate/Glints2/dict_0005_0003" 7709
"/Engine/EngineMaterials/Substrate/Glints2/dict_0005_0009" 7710
"../../../Engine/Content/EngineMaterials/Substrate/Glints2/dict_0004_0251.uasset" 7711
"/Engine/EngineMaterials/Substrate/Glints2/dict_0005_0005" 7712
"../../../Engine/Content/EngineMaterials/Substrate/Glints2/dict_0004_0243.uasset" 7713
"/Engine/EngineMaterials/Substrate/Glints2/dict_0004_0244" 7714
"/Engine/EngineMaterials/Substrate/Glints2/dict_0004_0245" 7715
"/Engine/EngineMaterials/Substrate/Glints2/dict_0004_0246" 7716
"/Engine/EngineMaterials/Substrate/Glints2/dict_0004_0255" 7717
"/Engine/EngineMaterials/Substrate/Glints2/dict_0004_0247" 7718
"/Engine/EngineMaterials/Substrate/Glints2/dict_0004_0248" 7719
"/Engine/EngineMaterials/Substrate/Glints2/dict_0004_0249" 7720
"/Engine/EngineMaterials/Substrate/Glints2/dict_0004_0250" 7721
"../../../Engine/Content/EngineMaterials/Substrate/Glints2/dict_0004_0238.uasset" 7722
"../../../Engine/Content/EngineMaterials/Substrate/Glints2/dict_0004_0235.uasset" 7723
"/Engine/EngineMaterials/Substrate/Glints2/dict_0004_0252" 7724
"../../../Engine/Content/EngineMaterials/Substrate/Glints2/dict_0004_0237.uasset" 7725
"/Engine/EngineMaterials/Substrate/Glints2/dict_0005_0000" 7726
"../../../Engine/Content/EngineMaterials/Substrate/Glints2/dict_0004_0236.uasset" 7727
"/Engine/EngineMaterials/Substrate/Glints2/dict_0004_0253" 7728
"../../../Engine/Content/EngineMaterials/Substrate/Glints2/dict_0004_0233.uasset" 7729
"/Engine/EngineMaterials/Substrate/Glints2/dict_0004_0240" 7730
"/Engine/EngineMaterials/Substrate/Glints2/dict_0004_0241" 7731
"/Engine/EngineMaterials/Substrate/Glints2/dict_0004_0254" 7732
"/Engine/EngineMaterials/Substrate/Glints2/dict_0005_0001" 7733
"/Engine/EngineMaterials/Substrate/Glints2/dict_0004_0242" 7734
"/Engine/EngineMaterials/Substrate/Glints2/dict_0004_0243" 7735
"/Engine/EngineMaterials/Substrate/Glints2/dict_0004_0233" 7736
"../../../Engine/Content/EngineMaterials/Substrate/Glints2/dict_0004_0239.uasset" 7737
"/Engine/EngineMaterials/Substrate/Glints2/dict_0004_0236" 7738
"/Engine/EngineMaterials/Substrate/Glints2/dict_0004_0251" 7739
"../../../Engine/Content/EngineMaterials/Substrate/Glints2/dict_0004_0231.uasset" 7740
"/Engine/EngineMaterials/Substrate/Glints2/dict_0004_0235" 7741
"/Engine/EngineMaterials/Substrate/Glints2/dict_0004_0237" 7742
"/Engine/EngineMaterials/Substrate/Glints2/dict_0004_0238" 7743
"/Engine/EngineMaterials/Substrate/Glints2/dict_0004_0231" 7744
"/Engine/EngineMaterials/Substrate/Glints2/dict_0004_0239" 7745
"../../../Engine/Content/EngineMaterials/Substrate/Glints2/dict_0004_0234.uasset" 7746
"../../../Engine/Content/EngineMaterials/Substrate/Glints2/dict_0004_0230.uasset" 7747
"../../../Engine/Content/EngineMaterials/Substrate/Glints2/dict_0004_0232.uasset" 7748
"../../../Engine/Content/EngineMaterials/Substrate/Glints2/dict_0004_0229.uasset" 7749
"../../../Engine/Content/EngineMaterials/Substrate/Glints2/dict_0004_0228.uasset" 7750
"../../../Engine/Content/EngineMaterials/Substrate/Glints2/dict_0004_0227.uasset" 7751
"../../../Engine/Content/EngineMaterials/Substrate/Glints2/dict_0004_0225.uasset" 7752
"../../../Engine/Content/EngineMaterials/Substrate/Glints2/dict_0004_0226.uasset" 7753
"../../../Engine/Content/EngineMaterials/Substrate/Glints2/dict_0004_0223.uasset" 7754
"../../../Engine/Content/EngineMaterials/Substrate/Glints2/dict_0004_0224.uasset" 7755
"/Engine/EngineMaterials/Substrate/Glints2/dict_0004_0230" 7756
"/Engine/EngineMaterials/Substrate/Glints2/dict_0004_0232" 7757
"/Engine/EngineMaterials/Substrate/Glints2/dict_0004_0234" 7758
"/Engine/EngineMaterials/Substrate/Glints2/dict_0004_0223" 7759
"/Engine/EngineMaterials/Substrate/Glints2/dict_0004_0224" 7760
"/Engine/EngineMaterials/Substrate/Glints2/dict_0004_0225" 7761
"/Engine/EngineMaterials/Substrate/Glints2/dict_0004_0226" 7762
"/Engine/EngineMaterials/Substrate/Glints2/dict_0004_0227" 7763
"/Engine/EngineMaterials/Substrate/Glints2/dict_0004_0228" 7764
"/Engine/EngineMaterials/Substrate/Glints2/dict_0004_0229" 7765
"../../../Engine/Content/EngineMaterials/Substrate/Glints2/dict_0004_0222.uasset" 7766
"../../../Engine/Content/EngineMaterials/Substrate/Glints2/dict_0004_0218.uasset" 7767
"../../../Engine/Content/EngineMaterials/Substrate/Glints2/dict_0004_0221.uasset" 7768
"../../../Engine/Content/EngineMaterials/Substrate/Glints2/dict_0004_0220.uasset" 7769
"../../../Engine/Content/EngineMaterials/Substrate/Glints2/dict_0004_0219.uasset" 7770
"/Engine/EngineMaterials/Substrate/Glints2/dict_0004_0218" 7771
"../../../Engine/Content/EngineMaterials/Substrate/Glints2/dict_0004_0217.uasset" 7772
"/Engine/EngineMaterials/Substrate/Glints2/dict_0004_0219" 7773
"/Engine/EngineMaterials/Substrate/Glints2/dict_0004_0220" 7774
"../../../Engine/Content/EngineMaterials/Substrate/Glints2/dict_0004_0216.uasset" 7775
"/Engine/EngineMaterials/Substrate/Glints2/dict_0004_0221" 7776
"/Engine/EngineMaterials/Substrate/Glints2/dict_0004_0222" 7777
"/Engine/EngineMaterials/Substrate/Glints2/dict_0004_0216" 7778
"/Engine/EngineMaterials/Substrate/Glints2/dict_0004_0217" 7779
"../../../Engine/Content/EngineMaterials/Substrate/Glints2/dict_0004_0213.uasset" 7780
"../../../Engine/Content/EngineMaterials/Substrate/Glints2/dict_0004_0215.uasset" 7781
"../../../Engine/Content/EngineMaterials/Substrate/Glints2/dict_0004_0212.uasset" 7782
"../../../Engine/Content/EngineMaterials/Substrate/Glints2/dict_0004_0214.uasset" 7783
"../../../Engine/Content/EngineMaterials/Substrate/Glints2/dict_0004_0211.uasset" 7784
"../../../Engine/Content/EngineMaterials/Substrate/Glints2/dict_0004_0209.uasset" 7785
"../../../Engine/Content/EngineMaterials/Substrate/Glints2/dict_0004_0210.uasset" 7786
"../../../Engine/Content/EngineMaterials/Substrate/Glints2/dict_0004_0206.uasset" 7787
"../../../Engine/Content/EngineMaterials/Substrate/Glints2/dict_0004_0208.uasset" 7788
"/Engine/EngineMaterials/Substrate/Glints2/dict_0004_0210" 7789
"/Engine/EngineMaterials/Substrate/Glints2/dict_0004_0211" 7790
"/Engine/EngineMaterials/Substrate/Glints2/dict_0004_0212" 7791
"../../../Engine/Content/EngineMaterials/Substrate/Glints2/dict_0004_0205.uasset" 7792
"../../../Engine/Content/EngineMaterials/Substrate/Glints2/dict_0004_0207.uasset" 7793
"/Engine/EngineMaterials/Substrate/Glints2/dict_0004_0213" 7794
"/Engine/EngineMaterials/Substrate/Glints2/dict_0004_0214" 7795
"/Engine/EngineMaterials/Substrate/Glints2/dict_0004_0215" 7796
"/Engine/EngineMaterials/Substrate/Glints2/dict_0004_0206" 7797
"/Engine/EngineMaterials/Substrate/Glints2/dict_0004_0208" 7798
"/Engine/EngineMaterials/Substrate/Glints2/dict_0004_0209" 7799
"../../../Engine/Content/EngineMaterials/Substrate/Glints2/dict_0004_0204.uasset" 7800
"/Engine/EngineMaterials/Substrate/Glints2/dict_0004_0204" 7801
"../../../Engine/Content/EngineMaterials/Substrate/Glints2/dict_0004_0203.uasset" 7802
"/Engine/EngineMaterials/Substrate/Glints2/dict_0004_0205" 7803
"../../../Engine/Content/EngineMaterials/Substrate/Glints2/dict_0004_0202.uasset" 7804
"/Engine/EngineMaterials/Substrate/Glints2/dict_0004_0207" 7805
"/Engine/EngineMaterials/Substrate/Glints2/dict_0004_0203" 7806
"/Engine/EngineMaterials/Substrate/Glints2/dict_0004_0202" 7807
"../../../Engine/Content/EngineMaterials/Substrate/Glints2/dict_0004_0199.uasset" 7808
"../../../Engine/Content/EngineMaterials/Substrate/Glints2/dict_0004_0198.uasset" 7809
"../../../Engine/Content/EngineMaterials/Substrate/Glints2/dict_0004_0200.uasset" 7810
"../../../Engine/Content/EngineMaterials/Substrate/Glints2/dict_0004_0201.uasset" 7811
"../../../Engine/Content/EngineMaterials/Substrate/Glints2/dict_0004_0196.uasset" 7812
"../../../Engine/Content/EngineMaterials/Substrate/Glints2/dict_0004_0195.uasset" 7813
"../../../Engine/Content/EngineMaterials/Substrate/Glints2/dict_0004_0197.uasset" 7814
"/Engine/EngineMaterials/Substrate/Glints2/dict_0004_0201" 7815
"/Engine/EngineMaterials/Substrate/Glints2/dict_0004_0195" 7816
"/Engine/EngineMaterials/Substrate/Glints2/dict_0004_0196" 7817
"/Engine/EngineMaterials/Substrate/Glints2/dict_0004_0197" 7818
"/Engine/EngineMaterials/Substrate/Glints2/dict_0004_0198" 7819
"../../../Engine/Content/EngineMaterials/Substrate/Glints2/dict_0004_0194.uasset" 7820
"/Engine/EngineMaterials/Substrate/Glints2/dict_0004_0199" 7821
"../../../Engine/Content/EngineMaterials/Substrate/Glints2/dict_0004_0192.uasset" 7822
"../../../Engine/Content/EngineMaterials/Substrate/Glints2/dict_0004_0191.uasset" 7823
"/Engine/EngineMaterials/Substrate/Glints2/dict_0004_0200" 7824
"/Engine/EngineMaterials/Substrate/Glints2/dict_0004_0191" 7825
"../../../Engine/Content/EngineMaterials/Substrate/Glints2/dict_0004_0193.uasset" 7826
"/Engine/EngineMaterials/Substrate/Glints2/dict_0004_0192" 7827
"/Engine/EngineMaterials/Substrate/Glints2/dict_0004_0194" 7828
"/Engine/EngineMaterials/Substrate/Glints2/dict_0004_0193" 7829
"../../../Engine/Content/EngineMaterials/Substrate/Glints2/dict_0004_0188.uasset" 7830
"../../../Engine/Content/EngineMaterials/Substrate/Glints2/dict_0004_0189.uasset" 7831
"../../../Engine/Content/EngineMaterials/Substrate/Glints2/dict_0004_0190.uasset" 7832
"../../../Engine/Content/EngineMaterials/Substrate/Glints2/dict_0004_0186.uasset" 7833
"../../../Engine/Content/EngineMaterials/Substrate/Glints2/dict_0004_0187.uasset" 7834
"../../../Engine/Content/EngineMaterials/Substrate/Glints2/dict_0004_0184.uasset" 7835
"../../../Engine/Content/EngineMaterials/Substrate/Glints2/dict_0004_0185.uasset" 7836
"../../../Engine/Content/EngineMaterials/Substrate/Glints2/dict_0004_0182.uasset" 7837
"../../../Engine/Content/EngineMaterials/Substrate/Glints2/dict_0004_0183.uasset" 7838
"/Engine/EngineMaterials/Substrate/Glints2/dict_0004_0184" 7839
"/Engine/EngineMaterials/Substrate/Glints2/dict_0004_0185" 7840
"../../../Engine/Content/EngineMaterials/Substrate/Glints2/dict_0004_0181.uasset" 7841
"/Engine/EngineMaterials/Substrate/Glints2/dict_0004_0186" 7842
"/Engine/EngineMaterials/Substrate/Glints2/dict_0004_0187" 7843
"/Engine/EngineMaterials/Substrate/Glints2/dict_0004_0188" 7844
"/Engine/EngineMaterials/Substrate/Glints2/dict_0004_0189" 7845
"/Engine/EngineMaterials/Substrate/Glints2/dict_0004_0190" 7846
"/Engine/EngineMaterials/Substrate/Glints2/dict_0004_0182" 7847
"/Engine/EngineMaterials/Substrate/Glints2/dict_0004_0183" 7848
"/Engine/EngineMaterials/Substrate/Glints2/dict_0004_0181" 7849
"../../../Engine/Content/EngineMaterials/Substrate/Glints2/dict_0004_0180.uasset" 7850
"../../../Engine/Content/EngineMaterials/Substrate/Glints2/dict_0004_0178.uasset" 7851
"../../../Engine/Content/EngineMaterials/Substrate/Glints2/dict_0004_0177.uasset" 7852
"../../../Engine/Content/EngineMaterials/Substrate/Glints2/dict_0004_0179.uasset" 7853
"../../../Engine/Content/EngineMaterials/Substrate/Glints2/dict_0004_0175.uasset" 7854
"../../../Engine/Content/EngineMaterials/Substrate/Glints2/dict_0004_0176.uasset" 7855
"../../../Engine/Content/EngineMaterials/Substrate/Glints2/dict_0004_0174.uasset" 7856
"../../../Engine/Content/EngineMaterials/Substrate/Glints2/dict_0004_0170.uasset" 7857
"../../../Engine/Content/EngineMaterials/Substrate/Glints2/dict_0004_0173.uasset" 7858
"../../../Engine/Content/EngineMaterials/Substrate/Glints2/dict_0004_0172.uasset" 7859
"../../../Engine/Content/EngineMaterials/Substrate/Glints2/dict_0004_0171.uasset" 7860
"/Engine/EngineMaterials/Substrate/Glints2/dict_0004_0175" 7861
"/Engine/EngineMaterials/Substrate/Glints2/dict_0004_0176" 7862
"/Engine/EngineMaterials/Substrate/Glints2/dict_0004_0170" 7863
"../../../Engine/Content/EngineMaterials/Substrate/Glints2/dict_0004_0168.uasset" 7864
"../../../Engine/Content/EngineMaterials/Substrate/Glints2/dict_0004_0167.uasset" 7865
"/Engine/EngineMaterials/Substrate/Glints2/dict_0004_0177" 7866
"/Engine/EngineMaterials/Substrate/Glints2/dict_0004_0178" 7867
"../../../Engine/Content/EngineMaterials/Substrate/Glints2/dict_0004_0169.uasset" 7868
"/Engine/EngineMaterials/Substrate/Glints2/dict_0004_0179" 7869
"/Engine/EngineMaterials/Substrate/Glints2/dict_0004_0180" 7870
"/Engine/EngineMaterials/Substrate/Glints2/dict_0004_0172" 7871
"/Engine/EngineMaterials/Substrate/Glints2/dict_0004_0173" 7872
"/Engine/EngineMaterials/Substrate/Glints2/dict_0004_0174" 7873
"/Engine/EngineMaterials/Substrate/Glints2/dict_0004_0171" 7874
"/Engine/EngineMaterials/Substrate/Glints2/dict_0004_0167" 7875
"/Engine/EngineMaterials/Substrate/Glints2/dict_0004_0168" 7876
"../../../Engine/Content/EngineMaterials/Substrate/Glints2/dict_0004_0165.uasset" 7877
"/Engine/EngineMaterials/Substrate/Glints2/dict_0004_0169" 7878
"../../../Engine/Content/EngineMaterials/Substrate/Glints2/dict_0004_0164.uasset" 7879
"../../../Engine/Content/EngineMaterials/Substrate/Glints2/dict_0004_0163.uasset" 7880
"/Engine/EngineMaterials/Substrate/Glints2/dict_0004_0163" 7881
"/Engine/EngineMaterials/Substrate/Glints2/dict_0004_0164" 7882
"../../../Engine/Content/EngineMaterials/Substrate/Glints2/dict_0004_0166.uasset" 7883
"/Engine/EngineMaterials/Substrate/Glints2/dict_0004_0165" 7884
"/Engine/EngineMaterials/Substrate/Glints2/dict_0004_0166" 7885
"../../../Engine/Content/EngineMaterials/Substrate/Glints2/dict_0004_0160.uasset" 7886
"../../../Engine/Content/EngineMaterials/Substrate/Glints2/dict_0004_0162.uasset" 7887
"../../../Engine/Content/EngineMaterials/Substrate/Glints2/dict_0004_0161.uasset" 7888
"../../../Engine/Content/EngineMaterials/Substrate/Glints2/dict_0004_0157.uasset" 7889
"../../../Engine/Content/EngineMaterials/Substrate/Glints2/dict_0004_0159.uasset" 7890
"../../../Engine/Content/EngineMaterials/Substrate/Glints2/dict_0004_0156.uasset" 7891
"/Engine/EngineMaterials/Substrate/Glints2/dict_0004_0160" 7892
"../../../Engine/Content/EngineMaterials/Substrate/Glints2/dict_0004_0158.uasset" 7893
"/Engine/EngineMaterials/Substrate/Glints2/dict_0004_0161" 7894
"/Engine/EngineMaterials/Substrate/Glints2/dict_0004_0159" 7895
"/Engine/EngineMaterials/Substrate/Glints2/dict_0004_0156" 7896
"/Engine/EngineMaterials/Substrate/Glints2/dict_0004_0162" 7897
"/Engine/EngineMaterials/Substrate/Glints2/dict_0004_0157" 7898
"/Engine/EngineMaterials/Substrate/Glints2/dict_0004_0158" 7899
"../../../Engine/Content/EngineMaterials/Substrate/Glints2/dict_0004_0153.uasset" 7900
"../../../Engine/Content/EngineMaterials/Substrate/Glints2/dict_0004_0155.uasset" 7901
"../../../Engine/Content/EngineMaterials/Substrate/Glints2/dict_0004_0154.uasset" 7902
"../../../Engine/Content/EngineMaterials/Substrate/Glints2/dict_0004_0150.uasset" 7903
"../../../Engine/Content/EngineMaterials/Substrate/Glints2/dict_0004_0151.uasset" 7904
"../../../Engine/Content/EngineMaterials/Substrate/Glints2/dict_0004_0149.uasset" 7905
"../../../Engine/Content/EngineMaterials/Substrate/Glints2/dict_0004_0152.uasset" 7906
"../../../Engine/Content/EngineMaterials/Substrate/Glints2/dict_0004_0147.uasset" 7907
"../../../Engine/Content/EngineMaterials/Substrate/Glints2/dict_0004_0146.uasset" 7908
"../../../Engine/Content/EngineMaterials/Substrate/Glints2/dict_0004_0148.uasset" 7909
"/Engine/EngineMaterials/Substrate/Glints2/dict_0004_0150" 7910
"../../../Engine/Content/EngineMaterials/Substrate/Glints2/dict_0004_0144.uasset" 7911
"/Engine/EngineMaterials/Substrate/Glints2/dict_0004_0151" 7912
"/Engine/EngineMaterials/Substrate/Glints2/dict_0004_0152" 7913
"../../../Engine/Content/EngineMaterials/Substrate/Glints2/dict_0004_0143.uasset" 7914
"/Engine/EngineMaterials/Substrate/Glints2/dict_0004_0153" 7915
"../../../Engine/Content/EngineMaterials/Substrate/Glints2/dict_0004_0145.uasset" 7916
"../../../Engine/Content/EngineMaterials/Substrate/Glints2/dict_0004_0142.uasset" 7917
"/Engine/EngineMaterials/Substrate/Glints2/dict_0004_0154" 7918
"/Engine/EngineMaterials/Substrate/Glints2/dict_0004_0155" 7919
"/Engine/EngineMaterials/Substrate/Glints2/dict_0004_0146" 7920
"/Engine/EngineMaterials/Substrate/Glints2/dict_0004_0149" 7921
"/Engine/EngineMaterials/Substrate/Glints2/dict_0004_0147" 7922
"/Engine/EngineMaterials/Substrate/Glints2/dict_0004_0148" 7923
"/Engine/EngineMaterials/Substrate/Glints2/dict_0004_0142" 7924
"/Engine/EngineMaterials/Substrate/Glints2/dict_0004_0143" 7925
"/Engine/EngineMaterials/Substrate/Glints2/dict_0004_0144" 7926
"/Engine/EngineMaterials/Substrate/Glints2/dict_0004_0145" 7927
"../../../Engine/Content/EngineMaterials/Substrate/Glints2/dict_0004_0139.uasset" 7928
"../../../Engine/Content/EngineMaterials/Substrate/Glints2/dict_0004_0140.uasset" 7929
"../../../Engine/Content/EngineMaterials/Substrate/Glints2/dict_0004_0138.uasset" 7930
"../../../Engine/Content/EngineMaterials/Substrate/Glints2/dict_0004_0136.uasset" 7931
"../../../Engine/Content/EngineMaterials/Substrate/Glints2/dict_0004_0141.uasset" 7932
"../../../Engine/Content/EngineMaterials/Substrate/Glints2/dict_0004_0137.uasset" 7933
"../../../Engine/Content/EngineMaterials/Substrate/Glints2/dict_0004_0135.uasset" 7934
"../../../Engine/Content/EngineMaterials/Substrate/Glints2/dict_0004_0134.uasset" 7935
"../../../Engine/Content/EngineMaterials/Substrate/Glints2/dict_0004_0132.uasset" 7936
"../../../Engine/Content/EngineMaterials/Substrate/Glints2/dict_0004_0130.uasset" 7937
"../../../Engine/Content/EngineMaterials/Substrate/Glints2/dict_0004_0133.uasset" 7938
"../../../Engine/Content/EngineMaterials/Substrate/Glints2/dict_0004_0127.uasset" 7939
"../../../Engine/Content/EngineMaterials/Substrate/Glints2/dict_0004_0128.uasset" 7940
"../../../Engine/Content/EngineMaterials/Substrate/Glints2/dict_0004_0129.uasset" 7941
"../../../Engine/Content/EngineMaterials/Substrate/Glints2/dict_0004_0131.uasset" 7942
"../../../Engine/Content/EngineMaterials/Substrate/Glints2/dict_0004_0126.uasset" 7943
"/Engine/EngineMaterials/Substrate/Glints2/dict_0004_0138" 7944
"../../../Engine/Content/EngineMaterials/Substrate/Glints2/dict_0004_0124.uasset" 7945
"/Engine/EngineMaterials/Substrate/Glints2/dict_0004_0139" 7946
"../../../Engine/Content/EngineMaterials/Substrate/Glints2/dict_0004_0123.uasset" 7947
"/Engine/EngineMaterials/Substrate/Glints2/dict_0004_0126" 7948
"../../../Engine/Content/EngineMaterials/Substrate/Glints2/dict_0004_0121.uasset" 7949
"/Engine/EngineMaterials/Substrate/Glints2/dict_0004_0140" 7950
"../../../Engine/Content/EngineMaterials/Substrate/Glints2/dict_0004_0125.uasset" 7951
"/Engine/EngineMaterials/Substrate/Glints2/dict_0004_0141" 7952
"/Engine/EngineMaterials/Substrate/Glints2/dict_0004_0132" 7953
"/Engine/EngineMaterials/Substrate/Glints2/dict_0004_0127" 7954
"/Engine/EngineMaterials/Substrate/Glints2/dict_0004_0128" 7955
"/Engine/EngineMaterials/Substrate/Glints2/dict_0004_0129" 7956
"/Engine/EngineMaterials/Substrate/Glints2/dict_0004_0130" 7957
"/Engine/EngineMaterials/Substrate/Glints2/dict_0004_0133" 7958
"../../../Engine/Content/EngineMaterials/Substrate/Glints2/dict_0004_0120.uasset" 7959
"/Engine/EngineMaterials/Substrate/Glints2/dict_0004_0134" 7960
"/Engine/EngineMaterials/Substrate/Glints2/dict_0004_0131" 7961
"../../../Engine/Content/EngineMaterials/Substrate/Glints2/dict_0004_0119.uasset" 7962
"/Engine/EngineMaterials/Substrate/Glints2/dict_0004_0135" 7963
"/Engine/EngineMaterials/Substrate/Glints2/dict_0004_0136" 7964
"/Engine/EngineMaterials/Substrate/Glints2/dict_0004_0137" 7965
"../../../Engine/Content/EngineMaterials/Substrate/Glints2/dict_0004_0118.uasset" 7966
"/Engine/EngineMaterials/Substrate/Glints2/dict_0004_0125" 7967
"../../../Engine/Content/EngineMaterials/Substrate/Glints2/dict_0004_0117.uasset" 7968
"/Engine/EngineMaterials/Substrate/Glints2/dict_0004_0118" 7969
"../../../Engine/Content/EngineMaterials/Substrate/Glints2/dict_0004_0122.uasset" 7970
"/Engine/EngineMaterials/Substrate/Glints2/dict_0004_0119" 7971
"/Engine/EngineMaterials/Substrate/Glints2/dict_0004_0120" 7972
"/Engine/EngineMaterials/Substrate/Glints2/dict_0004_0121" 7973
"/Engine/EngineMaterials/Substrate/Glints2/dict_0004_0124" 7974
"/Engine/EngineMaterials/Substrate/Glints2/dict_0004_0123" 7975
"../../../Engine/Content/EngineMaterials/Substrate/Glints2/dict_0004_0116.uasset" 7976
"/Engine/EngineMaterials/Substrate/Glints2/dict_0004_0117" 7977
"/Engine/EngineMaterials/Substrate/Glints2/dict_0004_0122" 7978
"../../../Engine/Content/EngineMaterials/Substrate/Glints2/dict_0004_0113.uasset" 7979
"/Engine/EngineMaterials/Substrate/Glints2/dict_0004_0116" 7980
"/Engine/EngineMaterials/Substrate/Glints2/dict_0004_0113" 7981
"../../../Engine/Content/EngineMaterials/Substrate/Glints2/dict_0004_0114.uasset" 7982
"../../../Engine/Content/EngineMaterials/Substrate/Glints2/dict_0004_0112.uasset" 7983
"../../../Engine/Content/EngineMaterials/Substrate/Glints2/dict_0004_0115.uasset" 7984
"../../../Engine/Content/EngineMaterials/Substrate/Glints2/dict_0004_0110.uasset" 7985
"../../../Engine/Content/EngineMaterials/Substrate/Glints2/dict_0004_0111.uasset" 7986
"/Engine/EngineMaterials/Substrate/Glints2/dict_0004_0110" 7987
"/Engine/EngineMaterials/Substrate/Glints2/dict_0004_0111" 7988
"/Engine/EngineMaterials/Substrate/Glints2/dict_0004_0112" 7989
"/Engine/EngineMaterials/Substrate/Glints2/dict_0004_0114" 7990
"/Engine/EngineMaterials/Substrate/Glints2/dict_0004_0115" 7991
"../../../Engine/Content/EngineMaterials/Substrate/Glints2/dict_0004_0101.uasset" 7992
"../../../Engine/Content/EngineMaterials/Substrate/Glints2/dict_0004_0100.uasset" 7993
"../../../Engine/Content/EngineMaterials/Substrate/Glints2/dict_0004_0108.uasset" 7994
"../../../Engine/Content/EngineMaterials/Substrate/Glints2/dict_0004_0107.uasset" 7995
"../../../Engine/Content/EngineMaterials/Substrate/Glints2/dict_0004_0098.uasset" 7996
"../../../Engine/Content/EngineMaterials/Substrate/Glints2/dict_0004_0097.uasset" 7997
"../../../Engine/Content/EngineMaterials/Substrate/Glints2/dict_0004_0104.uasset" 7998
"../../../Engine/Content/EngineMaterials/Substrate/Glints2/dict_0004_0105.uasset" 7999
"../../../Engine/Content/EngineMaterials/Substrate/Glints2/dict_0004_0103.uasset" 8000
"../../../Engine/Content/EngineMaterials/Substrate/Glints2/dict_0004_0102.uasset" 8001
"../../../Engine/Content/EngineMaterials/Substrate/Glints2/dict_0004_0099.uasset" 8002
"../../../Engine/Content/EngineMaterials/Substrate/Glints2/dict_0004_0106.uasset" 8003
"../../../Engine/Content/EngineMaterials/Substrate/Glints2/dict_0004_0109.uasset" 8004
"/Engine/EngineMaterials/Substrate/Glints2/dict_0004_0097" 8005
"/Engine/EngineMaterials/Substrate/Glints2/dict_0004_0098" 8006
"/Engine/EngineMaterials/Substrate/Glints2/dict_0004_0099" 8007
"/Engine/EngineMaterials/Substrate/Glints2/dict_0004_0100" 8008
"/Engine/EngineMaterials/Substrate/Glints2/dict_0004_0101" 8009
"/Engine/EngineMaterials/Substrate/Glints2/dict_0004_0102" 8010
"/Engine/EngineMaterials/Substrate/Glints2/dict_0004_0103" 8011
"/Engine/EngineMaterials/Substrate/Glints2/dict_0004_0104" 8012
"/Engine/EngineMaterials/Substrate/Glints2/dict_0004_0105" 8013
"../../../Engine/Content/EngineMaterials/Substrate/Glints2/dict_0004_0092.uasset" 8014
"../../../Engine/Content/EngineMaterials/Substrate/Glints2/dict_0004_0090.uasset" 8015
"../../../Engine/Content/EngineMaterials/Substrate/Glints2/dict_0004_0089.uasset" 8016
"/Engine/EngineMaterials/Substrate/Glints2/dict_0004_0106" 8017
"../../../Engine/Content/EngineMaterials/Substrate/Glints2/dict_0004_0096.uasset" 8018
"../../../Engine/Content/EngineMaterials/Substrate/Glints2/dict_0004_0094.uasset" 8019
"/Engine/EngineMaterials/Substrate/Glints2/dict_0004_0107" 8020
"../../../Engine/Content/EngineMaterials/Substrate/Glints2/dict_0004_0086.uasset" 8021
"/Engine/EngineMaterials/Substrate/Glints2/dict_0004_0108" 8022
"../../../Engine/Content/EngineMaterials/Substrate/Glints2/dict_0004_0087.uasset" 8023
"../../../Engine/Content/EngineMaterials/Substrate/Glints2/dict_0004_0088.uasset" 8024
"/Engine/EngineMaterials/Substrate/Glints2/dict_0004_0109" 8025
"../../../Engine/Content/EngineMaterials/Substrate/Glints2/dict_0004_0085.uasset" 8026
"/Engine/EngineMaterials/Substrate/Glints2/dict_0004_0094" 8027
"../../../Engine/Content/EngineMaterials/Substrate/Glints2/dict_0004_0091.uasset" 8028
"/Engine/EngineMaterials/Substrate/Glints2/dict_0004_0087" 8029
"/Engine/EngineMaterials/Substrate/Glints2/dict_0004_0096" 8030
"/Engine/EngineMaterials/Substrate/Glints2/dict_0004_0085" 8031
"/Engine/EngineMaterials/Substrate/Glints2/dict_0004_0088" 8032
"/Engine/EngineMaterials/Substrate/Glints2/dict_0004_0089" 8033
"/Engine/EngineMaterials/Substrate/Glints2/dict_0004_0090" 8034
"/Engine/EngineMaterials/Substrate/Glints2/dict_0004_0086" 8035
"/Engine/EngineMaterials/Substrate/Glints2/dict_0004_0092" 8036
"/Engine/EngineMaterials/Substrate/Glints2/dict_0004_0091" 8037
"../../../Engine/Content/EngineMaterials/Substrate/Glints2/dict_0004_0082.uasset" 8038
"../../../Engine/Content/EngineMaterials/Substrate/Glints2/dict_0004_0078.uasset" 8039
"../../../Engine/Content/EngineMaterials/Substrate/Glints2/dict_0004_0079.uasset" 8040
"../../../Engine/Content/EngineMaterials/Substrate/Glints2/dict_0004_0083.uasset" 8041
"../../../Engine/Content/EngineMaterials/Substrate/Glints2/dict_0004_0093.uasset" 8042
"../../../Engine/Content/EngineMaterials/Substrate/Glints2/dict_0004_0084.uasset" 8043
"../../../Engine/Content/EngineMaterials/Substrate/Glints2/dict_0004_0095.uasset" 8044
"../../../Engine/Content/EngineMaterials/Substrate/Glints2/dict_0004_0076.uasset" 8045
"/Engine/EngineMaterials/Substrate/Glints2/dict_0004_0095" 8046
"../../../Engine/Content/EngineMaterials/Substrate/Glints2/dict_0004_0074.uasset" 8047
"/Engine/EngineMaterials/Substrate/Glints2/dict_0004_0078" 8048
"/Engine/EngineMaterials/Substrate/Glints2/dict_0004_0079" 8049
"../../../Engine/Content/EngineMaterials/Substrate/Glints2/dict_0004_0077.uasset" 8050
"/Engine/EngineMaterials/Substrate/Glints2/dict_0004_0082" 8051
"/Engine/EngineMaterials/Substrate/Glints2/dict_0004_0084" 8052
"/Engine/EngineMaterials/Substrate/Glints2/dict_0004_0083" 8053
"../../../Engine/Content/EngineMaterials/Substrate/Glints2/dict_0004_0081.uasset" 8054
"/Engine/EngineMaterials/Substrate/Glints2/dict_0004_0093" 8055
"../../../Engine/Content/EngineMaterials/Substrate/Glints2/dict_0004_0080.uasset" 8056
"/Engine/EngineMaterials/Substrate/Glints2/dict_0004_0076" 8057
"/Engine/EngineMaterials/Substrate/Glints2/dict_0004_0080" 8058
"/Engine/EngineMaterials/Substrate/Glints2/dict_0004_0081" 8059
"/Engine/EngineMaterials/Substrate/Glints2/dict_0004_0074" 8060
"/Engine/EngineMaterials/Substrate/Glints2/dict_0004_0077" 8061
"../../../Engine/Content/EngineMaterials/Substrate/Glints2/dict_0004_0071.uasset" 8062
"../../../Engine/Content/EngineMaterials/Substrate/Glints2/dict_0004_0070.uasset" 8063
"../../../Engine/Content/EngineMaterials/Substrate/Glints2/dict_0004_0069.uasset" 8064
"../../../Engine/Content/EngineMaterials/Substrate/Glints2/dict_0004_0072.uasset" 8065
"../../../Engine/Content/EngineMaterials/Substrate/Glints2/dict_0004_0067.uasset" 8066
"../../../Engine/Content/EngineMaterials/Substrate/Glints2/dict_0004_0068.uasset" 8067
"../../../Engine/Content/EngineMaterials/Substrate/Glints2/dict_0004_0066.uasset" 8068
"../../../Engine/Content/EngineMaterials/Substrate/Glints2/dict_0004_0075.uasset" 8069
"../../../Engine/Content/EngineMaterials/Substrate/Glints2/dict_0004_0065.uasset" 8070
"../../../Engine/Content/EngineMaterials/Substrate/Glints2/dict_0004_0064.uasset" 8071
"../../../Engine/Content/EngineMaterials/Substrate/Glints2/dict_0004_0062.uasset" 8072
"../../../Engine/Content/EngineMaterials/Substrate/Glints2/dict_0004_0073.uasset" 8073
"../../../Engine/Content/EngineMaterials/Substrate/Glints2/dict_0004_0055.uasset" 8074
"../../../Engine/Content/EngineMaterials/Substrate/Glints2/dict_0004_0056.uasset" 8075
"../../../Engine/Content/EngineMaterials/Substrate/Glints2/dict_0004_0057.uasset" 8076
"../../../Engine/Content/EngineMaterials/Substrate/Glints2/dict_0004_0060.uasset" 8077
"../../../Engine/Content/EngineMaterials/Substrate/Glints2/dict_0004_0058.uasset" 8078
"../../../Engine/Content/EngineMaterials/Substrate/Glints2/dict_0004_0059.uasset" 8079
"/Engine/EngineMaterials/Substrate/Glints2/dict_0004_0056" 8080
"../../../Engine/Content/EngineMaterials/Substrate/Glints2/dict_0004_0054.uasset" 8081
"../../../Engine/Content/EngineMaterials/Substrate/Glints2/dict_0004_0061.uasset" 8082
"../../../Engine/Content/EngineMaterials/Substrate/Glints2/dict_0004_0063.uasset" 8083
"/Engine/EngineMaterials/Substrate/Glints2/dict_0004_0057" 8084
"/Engine/EngineMaterials/Substrate/Glints2/dict_0004_0058" 8085
"/Engine/EngineMaterials/Substrate/Glints2/dict_0004_0065" 8086
"/Engine/EngineMaterials/Substrate/Glints2/dict_0004_0066" 8087
"/Engine/EngineMaterials/Substrate/Glints2/dict_0004_0067" 8088
"../../../Engine/Content/EngineMaterials/Substrate/Glints2/dict_0004_0052.uasset" 8089
"/Engine/EngineMaterials/Substrate/Glints2/dict_0004_0059" 8090
"/Engine/EngineMaterials/Substrate/Glints2/dict_0004_0060" 8091
"/Engine/EngineMaterials/Substrate/Glints2/dict_0004_0062" 8092
"/Engine/EngineMaterials/Substrate/Glints2/dict_0004_0068" 8093
"../../../Engine/Content/EngineMaterials/Substrate/Glints2/dict_0004_0050.uasset" 8094
"../../../Engine/Content/EngineMaterials/Substrate/Glints2/dict_0004_0051.uasset" 8095
"../../../Engine/Content/EngineMaterials/Substrate/Glints2/dict_0004_0053.uasset" 8096
"/Engine/EngineMaterials/Substrate/Glints2/dict_0004_0055" 8097
"/Engine/EngineMaterials/Substrate/Glints2/dict_0004_0069" 8098
"../../../Engine/Content/EngineMaterials/Substrate/Glints2/dict_0004_0048.uasset" 8099
"../../../Engine/Content/EngineMaterials/Substrate/Glints2/dict_0004_0049.uasset" 8100
"../../../Engine/Content/EngineMaterials/Substrate/Glints2/dict_0004_0044.uasset" 8101
"../../../Engine/Content/EngineMaterials/Substrate/Glints2/dict_0004_0046.uasset" 8102
"../../../Engine/Content/EngineMaterials/Substrate/Glints2/dict_0004_0043.uasset" 8103
"/Engine/EngineMaterials/Substrate/Glints2/dict_0004_0070" 8104
"/Engine/EngineMaterials/Substrate/Glints2/dict_0004_0071" 8105
"../../../Engine/Content/EngineMaterials/Substrate/Glints2/dict_0004_0047.uasset" 8106
"/Engine/EngineMaterials/Substrate/Glints2/dict_0004_0064" 8107
"/Engine/EngineMaterials/Substrate/Glints2/dict_0004_0072" 8108
"/Engine/EngineMaterials/Substrate/Glints2/dict_0004_0073" 8109
"/Engine/EngineMaterials/Substrate/Glints2/dict_0004_0075" 8110
"/Engine/EngineMaterials/Substrate/Glints2/dict_0004_0047" 8111
"/Engine/EngineMaterials/Substrate/Glints2/dict_0004_0048" 8112
"/Engine/EngineMaterials/Substrate/Glints2/dict_0004_0049" 8113
"/Engine/EngineMaterials/Substrate/Glints2/dict_0004_0043" 8114
"/Engine/EngineMaterials/Substrate/Glints2/dict_0004_0044" 8115
"/Engine/EngineMaterials/Substrate/Glints2/dict_0004_0050" 8116
"/Engine/EngineMaterials/Substrate/Glints2/dict_0004_0051" 8117
"/Engine/EngineMaterials/Substrate/Glints2/dict_0004_0061" 8118
"/Engine/EngineMaterials/Substrate/Glints2/dict_0004_0052" 8119
"/Engine/EngineMaterials/Substrate/Glints2/dict_0004_0063" 8120
"/Engine/EngineMaterials/Substrate/Glints2/dict_0004_0053" 8121
"/Engine/EngineMaterials/Substrate/Glints2/dict_0004_0054" 8122
"/Engine/EngineMaterials/Substrate/Glints2/dict_0004_0046" 8123
"../../../Engine/Content/EngineMaterials/Substrate/Glints2/dict_0004_0040.uasset" 8124
"../../../Engine/Content/EngineMaterials/Substrate/Glints2/dict_0004_0037.uasset" 8125
"../../../Engine/Content/EngineMaterials/Substrate/Glints2/dict_0004_0039.uasset" 8126
"../../../Engine/Content/EngineMaterials/Substrate/Glints2/dict_0004_0042.uasset" 8127
"../../../Engine/Content/EngineMaterials/Substrate/Glints2/dict_0004_0041.uasset" 8128
"../../../Engine/Content/EngineMaterials/Substrate/Glints2/dict_0004_0038.uasset" 8129
"../../../Engine/Content/EngineMaterials/Substrate/Glints2/dict_0004_0045.uasset" 8130
"/Engine/EngineMaterials/Substrate/Glints2/dict_0004_0037" 8131
"/Engine/EngineMaterials/Substrate/Glints2/dict_0004_0038" 8132
"/Engine/EngineMaterials/Substrate/Glints2/dict_0004_0039" 8133
"/Engine/EngineMaterials/Substrate/Glints2/dict_0004_0040" 8134
"/Engine/EngineMaterials/Substrate/Glints2/dict_0004_0041" 8135
"/Engine/EngineMaterials/Substrate/Glints2/dict_0004_0045" 8136
"/Engine/EngineMaterials/Substrate/Glints2/dict_0004_0042" 8137
"../../../Engine/Content/EngineMaterials/Substrate/Glints2/dict_0004_0031.uasset" 8138
"../../../Engine/Content/EngineMaterials/Substrate/Glints2/dict_0004_0032.uasset" 8139
"../../../Engine/Content/EngineMaterials/Substrate/Glints2/dict_0004_0036.uasset" 8140
"../../../Engine/Content/EngineMaterials/Substrate/Glints2/dict_0004_0034.uasset" 8141
"../../../Engine/Content/EngineMaterials/Substrate/Glints2/dict_0004_0033.uasset" 8142
"../../../Engine/Content/EngineMaterials/Substrate/Glints2/dict_0004_0030.uasset" 8143
"../../../Engine/Content/EngineMaterials/Substrate/Glints2/dict_0004_0035.uasset" 8144
"../../../Engine/Content/EngineMaterials/Substrate/Glints2/dict_0004_0024.uasset" 8145
"../../../Engine/Content/EngineMaterials/Substrate/Glints2/dict_0004_0025.uasset" 8146
"../../../Engine/Content/EngineMaterials/Substrate/Glints2/dict_0004_0029.uasset" 8147
"../../../Engine/Content/EngineMaterials/Substrate/Glints2/dict_0004_0023.uasset" 8148
"../../../Engine/Content/EngineMaterials/Substrate/Glints2/dict_0004_0026.uasset" 8149
"../../../Engine/Content/EngineMaterials/Substrate/Glints2/dict_0004_0028.uasset" 8150
"/Engine/EngineMaterials/Substrate/Glints2/dict_0004_0025" 8151
"/Engine/EngineMaterials/Substrate/Glints2/dict_0004_0026" 8152
"/Engine/EngineMaterials/Substrate/Glints2/dict_0004_0028" 8153
"/Engine/EngineMaterials/Substrate/Glints2/dict_0004_0029" 8154
"/Engine/EngineMaterials/Substrate/Glints2/dict_0004_0030" 8155
"../../../Engine/Content/EngineMaterials/Substrate/Glints2/dict_0004_0027.uasset" 8156
"/Engine/EngineMaterials/Substrate/Glints2/dict_0004_0031" 8157
"/Engine/EngineMaterials/Substrate/Glints2/dict_0004_0032" 8158
"/Engine/EngineMaterials/Substrate/Glints2/dict_0004_0033" 8159
"/Engine/EngineMaterials/Substrate/Glints2/dict_0004_0034" 8160
"/Engine/EngineMaterials/Substrate/Glints2/dict_0004_0035" 8161
"/Engine/EngineMaterials/Substrate/Glints2/dict_0004_0036" 8162
"/Engine/EngineMaterials/Substrate/Glints2/dict_0004_0023" 8163
"/Engine/EngineMaterials/Substrate/Glints2/dict_0004_0024" 8164
"/Engine/EngineMaterials/Substrate/Glints2/dict_0004_0027" 8165
"../../../Engine/Content/EngineMaterials/Substrate/Glints2/dict_0004_0017.uasset" 8166
"../../../Engine/Content/EngineMaterials/Substrate/Glints2/dict_0004_0019.uasset" 8167
"../../../Engine/Content/EngineMaterials/Substrate/Glints2/dict_0004_0021.uasset" 8168
"../../../Engine/Content/EngineMaterials/Substrate/Glints2/dict_0004_0022.uasset" 8169
"../../../Engine/Content/EngineMaterials/Substrate/Glints2/dict_0004_0018.uasset" 8170
"../../../Engine/Content/EngineMaterials/Substrate/Glints2/dict_0004_0020.uasset" 8171
"../../../Engine/Content/EngineMaterials/Substrate/Glints2/dict_0004_0016.uasset" 8172
"/Engine/EngineMaterials/Substrate/Glints2/dict_0004_0016" 8173
"/Engine/EngineMaterials/Substrate/Glints2/dict_0004_0017" 8174
"/Engine/EngineMaterials/Substrate/Glints2/dict_0004_0018" 8175
"../../../Engine/Content/EngineMaterials/Substrate/Glints2/dict_0004_0015.uasset" 8176
"../../../Engine/Content/EngineMaterials/Substrate/Glints2/dict_0004_0012.uasset" 8177
"../../../Engine/Content/EngineMaterials/Substrate/Glints2/dict_0004_0011.uasset" 8178
"../../../Engine/Content/EngineMaterials/Substrate/Glints2/dict_0004_0010.uasset" 8179
"../../../Engine/Content/EngineMaterials/Substrate/Glints2/dict_0004_0014.uasset" 8180
"/Engine/EngineMaterials/Substrate/Glints2/dict_0004_0019" 8181
"../../../Engine/Content/EngineMaterials/Substrate/Glints2/dict_0004_0013.uasset" 8182
"../../../Engine/Content/EngineMaterials/Substrate/Glints2/dict_0004_0009.uasset" 8183
"/Engine/EngineMaterials/Substrate/Glints2/dict_0004_0020" 8184
"/Engine/EngineMaterials/Substrate/Glints2/dict_0004_0021" 8185
"/Engine/EngineMaterials/Substrate/Glints2/dict_0004_0022" 8186
"/Engine/EngineMaterials/Substrate/Glints2/dict_0004_0012" 8187
"/Engine/EngineMaterials/Substrate/Glints2/dict_0004_0013" 8188
"/Engine/EngineMaterials/Substrate/Glints2/dict_0004_0014" 8189
"/Engine/EngineMaterials/Substrate/Glints2/dict_0004_0015" 8190
"/Engine/EngineMaterials/Substrate/Glints2/dict_0004_0009" 8191
"/Engine/EngineMaterials/Substrate/Glints2/dict_0004_0010" 8192
"/Engine/EngineMaterials/Substrate/Glints2/dict_0004_0011" 8193
"../../../Engine/Content/EngineMaterials/Substrate/Glints2/dict_0004_0007.uasset" 8194
"/Engine/EngineMaterials/Substrate/Glints2/dict_0004_0007" 8195
"../../../Engine/Content/EngineMaterials/Substrate/Glints2/dict_0004_0003.uasset" 8196
"../../../Engine/Content/EngineMaterials/Substrate/Glints2/dict_0004_0005.uasset" 8197
"../../../Engine/Content/EngineMaterials/Substrate/Glints2/dict_0004_0006.uasset" 8198
"../../../Engine/Content/EngineMaterials/Substrate/Glints2/dict_0004_0008.uasset" 8199
"../../../Engine/Content/EngineMaterials/Substrate/Glints2/dict_0004_0004.uasset" 8200
"../../../Engine/Content/EngineMaterials/Substrate/Glints2/dict_0004_0002.uasset" 8201
"../../../Engine/Content/EngineMaterials/Substrate/Glints2/dict_0004_0001.uasset" 8202
"../../../Engine/Content/EngineMaterials/Substrate/Glints2/dict_0003_0254.uasset" 8203
"../../../Engine/Content/EngineMaterials/Substrate/Glints2/dict_0004_0000.uasset" 8204
"../../../Engine/Content/EngineMaterials/Substrate/Glints2/dict_0003_0252.uasset" 8205
"../../../Engine/Content/EngineMaterials/Substrate/Glints2/dict_0003_0253.uasset" 8206
"../../../Engine/Content/EngineMaterials/Substrate/Glints2/dict_0003_0251.uasset" 8207
"../../../Engine/Content/EngineMaterials/Substrate/Glints2/dict_0003_0255.uasset" 8208
"../../../Engine/Content/EngineMaterials/Substrate/Glints2/dict_0003_0250.uasset" 8209
"../../../Engine/Content/EngineMaterials/Substrate/Glints2/dict_0003_0246.uasset" 8210
"../../../Engine/Content/EngineMaterials/Substrate/Glints2/dict_0003_0247.uasset" 8211
"../../../Engine/Content/EngineMaterials/Substrate/Glints2/dict_0003_0245.uasset" 8212
"../../../Engine/Content/EngineMaterials/Substrate/Glints2/dict_0003_0244.uasset" 8213
"../../../Engine/Content/EngineMaterials/Substrate/Glints2/dict_0003_0249.uasset" 8214
"../../../Engine/Content/EngineMaterials/Substrate/Glints2/dict_0003_0248.uasset" 8215
"../../../Engine/Content/EngineMaterials/Substrate/Glints2/dict_0003_0237.uasset" 8216
"../../../Engine/Content/EngineMaterials/Substrate/Glints2/dict_0003_0240.uasset" 8217
"../../../Engine/Content/EngineMaterials/Substrate/Glints2/dict_0003_0242.uasset" 8218
"../../../Engine/Content/EngineMaterials/Substrate/Glints2/dict_0003_0243.uasset" 8219
"../../../Engine/Content/EngineMaterials/Substrate/Glints2/dict_0003_0239.uasset" 8220
"../../../Engine/Content/EngineMaterials/Substrate/Glints2/dict_0003_0241.uasset" 8221
"../../../Engine/Content/EngineMaterials/Substrate/Glints2/dict_0003_0238.uasset" 8222
"../../../Engine/Content/EngineMaterials/Substrate/Glints2/dict_0003_0235.uasset" 8223
"../../../Engine/Content/EngineMaterials/Substrate/Glints2/dict_0003_0236.uasset" 8224
"../../../Engine/Content/EngineMaterials/Substrate/Glints2/dict_0003_0234.uasset" 8225
"../../../Engine/Content/EngineMaterials/Substrate/Glints2/dict_0003_0233.uasset" 8226
"../../../Engine/Content/EngineMaterials/Substrate/Glints2/dict_0003_0232.uasset" 8227
"C:/RaylaFile/RaylaFeat/DerivedDataCache/VT/TEXTURE_7C16439390E24F1F9468894FB4D4BC55_VTCHUNKD2DAB16BFF152507817E734DBB935160EA97A322" 8228
"C:/RaylaFile/RaylaFeat/DerivedDataCache/VT/TEXTURE_7C16439390E24F1F9468894FB4D4BC55_VTCHUNK38740DBD4108040D6985AA56705D97D46F27920C" 8229
"C:/RaylaFile/RaylaFeat/DerivedDataCache/VT/TEXTURE_7C16439390E24F1F9468894FB4D4BC55_VTCHUNK84C05FFC339C0CEFE446DED1628C0AFB5362331E" 8230
"C:/RaylaFile/RaylaFeat/DerivedDataCache/VT/TEXTURE_7C16439390E24F1F9468894FB4D4BC55_VTCHUNKC0393DE8C5B4673D99D1BECB92AA8C1F72FEB491" 8231
"C:/RaylaFile/RaylaFeat/DerivedDataCache/VT/TEXTURE_7C16439390E24F1F9468894FB4D4BC55_VTCHUNK02D4C3BCAD7DFA48AB32B8281FB06B8B83DB6275" 8232
"/Engine/EngineMaterials/Substrate/Glints2/dict_0003_0248" 8233
"/Engine/EngineMaterials/Substrate/Glints2/dict_0003_0233" 8234
"/Engine/EngineMaterials/Substrate/Glints2/dict_0003_0249" 8235
"/Engine/EngineMaterials/Substrate/Glints2/dict_0003_0247" 8236
"/Engine/EngineMaterials/Substrate/Glints2/dict_0003_0250" 8237
"/Engine/EngineMaterials/Substrate/Glints2/dict_0003_0251" 8238
"/Engine/EngineMaterials/Substrate/Glints2/dict_0003_0234" 8239
"/Engine/EngineMaterials/Substrate/Glints2/dict_0003_0235" 8240
"/Engine/EngineMaterials/Substrate/Glints2/dict_0003_0236" 8241
"/Engine/EngineMaterials/Substrate/Glints2/dict_0003_0240" 8242
"/Engine/EngineMaterials/Substrate/Glints2/dict_0003_0252" 8243
"/Engine/EngineMaterials/Substrate/Glints2/dict_0003_0241" 8244
"/Engine/EngineMaterials/Substrate/Glints2/dict_0003_0242" 8245
"/Engine/EngineMaterials/Substrate/Glints2/dict_0003_0253" 8246
"/Engine/EngineMaterials/Substrate/Glints2/dict_0003_0254" 8247
"/Engine/EngineMaterials/Substrate/Glints2/dict_0003_0243" 8248
"/Engine/EngineMaterials/Substrate/Glints2/dict_0003_0244" 8249
"/Engine/EngineMaterials/Substrate/Glints2/dict_0003_0255" 8250
"/Engine/EngineMaterials/Substrate/Glints2/dict_0004_0000" 8251
"/Engine/EngineMaterials/Substrate/Glints2/dict_0004_0001" 8252
"/Engine/EngineMaterials/Substrate/Glints2/dict_0004_0002" 8253
"/Engine/EngineMaterials/Substrate/Glints2/dict_0004_0005" 8254
"/Engine/EngineMaterials/Substrate/Glints2/dict_0003_0245" 8255
"/Engine/EngineMaterials/Substrate/Glints2/dict_0004_0006" 8256
"/Engine/EngineMaterials/Substrate/Glints2/dict_0003_0232" 8257
"/Engine/EngineMaterials/Substrate/Glints2/dict_0004_0008" 8258
"/Engine/EngineMaterials/Substrate/Glints2/dict_0003_0246" 8259
"/Engine/EngineMaterials/Substrate/Glints2/dict_0003_0237" 8260
"/Engine/EngineMaterials/Substrate/Glints2/dict_0003_0238" 8261
"/Engine/EngineMaterials/Substrate/Glints2/dict_0003_0239" 8262
"/Engine/EngineMaterials/Substrate/Glints2/dict_0004_0003" 8263
"/Engine/EngineMaterials/Substrate/Glints2/dict_0004_0004" 8264
"../../../Engine/Content/EngineMaterials/Substrate/Glints2/dict_0003_0224.uasset" 8265
"../../../Engine/Content/EngineMaterials/Substrate/Glints2/dict_0003_0219.uasset" 8266
"../../../Engine/Content/EngineMaterials/Substrate/Glints2/dict_0003_0222.uasset" 8267
"../../../Engine/Content/EngineMaterials/Substrate/Glints2/dict_0003_0231.uasset" 8268
"../../../Engine/Content/EngineMaterials/Substrate/Glints2/dict_0003_0228.uasset" 8269
"../../../Engine/Content/EngineMaterials/Substrate/Glints2/dict_0003_0226.uasset" 8270
"/Engine/EngineMaterials/Substrate/Glints2/dict_0003_0219" 8271
"../../../Engine/Content/EngineMaterials/Substrate/Glints2/dict_0003_0220.uasset" 8272
"../../../Engine/Content/EngineMaterials/Substrate/Glints2/dict_0003_0223.uasset" 8273
"../../../Engine/Content/EngineMaterials/Substrate/Glints2/dict_0003_0227.uasset" 8274
"/Engine/EngineMaterials/Substrate/Glints2/dict_0003_0222" 8275
"../../../Engine/Content/EngineMaterials/Substrate/Glints2/dict_0003_0221.uasset" 8276
"../../../Engine/Content/EngineMaterials/Substrate/Glints2/dict_0003_0225.uasset" 8277
"/Engine/EngineMaterials/Substrate/Glints2/dict_0003_0224" 8278
"../../../Engine/Content/EngineMaterials/Substrate/Glints2/dict_0003_0230.uasset" 8279
"../../../Engine/Content/EngineMaterials/Substrate/Glints2/dict_0003_0229.uasset" 8280
"/Engine/EngineMaterials/Substrate/Glints2/dict_0003_0226" 8281
"/Engine/EngineMaterials/Substrate/Glints2/dict_0003_0228" 8282
"/Engine/EngineMaterials/Substrate/Glints2/dict_0003_0231" 8283
"/Engine/EngineMaterials/Substrate/Glints2/dict_0003_0220" 8284
"../../../Engine/Content/EngineMaterials/Substrate/Glints2/dict_0003_0217.uasset" 8285
"../../../Engine/Content/EngineMaterials/Substrate/Glints2/dict_0003_0213.uasset" 8286
"../../../Engine/Content/EngineMaterials/Substrate/Glints2/dict_0003_0216.uasset" 8287
"/Engine/EngineMaterials/Substrate/Glints2/dict_0003_0221" 8288
"../../../Engine/Content/EngineMaterials/Substrate/Glints2/dict_0003_0214.uasset" 8289
"../../../Engine/Content/EngineMaterials/Substrate/Glints2/dict_0003_0218.uasset" 8290
"/Engine/EngineMaterials/Substrate/Glints2/dict_0003_0223" 8291
"../../../Engine/Content/EngineMaterials/Substrate/Glints2/dict_0003_0212.uasset" 8292
"../../../Engine/Content/EngineMaterials/Substrate/Glints2/dict_0003_0215.uasset" 8293
"/Engine/EngineMaterials/Substrate/Glints2/dict_0003_0225" 8294
"/Engine/EngineMaterials/Substrate/Glints2/dict_0003_0227" 8295
"/Engine/EngineMaterials/Substrate/Glints2/dict_0003_0229" 8296
"/Engine/EngineMaterials/Substrate/Glints2/dict_0003_0230" 8297
"/Engine/EngineMaterials/Substrate/Glints2/dict_0003_0212" 8298
"/Engine/EngineMaterials/Substrate/Glints2/dict_0003_0213" 8299
"/Engine/EngineMaterials/Substrate/Glints2/dict_0003_0214" 8300
"/Engine/EngineMaterials/Substrate/Glints2/dict_0003_0215" 8301
"/Engine/EngineMaterials/Substrate/Glints2/dict_0003_0216" 8302
"../../../Engine/Content/EngineMaterials/Substrate/Glints2/dict_0003_0209.uasset" 8303
"../../../Engine/Content/EngineMaterials/Substrate/Glints2/dict_0003_0210.uasset" 8304
"/Engine/EngineMaterials/Substrate/Glints2/dict_0003_0217" 8305
"../../../Engine/Content/EngineMaterials/Substrate/Glints2/dict_0003_0211.uasset" 8306
"/Engine/EngineMaterials/Substrate/Glints2/dict_0003_0218" 8307
"/Engine/EngineMaterials/Substrate/Glints2/dict_0003_0209" 8308
"/Engine/EngineMaterials/Substrate/Glints2/dict_0003_0210" 8309
"/Engine/EngineMaterials/Substrate/Glints2/dict_0003_0211" 8310
"../../../Engine/Content/EngineMaterials/Substrate/Glints2/dict_0003_0202.uasset" 8311
"../../../Engine/Content/EngineMaterials/Substrate/Glints2/dict_0003_0201.uasset" 8312
"../../../Engine/Content/EngineMaterials/Substrate/Glints2/dict_0003_0203.uasset" 8313
"../../../Engine/Content/EngineMaterials/Substrate/Glints2/dict_0003_0205.uasset" 8314
"../../../Engine/Content/EngineMaterials/Substrate/Glints2/dict_0003_0200.uasset" 8315
"../../../Engine/Content/EngineMaterials/Substrate/Glints2/dict_0003_0204.uasset" 8316
"/Engine/EngineMaterials/Substrate/Glints2/dict_0003_0200" 8317
"../../../Engine/Content/EngineMaterials/Substrate/Glints2/dict_0003_0199.uasset" 8318
"../../../Engine/Content/EngineMaterials/Substrate/Glints2/dict_0003_0208.uasset" 8319
"/Engine/EngineMaterials/Substrate/Glints2/dict_0003_0201" 8320
"/Engine/EngineMaterials/Substrate/Glints2/dict_0003_0202" 8321
"/Engine/EngineMaterials/Substrate/Glints2/dict_0003_0203" 8322
"../../../Engine/Content/EngineMaterials/Substrate/Glints2/dict_0003_0198.uasset" 8323
"/Engine/EngineMaterials/Substrate/Glints2/dict_0003_0204" 8324
"/Engine/EngineMaterials/Substrate/Glints2/dict_0003_0205" 8325
"/Engine/EngineMaterials/Substrate/Glints2/dict_0003_0208" 8326
"../../../Engine/Content/EngineMaterials/Substrate/Glints2/dict_0003_0192.uasset" 8327
"../../../Engine/Content/EngineMaterials/Substrate/Glints2/dict_0003_0206.uasset" 8328
"../../../Engine/Content/EngineMaterials/Substrate/Glints2/dict_0003_0191.uasset" 8329
"../../../Engine/Content/EngineMaterials/Substrate/Glints2/dict_0003_0195.uasset" 8330
"../../../Engine/Content/EngineMaterials/Substrate/Glints2/dict_0003_0189.uasset" 8331
"/Engine/EngineMaterials/Substrate/Glints2/dict_0003_0198" 8332
"../../../Engine/Content/EngineMaterials/Substrate/Glints2/dict_0003_0190.uasset" 8333
"../../../Engine/Content/EngineMaterials/Substrate/Glints2/dict_0003_0193.uasset" 8334
"../../../Engine/Content/EngineMaterials/Substrate/Glints2/dict_0003_0197.uasset" 8335
"/Engine/EngineMaterials/Substrate/Glints2/dict_0003_0199" 8336
"/Engine/EngineMaterials/Substrate/Glints2/dict_0003_0206" 8337
"/Engine/EngineMaterials/Substrate/Glints2/dict_0003_0195" 8338
"/Engine/EngineMaterials/Substrate/Glints2/dict_0003_0189" 8339
"../../../Engine/Content/EngineMaterials/Substrate/Glints2/dict_0003_0194.uasset" 8340
"/Engine/EngineMaterials/Substrate/Glints2/dict_0003_0190" 8341
"../../../Engine/Content/EngineMaterials/Substrate/Glints2/dict_0003_0196.uasset" 8342
"/Engine/EngineMaterials/Substrate/Glints2/dict_0003_0197" 8343
"/Engine/EngineMaterials/Substrate/Glints2/dict_0003_0191" 8344
"/Engine/EngineMaterials/Substrate/Glints2/dict_0003_0192" 8345
"/Engine/EngineMaterials/Substrate/Glints2/dict_0003_0193" 8346
"/Engine/EngineMaterials/Substrate/Glints2/dict_0003_0194" 8347
"/Engine/EngineMaterials/Substrate/Glints2/dict_0003_0196" 8348
"../../../Engine/Content/EngineMaterials/Substrate/Glints2/dict_0003_0180.uasset" 8349
"../../../Engine/Content/EngineMaterials/Substrate/Glints2/dict_0003_0187.uasset" 8350
"../../../Engine/Content/EngineMaterials/Substrate/Glints2/dict_0003_0179.uasset" 8351
"../../../Engine/Content/EngineMaterials/Substrate/Glints2/dict_0003_0183.uasset" 8352
"../../../Engine/Content/EngineMaterials/Substrate/Glints2/dict_0003_0184.uasset" 8353
"../../../Engine/Content/EngineMaterials/Substrate/Glints2/dict_0003_0186.uasset" 8354
"../../../Engine/Content/EngineMaterials/Substrate/Glints2/dict_0003_0178.uasset" 8355
"../../../Engine/Content/EngineMaterials/Substrate/Glints2/dict_0003_0185.uasset" 8356
"../../../Engine/Content/EngineMaterials/Substrate/Glints2/dict_0003_0182.uasset" 8357
"../../../Engine/Content/EngineMaterials/Substrate/Glints2/dict_0003_0207.uasset" 8358
"/Engine/EngineMaterials/Substrate/Glints2/dict_0003_0207" 8359
"../../../Engine/Content/EngineMaterials/Substrate/Glints2/dict_0003_0171.uasset" 8360
"../../../Engine/Content/EngineMaterials/Substrate/Glints2/dict_0003_0170.uasset" 8361
"../../../Engine/Content/EngineMaterials/Substrate/Glints2/dict_0003_0169.uasset" 8362
"../../../Engine/Content/EngineMaterials/Substrate/Glints2/dict_0003_0168.uasset" 8363
"../../../Engine/Content/EngineMaterials/Substrate/Glints2/dict_0003_0172.uasset" 8364
"/Engine/EngineMaterials/Substrate/Glints2/dict_0003_0178" 8365
"/Engine/EngineMaterials/Substrate/Glints2/dict_0003_0179" 8366
"../../../Engine/Content/EngineMaterials/Substrate/Glints2/dict_0003_0181.uasset" 8367
"../../../Engine/Content/EngineMaterials/Substrate/Glints2/dict_0003_0173.uasset" 8368
"/Engine/EngineMaterials/Substrate/Glints2/dict_0003_0180" 8369
"../../../Engine/Content/EngineMaterials/Substrate/Glints2/dict_0003_0188.uasset" 8370
"../../../Engine/Content/EngineMaterials/Substrate/Glints2/dict_0003_0177.uasset" 8371
"../../../Engine/Content/EngineMaterials/Substrate/Glints2/dict_0003_0174.uasset" 8372
"/Engine/EngineMaterials/Substrate/Glints2/dict_0003_0182" 8373
"/Engine/EngineMaterials/Substrate/Glints2/dict_0003_0183" 8374
"/Engine/EngineMaterials/Substrate/Glints2/dict_0003_0184" 8375
"../../../Engine/Content/EngineMaterials/Substrate/Glints2/dict_0003_0175.uasset" 8376
"../../../Engine/Content/EngineMaterials/Substrate/Glints2/dict_0003_0176.uasset" 8377
"/Engine/EngineMaterials/Substrate/Glints2/dict_0003_0185" 8378
"../../../Engine/Content/EngineMaterials/Substrate/Glints2/dict_0003_0160.uasset" 8379
"../../../Engine/Content/EngineMaterials/Substrate/Glints2/dict_0003_0162.uasset" 8380
"../../../Engine/Content/EngineMaterials/Substrate/Glints2/dict_0003_0164.uasset" 8381
"/Engine/EngineMaterials/Substrate/Glints2/dict_0003_0186" 8382
"../../../Engine/Content/EngineMaterials/Substrate/Glints2/dict_0003_0166.uasset" 8383
"/Engine/EngineMaterials/Substrate/Glints2/dict_0003_0187" 8384
"/Engine/EngineMaterials/Substrate/Glints2/dict_0003_0171" 8385
"/Engine/EngineMaterials/Substrate/Glints2/dict_0003_0172" 8386
"/Engine/EngineMaterials/Substrate/Glints2/dict_0003_0173" 8387
"/Engine/EngineMaterials/Substrate/Glints2/dict_0003_0174" 8388
"/Engine/EngineMaterials/Substrate/Glints2/dict_0003_0175" 8389
"../../../Engine/Content/EngineMaterials/Substrate/Glints2/dict_0003_0163.uasset" 8390
"/Engine/EngineMaterials/Substrate/Glints2/dict_0003_0176" 8391
"/Engine/EngineMaterials/Substrate/Glints2/dict_0003_0160" 8392
"/Engine/EngineMaterials/Substrate/Glints2/dict_0003_0168" 8393
"/Engine/EngineMaterials/Substrate/Glints2/dict_0003_0177" 8394
"../../../Engine/Content/EngineMaterials/Substrate/Glints2/dict_0003_0165.uasset" 8395
"/Engine/EngineMaterials/Substrate/Glints2/dict_0003_0181" 8396
"/Engine/EngineMaterials/Substrate/Glints2/dict_0003_0188" 8397
"/Engine/EngineMaterials/Substrate/Glints2/dict_0003_0162" 8398
"../../../Engine/Content/EngineMaterials/Substrate/Glints2/dict_0003_0158.uasset" 8399
"/Engine/EngineMaterials/Substrate/Glints2/dict_0003_0164" 8400
"/Engine/EngineMaterials/Substrate/Glints2/dict_0003_0169" 8401
"/Engine/EngineMaterials/Substrate/Glints2/dict_0003_0166" 8402
"/Engine/EngineMaterials/Substrate/Glints2/dict_0003_0170" 8403
"/Engine/EngineMaterials/Substrate/Glints2/dict_0003_0158" 8404
"/Engine/EngineMaterials/Substrate/Glints2/dict_0003_0163" 8405
"../../../Engine/Content/EngineMaterials/Substrate/Glints2/dict_0003_0157.uasset" 8406
"../../../Engine/Content/EngineMaterials/Substrate/Glints2/dict_0003_0153.uasset" 8407
"../../../Engine/Content/EngineMaterials/Substrate/Glints2/dict_0003_0156.uasset" 8408
"/Engine/EngineMaterials/Substrate/Glints2/dict_0003_0165" 8409
"/Engine/EngineMaterials/Substrate/Glints2/dict_0003_0153" 8410
"/Engine/EngineMaterials/Substrate/Glints2/dict_0003_0156" 8411
"../../../Engine/Content/EngineMaterials/Substrate/Glints2/dict_0003_0152.uasset" 8412
"../../../Engine/Content/EngineMaterials/Substrate/Glints2/dict_0003_0161.uasset" 8413
"/Engine/EngineMaterials/Substrate/Glints2/dict_0003_0157" 8414
"../../../Engine/Content/EngineMaterials/Substrate/Glints2/dict_0003_0155.uasset" 8415
"../../../Engine/Content/EngineMaterials/Substrate/Glints2/dict_0003_0154.uasset" 8416
"/Engine/EngineMaterials/Substrate/Glints2/dict_0003_0152" 8417
"/Engine/EngineMaterials/Substrate/Glints2/dict_0003_0155" 8418
"/Engine/EngineMaterials/Substrate/Glints2/dict_0003_0161" 8419
"/Engine/EngineMaterials/Substrate/Glints2/dict_0003_0154" 8420
"../../../Engine/Content/EngineMaterials/Substrate/Glints2/dict_0003_0167.uasset" 8421
"../../../Engine/Content/EngineMaterials/Substrate/Glints2/dict_0003_0159.uasset" 8422
"../../../Engine/Content/EngineMaterials/Substrate/Glints2/dict_0003_0148.uasset" 8423
"../../../Engine/Content/EngineMaterials/Substrate/Glints2/dict_0003_0150.uasset" 8424
"../../../Engine/Content/EngineMaterials/Substrate/Glints2/dict_0003_0146.uasset" 8425
"../../../Engine/Content/EngineMaterials/Substrate/Glints2/dict_0003_0149.uasset" 8426
"/Engine/EngineMaterials/Substrate/Glints2/dict_0003_0148" 8427
"../../../Engine/Content/EngineMaterials/Substrate/Glints2/dict_0003_0143.uasset" 8428
"../../../Engine/Content/EngineMaterials/Substrate/Glints2/dict_0003_0151.uasset" 8429
"../../../Engine/Content/EngineMaterials/Substrate/Glints2/dict_0003_0145.uasset" 8430
"/Engine/EngineMaterials/Substrate/Glints2/dict_0003_0149" 8431
"../../../Engine/Content/EngineMaterials/Substrate/Glints2/dict_0003_0147.uasset" 8432
"../../../Engine/Content/EngineMaterials/Substrate/Glints2/dict_0003_0142.uasset" 8433
"../../../Engine/Content/EngineMaterials/Substrate/Glints2/dict_0003_0144.uasset" 8434
"/Engine/EngineMaterials/Substrate/Glints2/dict_0003_0150" 8435
"/Engine/EngineMaterials/Substrate/Glints2/dict_0003_0159" 8436
"/Engine/EngineMaterials/Substrate/Glints2/dict_0003_0146" 8437
"../../../Engine/Content/EngineMaterials/Substrate/Glints2/dict_0003_0133.uasset" 8438
"../../../Engine/Content/EngineMaterials/Substrate/Glints2/dict_0003_0138.uasset" 8439
"../../../Engine/Content/EngineMaterials/Substrate/Glints2/dict_0003_0137.uasset" 8440
"../../../Engine/Content/EngineMaterials/Substrate/Glints2/dict_0003_0131.uasset" 8441
"../../../Engine/Content/EngineMaterials/Substrate/Glints2/dict_0003_0135.uasset" 8442
"../../../Engine/Content/EngineMaterials/Substrate/Glints2/dict_0003_0136.uasset" 8443
"/Engine/EngineMaterials/Substrate/Glints2/dict_0003_0167" 8444
"../../../Engine/Content/EngineMaterials/Substrate/Glints2/dict_0003_0134.uasset" 8445
"/Engine/EngineMaterials/Substrate/Glints2/dict_0003_0133" 8446
"/Engine/EngineMaterials/Substrate/Glints2/dict_0003_0134" 8447
"/Engine/EngineMaterials/Substrate/Glints2/dict_0003_0135" 8448
"../../../Engine/Content/EngineMaterials/Substrate/Glints2/dict_0003_0132.uasset" 8449
"/Engine/EngineMaterials/Substrate/Glints2/dict_0003_0136" 8450
"/Engine/EngineMaterials/Substrate/Glints2/dict_0003_0137" 8451
"/Engine/EngineMaterials/Substrate/Glints2/dict_0003_0138" 8452
"/Engine/EngineMaterials/Substrate/Glints2/dict_0003_0151" 8453
"../../../Engine/Content/EngineMaterials/Substrate/Glints2/dict_0003_0130.uasset" 8454
"/Engine/EngineMaterials/Substrate/Glints2/dict_0003_0142" 8455
"../../../Engine/Content/EngineMaterials/Substrate/Glints2/dict_0003_0128.uasset" 8456
"/Engine/EngineMaterials/Substrate/Glints2/dict_0003_0143" 8457
"../../../Engine/Content/EngineMaterials/Substrate/Glints2/dict_0003_0123.uasset" 8458
"../../../Engine/Content/EngineMaterials/Substrate/Glints2/dict_0003_0125.uasset" 8459
"/Engine/EngineMaterials/Substrate/Glints2/dict_0003_0144" 8460
"/Engine/EngineMaterials/Substrate/Glints2/dict_0003_0131" 8461
"../../../Engine/Content/EngineMaterials/Substrate/Glints2/dict_0003_0126.uasset" 8462
"/Engine/EngineMaterials/Substrate/Glints2/dict_0003_0145" 8463
"../../../Engine/Content/EngineMaterials/Substrate/Glints2/dict_0003_0124.uasset" 8464
"../../../Engine/Content/EngineMaterials/Substrate/Glints2/dict_0003_0129.uasset" 8465
"/Engine/EngineMaterials/Substrate/Glints2/dict_0003_0147" 8466
"/Engine/EngineMaterials/Substrate/Glints2/dict_0003_0132" 8467
"../../../Engine/Content/EngineMaterials/Substrate/Glints2/dict_0003_0127.uasset" 8468
"/Engine/EngineMaterials/Substrate/Glints2/dict_0003_0123" 8469
"../../../Engine/Content/EngineMaterials/Substrate/Glints2/dict_0003_0140.uasset" 8470
"/Engine/EngineMaterials/Substrate/Glints2/dict_0003_0126" 8471
"/Engine/EngineMaterials/Substrate/Glints2/dict_0003_0124" 8472
"../../../Engine/Content/EngineMaterials/Substrate/Glints2/dict_0003_0120.uasset" 8473
"../../../Engine/Content/EngineMaterials/Substrate/Glints2/dict_0003_0118.uasset" 8474
"../../../Engine/Content/EngineMaterials/Substrate/Glints2/dict_0003_0121.uasset" 8475
"../../../Engine/Content/EngineMaterials/Substrate/Glints2/dict_0003_0119.uasset" 8476
"../../../Engine/Content/EngineMaterials/Substrate/Glints2/dict_0003_0122.uasset" 8477
"/Engine/EngineMaterials/Substrate/Glints2/dict_0003_0129" 8478
"/Engine/EngineMaterials/Substrate/Glints2/dict_0003_0128" 8479
"/Engine/EngineMaterials/Substrate/Glints2/dict_0003_0125" 8480
"/Engine/EngineMaterials/Substrate/Glints2/dict_0003_0130" 8481
"/Engine/EngineMaterials/Substrate/Glints2/dict_0003_0140" 8482
"../../../Engine/Content/EngineMaterials/Substrate/Glints2/dict_0003_0141.uasset" 8483
"/Engine/EngineMaterials/Substrate/Glints2/dict_0003_0118" 8484
"/Engine/EngineMaterials/Substrate/Glints2/dict_0003_0122" 8485
"/Engine/EngineMaterials/Substrate/Glints2/dict_0003_0127" 8486
"/Engine/EngineMaterials/Substrate/Glints2/dict_0003_0119" 8487
"/Engine/EngineMaterials/Substrate/Glints2/dict_0003_0120" 8488
"../../../Engine/Content/EngineMaterials/Substrate/Glints2/dict_0003_0139.uasset" 8489
"/Engine/EngineMaterials/Substrate/Glints2/dict_0003_0121" 8490
"../../../Engine/Content/EngineMaterials/Substrate/Glints2/dict_0003_0117.uasset" 8491
"/Engine/EngineMaterials/Substrate/Glints2/dict_0003_0139" 8492
"/Engine/EngineMaterials/Substrate/Glints2/dict_0003_0117" 8493
"/Engine/EngineMaterials/Substrate/Glints2/dict_0003_0141" 8494
"../../../Engine/Content/EngineMaterials/Substrate/Glints2/dict_0003_0116.uasset" 8495
"../../../Engine/Content/EngineMaterials/Substrate/Glints2/dict_0003_0115.uasset" 8496
"../../../Engine/Content/EngineMaterials/Substrate/Glints2/dict_0003_0112.uasset" 8497
"../../../Engine/Content/EngineMaterials/Substrate/Glints2/dict_0003_0109.uasset" 8498
"../../../Engine/Content/EngineMaterials/Substrate/Glints2/dict_0003_0114.uasset" 8499
"../../../Engine/Content/EngineMaterials/Substrate/Glints2/dict_0003_0110.uasset" 8500
"../../../Engine/Content/EngineMaterials/Substrate/Glints2/dict_0003_0108.uasset" 8501
"../../../Engine/Content/EngineMaterials/Substrate/Glints2/dict_0003_0111.uasset" 8502
"/Engine/EngineMaterials/Substrate/Glints2/dict_0003_0108" 8503
"/Engine/EngineMaterials/Substrate/Glints2/dict_0003_0116" 8504
"/Engine/EngineMaterials/Substrate/Glints2/dict_0003_0109" 8505
"../../../Engine/Content/EngineMaterials/Substrate/Glints2/dict_0003_0106.uasset" 8506
"../../../Engine/Content/EngineMaterials/Substrate/Glints2/dict_0003_0103.uasset" 8507
"../../../Engine/Content/EngineMaterials/Substrate/Glints2/dict_0003_0105.uasset" 8508
"../../../Engine/Content/EngineMaterials/Substrate/Glints2/dict_0003_0102.uasset" 8509
"/Engine/EngineMaterials/Substrate/Glints2/dict_0003_0110" 8510
"/Engine/EngineMaterials/Substrate/Glints2/dict_0003_0111" 8511
"/Engine/EngineMaterials/Substrate/Glints2/dict_0003_0112" 8512
"../../../Engine/Content/EngineMaterials/Substrate/Glints2/dict_0003_0100.uasset" 8513
"../../../Engine/Content/EngineMaterials/Substrate/Glints2/dict_0003_0104.uasset" 8514
"/Engine/EngineMaterials/Substrate/Glints2/dict_0003_0114" 8515
"/Engine/EngineMaterials/Substrate/Glints2/dict_0003_0115" 8516
"../../../Engine/Content/EngineMaterials/Substrate/Glints2/dict_0003_0101.uasset" 8517
"/Engine/EngineMaterials/Substrate/Glints2/dict_0003_0103" 8518
"../../../Engine/Content/EngineMaterials/Substrate/Glints2/dict_0003_0098.uasset" 8519
"/Engine/EngineMaterials/Substrate/Glints2/dict_0003_0104" 8520
"../../../Engine/Content/EngineMaterials/Substrate/Glints2/dict_0003_0097.uasset" 8521
"/Engine/EngineMaterials/Substrate/Glints2/dict_0003_0105" 8522
"/Engine/EngineMaterials/Substrate/Glints2/dict_0003_0106" 8523
"/Engine/EngineMaterials/Substrate/Glints2/dict_0003_0100" 8524
"../../../Engine/Content/EngineMaterials/Substrate/Glints2/dict_0003_0099.uasset" 8525
"/Engine/EngineMaterials/Substrate/Glints2/dict_0003_0101" 8526
"../../../Engine/Content/EngineMaterials/Substrate/Glints2/dict_0003_0095.uasset" 8527
"/Engine/EngineMaterials/Substrate/Glints2/dict_0003_0102" 8528
"../../../Engine/Content/EngineMaterials/Substrate/Glints2/dict_0003_0094.uasset" 8529
"../../../Engine/Content/EngineMaterials/Substrate/Glints2/dict_0003_0093.uasset" 8530
"/Engine/EngineMaterials/Substrate/Glints2/dict_0003_0095" 8531
"../../../Engine/Content/EngineMaterials/Substrate/Glints2/dict_0003_0089.uasset" 8532
"../../../Engine/Content/EngineMaterials/Substrate/Glints2/dict_0003_0091.uasset" 8533
"../../../Engine/Content/EngineMaterials/Substrate/Glints2/dict_0003_0092.uasset" 8534
"/Engine/EngineMaterials/Substrate/Glints2/dict_0003_0097" 8535
"../../../Engine/Content/EngineMaterials/Substrate/Glints2/dict_0003_0096.uasset" 8536
"/Engine/EngineMaterials/Substrate/Glints2/dict_0003_0098" 8537
"../../../Engine/Content/EngineMaterials/Substrate/Glints2/dict_0003_0088.uasset" 8538
"/Engine/EngineMaterials/Substrate/Glints2/dict_0003_0099" 8539
"../../../Engine/Content/EngineMaterials/Substrate/Glints2/dict_0003_0087.uasset" 8540
"/Engine/EngineMaterials/Substrate/Glints2/dict_0003_0088" 8541
"/Engine/EngineMaterials/Substrate/Glints2/dict_0003_0089" 8542
"/Engine/EngineMaterials/Substrate/Glints2/dict_0003_0087" 8543
"../../../Engine/Content/EngineMaterials/Substrate/Glints2/dict_0003_0085.uasset" 8544
"../../../Engine/Content/EngineMaterials/Substrate/Glints2/dict_0003_0086.uasset" 8545
"/Engine/EngineMaterials/Substrate/Glints2/dict_0003_0096" 8546
"/Engine/EngineMaterials/Substrate/Glints2/dict_0003_0091" 8547
"../../../Engine/Content/EngineMaterials/Substrate/Glints2/dict_0003_0090.uasset" 8548
"/Engine/EngineMaterials/Substrate/Glints2/dict_0003_0092" 8549
"/Engine/EngineMaterials/Substrate/Glints2/dict_0003_0093" 8550
"../../../Engine/Content/EngineMaterials/Substrate/Glints2/dict_0003_0107.uasset" 8551
"/Engine/EngineMaterials/Substrate/Glints2/dict_0003_0094" 8552
"../../../Engine/Content/EngineMaterials/Substrate/Glints2/dict_0003_0113.uasset" 8553
"/Engine/EngineMaterials/Substrate/Glints2/dict_0003_0107" 8554
"../../../Engine/Content/EngineMaterials/Substrate/Glints2/dict_0003_0083.uasset" 8555
"/Engine/EngineMaterials/Substrate/Glints2/dict_0003_0085" 8556
"/Engine/EngineMaterials/Substrate/Glints2/dict_0003_0086" 8557
"/Engine/EngineMaterials/Substrate/Glints2/dict_0003_0090" 8558
"/Engine/EngineMaterials/Substrate/Glints2/dict_0003_0113" 8559
"/Engine/EngineMaterials/Substrate/Glints2/dict_0003_0083" 8560
"../../../Engine/Content/EngineMaterials/Substrate/Glints2/dict_0003_0081.uasset" 8561
"../../../Engine/Content/EngineMaterials/Substrate/Glints2/dict_0003_0082.uasset" 8562
"../../../Engine/Content/EngineMaterials/Substrate/Glints2/dict_0003_0078.uasset" 8563
"../../../Engine/Content/EngineMaterials/Substrate/Glints2/dict_0003_0084.uasset" 8564
"../../../Engine/Content/EngineMaterials/Substrate/Glints2/dict_0003_0079.uasset" 8565
"../../../Engine/Content/EngineMaterials/Substrate/Glints2/dict_0003_0077.uasset" 8566
"../../../Engine/Content/EngineMaterials/Substrate/Glints2/dict_0003_0080.uasset" 8567
"../../../Engine/Content/EngineMaterials/Substrate/Glints2/dict_0003_0073.uasset" 8568
"/Engine/EngineMaterials/Substrate/Glints2/dict_0003_0078" 8569
"../../../Engine/Content/EngineMaterials/Substrate/Glints2/dict_0003_0074.uasset" 8570
"../../../Engine/Content/EngineMaterials/Substrate/Glints2/dict_0003_0076.uasset" 8571
"/Engine/EngineMaterials/Substrate/Glints2/dict_0003_0079" 8572
"../../../Engine/Content/EngineMaterials/Substrate/Glints2/dict_0003_0072.uasset" 8573
"/Engine/EngineMaterials/Substrate/Glints2/dict_0003_0081" 8574
"../../../Engine/Content/EngineMaterials/Substrate/Glints2/dict_0003_0075.uasset" 8575
"/Engine/EngineMaterials/Substrate/Glints2/dict_0003_0082" 8576
"/Engine/EngineMaterials/Substrate/Glints2/dict_0003_0084" 8577
"/Engine/EngineMaterials/Substrate/Glints2/dict_0003_0072" 8578
"../../../Engine/Content/EngineMaterials/Substrate/Glints2/dict_0003_0070.uasset" 8579
"/Engine/EngineMaterials/Substrate/Glints2/dict_0003_0073" 8580
"/Engine/EngineMaterials/Substrate/Glints2/dict_0003_0077" 8581
"../../../Engine/Content/EngineMaterials/Substrate/Glints2/dict_0003_0067.uasset" 8582
"/Engine/EngineMaterials/Substrate/Glints2/dict_0003_0074" 8583
"../../../Engine/Content/EngineMaterials/Substrate/Glints2/dict_0003_0065.uasset" 8584
"/Engine/EngineMaterials/Substrate/Glints2/dict_0003_0080" 8585
"../../../Engine/Content/EngineMaterials/Substrate/Glints2/dict_0003_0062.uasset" 8586
"../../../Engine/Content/EngineMaterials/Substrate/Glints2/dict_0003_0063.uasset" 8587
"../../../Engine/Content/EngineMaterials/Substrate/Glints2/dict_0003_0069.uasset" 8588
"../../../Engine/Content/EngineMaterials/Substrate/Glints2/dict_0003_0068.uasset" 8589
"/Engine/EngineMaterials/Substrate/Glints2/dict_0003_0075" 8590
"../../../Engine/Content/EngineMaterials/Substrate/Glints2/dict_0003_0061.uasset" 8591
"/Engine/EngineMaterials/Substrate/Glints2/dict_0003_0076" 8592
"/Engine/EngineMaterials/Substrate/Glints2/dict_0003_0070" 8593
"../../../Engine/Content/EngineMaterials/Substrate/Glints2/dict_0003_0059.uasset" 8594
"../../../Engine/Content/EngineMaterials/Substrate/Glints2/dict_0003_0066.uasset" 8595
"/Engine/EngineMaterials/Substrate/Glints2/dict_0003_0061" 8596
"../../../Engine/Content/EngineMaterials/Substrate/Glints2/dict_0003_0058.uasset" 8597
"../../../Engine/Content/EngineMaterials/Substrate/Glints2/dict_0003_0064.uasset" 8598
"/Engine/EngineMaterials/Substrate/Glints2/dict_0003_0067" 8599
"/Engine/EngineMaterials/Substrate/Glints2/dict_0003_0068" 8600
"../../../Engine/Content/EngineMaterials/Substrate/Glints2/dict_0003_0056.uasset" 8601
"../../../Engine/Content/EngineMaterials/Substrate/Glints2/dict_0003_0053.uasset" 8602
"../../../Engine/Content/EngineMaterials/Substrate/Glints2/dict_0003_0057.uasset" 8603
"/Engine/EngineMaterials/Substrate/Glints2/dict_0003_0062" 8604
"/Engine/EngineMaterials/Substrate/Glints2/dict_0003_0069" 8605
"/Engine/EngineMaterials/Substrate/Glints2/dict_0003_0063" 8606
"../../../Engine/Content/EngineMaterials/Substrate/Glints2/dict_0003_0054.uasset" 8607
"/Engine/EngineMaterials/Substrate/Glints2/dict_0003_0065" 8608
"../../../Engine/Content/EngineMaterials/Substrate/Glints2/dict_0003_0055.uasset" 8609
"/Engine/EngineMaterials/Substrate/Glints2/dict_0003_0066" 8610
"/Engine/EngineMaterials/Substrate/Glints2/dict_0003_0054" 8611
"/Engine/EngineMaterials/Substrate/Glints2/dict_0003_0055" 8612
"../../../Engine/Content/EngineMaterials/Substrate/Glints2/dict_0003_0052.uasset" 8613
"/Engine/EngineMaterials/Substrate/Glints2/dict_0003_0058" 8614
"/Engine/EngineMaterials/Substrate/Glints2/dict_0003_0056" 8615
"../../../Engine/Content/EngineMaterials/Substrate/Glints2/dict_0003_0050.uasset" 8616
"/Engine/EngineMaterials/Substrate/Glints2/dict_0003_0059" 8617
"/Engine/EngineMaterials/Substrate/Glints2/dict_0003_0057" 8618
"../../../Engine/Content/EngineMaterials/Substrate/Glints2/dict_0003_0051.uasset" 8619
"../../../Engine/Content/EngineMaterials/Substrate/Glints2/dict_0003_0048.uasset" 8620
"../../../Engine/Content/EngineMaterials/Substrate/Glints2/dict_0003_0045.uasset" 8621
"../../../Engine/Content/EngineMaterials/Substrate/Glints2/dict_0003_0049.uasset" 8622
"/Engine/EngineMaterials/Substrate/Glints2/dict_0003_0053" 8623
"/Engine/EngineMaterials/Substrate/Glints2/dict_0003_0064" 8624
"/Engine/EngineMaterials/Substrate/Glints2/dict_0003_0048" 8625
"/Engine/EngineMaterials/Substrate/Glints2/dict_0003_0045" 8626
"../../../Engine/Content/EngineMaterials/Substrate/Glints2/dict_0003_0047.uasset" 8627
"/Engine/EngineMaterials/Substrate/Glints2/dict_0003_0049" 8628
"../../../Engine/Content/EngineMaterials/Substrate/Glints2/dict_0003_0046.uasset" 8629
"/Engine/EngineMaterials/Substrate/Glints2/dict_0003_0050" 8630
"/Engine/EngineMaterials/Substrate/Glints2/dict_0003_0052" 8631
"/Engine/EngineMaterials/Substrate/Glints2/dict_0003_0051" 8632
"/Engine/EngineMaterials/Substrate/Glints2/dict_0003_0047" 8633
"/Engine/EngineMaterials/Substrate/Glints2/dict_0003_0046" 8634
"../../../Engine/Content/EngineMaterials/Substrate/Glints2/dict_0003_0060.uasset" 8635
"../../../Engine/Content/EngineMaterials/Substrate/Glints2/dict_0003_0042.uasset" 8636
"../../../Engine/Content/EngineMaterials/Substrate/Glints2/dict_0003_0037.uasset" 8637
"../../../Engine/Content/EngineMaterials/Substrate/Glints2/dict_0003_0040.uasset" 8638
"../../../Engine/Content/EngineMaterials/Substrate/Glints2/dict_0003_0041.uasset" 8639
"../../../Engine/Content/EngineMaterials/Substrate/Glints2/dict_0003_0071.uasset" 8640
"../../../Engine/Content/EngineMaterials/Substrate/Glints2/dict_0003_0039.uasset" 8641
"../../../Engine/Content/EngineMaterials/Substrate/Glints2/dict_0003_0043.uasset" 8642
"/Engine/EngineMaterials/Substrate/Glints2/dict_0003_0071" 8643
"../../../Engine/Content/EngineMaterials/Substrate/Glints2/dict_0003_0036.uasset" 8644
"../../../Engine/Content/EngineMaterials/Substrate/Glints2/dict_0003_0038.uasset" 8645
"/Engine/EngineMaterials/Substrate/Glints2/dict_0003_0040" 8646
"/Engine/EngineMaterials/Substrate/Glints2/dict_0003_0041" 8647
"/Engine/EngineMaterials/Substrate/Glints2/dict_0003_0042" 8648
"../../../Engine/Content/EngineMaterials/Substrate/Glints2/dict_0003_0044.uasset" 8649
"/Engine/EngineMaterials/Substrate/Glints2/dict_0003_0060" 8650
"/Engine/EngineMaterials/Substrate/Glints2/dict_0003_0037" 8651
"/Engine/EngineMaterials/Substrate/Glints2/dict_0003_0043" 8652
"/Engine/EngineMaterials/Substrate/Glints2/dict_0003_0039" 8653
"/Engine/EngineMaterials/Substrate/Glints2/dict_0003_0036" 8654
"/Engine/EngineMaterials/Substrate/Glints2/dict_0003_0044" 8655
"../../../Engine/Content/EngineMaterials/Substrate/Glints2/dict_0003_0025.uasset" 8656
"../../../Engine/Content/EngineMaterials/Substrate/Glints2/dict_0003_0032.uasset" 8657
"../../../Engine/Content/EngineMaterials/Substrate/Glints2/dict_0003_0026.uasset" 8658
"../../../Engine/Content/EngineMaterials/Substrate/Glints2/dict_0003_0033.uasset" 8659
"../../../Engine/Content/EngineMaterials/Substrate/Glints2/dict_0003_0034.uasset" 8660
"../../../Engine/Content/EngineMaterials/Substrate/Glints2/dict_0003_0035.uasset" 8661
"/Engine/EngineMaterials/Substrate/Glints2/dict_0003_0038" 8662
"../../../Engine/Content/EngineMaterials/Substrate/Glints2/dict_0003_0031.uasset" 8663
"/Engine/EngineMaterials/Substrate/Glints2/dict_0003_0032" 8664
"/Engine/EngineMaterials/Substrate/Glints2/dict_0003_0025" 8665
"../../../Engine/Content/EngineMaterials/Substrate/Glints2/dict_0003_0028.uasset" 8666
"/Engine/EngineMaterials/Substrate/Glints2/dict_0003_0026" 8667
"/Engine/EngineMaterials/Substrate/Glints2/dict_0003_0033" 8668
"/Engine/EngineMaterials/Substrate/Glints2/dict_0003_0034" 8669
"/Engine/EngineMaterials/Substrate/Glints2/dict_0003_0035" 8670
"/Engine/EngineMaterials/Substrate/Glints2/dict_0003_0031" 8671
"/Engine/EngineMaterials/Substrate/Glints2/dict_0003_0028" 8672
"../../../Engine/Content/EngineMaterials/Substrate/Glints2/dict_0003_0023.uasset" 8673
"../../../Engine/Content/EngineMaterials/Substrate/Glints2/dict_0003_0022.uasset" 8674
"../../../Engine/Content/EngineMaterials/Substrate/Glints2/dict_0003_0017.uasset" 8675
"../../../Engine/Content/EngineMaterials/Substrate/Glints2/dict_0003_0020.uasset" 8676
"../../../Engine/Content/EngineMaterials/Substrate/Glints2/dict_0003_0030.uasset" 8677
"../../../Engine/Content/EngineMaterials/Substrate/Glints2/dict_0003_0019.uasset" 8678
"../../../Engine/Content/EngineMaterials/Substrate/Glints2/dict_0003_0027.uasset" 8679
"../../../Engine/Content/EngineMaterials/Substrate/Glints2/dict_0003_0021.uasset" 8680
"/Engine/EngineMaterials/Substrate/Glints2/dict_0003_0023" 8681
"/Engine/EngineMaterials/Substrate/Glints2/dict_0003_0027" 8682
"../../../Engine/Content/EngineMaterials/Substrate/Glints2/dict_0003_0018.uasset" 8683
"/Engine/EngineMaterials/Substrate/Glints2/dict_0003_0017" 8684
"/Engine/EngineMaterials/Substrate/Glints2/dict_0003_0019" 8685
"/Engine/EngineMaterials/Substrate/Glints2/dict_0003_0020" 8686
"../../../Engine/Content/EngineMaterials/Substrate/Glints2/dict_0003_0012.uasset" 8687
"/Engine/EngineMaterials/Substrate/Glints2/dict_0003_0021" 8688
"../../../Engine/Content/EngineMaterials/Substrate/Glints2/dict_0003_0013.uasset" 8689
"../../../Engine/Content/EngineMaterials/Substrate/Glints2/dict_0003_0015.uasset" 8690
"../../../Engine/Content/EngineMaterials/Substrate/Glints2/dict_0003_0016.uasset" 8691
"/Engine/EngineMaterials/Substrate/Glints2/dict_0003_0030" 8692
"/Engine/EngineMaterials/Substrate/Glints2/dict_0003_0022" 8693
"/Engine/EngineMaterials/Substrate/Glints2/dict_0003_0015" 8694
"/Engine/EngineMaterials/Substrate/Glints2/dict_0003_0012" 8695
"/Engine/EngineMaterials/Substrate/Glints2/dict_0003_0013" 8696
"/Engine/EngineMaterials/Substrate/Glints2/dict_0003_0018" 8697
"/Engine/EngineMaterials/Substrate/Glints2/dict_0003_0016" 8698
"../../../Engine/Content/EngineMaterials/Substrate/Glints2/dict_0003_0008.uasset" 8699
"../../../Engine/Content/EngineMaterials/Substrate/Glints2/dict_0003_0010.uasset" 8700
"../../../Engine/Content/EngineMaterials/Substrate/Glints2/dict_0003_0011.uasset" 8701
"../../../Engine/Content/EngineMaterials/Substrate/Glints2/dict_0003_0029.uasset" 8702
"../../../Engine/Content/EngineMaterials/Substrate/Glints2/dict_0003_0014.uasset" 8703
"../../../Engine/Content/EngineMaterials/Substrate/Glints2/dict_0003_0006.uasset" 8704
"../../../Engine/Content/EngineMaterials/Substrate/Glints2/dict_0003_0004.uasset" 8705
"../../../Engine/Content/EngineMaterials/Substrate/Glints2/dict_0003_0024.uasset" 8706
"../../../Engine/Content/EngineMaterials/Substrate/Glints2/dict_0003_0009.uasset" 8707
"/Engine/EngineMaterials/Substrate/Glints2/dict_0003_0008" 8708
"../../../Engine/Content/EngineMaterials/Substrate/Glints2/dict_0003_0005.uasset" 8709
"/Engine/EngineMaterials/Substrate/Glints2/dict_0003_0010" 8710
"/Engine/EngineMaterials/Substrate/Glints2/dict_0003_0011" 8711
"../../../Engine/Content/EngineMaterials/Substrate/Glints2/dict_0003_0000.uasset" 8712
"../../../Engine/Content/EngineMaterials/Substrate/Glints2/dict_0003_0002.uasset" 8713
"/Engine/EngineMaterials/Substrate/Glints2/dict_0003_0029" 8714
"/Engine/EngineMaterials/Substrate/Glints2/dict_0003_0014" 8715
"/Engine/EngineMaterials/Substrate/Glints2/dict_0003_0009" 8716
"/Engine/EngineMaterials/Substrate/Glints2/dict_0003_0024" 8717
"/Engine/EngineMaterials/Substrate/Glints2/dict_0003_0000" 8718
"/Engine/EngineMaterials/Substrate/Glints2/dict_0003_0002" 8719
"../../../Engine/Content/EngineMaterials/Substrate/Glints2/dict_0003_0007.uasset" 8720
"/Engine/EngineMaterials/Substrate/Glints2/dict_0003_0004" 8721
"/Engine/EngineMaterials/Substrate/Glints2/dict_0003_0005" 8722
"/Engine/EngineMaterials/Substrate/Glints2/dict_0003_0006" 8723
"/Engine/EngineMaterials/Substrate/Glints2/dict_0003_0007" 8724
"../../../Engine/Content/EngineMaterials/Substrate/Glints2/dict_0003_0003.uasset" 8725
"../../../Engine/Content/EngineMaterials/Substrate/Glints2/dict_0002_0254.uasset" 8726
"../../../Engine/Content/EngineMaterials/Substrate/Glints2/dict_0002_0249.uasset" 8727
"../../../Engine/Content/EngineMaterials/Substrate/Glints2/dict_0002_0253.uasset" 8728
"../../../Engine/Content/EngineMaterials/Substrate/Glints2/dict_0002_0250.uasset" 8729
"../../../Engine/Content/EngineMaterials/Substrate/Glints2/dict_0002_0251.uasset" 8730
"../../../Engine/Content/EngineMaterials/Substrate/Glints2/dict_0002_0252.uasset" 8731
"../../../Engine/Content/EngineMaterials/Substrate/Glints2/dict_0003_0001.uasset" 8732
"../../../Engine/Content/EngineMaterials/Substrate/Glints2/dict_0002_0247.uasset" 8733
"../../../Engine/Content/EngineMaterials/Substrate/Glints2/dict_0002_0248.uasset" 8734
"/Engine/EngineMaterials/Substrate/Glints2/dict_0002_0253" 8735
"/Engine/EngineMaterials/Substrate/Glints2/dict_0002_0254" 8736
"/Engine/EngineMaterials/Substrate/Glints2/dict_0002_0252" 8737
"/Engine/EngineMaterials/Substrate/Glints2/dict_0003_0001" 8738
"../../../Engine/Content/EngineMaterials/Substrate/Glints2/dict_0002_0244.uasset" 8739
"../../../Engine/Content/EngineMaterials/Substrate/Glints2/dict_0002_0243.uasset" 8740
"../../../Engine/Content/EngineMaterials/Substrate/Glints2/dict_0002_0239.uasset" 8741
"../../../Engine/Content/EngineMaterials/Substrate/Glints2/dict_0002_0246.uasset" 8742
"../../../Engine/Content/EngineMaterials/Substrate/Glints2/dict_0002_0240.uasset" 8743
"../../../Engine/Content/EngineMaterials/Substrate/Glints2/dict_0002_0245.uasset" 8744
"/Engine/EngineMaterials/Substrate/Glints2/dict_0002_0247" 8745
"/Engine/EngineMaterials/Substrate/Glints2/dict_0002_0248" 8746
"../../../Engine/Content/EngineMaterials/Substrate/Glints2/dict_0002_0242.uasset" 8747
"../../../Engine/Content/EngineMaterials/Substrate/Glints2/dict_0002_0237.uasset" 8748
"../../../Engine/Content/EngineMaterials/Substrate/Glints2/dict_0002_0238.uasset" 8749
"/Engine/EngineMaterials/Substrate/Glints2/dict_0002_0249" 8750
"../../../Engine/Content/EngineMaterials/Substrate/Glints2/dict_0002_0236.uasset" 8751
"/Engine/EngineMaterials/Substrate/Glints2/dict_0002_0250" 8752
"/Engine/EngineMaterials/Substrate/Glints2/dict_0003_0003" 8753
"/Engine/EngineMaterials/Substrate/Glints2/dict_0002_0251" 8754
"/Engine/EngineMaterials/Substrate/Glints2/dict_0002_0244" 8755
"../../../Engine/Content/EngineMaterials/Substrate/Glints2/dict_0002_0255.uasset" 8756
"/Engine/EngineMaterials/Substrate/Glints2/dict_0002_0239" 8757
"../../../Engine/Content/EngineMaterials/Substrate/Glints2/dict_0002_0241.uasset" 8758
"/Engine/EngineMaterials/Substrate/Glints2/dict_0002_0245" 8759
"/Engine/EngineMaterials/Substrate/Glints2/dict_0002_0246" 8760
"/Engine/EngineMaterials/Substrate/Glints2/dict_0002_0236" 8761
"/Engine/EngineMaterials/Substrate/Glints2/dict_0002_0237" 8762
"/Engine/EngineMaterials/Substrate/Glints2/dict_0002_0240" 8763
"/Engine/EngineMaterials/Substrate/Glints2/dict_0002_0242" 8764
"../../../Engine/Content/EngineMaterials/Substrate/Glints2/dict_0002_0233.uasset" 8765
"/Engine/EngineMaterials/Substrate/Glints2/dict_0002_0243" 8766
"/Engine/EngineMaterials/Substrate/Glints2/dict_0002_0238" 8767
"../../../Engine/Content/EngineMaterials/Substrate/Glints2/dict_0002_0230.uasset" 8768
"/Engine/EngineMaterials/Substrate/Glints2/dict_0002_0255" 8769
"../../../Engine/Content/EngineMaterials/Substrate/Glints2/dict_0002_0234.uasset" 8770
"/Engine/EngineMaterials/Substrate/Glints2/dict_0002_0241" 8771
"/Engine/EngineMaterials/Substrate/Glints2/dict_0002_0233" 8772
"/Engine/EngineMaterials/Substrate/Glints2/dict_0002_0234" 8773
"/Engine/EngineMaterials/Substrate/Glints2/dict_0002_0230" 8774
"../../../Engine/Content/EngineMaterials/Substrate/Glints2/dict_0002_0231.uasset" 8775
"../../../Engine/Content/EngineMaterials/Substrate/Glints2/dict_0002_0226.uasset" 8776
"../../../Engine/Content/EngineMaterials/Substrate/Glints2/dict_0002_0228.uasset" 8777
"../../../Engine/Content/EngineMaterials/Substrate/Glints2/dict_0002_0235.uasset" 8778
"../../../Engine/Content/EngineMaterials/Substrate/Glints2/dict_0002_0229.uasset" 8779
"../../../Engine/Content/EngineMaterials/Substrate/Glints2/dict_0002_0232.uasset" 8780
"../../../Engine/Content/EngineMaterials/Substrate/Glints2/dict_0002_0227.uasset" 8781
"/Engine/EngineMaterials/Substrate/Glints2/dict_0002_0226" 8782
"/Engine/EngineMaterials/Substrate/Glints2/dict_0002_0227" 8783
"../../../Engine/Content/EngineMaterials/Substrate/Glints2/dict_0002_0221.uasset" 8784
"../../../Engine/Content/EngineMaterials/Substrate/Glints2/dict_0002_0219.uasset" 8785
"../../../Engine/Content/EngineMaterials/Substrate/Glints2/dict_0002_0218.uasset" 8786
"../../../Engine/Content/EngineMaterials/Substrate/Glints2/dict_0002_0225.uasset" 8787
"../../../Engine/Content/EngineMaterials/Substrate/Glints2/dict_0002_0224.uasset" 8788
"../../../Engine/Content/EngineMaterials/Substrate/Glints2/dict_0002_0220.uasset" 8789
"/Engine/EngineMaterials/Substrate/Glints2/dict_0002_0228" 8790
"/Engine/EngineMaterials/Substrate/Glints2/dict_0002_0235" 8791
"/Engine/EngineMaterials/Substrate/Glints2/dict_0002_0229" 8792
"../../../Engine/Content/EngineMaterials/Substrate/Glints2/dict_0002_0223.uasset" 8793
"/Engine/EngineMaterials/Substrate/Glints2/dict_0002_0231" 8794
"/Engine/EngineMaterials/Substrate/Glints2/dict_0002_0232" 8795
"/Engine/EngineMaterials/Substrate/Glints2/dict_0002_0218" 8796
"../../../Engine/Content/EngineMaterials/Substrate/Glints2/dict_0002_0222.uasset" 8797
"../../../Engine/Content/EngineMaterials/Substrate/Glints2/dict_0002_0215.uasset" 8798
"/Engine/EngineMaterials/Substrate/Glints2/dict_0002_0219" 8799
"/Engine/EngineMaterials/Substrate/Glints2/dict_0002_0220" 8800
"/Engine/EngineMaterials/Substrate/Glints2/dict_0002_0221" 8801
"/Engine/EngineMaterials/Substrate/Glints2/dict_0002_0223" 8802
"/Engine/EngineMaterials/Substrate/Glints2/dict_0002_0224" 8803
"/Engine/EngineMaterials/Substrate/Glints2/dict_0002_0225" 8804
"/Engine/EngineMaterials/Substrate/Glints2/dict_0002_0222" 8805
"/Engine/EngineMaterials/Substrate/Glints2/dict_0002_0215" 8806
"../../../Engine/Content/EngineMaterials/Substrate/Glints2/dict_0002_0216.uasset" 8807
"/Engine/EngineMaterials/Substrate/Glints2/dict_0002_0216" 8808
"../../../Engine/Content/EngineMaterials/Substrate/Glints2/dict_0002_0217.uasset" 8809
"../../../Engine/Content/EngineMaterials/Substrate/Glints2/dict_0002_0214.uasset" 8810
"../../../Engine/Content/EngineMaterials/Substrate/Glints2/dict_0002_0209.uasset" 8811
"../../../Engine/Content/EngineMaterials/Substrate/Glints2/dict_0002_0211.uasset" 8812
"../../../Engine/Content/EngineMaterials/Substrate/Glints2/dict_0002_0210.uasset" 8813
"../../../Engine/Content/EngineMaterials/Substrate/Glints2/dict_0002_0213.uasset" 8814
"../../../Engine/Content/EngineMaterials/Substrate/Glints2/dict_0002_0212.uasset" 8815
"../../../Engine/Content/EngineMaterials/Substrate/Glints2/dict_0002_0208.uasset" 8816
"/Engine/EngineMaterials/Substrate/Glints2/dict_0002_0217" 8817
"/Engine/EngineMaterials/Substrate/Glints2/dict_0002_0209" 8818
"/Engine/EngineMaterials/Substrate/Glints2/dict_0002_0210" 8819
"../../../Engine/Content/EngineMaterials/Substrate/Glints2/dict_0002_0207.uasset" 8820
"../../../Engine/Content/EngineMaterials/Substrate/Glints2/dict_0002_0206.uasset" 8821
"/Engine/EngineMaterials/Substrate/Glints2/dict_0002_0211" 8822
"../../../Engine/Content/EngineMaterials/Substrate/Glints2/dict_0002_0205.uasset" 8823
"/Engine/EngineMaterials/Substrate/Glints2/dict_0002_0212" 8824
"../../../Engine/Content/EngineMaterials/Substrate/Glints2/dict_0002_0200.uasset" 8825
"../../../Engine/Content/EngineMaterials/Substrate/Glints2/dict_0002_0198.uasset" 8826
"/Engine/EngineMaterials/Substrate/Glints2/dict_0002_0213" 8827
"../../../Engine/Content/EngineMaterials/Substrate/Glints2/dict_0002_0199.uasset" 8828
"../../../Engine/Content/EngineMaterials/Substrate/Glints2/dict_0002_0201.uasset" 8829
"/Engine/EngineMaterials/Substrate/Glints2/dict_0002_0214" 8830
"/Engine/EngineMaterials/Substrate/Glints2/dict_0002_0206" 8831
"/Engine/EngineMaterials/Substrate/Glints2/dict_0002_0201" 8832
"/Engine/EngineMaterials/Substrate/Glints2/dict_0002_0207" 8833
"/Engine/EngineMaterials/Substrate/Glints2/dict_0002_0208" 8834
"/Engine/EngineMaterials/Substrate/Glints2/dict_0002_0198" 8835
"/Engine/EngineMaterials/Substrate/Glints2/dict_0002_0199" 8836
"../../../Engine/Content/EngineMaterials/Substrate/Glints2/dict_0002_0202.uasset" 8837
"/Engine/EngineMaterials/Substrate/Glints2/dict_0002_0200" 8838
"/Engine/EngineMaterials/Substrate/Glints2/dict_0002_0205" 8839
"/Engine/EngineMaterials/Substrate/Glints2/dict_0002_0202" 8840
"../../../Engine/Content/EngineMaterials/Substrate/Glints2/dict_0002_0190.uasset" 8841
"../../../Engine/Content/EngineMaterials/Substrate/Glints2/dict_0002_0191.uasset" 8842
"../../../Engine/Content/EngineMaterials/Substrate/Glints2/dict_0002_0197.uasset" 8843
"../../../Engine/Content/EngineMaterials/Substrate/Glints2/dict_0002_0192.uasset" 8844
"../../../Engine/Content/EngineMaterials/Substrate/Glints2/dict_0002_0193.uasset" 8845
"../../../Engine/Content/EngineMaterials/Substrate/Glints2/dict_0002_0194.uasset" 8846
"../../../Engine/Content/EngineMaterials/Substrate/Glints2/dict_0002_0189.uasset" 8847
"../../../Engine/Content/EngineMaterials/Substrate/Glints2/dict_0002_0203.uasset" 8848
"../../../Engine/Content/EngineMaterials/Substrate/Glints2/dict_0002_0204.uasset" 8849
"/Engine/EngineMaterials/Substrate/Glints2/dict_0002_0194" 8850
"/Engine/EngineMaterials/Substrate/Glints2/dict_0002_0197" 8851
"/Engine/EngineMaterials/Substrate/Glints2/dict_0002_0203" 8852
"/Engine/EngineMaterials/Substrate/Glints2/dict_0002_0189" 8853
"/Engine/EngineMaterials/Substrate/Glints2/dict_0002_0190" 8854
"../../../Engine/Content/EngineMaterials/Substrate/Glints2/dict_0002_0186.uasset" 8855
"../../../Engine/Content/EngineMaterials/Substrate/Glints2/dict_0002_0184.uasset" 8856
"../../../Engine/Content/EngineMaterials/Substrate/Glints2/dict_0002_0185.uasset" 8857
"../../../Engine/Content/EngineMaterials/Substrate/Glints2/dict_0002_0182.uasset" 8858
"/Engine/EngineMaterials/Substrate/Glints2/dict_0002_0191" 8859
"/Engine/EngineMaterials/Substrate/Glints2/dict_0002_0192" 8860
"../../../Engine/Content/EngineMaterials/Substrate/Glints2/dict_0002_0196.uasset" 8861
"/Engine/EngineMaterials/Substrate/Glints2/dict_0002_0193" 8862
"../../../Engine/Content/EngineMaterials/Substrate/Glints2/dict_0002_0181.uasset" 8863
"/Engine/EngineMaterials/Substrate/Glints2/dict_0002_0184" 8864
"/Engine/EngineMaterials/Substrate/Glints2/dict_0002_0196" 8865
"../../../Engine/Content/EngineMaterials/Substrate/Glints2/dict_0002_0188.uasset" 8866
"../../../Engine/Content/EngineMaterials/Substrate/Glints2/dict_0002_0195.uasset" 8867
"/Engine/EngineMaterials/Substrate/Glints2/dict_0002_0181" 8868
"/Engine/EngineMaterials/Substrate/Glints2/dict_0002_0204" 8869
"/Engine/EngineMaterials/Substrate/Glints2/dict_0002_0182" 8870
"/Engine/EngineMaterials/Substrate/Glints2/dict_0002_0185" 8871
"../../../Engine/Content/EngineMaterials/Substrate/Glints2/dict_0002_0183.uasset" 8872
"/Engine/EngineMaterials/Substrate/Glints2/dict_0002_0186" 8873
"/Engine/EngineMaterials/Substrate/Glints2/dict_0002_0195" 8874
"/Engine/EngineMaterials/Substrate/Glints2/dict_0002_0188" 8875
"/Engine/EngineMaterials/Substrate/Glints2/dict_0002_0183" 8876
"../../../Engine/Content/EngineMaterials/Substrate/Glints2/dict_0002_0175.uasset" 8877
"../../../Engine/Content/EngineMaterials/Substrate/Glints2/dict_0002_0173.uasset" 8878
"../../../Engine/Content/EngineMaterials/Substrate/Glints2/dict_0002_0176.uasset" 8879
"../../../Engine/Content/EngineMaterials/Substrate/Glints2/dict_0002_0171.uasset" 8880
"../../../Engine/Content/EngineMaterials/Substrate/Glints2/dict_0002_0178.uasset" 8881
"../../../Engine/Content/EngineMaterials/Substrate/Glints2/dict_0002_0187.uasset" 8882
"../../../Engine/Content/EngineMaterials/Substrate/Glints2/dict_0002_0172.uasset" 8883
"../../../Engine/Content/EngineMaterials/Substrate/Glints2/dict_0002_0174.uasset" 8884
"../../../Engine/Content/EngineMaterials/Substrate/Glints2/dict_0002_0177.uasset" 8885
"/Engine/EngineMaterials/Substrate/Glints2/dict_0002_0171" 8886
"../../../Engine/Content/EngineMaterials/Substrate/Glints2/dict_0002_0169.uasset" 8887
"../../../Engine/Content/EngineMaterials/Substrate/Glints2/dict_0002_0165.uasset" 8888
"../../../Engine/Content/EngineMaterials/Substrate/Glints2/dict_0002_0168.uasset" 8889
"/Engine/EngineMaterials/Substrate/Glints2/dict_0002_0172" 8890
"../../../Engine/Content/EngineMaterials/Substrate/Glints2/dict_0002_0170.uasset" 8891
"/Engine/EngineMaterials/Substrate/Glints2/dict_0002_0187" 8892
"../../../Engine/Content/EngineMaterials/Substrate/Glints2/dict_0002_0166.uasset" 8893
"../../../Engine/Content/EngineMaterials/Substrate/Glints2/dict_0002_0167.uasset" 8894
"/Engine/EngineMaterials/Substrate/Glints2/dict_0002_0178" 8895
"/Engine/EngineMaterials/Substrate/Glints2/dict_0002_0173" 8896
"/Engine/EngineMaterials/Substrate/Glints2/dict_0002_0174" 8897
"/Engine/EngineMaterials/Substrate/Glints2/dict_0002_0175" 8898
"../../../Engine/Content/EngineMaterials/Substrate/Glints2/dict_0002_0161.uasset" 8899
"../../../Engine/Content/EngineMaterials/Substrate/Glints2/dict_0002_0159.uasset" 8900
"/Engine/EngineMaterials/Substrate/Glints2/dict_0002_0176" 8901
"/Engine/EngineMaterials/Substrate/Glints2/dict_0002_0169" 8902
"../../../Engine/Content/EngineMaterials/Substrate/Glints2/dict_0002_0163.uasset" 8903
"../../../Engine/Content/EngineMaterials/Substrate/Glints2/dict_0002_0164.uasset" 8904
"/Engine/EngineMaterials/Substrate/Glints2/dict_0002_0170" 8905
"../../../Engine/Content/EngineMaterials/Substrate/Glints2/dict_0002_0162.uasset" 8906
"../../../Engine/Content/EngineMaterials/Substrate/Glints2/dict_0002_0180.uasset" 8907
"/Engine/EngineMaterials/Substrate/Glints2/dict_0002_0161" 8908
"/Engine/EngineMaterials/Substrate/Glints2/dict_0002_0177" 8909
"/Engine/EngineMaterials/Substrate/Glints2/dict_0002_0168" 8910
"/Engine/EngineMaterials/Substrate/Glints2/dict_0002_0165" 8911
"../../../Engine/Content/EngineMaterials/Substrate/Glints2/dict_0002_0179.uasset" 8912
"/Engine/EngineMaterials/Substrate/Glints2/dict_0002_0166" 8913
"/Engine/EngineMaterials/Substrate/Glints2/dict_0002_0159" 8914
"../../../Engine/Content/EngineMaterials/Substrate/Glints2/dict_0002_0160.uasset" 8915
"../../../Engine/Content/EngineMaterials/Substrate/Glints2/dict_0002_0157.uasset" 8916
"/Engine/EngineMaterials/Substrate/Glints2/dict_0002_0167" 8917
"../../../Engine/Content/EngineMaterials/Substrate/Glints2/dict_0002_0158.uasset" 8918
"../../../Engine/Content/EngineMaterials/Substrate/Glints2/dict_0002_0156.uasset" 8919
"/Engine/EngineMaterials/Substrate/Glints2/dict_0002_0160" 8920
"/Engine/EngineMaterials/Substrate/Glints2/dict_0002_0162" 8921
"/Engine/EngineMaterials/Substrate/Glints2/dict_0002_0179" 8922
"/Engine/EngineMaterials/Substrate/Glints2/dict_0002_0180" 8923
"/Engine/EngineMaterials/Substrate/Glints2/dict_0002_0157" 8924
"/Engine/EngineMaterials/Substrate/Glints2/dict_0002_0163" 8925
"../../../Engine/Content/EngineMaterials/Substrate/Glints2/dict_0002_0155.uasset" 8926
"/Engine/EngineMaterials/Substrate/Glints2/dict_0002_0164" 8927
"/Engine/EngineMaterials/Substrate/Glints2/dict_0002_0158" 8928
"/Engine/EngineMaterials/Substrate/Glints2/dict_0002_0155" 8929
"/Engine/EngineMaterials/Substrate/Glints2/dict_0002_0156" 8930
"../../../Engine/Content/EngineMaterials/Substrate/Glints2/dict_0002_0151.uasset" 8931
"../../../Engine/Content/EngineMaterials/Substrate/Glints2/dict_0002_0153.uasset" 8932
"../../../Engine/Content/EngineMaterials/Substrate/Glints2/dict_0002_0154.uasset" 8933
"../../../Engine/Content/EngineMaterials/Substrate/Glints2/dict_0002_0150.uasset" 8934
"../../../Engine/Content/EngineMaterials/Substrate/Glints2/dict_0002_0148.uasset" 8935
"/Engine/EngineMaterials/Substrate/Glints2/dict_0002_0153" 8936
"../../../Engine/Content/EngineMaterials/Substrate/Glints2/dict_0002_0149.uasset" 8937
"../../../Engine/Content/EngineMaterials/Substrate/Glints2/dict_0002_0147.uasset" 8938
"../../../Engine/Content/EngineMaterials/Substrate/Glints2/dict_0002_0143.uasset" 8939
"/Engine/EngineMaterials/Substrate/Glints2/dict_0002_0150" 8940
"/Engine/EngineMaterials/Substrate/Glints2/dict_0002_0154" 8941
"/Engine/EngineMaterials/Substrate/Glints2/dict_0002_0151" 8942
"/Engine/EngineMaterials/Substrate/Glints2/dict_0002_0148" 8943
"../../../Engine/Content/EngineMaterials/Substrate/Glints2/dict_0002_0145.uasset" 8944
"/Engine/EngineMaterials/Substrate/Glints2/dict_0002_0143" 8945
"../../../Engine/Content/EngineMaterials/Substrate/Glints2/dict_0002_0144.uasset" 8946
"/Engine/EngineMaterials/Substrate/Glints2/dict_0002_0147" 8947
"/Engine/EngineMaterials/Substrate/Glints2/dict_0002_0149" 8948
"../../../Engine/Content/EngineMaterials/Substrate/Glints2/dict_0002_0135.uasset" 8949
"../../../Engine/Content/EngineMaterials/Substrate/Glints2/dict_0002_0136.uasset" 8950
"../../../Engine/Content/EngineMaterials/Substrate/Glints2/dict_0002_0142.uasset" 8951
"../../../Engine/Content/EngineMaterials/Substrate/Glints2/dict_0002_0137.uasset" 8952
"/Engine/EngineMaterials/Substrate/Glints2/dict_0002_0135" 8953
"../../../Engine/Content/EngineMaterials/Substrate/Glints2/dict_0002_0141.uasset" 8954
"../../../Engine/Content/EngineMaterials/Substrate/Glints2/dict_0002_0140.uasset" 8955
"../../../Engine/Content/EngineMaterials/Substrate/Glints2/dict_0002_0146.uasset" 8956
"/Engine/EngineMaterials/Substrate/Glints2/dict_0002_0142" 8957
"../../../Engine/Content/EngineMaterials/Substrate/Glints2/dict_0002_0138.uasset" 8958
"/Engine/EngineMaterials/Substrate/Glints2/dict_0002_0136" 8959
"../../../Engine/Content/EngineMaterials/Substrate/Glints2/dict_0002_0139.uasset" 8960
"/Engine/EngineMaterials/Substrate/Glints2/dict_0002_0144" 8961
"/Engine/EngineMaterials/Substrate/Glints2/dict_0002_0145" 8962
"/Engine/EngineMaterials/Substrate/Glints2/dict_0002_0137" 8963
"/Engine/EngineMaterials/Substrate/Glints2/dict_0002_0146" 8964
"/Engine/EngineMaterials/Substrate/Glints2/dict_0002_0138" 8965
"/Engine/EngineMaterials/Substrate/Glints2/dict_0002_0139" 8966
"/Engine/EngineMaterials/Substrate/Glints2/dict_0002_0140" 8967
"../../../Engine/Content/EngineMaterials/Substrate/Glints2/dict_0002_0131.uasset" 8968
"../../../Engine/Content/EngineMaterials/Substrate/Glints2/dict_0002_0127.uasset" 8969
"../../../Engine/Content/EngineMaterials/Substrate/Glints2/dict_0002_0129.uasset" 8970
"../../../Engine/Content/EngineMaterials/Substrate/Glints2/dict_0002_0132.uasset" 8971
"../../../Engine/Content/EngineMaterials/Substrate/Glints2/dict_0002_0130.uasset" 8972
"../../../Engine/Content/EngineMaterials/Substrate/Glints2/dict_0002_0133.uasset" 8973
"../../../Engine/Content/EngineMaterials/Substrate/Glints2/dict_0002_0134.uasset" 8974
"/Engine/EngineMaterials/Substrate/Glints2/dict_0002_0141" 8975
"../../../Engine/Content/EngineMaterials/Substrate/Glints2/dict_0002_0152.uasset" 8976
"../../../Engine/Content/EngineMaterials/Substrate/Glints2/dict_0002_0128.uasset" 8977
"/Engine/EngineMaterials/Substrate/Glints2/dict_0002_0133" 8978
"/Engine/EngineMaterials/Substrate/Glints2/dict_0002_0134" 8979
"/Engine/EngineMaterials/Substrate/Glints2/dict_0002_0127" 8980
"/Engine/EngineMaterials/Substrate/Glints2/dict_0002_0129" 8981
"/Engine/EngineMaterials/Substrate/Glints2/dict_0002_0130" 8982
"/Engine/EngineMaterials/Substrate/Glints2/dict_0002_0131" 8983
"/Engine/EngineMaterials/Substrate/Glints2/dict_0002_0132" 8984
"/Engine/EngineMaterials/Substrate/Glints2/dict_0002_0128" 8985
"/Engine/EngineMaterials/Substrate/Glints2/dict_0002_0152" 8986
"../../../Engine/Content/EngineMaterials/Substrate/Glints2/dict_0002_0126.uasset" 8987
"../../../Engine/Content/EngineMaterials/Substrate/Glints2/dict_0002_0125.uasset" 8988
"../../../Engine/Content/EngineMaterials/Substrate/Glints2/dict_0002_0116.uasset" 8989
"../../../Engine/Content/EngineMaterials/Substrate/Glints2/dict_0002_0117.uasset" 8990
"../../../Engine/Content/EngineMaterials/Substrate/Glints2/dict_0002_0118.uasset" 8991
"../../../Engine/Content/EngineMaterials/Substrate/Glints2/dict_0002_0120.uasset" 8992
"../../../Engine/Content/EngineMaterials/Substrate/Glints2/dict_0002_0119.uasset" 8993
"../../../Engine/Content/EngineMaterials/Substrate/Glints2/dict_0002_0122.uasset" 8994
"../../../Engine/Content/EngineMaterials/Substrate/Glints2/dict_0002_0123.uasset" 8995
"../../../Engine/Content/EngineMaterials/Substrate/Glints2/dict_0002_0121.uasset" 8996
"/Engine/EngineMaterials/Substrate/Glints2/dict_0002_0118" 8997
"/Engine/EngineMaterials/Substrate/Glints2/dict_0002_0125" 8998
"/Engine/EngineMaterials/Substrate/Glints2/dict_0002_0119" 8999
"/Engine/EngineMaterials/Substrate/Glints2/dict_0002_0120" 9000
"/Engine/EngineMaterials/Substrate/Glints2/dict_0002_0126" 9001
"/Engine/EngineMaterials/Substrate/Glints2/dict_0002_0121" 9002
"../../../Engine/Content/EngineMaterials/Substrate/Glints2/dict_0002_0110.uasset" 9003
"../../../Engine/Content/EngineMaterials/Substrate/Glints2/dict_0002_0109.uasset" 9004
"../../../Engine/Content/EngineMaterials/Substrate/Glints2/dict_0002_0112.uasset" 9005
"../../../Engine/Content/EngineMaterials/Substrate/Glints2/dict_0002_0108.uasset" 9006
"/Engine/EngineMaterials/Substrate/Glints2/dict_0002_0116" 9007
"../../../Engine/Content/EngineMaterials/Substrate/Glints2/dict_0002_0113.uasset" 9008
"../../../Engine/Content/EngineMaterials/Substrate/Glints2/dict_0002_0115.uasset" 9009
"/Engine/EngineMaterials/Substrate/Glints2/dict_0002_0123" 9010
"../../../Engine/Content/EngineMaterials/Substrate/Glints2/dict_0002_0124.uasset" 9011
"../../../Engine/Content/EngineMaterials/Substrate/Glints2/dict_0002_0106.uasset" 9012
"/Engine/EngineMaterials/Substrate/Glints2/dict_0002_0122" 9013
"../../../Engine/Content/EngineMaterials/Substrate/Glints2/dict_0002_0105.uasset" 9014
"../../../Engine/Content/EngineMaterials/Substrate/Glints2/dict_0002_0107.uasset" 9015
"../../../Engine/Content/EngineMaterials/Substrate/Glints2/dict_0002_0114.uasset" 9016
"/Engine/EngineMaterials/Substrate/Glints2/dict_0002_0117" 9017
"/Engine/EngineMaterials/Substrate/Glints2/dict_0002_0109" 9018
"/Engine/EngineMaterials/Substrate/Glints2/dict_0002_0110" 9019
"../../../Engine/Content/EngineMaterials/Substrate/Glints2/dict_0002_0111.uasset" 9020
"/Engine/EngineMaterials/Substrate/Glints2/dict_0002_0115" 9021
"/Engine/EngineMaterials/Substrate/Glints2/dict_0002_0112" 9022
"/Engine/EngineMaterials/Substrate/Glints2/dict_0002_0113" 9023
"/Engine/EngineMaterials/Substrate/Glints2/dict_0002_0114" 9024
"/Engine/EngineMaterials/Substrate/Glints2/dict_0002_0124" 9025
"../../../Engine/Content/EngineMaterials/Substrate/Glints2/dict_0002_0099.uasset" 9026
"../../../Engine/Content/EngineMaterials/Substrate/Glints2/dict_0002_0096.uasset" 9027
"../../../Engine/Content/EngineMaterials/Substrate/Glints2/dict_0002_0100.uasset" 9028
"/Engine/EngineMaterials/Substrate/Glints2/dict_0002_0105" 9029
"../../../Engine/Content/EngineMaterials/Substrate/Glints2/dict_0002_0094.uasset" 9030
"../../../Engine/Content/EngineMaterials/Substrate/Glints2/dict_0002_0101.uasset" 9031
"../../../Engine/Content/EngineMaterials/Substrate/Glints2/dict_0002_0095.uasset" 9032
"/Engine/EngineMaterials/Substrate/Glints2/dict_0002_0106" 9033
"../../../Engine/Content/EngineMaterials/Substrate/Glints2/dict_0002_0102.uasset" 9034
"/Engine/EngineMaterials/Substrate/Glints2/dict_0002_0107" 9035
"/Engine/EngineMaterials/Substrate/Glints2/dict_0002_0108" 9036
"/Engine/EngineMaterials/Substrate/Glints2/dict_0002_0111" 9037
"/Engine/EngineMaterials/Substrate/Glints2/dict_0002_0099" 9038
"/Engine/EngineMaterials/Substrate/Glints2/dict_0002_0095" 9039
"../../../Engine/Content/EngineMaterials/Substrate/Glints2/dict_0002_0103.uasset" 9040
"../../../Engine/Content/EngineMaterials/Substrate/Glints2/dict_0002_0098.uasset" 9041
"/Engine/EngineMaterials/Substrate/Glints2/dict_0002_0100" 9042
"../../../Engine/Content/EngineMaterials/Substrate/Glints2/dict_0002_0088.uasset" 9043
"../../../Engine/Content/EngineMaterials/Substrate/Glints2/dict_0002_0090.uasset" 9044
"../../../Engine/Content/EngineMaterials/Substrate/Glints2/dict_0002_0086.uasset" 9045
"../../../Engine/Content/EngineMaterials/Substrate/Glints2/dict_0002_0089.uasset" 9046
"/Engine/EngineMaterials/Substrate/Glints2/dict_0002_0101" 9047
"../../../Engine/Content/EngineMaterials/Substrate/Glints2/dict_0002_0093.uasset" 9048
"../../../Engine/Content/EngineMaterials/Substrate/Glints2/dict_0002_0091.uasset" 9049
"/Engine/EngineMaterials/Substrate/Glints2/dict_0002_0094" 9050
"../../../Engine/Content/EngineMaterials/Substrate/Glints2/dict_0002_0087.uasset" 9051
"/Engine/EngineMaterials/Substrate/Glints2/dict_0002_0096" 9052
"/Engine/EngineMaterials/Substrate/Glints2/dict_0002_0102" 9053
"/Engine/EngineMaterials/Substrate/Glints2/dict_0002_0086" 9054
"../../../Engine/Content/EngineMaterials/Substrate/Glints2/dict_0002_0092.uasset" 9055
"/Engine/EngineMaterials/Substrate/Glints2/dict_0002_0098" 9056
"../../../Engine/Content/EngineMaterials/Substrate/Glints2/dict_0002_0085.uasset" 9057
"/Engine/EngineMaterials/Substrate/Glints2/dict_0002_0087" 9058
"/Engine/EngineMaterials/Substrate/Glints2/dict_0002_0088" 9059
"/Engine/EngineMaterials/Substrate/Glints2/dict_0002_0089" 9060
"../../../Engine/Content/EngineMaterials/Substrate/Glints2/dict_0002_0082.uasset" 9061
"/Engine/EngineMaterials/Substrate/Glints2/dict_0002_0090" 9062
"/Engine/EngineMaterials/Substrate/Glints2/dict_0002_0091" 9063
"../../../Engine/Content/EngineMaterials/Substrate/Glints2/dict_0002_0080.uasset" 9064
"/Engine/EngineMaterials/Substrate/Glints2/dict_0002_0093" 9065
"/Engine/EngineMaterials/Substrate/Glints2/dict_0002_0103" 9066
"../../../Engine/Content/EngineMaterials/Substrate/Glints2/dict_0002_0084.uasset" 9067
"../../../Engine/Content/EngineMaterials/Substrate/Glints2/dict_0002_0081.uasset" 9068
"/Engine/EngineMaterials/Substrate/Glints2/dict_0002_0085" 9069
"/Engine/EngineMaterials/Substrate/Glints2/dict_0002_0092" 9070
"../../../Engine/Content/EngineMaterials/Substrate/Glints2/dict_0002_0078.uasset" 9071
"../../../Engine/Content/EngineMaterials/Substrate/Glints2/dict_0002_0076.uasset" 9072
"../../../Engine/Content/EngineMaterials/Substrate/Glints2/dict_0002_0097.uasset" 9073
"../../../Engine/Content/EngineMaterials/Substrate/Glints2/dict_0002_0079.uasset" 9074
"/Engine/EngineMaterials/Substrate/Glints2/dict_0002_0080" 9075
"../../../Engine/Content/EngineMaterials/Substrate/Glints2/dict_0002_0083.uasset" 9076
"/Engine/EngineMaterials/Substrate/Glints2/dict_0002_0081" 9077
"/Engine/EngineMaterials/Substrate/Glints2/dict_0002_0082" 9078
"/Engine/EngineMaterials/Substrate/Glints2/dict_0002_0084" 9079
"/Engine/EngineMaterials/Substrate/Glints2/dict_0002_0097" 9080
"/Engine/EngineMaterials/Substrate/Glints2/dict_0002_0076" 9081
"../../../Engine/Content/EngineMaterials/Substrate/Glints2/dict_0002_0104.uasset" 9082
"/Engine/EngineMaterials/Substrate/Glints2/dict_0002_0078" 9083
"/Engine/EngineMaterials/Substrate/Glints2/dict_0002_0079" 9084
"/Engine/EngineMaterials/Substrate/Glints2/dict_0002_0083" 9085
"/Engine/EngineMaterials/Substrate/Glints2/dict_0002_0104" 9086
"../../../Engine/Content/EngineMaterials/Substrate/Glints2/dict_0002_0074.uasset" 9087
"../../../Engine/Content/EngineMaterials/Substrate/Glints2/dict_0002_0073.uasset" 9088
"../../../Engine/Content/EngineMaterials/Substrate/Glints2/dict_0002_0072.uasset" 9089
"/Engine/EngineMaterials/Substrate/Glints2/dict_0002_0074" 9090
"/Engine/EngineMaterials/Substrate/Glints2/dict_0002_0073" 9091
"/Engine/EngineMaterials/Substrate/Glints2/dict_0002_0072" 9092
"../../../Engine/Content/EngineMaterials/Substrate/Glints2/dict_0002_0077.uasset" 9093
"../../../Engine/Content/EngineMaterials/Substrate/Glints2/dict_0002_0069.uasset" 9094
"../../../Engine/Content/EngineMaterials/Substrate/Glints2/dict_0002_0067.uasset" 9095
"../../../Engine/Content/EngineMaterials/Substrate/Glints2/dict_0002_0075.uasset" 9096
"../../../Engine/Content/EngineMaterials/Substrate/Glints2/dict_0002_0070.uasset" 9097
"../../../Engine/Content/EngineMaterials/Substrate/Glints2/dict_0002_0071.uasset" 9098
"../../../Engine/Content/EngineMaterials/Substrate/Glints2/dict_0002_0068.uasset" 9099
"/Engine/EngineMaterials/Substrate/Glints2/dict_0002_0075" 9100
"../../../Engine/Content/EngineMaterials/Substrate/Glints2/dict_0002_0065.uasset" 9101
"../../../Engine/Content/EngineMaterials/Substrate/Glints2/dict_0002_0063.uasset" 9102
"/Engine/EngineMaterials/Substrate/Glints2/dict_0002_0077" 9103
"/Engine/EngineMaterials/Substrate/Glints2/dict_0002_0067" 9104
"../../../Engine/Content/EngineMaterials/Substrate/Glints2/dict_0002_0061.uasset" 9105
"/Engine/EngineMaterials/Substrate/Glints2/dict_0002_0068" 9106
"/Engine/EngineMaterials/Substrate/Glints2/dict_0002_0069" 9107
"../../../Engine/Content/EngineMaterials/Substrate/Glints2/dict_0002_0060.uasset" 9108
"/Engine/EngineMaterials/Substrate/Glints2/dict_0002_0070" 9109
"/Engine/EngineMaterials/Substrate/Glints2/dict_0002_0071" 9110
"/Engine/EngineMaterials/Substrate/Glints2/dict_0002_0060" 9111
"/Engine/EngineMaterials/Substrate/Glints2/dict_0002_0061" 9112
"/Engine/EngineMaterials/Substrate/Glints2/dict_0002_0063" 9113
"../../../Engine/Content/EngineMaterials/Substrate/Glints2/dict_0002_0064.uasset" 9114
"../../../Engine/Content/EngineMaterials/Substrate/Glints2/dict_0002_0055.uasset" 9115
"../../../Engine/Content/EngineMaterials/Substrate/Glints2/dict_0002_0056.uasset" 9116
"../../../Engine/Content/EngineMaterials/Substrate/Glints2/dict_0002_0054.uasset" 9117
"/Engine/EngineMaterials/Substrate/Glints2/dict_0002_0065" 9118
"/Engine/EngineMaterials/Substrate/Glints2/dict_0002_0054" 9119
"../../../Engine/Content/EngineMaterials/Substrate/Glints2/dict_0002_0066.uasset" 9120
"/Engine/EngineMaterials/Substrate/Glints2/dict_0002_0055" 9121
"../../../Engine/Content/EngineMaterials/Substrate/Glints2/dict_0002_0062.uasset" 9122
"../../../Engine/Content/EngineMaterials/Substrate/Glints2/dict_0002_0058.uasset" 9123
"/Engine/EngineMaterials/Substrate/Glints2/dict_0002_0056" 9124
"/Engine/EngineMaterials/Substrate/Glints2/dict_0002_0058" 9125
"../../../Engine/Content/EngineMaterials/Substrate/Glints2/dict_0002_0057.uasset" 9126
"/Engine/EngineMaterials/Substrate/Glints2/dict_0002_0066" 9127
"/Engine/EngineMaterials/Substrate/Glints2/dict_0002_0062" 9128
"/Engine/EngineMaterials/Substrate/Glints2/dict_0002_0064" 9129
"../../../Engine/Content/EngineMaterials/Substrate/Glints2/dict_0002_0051.uasset" 9130
"../../../Engine/Content/EngineMaterials/Substrate/Glints2/dict_0002_0059.uasset" 9131
"/Engine/EngineMaterials/Substrate/Glints2/dict_0002_0057" 9132
"../../../Engine/Content/EngineMaterials/Substrate/Glints2/dict_0002_0052.uasset" 9133
"/Engine/EngineMaterials/Substrate/Glints2/dict_0002_0051" 9134
"/Engine/EngineMaterials/Substrate/Glints2/dict_0002_0059" 9135
"/Engine/EngineMaterials/Substrate/Glints2/dict_0002_0052" 9136
"../../../Engine/Content/EngineMaterials/Substrate/Glints2/dict_0002_0049.uasset" 9137
"../../../Engine/Content/EngineMaterials/Substrate/Glints2/dict_0002_0042.uasset" 9138
"../../../Engine/Content/EngineMaterials/Substrate/Glints2/dict_0002_0048.uasset" 9139
"../../../Engine/Content/EngineMaterials/Substrate/Glints2/dict_0002_0039.uasset" 9140
"../../../Engine/Content/EngineMaterials/Substrate/Glints2/dict_0002_0047.uasset" 9141
"/Engine/EngineMaterials/Substrate/Glints2/dict_0002_0048" 9142
"../../../Engine/Content/EngineMaterials/Substrate/Glints2/dict_0002_0053.uasset" 9143
"../../../Engine/Content/EngineMaterials/Substrate/Glints2/dict_0002_0050.uasset" 9144
"../../../Engine/Content/EngineMaterials/Substrate/Glints2/dict_0002_0044.uasset" 9145
"../../../Engine/Content/EngineMaterials/Substrate/Glints2/dict_0002_0045.uasset" 9146
"../../../Engine/Content/EngineMaterials/Substrate/Glints2/dict_0002_0046.uasset" 9147
"/Engine/EngineMaterials/Substrate/Glints2/dict_0002_0049" 9148
"/Engine/EngineMaterials/Substrate/Glints2/dict_0002_0039" 9149
"/Engine/EngineMaterials/Substrate/Glints2/dict_0002_0042" 9150
"/Engine/EngineMaterials/Substrate/Glints2/dict_0002_0046" 9151
"/Engine/EngineMaterials/Substrate/Glints2/dict_0002_0047" 9152
"/Engine/EngineMaterials/Substrate/Glints2/dict_0002_0045" 9153
"/Engine/EngineMaterials/Substrate/Glints2/dict_0002_0053" 9154
"/Engine/EngineMaterials/Substrate/Glints2/dict_0002_0044" 9155
"/Engine/EngineMaterials/Substrate/Glints2/dict_0002_0050" 9156
"../../../Engine/Content/EngineMaterials/Substrate/Glints2/dict_0002_0040.uasset" 9157
"../../../Engine/Content/EngineMaterials/Substrate/Glints2/dict_0002_0041.uasset" 9158
"../../../Engine/Content/EngineMaterials/Substrate/Glints2/dict_0002_0035.uasset" 9159
"../../../Engine/Content/EngineMaterials/Substrate/Glints2/dict_0002_0033.uasset" 9160
"../../../Engine/Content/EngineMaterials/Substrate/Glints2/dict_0002_0032.uasset" 9161
"../../../Engine/Content/EngineMaterials/Substrate/Glints2/dict_0002_0031.uasset" 9162
"../../../Engine/Content/EngineMaterials/Substrate/Glints2/dict_0002_0038.uasset" 9163
"../../../Engine/Content/EngineMaterials/Substrate/Glints2/dict_0002_0037.uasset" 9164
"../../../Engine/Content/EngineMaterials/Substrate/Glints2/dict_0002_0043.uasset" 9165
"/Engine/EngineMaterials/Substrate/Glints2/dict_0002_0035" 9166
"/Engine/EngineMaterials/Substrate/Glints2/dict_0002_0032" 9167
"../../../Engine/Content/EngineMaterials/Substrate/Glints2/dict_0002_0036.uasset" 9168
"/Engine/EngineMaterials/Substrate/Glints2/dict_0002_0033" 9169
"../../../Engine/Content/EngineMaterials/Substrate/Glints2/dict_0002_0029.uasset" 9170
"/Engine/EngineMaterials/Substrate/Glints2/dict_0002_0040" 9171
"../../../Engine/Content/EngineMaterials/Substrate/Glints2/dict_0002_0034.uasset" 9172
"/Engine/EngineMaterials/Substrate/Glints2/dict_0002_0041" 9173
"/Engine/EngineMaterials/Substrate/Glints2/dict_0002_0031" 9174
"/Engine/EngineMaterials/Substrate/Glints2/dict_0002_0043" 9175
"/Engine/EngineMaterials/Substrate/Glints2/dict_0002_0036" 9176
"/Engine/EngineMaterials/Substrate/Glints2/dict_0002_0037" 9177
"/Engine/EngineMaterials/Substrate/Glints2/dict_0002_0038" 9178
"/Engine/EngineMaterials/Substrate/Glints2/dict_0002_0034" 9179
"/Engine/EngineMaterials/Substrate/Glints2/dict_0002_0029" 9180
"../../../Engine/Content/EngineMaterials/Substrate/Glints2/dict_0002_0030.uasset" 9181
"../../../Engine/Content/EngineMaterials/Substrate/Glints2/dict_0002_0028.uasset" 9182
"../../../Engine/Content/EngineMaterials/Substrate/Glints2/dict_0002_0025.uasset" 9183
"../../../Engine/Content/EngineMaterials/Substrate/Glints2/dict_0002_0021.uasset" 9184
"../../../Engine/Content/EngineMaterials/Substrate/Glints2/dict_0002_0027.uasset" 9185
"../../../Engine/Content/EngineMaterials/Substrate/Glints2/dict_0002_0020.uasset" 9186
"../../../Engine/Content/EngineMaterials/Substrate/Glints2/dict_0002_0026.uasset" 9187
"../../../Engine/Content/EngineMaterials/Substrate/Glints2/dict_0002_0022.uasset" 9188
"/Engine/EngineMaterials/Substrate/Glints2/dict_0002_0020" 9189
"/Engine/EngineMaterials/Substrate/Glints2/dict_0002_0021" 9190
"../../../Engine/Content/EngineMaterials/Substrate/Glints2/dict_0002_0017.uasset" 9191
"/Engine/EngineMaterials/Substrate/Glints2/dict_0002_0025" 9192
"../../../Engine/Content/EngineMaterials/Substrate/Glints2/dict_0002_0019.uasset" 9193
"/Engine/EngineMaterials/Substrate/Glints2/dict_0002_0026" 9194
"../../../Engine/Content/EngineMaterials/Substrate/Glints2/dict_0002_0018.uasset" 9195
"../../../Engine/Content/EngineMaterials/Substrate/Glints2/dict_0002_0011.uasset" 9196
"/Engine/EngineMaterials/Substrate/Glints2/dict_0002_0022" 9197
"../../../Engine/Content/EngineMaterials/Substrate/Glints2/dict_0002_0009.uasset" 9198
"/Engine/EngineMaterials/Substrate/Glints2/dict_0002_0027" 9199
"/Engine/EngineMaterials/Substrate/Glints2/dict_0002_0028" 9200
"../../../Engine/Content/EngineMaterials/Substrate/Glints2/dict_0002_0014.uasset" 9201
"../../../Engine/Content/EngineMaterials/Substrate/Glints2/dict_0002_0012.uasset" 9202
"/Engine/EngineMaterials/Substrate/Glints2/dict_0002_0030" 9203
"../../../Engine/Content/EngineMaterials/Substrate/Glints2/dict_0002_0010.uasset" 9204
"/Engine/EngineMaterials/Substrate/Glints2/dict_0002_0011" 9205
"../../../Engine/Content/EngineMaterials/Substrate/Glints2/dict_0002_0024.uasset" 9206
"/Engine/EngineMaterials/Substrate/Glints2/dict_0002_0012" 9207
"../../../Engine/Content/EngineMaterials/Substrate/Glints2/dict_0002_0015.uasset" 9208
"../../../Engine/Content/EngineMaterials/Substrate/Glints2/dict_0002_0016.uasset" 9209
"/Engine/EngineMaterials/Substrate/Glints2/dict_0002_0017" 9210
"/Engine/EngineMaterials/Substrate/Glints2/dict_0002_0018" 9211
"/Engine/EngineMaterials/Substrate/Glints2/dict_0002_0009" 9212
"/Engine/EngineMaterials/Substrate/Glints2/dict_0002_0019" 9213
"../../../Engine/Content/EngineMaterials/Substrate/Glints2/dict_0002_0013.uasset" 9214
"../../../Engine/Content/EngineMaterials/Substrate/Glints2/dict_0002_0003.uasset" 9215
"../../../Engine/Content/EngineMaterials/Substrate/Glints2/dict_0002_0006.uasset" 9216
"../../../Engine/Content/EngineMaterials/Substrate/Glints2/dict_0002_0004.uasset" 9217
"/Engine/EngineMaterials/Substrate/Glints2/dict_0002_0014" 9218
"/Engine/EngineMaterials/Substrate/Glints2/dict_0002_0010" 9219
"/Engine/EngineMaterials/Substrate/Glints2/dict_0002_0024" 9220
"/Engine/EngineMaterials/Substrate/Glints2/dict_0002_0006" 9221
"/Engine/EngineMaterials/Substrate/Glints2/dict_0002_0016" 9222
"../../../Engine/Content/EngineMaterials/Substrate/Glints2/dict_0002_0007.uasset" 9223
"/Engine/EngineMaterials/Substrate/Glints2/dict_0002_0013" 9224
"/Engine/EngineMaterials/Substrate/Glints2/dict_0002_0003" 9225
"/Engine/EngineMaterials/Substrate/Glints2/dict_0002_0004" 9226
"/Engine/EngineMaterials/Substrate/Glints2/dict_0002_0015" 9227
"/Engine/EngineMaterials/Substrate/Glints2/dict_0002_0007" 9228
"../../../Engine/Content/EngineMaterials/Substrate/Glints2/dict_0002_0001.uasset" 9229
"../../../Engine/Content/EngineMaterials/Substrate/Glints2/dict_0002_0005.uasset" 9230
"../../../Engine/Content/EngineMaterials/Substrate/Glints2/dict_0001_0251.uasset" 9231
"../../../Engine/Content/EngineMaterials/Substrate/Glints2/dict_0002_0008.uasset" 9232
"../../../Engine/Content/EngineMaterials/Substrate/Glints2/dict_0001_0253.uasset" 9233
"../../../Engine/Content/EngineMaterials/Substrate/Glints2/dict_0001_0250.uasset" 9234
"../../../Engine/Content/EngineMaterials/Substrate/Glints2/dict_0001_0252.uasset" 9235
"../../../Engine/Content/EngineMaterials/Substrate/Glints2/dict_0002_0002.uasset" 9236
"../../../Engine/Content/EngineMaterials/Substrate/Glints2/dict_0001_0255.uasset" 9237
"../../../Engine/Content/EngineMaterials/Substrate/Glints2/dict_0002_0023.uasset" 9238
"/Engine/EngineMaterials/Substrate/Glints2/dict_0002_0023" 9239
"/Engine/EngineMaterials/Substrate/Glints2/dict_0001_0255" 9240
"/Engine/EngineMaterials/Substrate/Glints2/dict_0002_0005" 9241
"../../../Engine/Content/EngineMaterials/Substrate/Glints2/dict_0001_0249.uasset" 9242
"/Engine/EngineMaterials/Substrate/Glints2/dict_0002_0001" 9243
"../../../Engine/Content/EngineMaterials/Substrate/Glints2/dict_0001_0254.uasset" 9244
"/Engine/EngineMaterials/Substrate/Glints2/dict_0002_0002" 9245
"/Engine/EngineMaterials/Substrate/Glints2/dict_0001_0250" 9246
"/Engine/EngineMaterials/Substrate/Glints2/dict_0001_0251" 9247
"/Engine/EngineMaterials/Substrate/Glints2/dict_0002_0008" 9248
"/Engine/EngineMaterials/Substrate/Glints2/dict_0001_0252" 9249
"/Engine/EngineMaterials/Substrate/Glints2/dict_0001_0253" 9250
"../../../Engine/Content/EngineMaterials/Substrate/Glints2/dict_0001_0242.uasset" 9251
"/Engine/EngineMaterials/Substrate/Glints2/dict_0001_0254" 9252
"/Engine/EngineMaterials/Substrate/Glints2/dict_0001_0249" 9253
"../../../Engine/Content/EngineMaterials/Substrate/Glints2/dict_0001_0243.uasset" 9254
"../../../Engine/Content/EngineMaterials/Substrate/Glints2/dict_0001_0245.uasset" 9255
"/Engine/EngineMaterials/Substrate/Glints2/dict_0001_0242" 9256
"../../../Engine/Content/EngineMaterials/Substrate/Glints2/dict_0001_0240.uasset" 9257
"/Engine/EngineMaterials/Substrate/Glints2/dict_0001_0240" 9258
"../../../Engine/Content/EngineMaterials/Substrate/Glints2/dict_0001_0248.uasset" 9259
"/Engine/EngineMaterials/Substrate/Glints2/dict_0001_0243" 9260
"/Engine/EngineMaterials/Substrate/Glints2/dict_0001_0245" 9261
"/Engine/EngineMaterials/Substrate/Glints2/dict_0001_0248" 9262
"../../../Engine/Content/EngineMaterials/Substrate/Glints2/dict_0002_0000.uasset" 9263
"/Engine/EngineMaterials/Substrate/Glints2/dict_0002_0000" 9264
"../../../Engine/Content/EngineMaterials/Substrate/Glints2/dict_0001_0239.uasset" 9265
"../../../Engine/Content/EngineMaterials/Substrate/Glints2/dict_0001_0247.uasset" 9266
"../../../Engine/Content/EngineMaterials/Substrate/Glints2/dict_0001_0244.uasset" 9267
"../../../Engine/Content/EngineMaterials/Substrate/Glints2/dict_0001_0246.uasset" 9268
"../../../Engine/Content/EngineMaterials/Substrate/Glints2/dict_0001_0241.uasset" 9269
"/Engine/EngineMaterials/Substrate/Glints2/dict_0001_0246" 9270
"../../../Engine/Content/EngineMaterials/Substrate/Glints2/dict_0001_0236.uasset" 9271
"../../../Engine/Content/EngineMaterials/Substrate/Glints2/dict_0001_0234.uasset" 9272
"../../../Engine/Content/EngineMaterials/Substrate/Glints2/dict_0001_0235.uasset" 9273
"../../../Engine/Content/EngineMaterials/Substrate/Glints2/dict_0001_0238.uasset" 9274
"../../../Engine/Content/EngineMaterials/Substrate/Glints2/dict_0001_0231.uasset" 9275
"../../../Engine/Content/EngineMaterials/Substrate/Glints2/dict_0001_0237.uasset" 9276
"../../../Engine/Content/EngineMaterials/Substrate/Glints2/dict_0001_0233.uasset" 9277
"/Engine/EngineMaterials/Substrate/Glints2/dict_0001_0247" 9278
"/Engine/EngineMaterials/Substrate/Glints2/dict_0001_0239" 9279
"/Engine/EngineMaterials/Substrate/Glints2/dict_0001_0241" 9280
"/Engine/EngineMaterials/Substrate/Glints2/dict_0001_0244" 9281
"/Engine/EngineMaterials/Substrate/Glints2/dict_0001_0231" 9282
"/Engine/EngineMaterials/Substrate/Glints2/dict_0001_0233" 9283
"/Engine/EngineMaterials/Substrate/Glints2/dict_0001_0234" 9284
"../../../Engine/Content/EngineMaterials/Substrate/Glints2/dict_0001_0229.uasset" 9285
"/Engine/EngineMaterials/Substrate/Glints2/dict_0001_0235" 9286
"/Engine/EngineMaterials/Substrate/Glints2/dict_0001_0236" 9287
"/Engine/EngineMaterials/Substrate/Glints2/dict_0001_0237" 9288
"/Engine/EngineMaterials/Substrate/Glints2/dict_0001_0238" 9289
"/Engine/EngineMaterials/Substrate/Glints2/dict_0001_0229" 9290
"../../../Engine/Content/EngineMaterials/Substrate/Glints2/dict_0001_0232.uasset" 9291
"../../../Engine/Content/EngineMaterials/Substrate/Glints2/dict_0001_0226.uasset" 9292
"../../../Engine/Content/EngineMaterials/Substrate/Glints2/dict_0001_0222.uasset" 9293
"../../../Engine/Content/EngineMaterials/Substrate/Glints2/dict_0001_0225.uasset" 9294
"../../../Engine/Content/EngineMaterials/Substrate/Glints2/dict_0001_0230.uasset" 9295
"../../../Engine/Content/EngineMaterials/Substrate/Glints2/dict_0001_0223.uasset" 9296
"../../../Engine/Content/EngineMaterials/Substrate/Glints2/dict_0001_0228.uasset" 9297
"../../../Engine/Content/EngineMaterials/Substrate/Glints2/dict_0001_0227.uasset" 9298
"/Engine/EngineMaterials/Substrate/Glints2/dict_0001_0232" 9299
"/Engine/EngineMaterials/Substrate/Glints2/dict_0001_0222" 9300
"../../../Engine/Content/EngineMaterials/Substrate/Glints2/dict_0001_0224.uasset" 9301
"/Engine/EngineMaterials/Substrate/Glints2/dict_0001_0230" 9302
"/Engine/EngineMaterials/Substrate/Glints2/dict_0001_0225" 9303
"/Engine/EngineMaterials/Substrate/Glints2/dict_0001_0226" 9304
"../../../Engine/Content/EngineMaterials/Substrate/Glints2/dict_0001_0220.uasset" 9305
"/Engine/EngineMaterials/Substrate/Glints2/dict_0001_0228" 9306
"/Engine/EngineMaterials/Substrate/Glints2/dict_0001_0220" 9307
"../../../Engine/Content/EngineMaterials/Substrate/Glints2/dict_0001_0221.uasset" 9308
"/Engine/EngineMaterials/Substrate/Glints2/dict_0001_0223" 9309
"/Engine/EngineMaterials/Substrate/Glints2/dict_0001_0224" 9310
"../../../Engine/Content/EngineMaterials/Substrate/Glints2/dict_0001_0216.uasset" 9311
"../../../Engine/Content/EngineMaterials/Substrate/Glints2/dict_0001_0214.uasset" 9312
"/Engine/EngineMaterials/Substrate/Glints2/dict_0001_0227" 9313
"/Engine/EngineMaterials/Substrate/Glints2/dict_0001_0221" 9314
"../../../Engine/Content/EngineMaterials/Substrate/Glints2/dict_0001_0218.uasset" 9315
"../../../Engine/Content/EngineMaterials/Substrate/Glints2/dict_0001_0219.uasset" 9316
"../../../Engine/Content/EngineMaterials/Substrate/Glints2/dict_0001_0215.uasset" 9317
"/Engine/EngineMaterials/Substrate/Glints2/dict_0001_0214" 9318
"/Engine/EngineMaterials/Substrate/Glints2/dict_0001_0216" 9319
"/Engine/EngineMaterials/Substrate/Glints2/dict_0001_0218" 9320
"/Engine/EngineMaterials/Substrate/Glints2/dict_0001_0219" 9321
"/Engine/EngineMaterials/Substrate/Glints2/dict_0001_0215" 9322
"../../../Engine/Content/EngineMaterials/Substrate/Glints2/dict_0001_0217.uasset" 9323
"../../../Engine/Content/EngineMaterials/Substrate/Glints2/dict_0001_0212.uasset" 9324
"../../../Engine/Content/EngineMaterials/Substrate/Glints2/dict_0001_0204.uasset" 9325
"../../../Engine/Content/EngineMaterials/Substrate/Glints2/dict_0001_0203.uasset" 9326
"../../../Engine/Content/EngineMaterials/Substrate/Glints2/dict_0001_0209.uasset" 9327
"../../../Engine/Content/EngineMaterials/Substrate/Glints2/dict_0001_0205.uasset" 9328
"../../../Engine/Content/EngineMaterials/Substrate/Glints2/dict_0001_0202.uasset" 9329
"../../../Engine/Content/EngineMaterials/Substrate/Glints2/dict_0001_0213.uasset" 9330
"../../../Engine/Content/EngineMaterials/Substrate/Glints2/dict_0001_0207.uasset" 9331
"../../../Engine/Content/EngineMaterials/Substrate/Glints2/dict_0001_0210.uasset" 9332
"../../../Engine/Content/EngineMaterials/Substrate/Glints2/dict_0001_0211.uasset" 9333
"/Engine/EngineMaterials/Substrate/Glints2/dict_0001_0207" 9334
"../../../Engine/Content/EngineMaterials/Substrate/Glints2/dict_0001_0208.uasset" 9335
"/Engine/EngineMaterials/Substrate/Glints2/dict_0001_0217" 9336
"/Engine/EngineMaterials/Substrate/Glints2/dict_0001_0213" 9337
"/Engine/EngineMaterials/Substrate/Glints2/dict_0001_0209" 9338
"/Engine/EngineMaterials/Substrate/Glints2/dict_0001_0212" 9339
"/Engine/EngineMaterials/Substrate/Glints2/dict_0001_0202" 9340
"/Engine/EngineMaterials/Substrate/Glints2/dict_0001_0210" 9341
"/Engine/EngineMaterials/Substrate/Glints2/dict_0001_0203" 9342
"/Engine/EngineMaterials/Substrate/Glints2/dict_0001_0211" 9343
"/Engine/EngineMaterials/Substrate/Glints2/dict_0001_0204" 9344
"../../../Engine/Content/EngineMaterials/Substrate/Glints2/dict_0001_0200.uasset" 9345
"../../../Engine/Content/EngineMaterials/Substrate/Glints2/dict_0001_0193.uasset" 9346
"../../../Engine/Content/EngineMaterials/Substrate/Glints2/dict_0001_0195.uasset" 9347
"/Engine/EngineMaterials/Substrate/Glints2/dict_0001_0205" 9348
"../../../Engine/Content/EngineMaterials/Substrate/Glints2/dict_0001_0206.uasset" 9349
"../../../Engine/Content/EngineMaterials/Substrate/Glints2/dict_0001_0194.uasset" 9350
"../../../Engine/Content/EngineMaterials/Substrate/Glints2/dict_0001_0197.uasset" 9351
"/Engine/EngineMaterials/Substrate/Glints2/dict_0001_0200" 9352
"/Engine/EngineMaterials/Substrate/Glints2/dict_0001_0193" 9353
"/Engine/EngineMaterials/Substrate/Glints2/dict_0001_0208" 9354
"/Engine/EngineMaterials/Substrate/Glints2/dict_0001_0194" 9355
"/Engine/EngineMaterials/Substrate/Glints2/dict_0001_0195" 9356
"/Engine/EngineMaterials/Substrate/Glints2/dict_0001_0197" 9357
"/Engine/EngineMaterials/Substrate/Glints2/dict_0001_0206" 9358
"../../../Engine/Content/EngineMaterials/Substrate/Glints2/dict_0001_0199.uasset" 9359
"../../../Engine/Content/EngineMaterials/Substrate/Glints2/dict_0001_0190.uasset" 9360
"../../../Engine/Content/EngineMaterials/Substrate/Glints2/dict_0001_0198.uasset" 9361
"../../../Engine/Content/EngineMaterials/Substrate/Glints2/dict_0001_0196.uasset" 9362
"../../../Engine/Content/EngineMaterials/Substrate/Glints2/dict_0001_0201.uasset" 9363
"../../../Engine/Content/EngineMaterials/Substrate/Glints2/dict_0001_0185.uasset" 9364
"../../../Engine/Content/EngineMaterials/Substrate/Glints2/dict_0001_0188.uasset" 9365
"../../../Engine/Content/EngineMaterials/Substrate/Glints2/dict_0001_0189.uasset" 9366
"/Engine/EngineMaterials/Substrate/Glints2/dict_0001_0189" 9367
"../../../Engine/Content/EngineMaterials/Substrate/Glints2/dict_0001_0184.uasset" 9368
"/Engine/EngineMaterials/Substrate/Glints2/dict_0001_0201" 9369
"/Engine/EngineMaterials/Substrate/Glints2/dict_0001_0190" 9370
"../../../Engine/Content/EngineMaterials/Substrate/Glints2/dict_0001_0181.uasset" 9371
"/Engine/EngineMaterials/Substrate/Glints2/dict_0001_0196" 9372
"../../../Engine/Content/EngineMaterials/Substrate/Glints2/dict_0001_0187.uasset" 9373
"../../../Engine/Content/EngineMaterials/Substrate/Glints2/dict_0001_0179.uasset" 9374
"../../../Engine/Content/EngineMaterials/Substrate/Glints2/dict_0001_0183.uasset" 9375
"/Engine/EngineMaterials/Substrate/Glints2/dict_0001_0185" 9376
"../../../Engine/Content/EngineMaterials/Substrate/Glints2/dict_0001_0186.uasset" 9377
"/Engine/EngineMaterials/Substrate/Glints2/dict_0001_0188" 9378
"/Engine/EngineMaterials/Substrate/Glints2/dict_0001_0198" 9379
"../../../Engine/Content/EngineMaterials/Substrate/Glints2/dict_0001_0182.uasset" 9380
"../../../Engine/Content/EngineMaterials/Substrate/Glints2/dict_0001_0176.uasset" 9381
"/Engine/EngineMaterials/Substrate/Glints2/dict_0001_0199" 9382
"../../../Engine/Content/EngineMaterials/Substrate/Glints2/dict_0001_0180.uasset" 9383
"/Engine/EngineMaterials/Substrate/Glints2/dict_0001_0186" 9384
"/Engine/EngineMaterials/Substrate/Glints2/dict_0001_0176" 9385
"/Engine/EngineMaterials/Substrate/Glints2/dict_0001_0187" 9386
"/Engine/EngineMaterials/Substrate/Glints2/dict_0001_0183" 9387
"../../../Engine/Content/EngineMaterials/Substrate/Glints2/dict_0001_0192.uasset" 9388
"/Engine/EngineMaterials/Substrate/Glints2/dict_0001_0179" 9389
"/Engine/EngineMaterials/Substrate/Glints2/dict_0001_0184" 9390
"/Engine/EngineMaterials/Substrate/Glints2/dict_0001_0180" 9391
"/Engine/EngineMaterials/Substrate/Glints2/dict_0001_0181" 9392
"/Engine/EngineMaterials/Substrate/Glints2/dict_0001_0182" 9393
"../../../Engine/Content/EngineMaterials/Substrate/Glints2/dict_0001_0178.uasset" 9394
"../../../Engine/Content/EngineMaterials/Substrate/Glints2/dict_0001_0177.uasset" 9395
"/Engine/EngineMaterials/Substrate/Glints2/dict_0001_0178" 9396
"../../../Engine/Content/EngineMaterials/Substrate/Glints2/dict_0001_0191.uasset" 9397
"../../../Engine/Content/EngineMaterials/Substrate/Glints2/dict_0001_0172.uasset" 9398
"../../../Engine/Content/EngineMaterials/Substrate/Glints2/dict_0001_0175.uasset" 9399
"/Engine/EngineMaterials/Substrate/Glints2/dict_0001_0192" 9400
"/Engine/EngineMaterials/Substrate/Glints2/dict_0001_0172" 9401
"/Engine/EngineMaterials/Substrate/Glints2/dict_0001_0175" 9402
"/Engine/EngineMaterials/Substrate/Glints2/dict_0001_0177" 9403
"../../../Engine/Content/EngineMaterials/Substrate/Glints2/dict_0001_0168.uasset" 9404
"../../../Engine/Content/EngineMaterials/Substrate/Glints2/dict_0001_0169.uasset" 9405
"/Engine/EngineMaterials/Substrate/Glints2/dict_0001_0191" 9406
"../../../Engine/Content/EngineMaterials/Substrate/Glints2/dict_0001_0173.uasset" 9407
"../../../Engine/Content/EngineMaterials/Substrate/Glints2/dict_0001_0170.uasset" 9408
"/Engine/EngineMaterials/Substrate/Glints2/dict_0001_0173" 9409
"/Engine/EngineMaterials/Substrate/Glints2/dict_0001_0168" 9410
"/Engine/EngineMaterials/Substrate/Glints2/dict_0001_0169" 9411
"/Engine/EngineMaterials/Substrate/Glints2/dict_0001_0170" 9412
"../../../Engine/Content/EngineMaterials/Substrate/Glints2/dict_0001_0161.uasset" 9413
"../../../Engine/Content/EngineMaterials/Substrate/Glints2/dict_0001_0174.uasset" 9414
"../../../Engine/Content/EngineMaterials/Substrate/Glints2/dict_0001_0164.uasset" 9415
"../../../Engine/Content/EngineMaterials/Substrate/Glints2/dict_0001_0166.uasset" 9416
"../../../Engine/Content/EngineMaterials/Substrate/Glints2/dict_0001_0162.uasset" 9417
"../../../Engine/Content/EngineMaterials/Substrate/Glints2/dict_0001_0171.uasset" 9418
"../../../Engine/Content/EngineMaterials/Substrate/Glints2/dict_0001_0167.uasset" 9419
"../../../Engine/Content/EngineMaterials/Substrate/Glints2/dict_0001_0165.uasset" 9420
"../../../Engine/Content/EngineMaterials/Substrate/Glints2/dict_0001_0163.uasset" 9421
"../../../Engine/Content/EngineMaterials/Substrate/Glints2/dict_0001_0160.uasset" 9422
"../../../Engine/Content/EngineMaterials/Substrate/Glints2/dict_0001_0151.uasset" 9423
"../../../Engine/Content/EngineMaterials/Substrate/Glints2/dict_0001_0154.uasset" 9424
"../../../Engine/Content/EngineMaterials/Substrate/Glints2/dict_0001_0159.uasset" 9425
"../../../Engine/Content/EngineMaterials/Substrate/Glints2/dict_0001_0155.uasset" 9426
"/Engine/EngineMaterials/Substrate/Glints2/dict_0001_0165" 9427
"../../../Engine/Content/EngineMaterials/Substrate/Glints2/dict_0001_0150.uasset" 9428
"../../../Engine/Content/EngineMaterials/Substrate/Glints2/dict_0001_0156.uasset" 9429
"../../../Engine/Content/EngineMaterials/Substrate/Glints2/dict_0001_0158.uasset" 9430
"../../../Engine/Content/EngineMaterials/Substrate/Glints2/dict_0001_0157.uasset" 9431
"/Engine/EngineMaterials/Substrate/Glints2/dict_0001_0166" 9432
"../../../Engine/Content/EngineMaterials/Substrate/Glints2/dict_0001_0148.uasset" 9433
"/Engine/EngineMaterials/Substrate/Glints2/dict_0001_0167" 9434
"../../../Engine/Content/EngineMaterials/Substrate/Glints2/dict_0001_0153.uasset" 9435
"/Engine/EngineMaterials/Substrate/Glints2/dict_0001_0174" 9436
"/Engine/EngineMaterials/Substrate/Glints2/dict_0001_0161" 9437
"../../../Engine/Content/EngineMaterials/Substrate/Glints2/dict_0001_0152.uasset" 9438
"/Engine/EngineMaterials/Substrate/Glints2/dict_0001_0162" 9439
"/Engine/EngineMaterials/Substrate/Glints2/dict_0001_0163" 9440
"/Engine/EngineMaterials/Substrate/Glints2/dict_0001_0171" 9441
"/Engine/EngineMaterials/Substrate/Glints2/dict_0001_0164" 9442
"/Engine/EngineMaterials/Substrate/Glints2/dict_0001_0157" 9443
"/Engine/EngineMaterials/Substrate/Glints2/dict_0001_0148" 9444
"../../../Engine/Content/EngineMaterials/Substrate/Glints2/dict_0001_0140.uasset" 9445
"/Engine/EngineMaterials/Substrate/Glints2/dict_0001_0158" 9446
"../../../Engine/Content/EngineMaterials/Substrate/Glints2/dict_0001_0149.uasset" 9447
"/Engine/EngineMaterials/Substrate/Glints2/dict_0001_0159" 9448
"../../../Engine/Content/EngineMaterials/Substrate/Glints2/dict_0001_0141.uasset" 9449
"../../../Engine/Content/EngineMaterials/Substrate/Glints2/dict_0001_0145.uasset" 9450
"/Engine/EngineMaterials/Substrate/Glints2/dict_0001_0150" 9451
"../../../Engine/Content/EngineMaterials/Substrate/Glints2/dict_0001_0142.uasset" 9452
"../../../Engine/Content/EngineMaterials/Substrate/Glints2/dict_0001_0147.uasset" 9453
"../../../Engine/Content/EngineMaterials/Substrate/Glints2/dict_0001_0139.uasset" 9454
"../../../Engine/Content/EngineMaterials/Substrate/Glints2/dict_0001_0143.uasset" 9455
"/Engine/EngineMaterials/Substrate/Glints2/dict_0001_0151" 9456
"/Engine/EngineMaterials/Substrate/Glints2/dict_0001_0160" 9457
"/Engine/EngineMaterials/Substrate/Glints2/dict_0001_0152" 9458
"/Engine/EngineMaterials/Substrate/Glints2/dict_0001_0153" 9459
"../../../Engine/Content/EngineMaterials/Substrate/Glints2/dict_0001_0146.uasset" 9460
"/Engine/EngineMaterials/Substrate/Glints2/dict_0001_0154" 9461
"/Engine/EngineMaterials/Substrate/Glints2/dict_0001_0155" 9462
"/Engine/EngineMaterials/Substrate/Glints2/dict_0001_0156" 9463
"/Engine/EngineMaterials/Substrate/Glints2/dict_0001_0142" 9464
"/Engine/EngineMaterials/Substrate/Glints2/dict_0001_0139" 9465
"/Engine/EngineMaterials/Substrate/Glints2/dict_0001_0143" 9466
"/Engine/EngineMaterials/Substrate/Glints2/dict_0001_0149" 9467
"/Engine/EngineMaterials/Substrate/Glints2/dict_0001_0145" 9468
"/Engine/EngineMaterials/Substrate/Glints2/dict_0001_0146" 9469
"/Engine/EngineMaterials/Substrate/Glints2/dict_0001_0140" 9470
"/Engine/EngineMaterials/Substrate/Glints2/dict_0001_0141" 9471
"/Engine/EngineMaterials/Substrate/Glints2/dict_0001_0147" 9472
"../../../Engine/Content/EngineMaterials/Substrate/Glints2/dict_0001_0137.uasset" 9473
"../../../Engine/Content/EngineMaterials/Substrate/Glints2/dict_0001_0131.uasset" 9474
"../../../Engine/Content/EngineMaterials/Substrate/Glints2/dict_0001_0133.uasset" 9475
"../../../Engine/Content/EngineMaterials/Substrate/Glints2/dict_0001_0132.uasset" 9476
"../../../Engine/Content/EngineMaterials/Substrate/Glints2/dict_0001_0130.uasset" 9477
"../../../Engine/Content/EngineMaterials/Substrate/Glints2/dict_0001_0138.uasset" 9478
"../../../Engine/Content/EngineMaterials/Substrate/Glints2/dict_0001_0136.uasset" 9479
"/Engine/EngineMaterials/Substrate/Glints2/dict_0001_0130" 9480
"../../../Engine/Content/EngineMaterials/Substrate/Glints2/dict_0001_0134.uasset" 9481
"/Engine/EngineMaterials/Substrate/Glints2/dict_0001_0131" 9482
"/Engine/EngineMaterials/Substrate/Glints2/dict_0001_0138" 9483
"../../../Engine/Content/EngineMaterials/Substrate/Glints2/dict_0001_0124.uasset" 9484
"../../../Engine/Content/EngineMaterials/Substrate/Glints2/dict_0001_0127.uasset" 9485
"../../../Engine/Content/EngineMaterials/Substrate/Glints2/dict_0001_0129.uasset" 9486
"/Engine/EngineMaterials/Substrate/Glints2/dict_0001_0132" 9487
"../../../Engine/Content/EngineMaterials/Substrate/Glints2/dict_0001_0123.uasset" 9488
"../../../Engine/Content/EngineMaterials/Substrate/Glints2/dict_0001_0122.uasset" 9489
"../../../Engine/Content/EngineMaterials/Substrate/Glints2/dict_0001_0121.uasset" 9490
"/Engine/EngineMaterials/Substrate/Glints2/dict_0001_0133" 9491
"../../../Engine/Content/EngineMaterials/Substrate/Glints2/dict_0001_0128.uasset" 9492
"/Engine/EngineMaterials/Substrate/Glints2/dict_0001_0136" 9493
"/Engine/EngineMaterials/Substrate/Glints2/dict_0001_0137" 9494
"../../../Engine/Content/EngineMaterials/Substrate/Glints2/dict_0001_0126.uasset" 9495
"/Engine/EngineMaterials/Substrate/Glints2/dict_0001_0129" 9496
"/Engine/EngineMaterials/Substrate/Glints2/dict_0001_0121" 9497
"../../../Engine/Content/EngineMaterials/Substrate/Glints2/dict_0001_0125.uasset" 9498
"/Engine/EngineMaterials/Substrate/Glints2/dict_0001_0122" 9499
"/Engine/EngineMaterials/Substrate/Glints2/dict_0001_0123" 9500
"../../../Engine/Content/EngineMaterials/Substrate/Glints2/dict_0001_0135.uasset" 9501
"/Engine/EngineMaterials/Substrate/Glints2/dict_0001_0124" 9502
"/Engine/EngineMaterials/Substrate/Glints2/dict_0001_0126" 9503
"/Engine/EngineMaterials/Substrate/Glints2/dict_0001_0134" 9504
"../../../Engine/Content/EngineMaterials/Substrate/Glints2/dict_0001_0144.uasset" 9505
"/Engine/EngineMaterials/Substrate/Glints2/dict_0001_0127" 9506
"/Engine/EngineMaterials/Substrate/Glints2/dict_0001_0128" 9507
"/Engine/EngineMaterials/Substrate/Glints2/dict_0001_0144" 9508
"/Engine/EngineMaterials/Substrate/Glints2/dict_0001_0125" 9509
"/Engine/EngineMaterials/Substrate/Glints2/dict_0001_0135" 9510
"../../../Engine/Content/EngineMaterials/Substrate/Glints2/dict_0001_0118.uasset" 9511
"../../../Engine/Content/EngineMaterials/Substrate/Glints2/dict_0001_0113.uasset" 9512
"../../../Engine/Content/EngineMaterials/Substrate/Glints2/dict_0001_0115.uasset" 9513
"/Engine/EngineMaterials/Substrate/Glints2/dict_0001_0118" 9514
"../../../Engine/Content/EngineMaterials/Substrate/Glints2/dict_0001_0114.uasset" 9515
"/Engine/EngineMaterials/Substrate/Glints2/dict_0001_0113" 9516
"../../../Engine/Content/EngineMaterials/Substrate/Glints2/dict_0001_0117.uasset" 9517
"/Engine/EngineMaterials/Substrate/Glints2/dict_0001_0115" 9518
"../../../Engine/Content/EngineMaterials/Substrate/Glints2/dict_0001_0111.uasset" 9519
"/Engine/EngineMaterials/Substrate/Glints2/dict_0001_0117" 9520
"../../../Engine/Content/EngineMaterials/Substrate/Glints2/dict_0001_0116.uasset" 9521
"/Engine/EngineMaterials/Substrate/Glints2/dict_0001_0111" 9522
"/Engine/EngineMaterials/Substrate/Glints2/dict_0001_0114" 9523
"/Engine/EngineMaterials/Substrate/Glints2/dict_0001_0116" 9524
"../../../Engine/Content/EngineMaterials/Substrate/Glints2/dict_0001_0107.uasset" 9525
"../../../Engine/Content/EngineMaterials/Substrate/Glints2/dict_0001_0105.uasset" 9526
"../../../Engine/Content/EngineMaterials/Substrate/Glints2/dict_0001_0119.uasset" 9527
"/Engine/EngineMaterials/Substrate/Glints2/dict_0001_0107" 9528
"/Engine/EngineMaterials/Substrate/Glints2/dict_0001_0119" 9529
"../../../Engine/Content/EngineMaterials/Substrate/Glints2/dict_0001_0109.uasset" 9530
"/Engine/EngineMaterials/Substrate/Glints2/dict_0001_0105" 9531
"../../../Engine/Content/EngineMaterials/Substrate/Glints2/dict_0001_0108.uasset" 9532
"../../../Engine/Content/EngineMaterials/Substrate/Glints2/dict_0001_0106.uasset" 9533
"/Engine/EngineMaterials/Substrate/Glints2/dict_0001_0108" 9534
"../../../Engine/Content/EngineMaterials/Substrate/Glints2/dict_0001_0110.uasset" 9535
"/Engine/EngineMaterials/Substrate/Glints2/dict_0001_0109" 9536
"/Engine/EngineMaterials/Substrate/Glints2/dict_0001_0106" 9537
"/Engine/EngineMaterials/Substrate/Glints2/dict_0001_0110" 9538
"../../../Engine/Content/EngineMaterials/Substrate/Glints2/dict_0001_0103.uasset" 9539
"../../../Engine/Content/EngineMaterials/Substrate/Glints2/dict_0001_0102.uasset" 9540
"../../../Engine/Content/EngineMaterials/Substrate/Glints2/dict_0001_0096.uasset" 9541
"../../../Engine/Content/EngineMaterials/Substrate/Glints2/dict_0001_0097.uasset" 9542
"../../../Engine/Content/EngineMaterials/Substrate/Glints2/dict_0001_0095.uasset" 9543
"../../../Engine/Content/EngineMaterials/Substrate/Glints2/dict_0001_0101.uasset" 9544
"/Engine/EngineMaterials/Substrate/Glints2/dict_0001_0102" 9545
"../../../Engine/Content/EngineMaterials/Substrate/Glints2/dict_0001_0100.uasset" 9546
"../../../Engine/Content/EngineMaterials/Substrate/Glints2/dict_0001_0104.uasset" 9547
"../../../Engine/Content/EngineMaterials/Substrate/Glints2/dict_0001_0094.uasset" 9548
"/Engine/EngineMaterials/Substrate/Glints2/dict_0001_0103" 9549
"../../../Engine/Content/EngineMaterials/Substrate/Glints2/dict_0001_0099.uasset" 9550
"../../../Engine/Content/EngineMaterials/Substrate/Glints2/dict_0001_0120.uasset" 9551
"/Engine/EngineMaterials/Substrate/Glints2/dict_0001_0095" 9552
"/Engine/EngineMaterials/Substrate/Glints2/dict_0001_0096" 9553
"/Engine/EngineMaterials/Substrate/Glints2/dict_0001_0097" 9554
"/Engine/EngineMaterials/Substrate/Glints2/dict_0001_0101" 9555
"../../../Engine/Content/EngineMaterials/Substrate/Glints2/dict_0001_0098.uasset" 9556
"../../../Engine/Content/EngineMaterials/Substrate/Glints2/dict_0001_0112.uasset" 9557
"/Engine/EngineMaterials/Substrate/Glints2/dict_0001_0104" 9558
"/Engine/EngineMaterials/Substrate/Glints2/dict_0001_0120" 9559
"/Engine/EngineMaterials/Substrate/Glints2/dict_0001_0094" 9560
"/Engine/EngineMaterials/Substrate/Glints2/dict_0001_0099" 9561
"/Engine/EngineMaterials/Substrate/Glints2/dict_0001_0100" 9562
"/Engine/EngineMaterials/Substrate/Glints2/dict_0001_0112" 9563
"/Engine/EngineMaterials/Substrate/Glints2/dict_0001_0098" 9564
"../../../Engine/Content/EngineMaterials/Substrate/Glints2/dict_0001_0091.uasset" 9565
"../../../Engine/Content/EngineMaterials/Substrate/Glints2/dict_0001_0087.uasset" 9566
"../../../Engine/Content/EngineMaterials/Substrate/Glints2/dict_0001_0088.uasset" 9567
"../../../Engine/Content/EngineMaterials/Substrate/Glints2/dict_0001_0085.uasset" 9568
"../../../Engine/Content/EngineMaterials/Substrate/Glints2/dict_0001_0089.uasset" 9569
"../../../Engine/Content/EngineMaterials/Substrate/Glints2/dict_0001_0084.uasset" 9570
"../../../Engine/Content/EngineMaterials/Substrate/Glints2/dict_0001_0086.uasset" 9571
"../../../Engine/Content/EngineMaterials/Substrate/Glints2/dict_0001_0093.uasset" 9572
"/Engine/EngineMaterials/Substrate/Glints2/dict_0001_0086" 9573
"/Engine/EngineMaterials/Substrate/Glints2/dict_0001_0084" 9574
"../../../Engine/Content/EngineMaterials/Substrate/Glints2/dict_0001_0090.uasset" 9575
"/Engine/EngineMaterials/Substrate/Glints2/dict_0001_0089" 9576
"../../../Engine/Content/EngineMaterials/Substrate/Glints2/dict_0001_0082.uasset" 9577
"../../../Engine/Content/EngineMaterials/Substrate/Glints2/dict_0001_0092.uasset" 9578
"../../../Engine/Content/EngineMaterials/Substrate/Glints2/dict_0001_0080.uasset" 9579
"../../../Engine/Content/EngineMaterials/Substrate/Glints2/dict_0001_0079.uasset" 9580
"../../../Engine/Content/EngineMaterials/Substrate/Glints2/dict_0001_0076.uasset" 9581
"/Engine/EngineMaterials/Substrate/Glints2/dict_0001_0087" 9582
"../../../Engine/Content/EngineMaterials/Substrate/Glints2/dict_0001_0077.uasset" 9583
"/Engine/EngineMaterials/Substrate/Glints2/dict_0001_0085" 9584
"/Engine/EngineMaterials/Substrate/Glints2/dict_0001_0088" 9585
"../../../Engine/Content/EngineMaterials/Substrate/Glints2/dict_0001_0083.uasset" 9586
"../../../Engine/Content/EngineMaterials/Substrate/Glints2/dict_0001_0073.uasset" 9587
"/Engine/EngineMaterials/Substrate/Glints2/dict_0001_0091" 9588
"../../../Engine/Content/EngineMaterials/Substrate/Glints2/dict_0001_0078.uasset" 9589
"../../../Engine/Content/EngineMaterials/Substrate/Glints2/dict_0001_0074.uasset" 9590
"../../../Engine/Content/EngineMaterials/Substrate/Glints2/dict_0001_0075.uasset" 9591
"/Engine/EngineMaterials/Substrate/Glints2/dict_0001_0092" 9592
"/Engine/EngineMaterials/Substrate/Glints2/dict_0001_0076" 9593
"../../../Engine/Content/EngineMaterials/Substrate/Glints2/dict_0001_0081.uasset" 9594
"/Engine/EngineMaterials/Substrate/Glints2/dict_0001_0083" 9595
"/Engine/EngineMaterials/Substrate/Glints2/dict_0001_0077" 9596
"/Engine/EngineMaterials/Substrate/Glints2/dict_0001_0079" 9597
"/Engine/EngineMaterials/Substrate/Glints2/dict_0001_0093" 9598
"../../../Engine/Content/EngineMaterials/Substrate/Glints2/dict_0001_0069.uasset" 9599
"../../../Engine/Content/EngineMaterials/Substrate/Glints2/dict_0001_0070.uasset" 9600
"../../../Engine/Content/EngineMaterials/Substrate/Glints2/dict_0001_0068.uasset" 9601
"../../../Engine/Content/EngineMaterials/Substrate/Glints2/dict_0001_0067.uasset" 9602
"/Engine/EngineMaterials/Substrate/Glints2/dict_0001_0073" 9603
"/Engine/EngineMaterials/Substrate/Glints2/dict_0001_0090" 9604
"/Engine/EngineMaterials/Substrate/Glints2/dict_0001_0082" 9605
"/Engine/EngineMaterials/Substrate/Glints2/dict_0001_0080" 9606
"/Engine/EngineMaterials/Substrate/Glints2/dict_0001_0074" 9607
"/Engine/EngineMaterials/Substrate/Glints2/dict_0001_0078" 9608
"/Engine/EngineMaterials/Substrate/Glints2/dict_0001_0070" 9609
"/Engine/EngineMaterials/Substrate/Glints2/dict_0001_0075" 9610
"../../../Engine/Content/EngineMaterials/Substrate/Glints2/dict_0001_0062.uasset" 9611
"/Engine/EngineMaterials/Substrate/Glints2/dict_0001_0067" 9612
"../../../Engine/Content/EngineMaterials/Substrate/Glints2/dict_0001_0064.uasset" 9613
"/Engine/EngineMaterials/Substrate/Glints2/dict_0001_0068" 9614
"../../../Engine/Content/EngineMaterials/Substrate/Glints2/dict_0001_0066.uasset" 9615
"/Engine/EngineMaterials/Substrate/Glints2/dict_0001_0069" 9616
"/Engine/EngineMaterials/Substrate/Glints2/dict_0001_0081" 9617
"/Engine/EngineMaterials/Substrate/Glints2/dict_0001_0064" 9618
"/Engine/EngineMaterials/Substrate/Glints2/dict_0001_0066" 9619
"/Engine/EngineMaterials/Substrate/Glints2/dict_0001_0062" 9620
"../../../Engine/Content/EngineMaterials/Substrate/Glints2/dict_0001_0059.uasset" 9621
"/Engine/EngineMaterials/Substrate/Glints2/dict_0001_0059" 9622
"../../../Engine/Content/EngineMaterials/Substrate/Glints2/dict_0001_0072.uasset" 9623
"../../../Engine/Content/EngineMaterials/Substrate/Glints2/dict_0001_0071.uasset" 9624
"../../../Engine/Content/EngineMaterials/Substrate/Glints2/dict_0001_0057.uasset" 9625
"../../../Engine/Content/EngineMaterials/Substrate/Glints2/dict_0001_0058.uasset" 9626
"../../../Engine/Content/EngineMaterials/Substrate/Glints2/dict_0001_0065.uasset" 9627
"../../../Engine/Content/EngineMaterials/Substrate/Glints2/dict_0001_0061.uasset" 9628
"../../../Engine/Content/EngineMaterials/Substrate/Glints2/dict_0001_0055.uasset" 9629
"/Engine/EngineMaterials/Substrate/Glints2/dict_0001_0071" 9630
"../../../Engine/Content/EngineMaterials/Substrate/Glints2/dict_0001_0060.uasset" 9631
"/Engine/EngineMaterials/Substrate/Glints2/dict_0001_0065" 9632
"../../../Engine/Content/EngineMaterials/Substrate/Glints2/dict_0001_0054.uasset" 9633
"/Engine/EngineMaterials/Substrate/Glints2/dict_0001_0057" 9634
"/Engine/EngineMaterials/Substrate/Glints2/dict_0001_0058" 9635
"../../../Engine/Content/EngineMaterials/Substrate/Glints2/dict_0001_0049.uasset" 9636
"../../../Engine/Content/EngineMaterials/Substrate/Glints2/dict_0001_0063.uasset" 9637
"/Engine/EngineMaterials/Substrate/Glints2/dict_0001_0072" 9638
"../../../Engine/Content/EngineMaterials/Substrate/Glints2/dict_0001_0052.uasset" 9639
"../../../Engine/Content/EngineMaterials/Substrate/Glints2/dict_0001_0053.uasset" 9640
"/Engine/EngineMaterials/Substrate/Glints2/dict_0001_0055" 9641
"/Engine/EngineMaterials/Substrate/Glints2/dict_0001_0049" 9642
"/Engine/EngineMaterials/Substrate/Glints2/dict_0001_0060" 9643
"../../../Engine/Content/EngineMaterials/Substrate/Glints2/dict_0001_0048.uasset" 9644
"/Engine/EngineMaterials/Substrate/Glints2/dict_0001_0052" 9645
"../../../Engine/Content/EngineMaterials/Substrate/Glints2/dict_0001_0050.uasset" 9646
"../../../Engine/Content/EngineMaterials/Substrate/Glints2/dict_0001_0056.uasset" 9647
"/Engine/EngineMaterials/Substrate/Glints2/dict_0001_0063" 9648
"/Engine/EngineMaterials/Substrate/Glints2/dict_0001_0061" 9649
"/Engine/EngineMaterials/Substrate/Glints2/dict_0001_0054" 9650
"/Engine/EngineMaterials/Substrate/Glints2/dict_0001_0056" 9651
"/Engine/EngineMaterials/Substrate/Glints2/dict_0001_0048" 9652
"/Engine/EngineMaterials/Substrate/Glints2/dict_0001_0050" 9653
"/Engine/EngineMaterials/Substrate/Glints2/dict_0001_0053" 9654
"../../../Engine/Content/EngineMaterials/Substrate/Glints2/dict_0001_0051.uasset" 9655
"../../../Engine/Content/EngineMaterials/Substrate/Glints2/dict_0001_0044.uasset" 9656
"../../../Engine/Content/EngineMaterials/Substrate/Glints2/dict_0001_0039.uasset" 9657
"../../../Engine/Content/EngineMaterials/Substrate/Glints2/dict_0001_0040.uasset" 9658
"../../../Engine/Content/EngineMaterials/Substrate/Glints2/dict_0001_0036.uasset" 9659
"../../../Engine/Content/EngineMaterials/Substrate/Glints2/dict_0001_0037.uasset" 9660
"../../../Engine/Content/EngineMaterials/Substrate/Glints2/dict_0001_0042.uasset" 9661
"../../../Engine/Content/EngineMaterials/Substrate/Glints2/dict_0001_0046.uasset" 9662
"../../../Engine/Content/EngineMaterials/Substrate/Glints2/dict_0001_0047.uasset" 9663
"/Engine/EngineMaterials/Substrate/Glints2/dict_0001_0044" 9664
"../../../Engine/Content/EngineMaterials/Substrate/Glints2/dict_0001_0041.uasset" 9665
"../../../Engine/Content/EngineMaterials/Substrate/Glints2/dict_0001_0045.uasset" 9666
"/Engine/EngineMaterials/Substrate/Glints2/dict_0001_0037" 9667
"../../../Engine/Content/EngineMaterials/Substrate/Glints2/dict_0001_0043.uasset" 9668
"/Engine/EngineMaterials/Substrate/Glints2/dict_0001_0046" 9669
"/Engine/EngineMaterials/Substrate/Glints2/dict_0001_0047" 9670
"/Engine/EngineMaterials/Substrate/Glints2/dict_0001_0039" 9671
"/Engine/EngineMaterials/Substrate/Glints2/dict_0001_0036" 9672
"../../../Engine/Content/EngineMaterials/Substrate/Glints2/dict_0001_0038.uasset" 9673
"/Engine/EngineMaterials/Substrate/Glints2/dict_0001_0051" 9674
"../../../Engine/Content/EngineMaterials/Substrate/Glints2/dict_0001_0033.uasset" 9675
"../../../Engine/Content/EngineMaterials/Substrate/Glints2/dict_0001_0026.uasset" 9676
"/Engine/EngineMaterials/Substrate/Glints2/dict_0001_0040" 9677
"../../../Engine/Content/EngineMaterials/Substrate/Glints2/dict_0001_0029.uasset" 9678
"../../../Engine/Content/EngineMaterials/Substrate/Glints2/dict_0001_0032.uasset" 9679
"../../../Engine/Content/EngineMaterials/Substrate/Glints2/dict_0001_0030.uasset" 9680
"/Engine/EngineMaterials/Substrate/Glints2/dict_0001_0042" 9681
"../../../Engine/Content/EngineMaterials/Substrate/Glints2/dict_0001_0034.uasset" 9682
"../../../Engine/Content/EngineMaterials/Substrate/Glints2/dict_0001_0031.uasset" 9683
"/Engine/EngineMaterials/Substrate/Glints2/dict_0001_0043" 9684
"/Engine/EngineMaterials/Substrate/Glints2/dict_0001_0045" 9685
"/Engine/EngineMaterials/Substrate/Glints2/dict_0001_0034" 9686
"/Engine/EngineMaterials/Substrate/Glints2/dict_0001_0029" 9687
"/Engine/EngineMaterials/Substrate/Glints2/dict_0001_0038" 9688
"/Engine/EngineMaterials/Substrate/Glints2/dict_0001_0030" 9689
"/Engine/EngineMaterials/Substrate/Glints2/dict_0001_0031" 9690
"/Engine/EngineMaterials/Substrate/Glints2/dict_0001_0033" 9691
"/Engine/EngineMaterials/Substrate/Glints2/dict_0001_0032" 9692
"/Engine/EngineMaterials/Substrate/Glints2/dict_0001_0026" 9693
"/Engine/EngineMaterials/Substrate/Glints2/dict_0001_0041" 9694
"../../../Engine/Content/EngineMaterials/Substrate/Glints2/dict_0001_0021.uasset" 9695
"../../../Engine/Content/EngineMaterials/Substrate/Glints2/dict_0001_0035.uasset" 9696
"../../../Engine/Content/EngineMaterials/Substrate/Glints2/dict_0001_0019.uasset" 9697
"../../../Engine/Content/EngineMaterials/Substrate/Glints2/dict_0001_0018.uasset" 9698
"../../../Engine/Content/EngineMaterials/Substrate/Glints2/dict_0001_0022.uasset" 9699
"../../../Engine/Content/EngineMaterials/Substrate/Glints2/dict_0001_0020.uasset" 9700
"../../../Engine/Content/EngineMaterials/Substrate/Glints2/dict_0001_0016.uasset" 9701
"../../../Engine/Content/EngineMaterials/Substrate/Glints2/dict_0001_0023.uasset" 9702
"../../../Engine/Content/EngineMaterials/Substrate/Glints2/dict_0001_0024.uasset" 9703
"../../../Engine/Content/EngineMaterials/Substrate/Glints2/dict_0001_0017.uasset" 9704
"../../../Engine/Content/EngineMaterials/Substrate/Glints2/dict_0001_0025.uasset" 9705
"/Engine/EngineMaterials/Substrate/Glints2/dict_0001_0021" 9706
"/Engine/EngineMaterials/Substrate/Glints2/dict_0001_0017" 9707
"../../../Engine/Content/EngineMaterials/Substrate/Glints2/dict_0001_0028.uasset" 9708
"/Engine/EngineMaterials/Substrate/Glints2/dict_0001_0035" 9709
"/Engine/EngineMaterials/Substrate/Glints2/dict_0001_0018" 9710
"../../../Engine/Content/EngineMaterials/Substrate/Glints2/dict_0001_0015.uasset" 9711
"../../../Engine/Content/EngineMaterials/Substrate/Glints2/dict_0001_0014.uasset" 9712
"../../../Engine/Content/EngineMaterials/Substrate/Glints2/dict_0001_0011.uasset" 9713
"../../../Engine/Content/EngineMaterials/Substrate/Glints2/dict_0001_0013.uasset" 9714
"/Engine/EngineMaterials/Substrate/Glints2/dict_0001_0022" 9715
"../../../Engine/Content/EngineMaterials/Substrate/Glints2/dict_0001_0009.uasset" 9716
"../../../Engine/Content/EngineMaterials/Substrate/Glints2/dict_0001_0012.uasset" 9717
"../../../Engine/Content/EngineMaterials/Substrate/Glints2/dict_0001_0010.uasset" 9718
"/Engine/EngineMaterials/Substrate/Glints2/dict_0001_0023" 9719
"../../../Engine/Content/EngineMaterials/Substrate/Glints2/dict_0001_0008.uasset" 9720
"../../../Engine/Content/EngineMaterials/Substrate/Glints2/dict_0001_0006.uasset" 9721
"/Engine/EngineMaterials/Substrate/Glints2/dict_0001_0019" 9722
"/Engine/EngineMaterials/Substrate/Glints2/dict_0001_0024" 9723
"/Engine/EngineMaterials/Substrate/Glints2/dict_0001_0020" 9724
"/Engine/EngineMaterials/Substrate/Glints2/dict_0001_0025" 9725
"/Engine/EngineMaterials/Substrate/Glints2/dict_0001_0016" 9726
"/Engine/EngineMaterials/Substrate/Glints2/dict_0001_0008" 9727
"/Engine/EngineMaterials/Substrate/Glints2/dict_0001_0009" 9728
"/Engine/EngineMaterials/Substrate/Glints2/dict_0001_0028" 9729
"/Engine/EngineMaterials/Substrate/Glints2/dict_0001_0010" 9730
"/Engine/EngineMaterials/Substrate/Glints2/dict_0001_0011" 9731
"/Engine/EngineMaterials/Substrate/Glints2/dict_0001_0012" 9732
"/Engine/EngineMaterials/Substrate/Glints2/dict_0001_0013" 9733
"../../../Engine/Content/EngineMaterials/Substrate/Glints2/dict_0001_0007.uasset" 9734
"/Engine/EngineMaterials/Substrate/Glints2/dict_0001_0014" 9735
"../../../Engine/Content/EngineMaterials/Substrate/Glints2/dict_0001_0003.uasset" 9736
"/Engine/EngineMaterials/Substrate/Glints2/dict_0001_0015" 9737
"../../../Engine/Content/EngineMaterials/Substrate/Glints2/dict_0001_0000.uasset" 9738
"../../../Engine/Content/EngineMaterials/Substrate/Glints2/dict_0001_0001.uasset" 9739
"/Engine/EngineMaterials/Substrate/Glints2/dict_0001_0006" 9740
"../../../Engine/Content/EngineMaterials/Substrate/Glints2/dict_0001_0005.uasset" 9741
"/Engine/EngineMaterials/Substrate/Glints2/dict_0001_0000" 9742
"/Engine/EngineMaterials/Substrate/Glints2/dict_0001_0001" 9743
"/Engine/EngineMaterials/Substrate/Glints2/dict_0001_0003" 9744
"/Engine/EngineMaterials/Substrate/Glints2/dict_0001_0005" 9745
"../../../Engine/Content/EngineMaterials/Substrate/Glints2/dict_0001_0004.uasset" 9746
"/Engine/EngineMaterials/Substrate/Glints2/dict_0001_0007" 9747
"/Engine/EngineMaterials/Substrate/Glints2/dict_0001_0004" 9748
"../../../Engine/Content/EngineMaterials/Substrate/Glints2/dict_0000_0251.uasset" 9749
"../../../Engine/Content/EngineMaterials/Substrate/Glints2/dict_0000_0252.uasset" 9750
"../../../Engine/Content/EngineMaterials/Substrate/Glints2/dict_0001_0002.uasset" 9751
"../../../Engine/Content/EngineMaterials/Substrate/Glints2/dict_0000_0248.uasset" 9752
"../../../Engine/Content/EngineMaterials/Substrate/Glints2/dict_0000_0249.uasset" 9753
"/Engine/EngineMaterials/Substrate/Glints2/dict_0001_0002" 9754
"../../../Engine/Content/EngineMaterials/Substrate/Glints2/dict_0000_0250.uasset" 9755
"../../../Engine/Content/EngineMaterials/Substrate/Glints2/dict_0000_0253.uasset" 9756
"/Engine/EngineMaterials/Substrate/Glints2/dict_0000_0248" 9757
"/Engine/EngineMaterials/Substrate/Glints2/dict_0000_0249" 9758
"../../../Engine/Content/EngineMaterials/Substrate/Glints2/dict_0000_0254.uasset" 9759
"../../../Engine/Content/EngineMaterials/Substrate/Glints2/dict_0000_0255.uasset" 9760
"/Engine/EngineMaterials/Substrate/Glints2/dict_0000_0251" 9761
"/Engine/EngineMaterials/Substrate/Glints2/dict_0000_0252" 9762
"../../../Engine/Content/EngineMaterials/Substrate/Glints2/dict_0000_0244.uasset" 9763
"/Engine/EngineMaterials/Substrate/Glints2/dict_0000_0253" 9764
"/Engine/EngineMaterials/Substrate/Glints2/dict_0000_0254" 9765
"../../../Engine/Content/EngineMaterials/Substrate/Glints2/dict_0000_0246.uasset" 9766
"/Engine/EngineMaterials/Substrate/Glints2/dict_0000_0255" 9767
"../../../Engine/Content/EngineMaterials/Substrate/Glints2/dict_0000_0243.uasset" 9768
"../../../Engine/Content/EngineMaterials/Substrate/Glints2/dict_0000_0240.uasset" 9769
"/Engine/EngineMaterials/Substrate/Glints2/dict_0000_0250" 9770
"../../../Engine/Content/EngineMaterials/Substrate/Glints2/dict_0000_0241.uasset" 9771
"../../../Engine/Content/EngineMaterials/Substrate/Glints2/dict_0000_0247.uasset" 9772
"/Engine/EngineMaterials/Substrate/Glints2/dict_0000_0243" 9773
"/Engine/EngineMaterials/Substrate/Glints2/dict_0000_0244" 9774
"/Engine/EngineMaterials/Substrate/Glints2/dict_0000_0246" 9775
"/Engine/EngineMaterials/Substrate/Glints2/dict_0000_0247" 9776
"/Engine/EngineMaterials/Substrate/Glints2/dict_0000_0240" 9777
"/Engine/EngineMaterials/Substrate/Glints2/dict_0000_0241" 9778
"../../../Engine/Content/EngineMaterials/Substrate/Glints2/dict_0000_0239.uasset" 9779
"../../../Engine/Content/EngineMaterials/Substrate/Glints2/dict_0000_0235.uasset" 9780
"../../../Engine/Content/EngineMaterials/Substrate/Glints2/dict_0000_0237.uasset" 9781
"../../../Engine/Content/EngineMaterials/Substrate/Glints2/dict_0000_0245.uasset" 9782
"../../../Engine/Content/EngineMaterials/Substrate/Glints2/dict_0000_0234.uasset" 9783
"../../../Engine/Content/EngineMaterials/Substrate/Glints2/dict_0000_0242.uasset" 9784
"../../../Engine/Content/EngineMaterials/Substrate/Glints2/dict_0000_0232.uasset" 9785
"../../../Engine/Content/EngineMaterials/Substrate/Glints2/dict_0000_0230.uasset" 9786
"../../../Engine/Content/EngineMaterials/Substrate/Glints2/dict_0000_0233.uasset" 9787
"/Engine/EngineMaterials/Substrate/Glints2/dict_0000_0232" 9788
"../../../Engine/Content/EngineMaterials/Substrate/Glints2/dict_0000_0236.uasset" 9789
"/Engine/EngineMaterials/Substrate/Glints2/dict_0000_0233" 9790
"/Engine/EngineMaterials/Substrate/Glints2/dict_0000_0234" 9791
"/Engine/EngineMaterials/Substrate/Glints2/dict_0000_0242" 9792
"/Engine/EngineMaterials/Substrate/Glints2/dict_0000_0235" 9793
"../../../Engine/Content/EngineMaterials/Substrate/Glints2/dict_0000_0238.uasset" 9794
"../../../Engine/Content/EngineMaterials/Substrate/Glints2/dict_0000_0225.uasset" 9795
"../../../Engine/Content/EngineMaterials/Substrate/Glints2/dict_0000_0227.uasset" 9796
"../../../Engine/Content/EngineMaterials/Substrate/Glints2/dict_0000_0228.uasset" 9797
"/Engine/EngineMaterials/Substrate/Glints2/dict_0000_0245" 9798
"../../../Engine/Content/EngineMaterials/Substrate/Glints2/dict_0000_0223.uasset" 9799
"/Engine/EngineMaterials/Substrate/Glints2/dict_0000_0237" 9800
"../../../Engine/Content/EngineMaterials/Substrate/Glints2/dict_0000_0231.uasset" 9801
"/Engine/EngineMaterials/Substrate/Glints2/dict_0000_0230" 9802
"../../../Engine/Content/EngineMaterials/Substrate/Glints2/dict_0000_0224.uasset" 9803
"/Engine/EngineMaterials/Substrate/Glints2/dict_0000_0239" 9804
"/Engine/EngineMaterials/Substrate/Glints2/dict_0000_0227" 9805
"../../../Engine/Content/EngineMaterials/Substrate/Glints2/dict_0001_0027.uasset" 9806
"../../../Engine/Content/EngineMaterials/Substrate/Glints2/dict_0000_0222.uasset" 9807
"/Engine/EngineMaterials/Substrate/Glints2/dict_0000_0236" 9808
"/Engine/EngineMaterials/Substrate/Glints2/dict_0000_0228" 9809
"../../../Engine/Content/EngineMaterials/Substrate/Glints2/dict_0000_0226.uasset" 9810
"/Engine/EngineMaterials/Substrate/Glints2/dict_0000_0238" 9811
"/Engine/EngineMaterials/Substrate/Glints2/dict_0000_0223" 9812
"/Engine/EngineMaterials/Substrate/Glints2/dict_0000_0224" 9813
"/Engine/EngineMaterials/Substrate/Glints2/dict_0000_0231" 9814
"../../../Engine/Content/EngineMaterials/Substrate/Glints2/dict_0000_0229.uasset" 9815
"/Engine/EngineMaterials/Substrate/Glints2/dict_0000_0225" 9816
"/Engine/EngineMaterials/Substrate/Glints2/dict_0000_0226" 9817
"/Engine/EngineMaterials/Substrate/Glints2/dict_0000_0222" 9818
"/Engine/EngineMaterials/Substrate/Glints2/dict_0001_0027" 9819
"/Engine/EngineMaterials/Substrate/Glints2/dict_0000_0229" 9820
"../../../Engine/Content/EngineMaterials/Substrate/Glints2/dict_0000_0214.uasset" 9821
"../../../Engine/Content/EngineMaterials/Substrate/Glints2/dict_0000_0218.uasset" 9822
"../../../Engine/Content/EngineMaterials/Substrate/Glints2/dict_0000_0216.uasset" 9823
"/Engine/EngineMaterials/Substrate/Glints2/dict_0000_0218" 9824
"/Engine/EngineMaterials/Substrate/Glints2/dict_0000_0214" 9825
"/Engine/EngineMaterials/Substrate/Glints2/dict_0000_0216" 9826
"../../../Engine/Content/EngineMaterials/Substrate/Glints2/dict_0000_0213.uasset" 9827
"../../../Engine/Content/EngineMaterials/Substrate/Glints2/dict_0000_0219.uasset" 9828
"../../../Engine/Content/EngineMaterials/Substrate/Glints2/dict_0000_0215.uasset" 9829
"../../../Engine/Content/EngineMaterials/Substrate/Glints2/dict_0000_0211.uasset" 9830
"../../../Engine/Content/EngineMaterials/Substrate/Glints2/dict_0000_0210.uasset" 9831
"../../../Engine/Content/EngineMaterials/Substrate/Glints2/dict_0000_0217.uasset" 9832
"../../../Engine/Content/EngineMaterials/Substrate/Glints2/dict_0000_0208.uasset" 9833
"/Engine/EngineMaterials/Substrate/Glints2/dict_0000_0219" 9834
"../../../Engine/Content/EngineMaterials/Substrate/Glints2/dict_0000_0207.uasset" 9835
"../../../Engine/Content/EngineMaterials/Substrate/Glints2/dict_0000_0206.uasset" 9836
"/Engine/EngineMaterials/Substrate/Glints2/dict_0000_0211" 9837
"../../../Engine/Content/EngineMaterials/Substrate/Glints2/dict_0000_0209.uasset" 9838
"../../../Engine/Content/EngineMaterials/Substrate/Glints2/dict_0000_0205.uasset" 9839
"/Engine/EngineMaterials/Substrate/Glints2/dict_0000_0213" 9840
"../../../Engine/Content/EngineMaterials/Substrate/Glints2/dict_0000_0220.uasset" 9841
"/Engine/EngineMaterials/Substrate/Glints2/dict_0000_0210" 9842
"/Engine/EngineMaterials/Substrate/Glints2/dict_0000_0215" 9843
"/Engine/EngineMaterials/Substrate/Glints2/dict_0000_0217" 9844
"/Engine/EngineMaterials/Substrate/Glints2/dict_0000_0205" 9845
"/Engine/EngineMaterials/Substrate/Glints2/dict_0000_0206" 9846
"/Engine/EngineMaterials/Substrate/Glints2/dict_0000_0207" 9847
"/Engine/EngineMaterials/Substrate/Glints2/dict_0000_0208" 9848
"/Engine/EngineMaterials/Substrate/Glints2/dict_0000_0209" 9849
"/Engine/EngineMaterials/Substrate/Glints2/dict_0000_0220" 9850
"../../../Engine/Content/EngineMaterials/Substrate/Glints2/dict_0000_0198.uasset" 9851
"../../../Engine/Content/EngineMaterials/Substrate/Glints2/dict_0000_0195.uasset" 9852
"../../../Engine/Content/EngineMaterials/Substrate/Glints2/dict_0000_0203.uasset" 9853
"../../../Engine/Content/EngineMaterials/Substrate/Glints2/dict_0000_0199.uasset" 9854
"../../../Engine/Content/EngineMaterials/Substrate/Glints2/dict_0000_0197.uasset" 9855
"../../../Engine/Content/EngineMaterials/Substrate/Glints2/dict_0000_0202.uasset" 9856
"../../../Engine/Content/EngineMaterials/Substrate/Glints2/dict_0000_0221.uasset" 9857
"../../../Engine/Content/EngineMaterials/Substrate/Glints2/dict_0000_0201.uasset" 9858
"../../../Engine/Content/EngineMaterials/Substrate/Glints2/dict_0000_0200.uasset" 9859
"../../../Engine/Content/EngineMaterials/Substrate/Glints2/dict_0000_0212.uasset" 9860
"../../../Engine/Content/EngineMaterials/Substrate/Glints2/dict_0000_0196.uasset" 9861
"../../../Engine/Content/EngineMaterials/Substrate/Glints2/dict_0000_0204.uasset" 9862
"/Engine/EngineMaterials/Substrate/Glints2/dict_0000_0202" 9863
"../../../Engine/Content/EngineMaterials/Substrate/Glints2/dict_0000_0194.uasset" 9864
"/Engine/EngineMaterials/Substrate/Glints2/dict_0000_0203" 9865
"/Engine/EngineMaterials/Substrate/Glints2/dict_0000_0204" 9866
"../../../Engine/Content/EngineMaterials/Substrate/Glints2/dict_0000_0183.uasset" 9867
"../../../Engine/Content/EngineMaterials/Substrate/Glints2/dict_0000_0187.uasset" 9868
"../../../Engine/Content/EngineMaterials/Substrate/Glints2/dict_0000_0186.uasset" 9869
"../../../Engine/Content/EngineMaterials/Substrate/Glints2/dict_0000_0192.uasset" 9870
"../../../Engine/Content/EngineMaterials/Substrate/Glints2/dict_0000_0185.uasset" 9871
"../../../Engine/Content/EngineMaterials/Substrate/Glints2/dict_0000_0193.uasset" 9872
"../../../Engine/Content/EngineMaterials/Substrate/Glints2/dict_0000_0188.uasset" 9873
"/Engine/EngineMaterials/Substrate/Glints2/dict_0000_0195" 9874
"../../../Engine/Content/EngineMaterials/Substrate/Glints2/dict_0000_0182.uasset" 9875
"/Engine/EngineMaterials/Substrate/Glints2/dict_0000_0196" 9876
"/Engine/EngineMaterials/Substrate/Glints2/dict_0000_0221" 9877
"/Engine/EngineMaterials/Substrate/Glints2/dict_0000_0212" 9878
"../../../Engine/Content/EngineMaterials/Substrate/Glints2/dict_0000_0189.uasset" 9879
"../../../Engine/Content/EngineMaterials/Substrate/Glints2/dict_0000_0191.uasset" 9880
"../../../Engine/Content/EngineMaterials/Substrate/Glints2/dict_0000_0190.uasset" 9881
"/Engine/EngineMaterials/Substrate/Glints2/dict_0000_0197" 9882
"/Engine/EngineMaterials/Substrate/Glints2/dict_0000_0198" 9883
"/Engine/EngineMaterials/Substrate/Glints2/dict_0000_0199" 9884
"/Engine/EngineMaterials/Substrate/Glints2/dict_0000_0200" 9885
"/Engine/EngineMaterials/Substrate/Glints2/dict_0000_0201" 9886
"/Engine/EngineMaterials/Substrate/Glints2/dict_0000_0188" 9887
"/Engine/EngineMaterials/Substrate/Glints2/dict_0000_0182" 9888
"../../../Engine/Content/EngineMaterials/Substrate/Glints2/dict_0000_0176.uasset" 9889
"/Engine/EngineMaterials/Substrate/Glints2/dict_0000_0194" 9890
"/Engine/EngineMaterials/Substrate/Glints2/dict_0000_0183" 9891
"/Engine/EngineMaterials/Substrate/Glints2/dict_0000_0190" 9892
"../../../Engine/Content/EngineMaterials/Substrate/Glints2/dict_0000_0179.uasset" 9893
"/Engine/EngineMaterials/Substrate/Glints2/dict_0000_0191" 9894
"../../../Engine/Content/EngineMaterials/Substrate/Glints2/dict_0000_0175.uasset" 9895
"/Engine/EngineMaterials/Substrate/Glints2/dict_0000_0189" 9896
"/Engine/EngineMaterials/Substrate/Glints2/dict_0000_0192" 9897
"../../../Engine/Content/EngineMaterials/Substrate/Glints2/dict_0000_0177.uasset" 9898
"/Engine/EngineMaterials/Substrate/Glints2/dict_0000_0185" 9899
"../../../Engine/Content/EngineMaterials/Substrate/Glints2/dict_0000_0180.uasset" 9900
"/Engine/EngineMaterials/Substrate/Glints2/dict_0000_0186" 9901
"/Engine/EngineMaterials/Substrate/Glints2/dict_0000_0187" 9902
"/Engine/EngineMaterials/Substrate/Glints2/dict_0000_0193" 9903
"/Engine/EngineMaterials/Substrate/Glints2/dict_0000_0175" 9904
"/Engine/EngineMaterials/Substrate/Glints2/dict_0000_0176" 9905
"/Engine/EngineMaterials/Substrate/Glints2/dict_0000_0177" 9906
"/Engine/EngineMaterials/Substrate/Glints2/dict_0000_0179" 9907
"/Engine/EngineMaterials/Substrate/Glints2/dict_0000_0180" 9908
"../../../Engine/Content/EngineMaterials/Substrate/Glints2/dict_0000_0181.uasset" 9909
"../../../Engine/Content/EngineMaterials/Substrate/Glints2/dict_0000_0178.uasset" 9910
"../../../Engine/Content/EngineMaterials/Substrate/Glints2/dict_0000_0168.uasset" 9911
"../../../Engine/Content/EngineMaterials/Substrate/Glints2/dict_0000_0169.uasset" 9912
"../../../Engine/Content/EngineMaterials/Substrate/Glints2/dict_0000_0173.uasset" 9913
"../../../Engine/Content/EngineMaterials/Substrate/Glints2/dict_0000_0172.uasset" 9914
"../../../Engine/Content/EngineMaterials/Substrate/Glints2/dict_0000_0166.uasset" 9915
"/Engine/EngineMaterials/Substrate/Glints2/dict_0000_0166" 9916
"../../../Engine/Content/EngineMaterials/Substrate/Glints2/dict_0000_0170.uasset" 9917
"../../../Engine/Content/EngineMaterials/Substrate/Glints2/dict_0000_0174.uasset" 9918
"../../../Engine/Content/EngineMaterials/Substrate/Glints2/dict_0000_0167.uasset" 9919
"/Engine/EngineMaterials/Substrate/Glints2/dict_0000_0168" 9920
"../../../Engine/Content/EngineMaterials/Substrate/Glints2/dict_0000_0171.uasset" 9921
"/Engine/EngineMaterials/Substrate/Glints2/dict_0000_0169" 9922
"/Engine/EngineMaterials/Substrate/Glints2/dict_0000_0178" 9923
"/Engine/EngineMaterials/Substrate/Glints2/dict_0000_0181" 9924
"/Engine/EngineMaterials/Substrate/Glints2/dict_0000_0172" 9925
"/Engine/EngineMaterials/Substrate/Glints2/dict_0000_0173" 9926
"../../../Engine/Content/EngineMaterials/Substrate/Glints2/dict_0000_0160.uasset" 9927
"../../../Engine/Content/EngineMaterials/Substrate/Glints2/dict_0000_0162.uasset" 9928
"../../../Engine/Content/EngineMaterials/Substrate/Glints2/dict_0000_0159.uasset" 9929
"../../../Engine/Content/EngineMaterials/Substrate/Glints2/dict_0000_0165.uasset" 9930
"/Engine/EngineMaterials/Substrate/Glints2/dict_0000_0165" 9931
"../../../Engine/Content/EngineMaterials/Substrate/Glints2/dict_0000_0184.uasset" 9932
"/Engine/EngineMaterials/Substrate/Glints2/dict_0000_0167" 9933
"/Engine/EngineMaterials/Substrate/Glints2/dict_0000_0170" 9934
"/Engine/EngineMaterials/Substrate/Glints2/dict_0000_0159" 9935
"../../../Engine/Content/EngineMaterials/Substrate/Glints2/dict_0000_0164.uasset" 9936
"/Engine/EngineMaterials/Substrate/Glints2/dict_0000_0171" 9937
"../../../Engine/Content/EngineMaterials/Substrate/Glints2/dict_0000_0161.uasset" 9938
"../../../Engine/Content/EngineMaterials/Substrate/Glints2/dict_0000_0158.uasset" 9939
"/Engine/EngineMaterials/Substrate/Glints2/dict_0000_0160" 9940
"/Engine/EngineMaterials/Substrate/Glints2/dict_0000_0162" 9941
"/Engine/EngineMaterials/Substrate/Glints2/dict_0000_0174" 9942
"/Engine/EngineMaterials/Substrate/Glints2/dict_0000_0164" 9943
"/Engine/EngineMaterials/Substrate/Glints2/dict_0000_0184" 9944
"/Engine/EngineMaterials/Substrate/Glints2/dict_0000_0158" 9945
"/Engine/EngineMaterials/Substrate/Glints2/dict_0000_0161" 9946
"../../../Engine/Content/EngineMaterials/Substrate/Glints2/dict_0000_0152.uasset" 9947
"../../../Engine/Content/EngineMaterials/Substrate/Glints2/dict_0000_0155.uasset" 9948
"../../../Engine/Content/EngineMaterials/Substrate/Glints2/dict_0000_0163.uasset" 9949
"../../../Engine/Content/EngineMaterials/Substrate/Glints2/dict_0000_0153.uasset" 9950
"../../../Engine/Content/EngineMaterials/Substrate/Glints2/dict_0000_0150.uasset" 9951
"../../../Engine/Content/EngineMaterials/Substrate/Glints2/dict_0000_0151.uasset" 9952
"../../../Engine/Content/EngineMaterials/Substrate/Glints2/dict_0000_0157.uasset" 9953
"/Engine/EngineMaterials/Substrate/Glints2/dict_0000_0163" 9954
"../../../Engine/Content/EngineMaterials/Substrate/Glints2/dict_0000_0154.uasset" 9955
"../../../Engine/Content/EngineMaterials/Substrate/Glints2/dict_0000_0149.uasset" 9956
"/Engine/EngineMaterials/Substrate/Glints2/dict_0000_0151" 9957
"../../../Engine/Content/EngineMaterials/Substrate/Glints2/dict_0000_0144.uasset" 9958
"../../../Engine/Content/EngineMaterials/Substrate/Glints2/dict_0000_0146.uasset" 9959
"/Engine/EngineMaterials/Substrate/Glints2/dict_0000_0152" 9960
"../../../Engine/Content/EngineMaterials/Substrate/Glints2/dict_0000_0142.uasset" 9961
"/Engine/EngineMaterials/Substrate/Glints2/dict_0000_0153" 9962
"/Engine/EngineMaterials/Substrate/Glints2/dict_0000_0155" 9963
"/Engine/EngineMaterials/Substrate/Glints2/dict_0000_0150" 9964
"../../../Engine/Content/EngineMaterials/Substrate/Glints2/dict_0000_0141.uasset" 9965
"../../../Engine/Content/EngineMaterials/Substrate/Glints2/dict_0000_0145.uasset" 9966
"/Engine/EngineMaterials/Substrate/Glints2/dict_0000_0157" 9967
"../../../Engine/Content/EngineMaterials/Substrate/Glints2/dict_0000_0143.uasset" 9968
"../../../Engine/Content/EngineMaterials/Substrate/Glints2/dict_0000_0137.uasset" 9969
"/Engine/EngineMaterials/Substrate/Glints2/dict_0000_0146" 9970
"../../../Engine/Content/EngineMaterials/Substrate/Glints2/dict_0000_0140.uasset" 9971
"../../../Engine/Content/EngineMaterials/Substrate/Glints2/dict_0000_0135.uasset" 9972
"../../../Engine/Content/EngineMaterials/Substrate/Glints2/dict_0000_0136.uasset" 9973
"../../../Engine/Content/EngineMaterials/Substrate/Glints2/dict_0000_0139.uasset" 9974
"/Engine/EngineMaterials/Substrate/Glints2/dict_0000_0154" 9975
"../../../Engine/Content/EngineMaterials/Substrate/Glints2/dict_0000_0134.uasset" 9976
"/Engine/EngineMaterials/Substrate/Glints2/dict_0000_0141" 9977
"../../../Engine/Content/EngineMaterials/Substrate/Glints2/dict_0000_0138.uasset" 9978
"/Engine/EngineMaterials/Substrate/Glints2/dict_0000_0142" 9979
"../../../Engine/Content/EngineMaterials/Substrate/Glints2/dict_0000_0147.uasset" 9980
"/Engine/EngineMaterials/Substrate/Glints2/dict_0000_0149" 9981
"/Engine/EngineMaterials/Substrate/Glints2/dict_0000_0143" 9982
"/Engine/EngineMaterials/Substrate/Glints2/dict_0000_0144" 9983
"/Engine/EngineMaterials/Substrate/Glints2/dict_0000_0145" 9984
"/Engine/EngineMaterials/Substrate/Glints2/dict_0000_0137" 9985
"../../../Engine/Content/EngineMaterials/Substrate/Glints2/dict_0000_0156.uasset" 9986
"../../../Engine/Content/EngineMaterials/Substrate/Glints2/dict_0000_0133.uasset" 9987
"/Engine/EngineMaterials/Substrate/Glints2/dict_0000_0147" 9988
"/Engine/EngineMaterials/Substrate/Glints2/dict_0000_0139" 9989
"/Engine/EngineMaterials/Substrate/Glints2/dict_0000_0140" 9990
"/Engine/EngineMaterials/Substrate/Glints2/dict_0000_0133" 9991
"/Engine/EngineMaterials/Substrate/Glints2/dict_0000_0156" 9992
"/Engine/EngineMaterials/Substrate/Glints2/dict_0000_0134" 9993
"../../../Engine/Content/EngineMaterials/Substrate/Glints2/dict_0000_0131.uasset" 9994
"../../../Engine/Content/EngineMaterials/Substrate/Glints2/dict_0000_0130.uasset" 9995
"../../../Engine/Content/EngineMaterials/Substrate/Glints2/dict_0000_0129.uasset" 9996
"/Engine/EngineMaterials/Substrate/Glints2/dict_0000_0135" 9997
"/Engine/EngineMaterials/Substrate/Glints2/dict_0000_0136" 9998
"/Engine/EngineMaterials/Substrate/Glints2/dict_0000_0138" 9999
"../../../Engine/Content/EngineMaterials/Substrate/Glints2/dict_0000_0148.uasset" 10000
"/Engine/EngineMaterials/Substrate/Glints2/dict_0000_0131" 10001
"/Engine/EngineMaterials/Substrate/Glints2/dict_0000_0148" 10002
"/Engine/EngineMaterials/Substrate/Glints2/dict_0000_0129" 10003
"/Engine/EngineMaterials/Substrate/Glints2/dict_0000_0130" 10004
"../../../Engine/Content/EngineMaterials/Substrate/Glints2/dict_0000_0127.uasset" 10005
"../../../Engine/Content/EngineMaterials/Substrate/Glints2/dict_0000_0132.uasset" 10006
"/Engine/EngineMaterials/Substrate/Glints2/dict_0000_0127" 10007
"../../../Engine/Content/EngineMaterials/Substrate/Glints2/dict_0000_0126.uasset" 10008
"../../../Engine/Content/EngineMaterials/Substrate/Glints2/dict_0000_0121.uasset" 10009
"../../../Engine/Content/EngineMaterials/Substrate/Glints2/dict_0000_0123.uasset" 10010
"../../../Engine/Content/EngineMaterials/Substrate/Glints2/dict_0000_0119.uasset" 10011
"/Engine/EngineMaterials/Substrate/Glints2/dict_0000_0132" 10012
"../../../Engine/Content/EngineMaterials/Substrate/Glints2/dict_0000_0118.uasset" 10013
"../../../Engine/Content/EngineMaterials/Substrate/Glints2/dict_0000_0124.uasset" 10014
"../../../Engine/Content/EngineMaterials/Substrate/Glints2/dict_0000_0120.uasset" 10015
"/Engine/EngineMaterials/Substrate/Glints2/dict_0000_0120" 10016
"../../../Engine/Content/EngineMaterials/Substrate/Glints2/dict_0000_0116.uasset" 10017
"../../../Engine/Content/EngineMaterials/Substrate/Glints2/dict_0000_0128.uasset" 10018
"../../../Engine/Content/EngineMaterials/Substrate/Glints2/dict_0000_0117.uasset" 10019
"/Engine/EngineMaterials/Substrate/Glints2/dict_0000_0121" 10020
"../../../Engine/Content/EngineMaterials/Substrate/Glints2/dict_0000_0122.uasset" 10021
"/Engine/EngineMaterials/Substrate/Glints2/dict_0000_0123" 10022
"/Engine/EngineMaterials/Substrate/Glints2/dict_0000_0126" 10023
"/Engine/EngineMaterials/Substrate/Glints2/dict_0000_0118" 10024
"/Engine/EngineMaterials/Substrate/Glints2/dict_0000_0119" 10025
"/Engine/EngineMaterials/Substrate/Glints2/dict_0000_0122" 10026
"/Engine/EngineMaterials/Substrate/Glints2/dict_0000_0124" 10027
"/Engine/EngineMaterials/Substrate/Glints2/dict_0000_0128" 10028
"/Engine/EngineMaterials/Substrate/Glints2/dict_0000_0116" 10029
"/Engine/EngineMaterials/Substrate/Glints2/dict_0000_0117" 10030
"../../../Engine/Content/EngineMaterials/Substrate/Glints2/dict_0000_0105.uasset" 10031
"../../../Engine/Content/EngineMaterials/Substrate/Glints2/dict_0000_0113.uasset" 10032
"../../../Engine/Content/EngineMaterials/Substrate/Glints2/dict_0000_0112.uasset" 10033
"../../../Engine/Content/EngineMaterials/Substrate/Glints2/dict_0000_0110.uasset" 10034
"/Engine/EngineMaterials/Substrate/Glints2/dict_0000_0112" 10035
"../../../Engine/Content/EngineMaterials/Substrate/Glints2/dict_0000_0109.uasset" 10036
"../../../Engine/Content/EngineMaterials/Substrate/Glints2/dict_0000_0106.uasset" 10037
"../../../Engine/Content/EngineMaterials/Substrate/Glints2/dict_0000_0111.uasset" 10038
"../../../Engine/Content/EngineMaterials/Substrate/Glints2/dict_0000_0107.uasset" 10039
"../../../Engine/Content/EngineMaterials/Substrate/Glints2/dict_0000_0114.uasset" 10040
"/Engine/EngineMaterials/Substrate/Glints2/dict_0000_0113" 10041
"../../../Engine/Content/EngineMaterials/Substrate/Glints2/dict_0000_0108.uasset" 10042
"/Engine/EngineMaterials/Substrate/Glints2/dict_0000_0105" 10043
"/Engine/EngineMaterials/Substrate/Glints2/dict_0000_0110" 10044
"../../../Engine/Content/EngineMaterials/Substrate/Glints2/dict_0000_0102.uasset" 10045
"/Engine/EngineMaterials/Substrate/Glints2/dict_0000_0111" 10046
"../../../Engine/Content/EngineMaterials/Substrate/Glints2/dict_0000_0103.uasset" 10047
"../../../Engine/Content/EngineMaterials/Substrate/Glints2/dict_0000_0100.uasset" 10048
"/Engine/EngineMaterials/Substrate/Glints2/dict_0000_0102" 10049
"../../../Engine/Content/EngineMaterials/Substrate/Glints2/dict_0000_0115.uasset" 10050
"../../../Engine/Content/EngineMaterials/Substrate/Glints2/dict_0000_0101.uasset" 10051
"/Engine/EngineMaterials/Substrate/Glints2/dict_0000_0114" 10052
"/Engine/EngineMaterials/Substrate/Glints2/dict_0000_0106" 10053
"../../../Engine/Content/EngineMaterials/Substrate/Glints2/dict_0000_0125.uasset" 10054
"/Engine/EngineMaterials/Substrate/Glints2/dict_0000_0107" 10055
"/Engine/EngineMaterials/Substrate/Glints2/dict_0000_0108" 10056
"/Engine/EngineMaterials/Substrate/Glints2/dict_0000_0109" 10057
"/Engine/EngineMaterials/Substrate/Glints2/dict_0000_0103" 10058
"/Engine/EngineMaterials/Substrate/Glints2/dict_0000_0115" 10059
"/Engine/EngineMaterials/Substrate/Glints2/dict_0000_0125" 10060
"/Engine/EngineMaterials/Substrate/Glints2/dict_0000_0100" 10061
"/Engine/EngineMaterials/Substrate/Glints2/dict_0000_0101" 10062
"../../../Engine/Content/EngineMaterials/Substrate/Glints2/dict_0000_0099.uasset" 10063
"../../../Engine/Content/EngineMaterials/Substrate/Glints2/dict_0000_0097.uasset" 10064
"../../../Engine/Content/EngineMaterials/Substrate/Glints2/dict_0000_0095.uasset" 10065
"/Engine/EngineMaterials/Substrate/Glints2/dict_0000_0099" 10066
"../../../Engine/Content/EngineMaterials/Substrate/Glints2/dict_0000_0096.uasset" 10067
"../../../Engine/Content/EngineMaterials/Substrate/Glints2/dict_0000_0098.uasset" 10068
"/Engine/EngineMaterials/Substrate/Glints2/dict_0000_0097" 10069
"/Engine/EngineMaterials/Substrate/Glints2/dict_0000_0095" 10070
"/Engine/EngineMaterials/Substrate/Glints2/dict_0000_0096" 10071
"/Engine/EngineMaterials/Substrate/Glints2/dict_0000_0098" 10072
"../../../Engine/Content/EngineMaterials/Substrate/Glints2/dict_0000_0091.uasset" 10073
"../../../Engine/Content/EngineMaterials/Substrate/Glints2/dict_0000_0092.uasset" 10074
"../../../Engine/Content/EngineMaterials/Substrate/Glints2/dict_0000_0104.uasset" 10075
"../../../Engine/Content/EngineMaterials/Substrate/Glints2/dict_0000_0090.uasset" 10076
"../../../Engine/Content/EngineMaterials/Substrate/Glints2/dict_0000_0089.uasset" 10077
"../../../Engine/Content/EngineMaterials/Substrate/Glints2/dict_0000_0094.uasset" 10078
"/Engine/EngineMaterials/Substrate/Glints2/dict_0000_0090" 10079
"../../../Engine/Content/EngineMaterials/Substrate/Glints2/dict_0000_0093.uasset" 10080
"/Engine/EngineMaterials/Substrate/Glints2/dict_0000_0091" 10081
"/Engine/EngineMaterials/Substrate/Glints2/dict_0000_0092" 10082
"/Engine/EngineMaterials/Substrate/Glints2/dict_0000_0104" 10083
"/Engine/EngineMaterials/Substrate/Glints2/dict_0000_0089" 10084
"/Engine/EngineMaterials/Substrate/Glints2/dict_0000_0094" 10085
"../../../Engine/Content/EngineMaterials/Substrate/Glints2/dict_0000_0079.uasset" 10086
"../../../Engine/Content/EngineMaterials/Substrate/Glints2/dict_0000_0082.uasset" 10087
"../../../Engine/Content/EngineMaterials/Substrate/Glints2/dict_0000_0083.uasset" 10088
"/Engine/EngineMaterials/Substrate/Glints2/dict_0000_0082" 10089
"../../../Engine/Content/EngineMaterials/Substrate/Glints2/dict_0000_0081.uasset" 10090
"../../../Engine/Content/EngineMaterials/Substrate/Glints2/dict_0000_0078.uasset" 10091
"/Engine/EngineMaterials/Substrate/Glints2/dict_0000_0083" 10092
"../../../Engine/Content/EngineMaterials/Substrate/Glints2/dict_0000_0085.uasset" 10093
"/Engine/EngineMaterials/Substrate/Glints2/dict_0000_0093" 10094
"../../../Engine/Content/EngineMaterials/Substrate/Glints2/dict_0000_0084.uasset" 10095
"../../../Engine/Content/EngineMaterials/Substrate/Glints2/dict_0000_0086.uasset" 10096
"/Engine/EngineMaterials/Substrate/Glints2/dict_0000_0079" 10097
"../../../Engine/Content/EngineMaterials/Substrate/Glints2/dict_0000_0087.uasset" 10098
"/Engine/EngineMaterials/Substrate/Glints2/dict_0000_0085" 10099
"/Engine/EngineMaterials/Substrate/Glints2/dict_0000_0081" 10100
"/Engine/EngineMaterials/Substrate/Glints2/dict_0000_0086" 10101
"/Engine/EngineMaterials/Substrate/Glints2/dict_0000_0087" 10102
"/Engine/EngineMaterials/Substrate/Glints2/dict_0000_0078" 10103
"/Engine/EngineMaterials/Substrate/Glints2/dict_0000_0084" 10104
"../../../Engine/Content/EngineMaterials/Substrate/Glints2/dict_0000_0073.uasset" 10105
"../../../Engine/Content/EngineMaterials/Substrate/Glints2/dict_0000_0077.uasset" 10106
"../../../Engine/Content/EngineMaterials/Substrate/Glints2/dict_0000_0080.uasset" 10107
"../../../Engine/Content/EngineMaterials/Substrate/Glints2/dict_0000_0076.uasset" 10108
"../../../Engine/Content/EngineMaterials/Substrate/Glints2/dict_0000_0074.uasset" 10109
"../../../Engine/Content/EngineMaterials/Substrate/Glints2/dict_0000_0069.uasset" 10110
"../../../Engine/Content/EngineMaterials/Substrate/Glints2/dict_0000_0070.uasset" 10111
"/Engine/EngineMaterials/Substrate/Glints2/dict_0000_0074" 10112
"/Engine/EngineMaterials/Substrate/Glints2/dict_0000_0069" 10113
"../../../Engine/Content/EngineMaterials/Substrate/Glints2/dict_0000_0068.uasset" 10114
"../../../Engine/Content/EngineMaterials/Substrate/Glints2/dict_0000_0071.uasset" 10115
"../../../Engine/Content/EngineMaterials/Substrate/Glints2/dict_0000_0072.uasset" 10116
"/Engine/EngineMaterials/Substrate/Glints2/dict_0000_0076" 10117
"/Engine/EngineMaterials/Substrate/Glints2/dict_0000_0070" 10118
"../../../Engine/Content/EngineMaterials/Substrate/Glints2/dict_0000_0065.uasset" 10119
"../../../Engine/Content/EngineMaterials/Substrate/Glints2/dict_0000_0064.uasset" 10120
"../../../Engine/Content/EngineMaterials/Substrate/Glints2/dict_0000_0066.uasset" 10121
"../../../Engine/Content/EngineMaterials/Substrate/Glints2/dict_0000_0062.uasset" 10122
"/Engine/EngineMaterials/Substrate/Glints2/dict_0000_0077" 10123
"/Engine/EngineMaterials/Substrate/Glints2/dict_0000_0080" 10124
"/Engine/EngineMaterials/Substrate/Glints2/dict_0000_0073" 10125
"/Engine/EngineMaterials/Substrate/Glints2/dict_0000_0064" 10126
"../../../Engine/Content/EngineMaterials/Substrate/Glints2/dict_0000_0061.uasset" 10127
"/Engine/EngineMaterials/Substrate/Glints2/dict_0000_0065" 10128
"/Engine/EngineMaterials/Substrate/Glints2/dict_0000_0066" 10129
"/Engine/EngineMaterials/Substrate/Glints2/dict_0000_0071" 10130
"../../../Engine/Content/EngineMaterials/Substrate/Glints2/dict_0000_0075.uasset" 10131
"/Engine/EngineMaterials/Substrate/Glints2/dict_0000_0072" 10132
"/Engine/EngineMaterials/Substrate/Glints2/dict_0000_0062" 10133
"../../../Engine/Content/EngineMaterials/Substrate/Glints2/dict_0000_0063.uasset" 10134
"/Engine/EngineMaterials/Substrate/Glints2/dict_0000_0068" 10135
"../../../Engine/Content/EngineMaterials/Substrate/Glints2/dict_0000_0060.uasset" 10136
"/Engine/EngineMaterials/Substrate/Glints2/dict_0000_0075" 10137
"../../../Engine/Content/EngineMaterials/Substrate/Glints2/dict_0000_0088.uasset" 10138
"/Engine/EngineMaterials/Substrate/Glints2/dict_0000_0060" 10139
"/Engine/EngineMaterials/Substrate/Glints2/dict_0000_0061" 10140
"/Engine/EngineMaterials/Substrate/Glints2/dict_0000_0063" 10141
"/Engine/EngineMaterials/Substrate/Glints2/dict_0000_0088" 10142
"../../../Engine/Content/EngineMaterials/Substrate/Glints2/dict_0000_0056.uasset" 10143
"../../../Engine/Content/EngineMaterials/Substrate/Glints2/dict_0000_0053.uasset" 10144
"../../../Engine/Content/EngineMaterials/Substrate/Glints2/dict_0000_0059.uasset" 10145
"../../../Engine/Content/EngineMaterials/Substrate/Glints2/dict_0000_0052.uasset" 10146
"../../../Engine/Content/EngineMaterials/Substrate/Glints2/dict_0000_0055.uasset" 10147
"../../../Engine/Content/EngineMaterials/Substrate/Glints2/dict_0000_0057.uasset" 10148
"/Engine/EngineMaterials/Substrate/Glints2/dict_0000_0059" 10149
"../../../Engine/Content/EngineMaterials/Substrate/Glints2/dict_0000_0050.uasset" 10150
"../../../Engine/Content/EngineMaterials/Substrate/Glints2/dict_0000_0058.uasset" 10151
"/Engine/EngineMaterials/Substrate/Glints2/dict_0000_0055" 10152
"../../../Engine/Content/EngineMaterials/Substrate/Glints2/dict_0000_0049.uasset" 10153
"../../../Engine/Content/EngineMaterials/Substrate/Glints2/dict_0000_0054.uasset" 10154
"/Engine/EngineMaterials/Substrate/Glints2/dict_0000_0056" 10155
"/Engine/EngineMaterials/Substrate/Glints2/dict_0000_0052" 10156
"/Engine/EngineMaterials/Substrate/Glints2/dict_0000_0057" 10157
"../../../Engine/Content/EngineMaterials/Substrate/Glints2/dict_0000_0047.uasset" 10158
"../../../Engine/Content/EngineMaterials/Substrate/Glints2/dict_0000_0044.uasset" 10159
"../../../Engine/Content/EngineMaterials/Substrate/Glints2/dict_0000_0046.uasset" 10160
"../../../Engine/Content/EngineMaterials/Substrate/Glints2/dict_0000_0043.uasset" 10161
"/Engine/EngineMaterials/Substrate/Glints2/dict_0000_0053" 10162
"/Engine/EngineMaterials/Substrate/Glints2/dict_0000_0058" 10163
"/Engine/EngineMaterials/Substrate/Glints2/dict_0000_0049" 10164
"/Engine/EngineMaterials/Substrate/Glints2/dict_0000_0054" 10165
"/Engine/EngineMaterials/Substrate/Glints2/dict_0000_0043" 10166
"/Engine/EngineMaterials/Substrate/Glints2/dict_0000_0044" 10167
"/Engine/EngineMaterials/Substrate/Glints2/dict_0000_0050" 10168
"/Engine/EngineMaterials/Substrate/Glints2/dict_0000_0046" 10169
"../../../Engine/Content/EngineMaterials/Substrate/Glints2/dict_0000_0038.uasset" 10170
"../../../Engine/Content/EngineMaterials/Substrate/Glints2/dict_0000_0039.uasset" 10171
"/Engine/EngineMaterials/Substrate/Glints2/dict_0000_0047" 10172
"/Engine/EngineMaterials/Substrate/Glints2/dict_0000_0038" 10173
"/Engine/EngineMaterials/Substrate/Glints2/dict_0000_0039" 10174
"../../../Engine/Content/EngineMaterials/Substrate/Glints2/dict_0000_0036.uasset" 10175
"/Engine/EngineMaterials/Substrate/Glints2/dict_0000_0036" 10176
"../../../Engine/Content/EngineMaterials/Substrate/Glints2/dict_0000_0042.uasset" 10177
"../../../Engine/Content/EngineMaterials/Substrate/Glints2/dict_0000_0041.uasset" 10178
"../../../Engine/Content/EngineMaterials/Substrate/Glints2/dict_0000_0045.uasset" 10179
"/Engine/EngineMaterials/Substrate/Glints2/dict_0000_0041" 10180
"../../../Engine/Content/EngineMaterials/Substrate/Glints2/dict_0000_0035.uasset" 10181
"../../../Engine/Content/EngineMaterials/Substrate/Glints2/dict_0000_0034.uasset" 10182
"../../../Engine/Content/EngineMaterials/Substrate/Glints2/dict_0000_0037.uasset" 10183
"/Engine/EngineMaterials/Substrate/Glints2/dict_0000_0042" 10184
"/Engine/EngineMaterials/Substrate/Glints2/dict_0000_0045" 10185
"/Engine/EngineMaterials/Substrate/Glints2/dict_0000_0034" 10186
"/Engine/EngineMaterials/Substrate/Glints2/dict_0000_0035" 10187
"/Engine/EngineMaterials/Substrate/Glints2/dict_0000_0037" 10188
"../../../Engine/Content/EngineMaterials/Substrate/Glints2/dict_0000_0067.uasset" 10189
"../../../Engine/Content/EngineMaterials/Substrate/Glints2/dict_0000_0048.uasset" 10190
"../../../Engine/Content/EngineMaterials/Substrate/Glints2/dict_0000_0025.uasset" 10191
"../../../Engine/Content/EngineMaterials/Substrate/Glints2/dict_0000_0031.uasset" 10192
"../../../Engine/Content/EngineMaterials/Substrate/Glints2/dict_0000_0027.uasset" 10193
"../../../Engine/Content/EngineMaterials/Substrate/Glints2/dict_0000_0026.uasset" 10194
"../../../Engine/Content/EngineMaterials/Substrate/Glints2/dict_0000_0032.uasset" 10195
"../../../Engine/Content/EngineMaterials/Substrate/Glints2/dict_0000_0028.uasset" 10196
"/Engine/EngineMaterials/Substrate/Glints2/dict_0000_0048" 10197
"/Engine/EngineMaterials/Substrate/Glints2/dict_0000_0031" 10198
"/Engine/EngineMaterials/Substrate/Glints2/dict_0000_0067" 10199
"../../../Engine/Content/EngineMaterials/Substrate/Glints2/dict_0000_0051.uasset" 10200
"/Engine/EngineMaterials/Substrate/Glints2/dict_0000_0032" 10201
"/Engine/EngineMaterials/Substrate/Glints2/dict_0000_0025" 10202
"/Engine/EngineMaterials/Substrate/Glints2/dict_0000_0026" 10203
"/Engine/EngineMaterials/Substrate/Glints2/dict_0000_0027" 10204
"/Engine/EngineMaterials/Substrate/Glints2/dict_0000_0051" 10205
"/Engine/EngineMaterials/Substrate/Glints2/dict_0000_0028" 10206
"../../../Engine/Content/EngineMaterials/Substrate/Glints2/dict_0000_0018.uasset" 10207
"../../../Engine/Content/EngineMaterials/Substrate/Glints2/dict_0000_0020.uasset" 10208
"../../../Engine/Content/EngineMaterials/Substrate/Glints2/dict_0000_0024.uasset" 10209
"../../../Engine/Content/EngineMaterials/Substrate/Glints2/dict_0000_0029.uasset" 10210
"../../../Engine/Content/EngineMaterials/Substrate/Glints2/dict_0000_0030.uasset" 10211
"../../../Engine/Content/EngineMaterials/Substrate/Glints2/dict_0000_0017.uasset" 10212
"../../../Engine/Content/EngineMaterials/Substrate/Glints2/dict_0000_0022.uasset" 10213
"../../../Engine/Content/EngineMaterials/Substrate/Glints2/dict_0000_0023.uasset" 10214
"../../../Engine/Content/EngineMaterials/Substrate/Glints2/dict_0000_0040.uasset" 10215
"../../../Engine/Content/EngineMaterials/Substrate/Glints2/dict_0000_0021.uasset" 10216
"../../../Engine/Content/EngineMaterials/Substrate/Glints2/dict_0000_0019.uasset" 10217
"/Engine/EngineMaterials/Substrate/Glints2/dict_0000_0023" 10218
"/Engine/EngineMaterials/Substrate/Glints2/dict_0000_0030" 10219
"../../../Engine/Content/EngineMaterials/Substrate/Glints2/dict_0000_0033.uasset" 10220
"/Engine/EngineMaterials/Substrate/Glints2/dict_0000_0017" 10221
"../../../Engine/Content/EngineMaterials/Substrate/Glints2/dict_0000_0013.uasset" 10222
"/Engine/EngineMaterials/Substrate/Glints2/dict_0000_0018" 10223
"/Engine/EngineMaterials/Substrate/Glints2/dict_0000_0024" 10224
"../../../Engine/Content/EngineMaterials/Substrate/Glints2/dict_0000_0015.uasset" 10225
"/Engine/EngineMaterials/Substrate/Glints2/dict_0000_0020" 10226
"../../../Engine/Content/EngineMaterials/Substrate/Glints2/dict_0000_0012.uasset" 10227
"/Engine/EngineMaterials/Substrate/Glints2/dict_0000_0029" 10228
"../../../Engine/Content/EngineMaterials/Substrate/Glints2/dict_0000_0005.uasset" 10229
"/Engine/EngineMaterials/Substrate/Glints2/dict_0000_0021" 10230
"/Engine/EngineMaterials/Substrate/Glints2/dict_0000_0022" 10231
"../../../Engine/Content/EngineMaterials/Substrate/Glints2/dict_0000_0008.uasset" 10232
"../../../Engine/Content/EngineMaterials/Substrate/Glints2/dict_0000_0007.uasset" 10233
"../../../Engine/Content/EngineMaterials/Substrate/Glints2/dict_0000_0014.uasset" 10234
"/Engine/EngineMaterials/Substrate/Glints2/dict_0000_0040" 10235
"../../../Engine/Content/EngineMaterials/Substrate/Glints2/dict_0000_0010.uasset" 10236
"/Engine/EngineMaterials/Substrate/Glints2/dict_0000_0015" 10237
"../../../Engine/Content/EngineMaterials/Substrate/Glints2/dict_0000_0016.uasset" 10238
"/Engine/EngineMaterials/Substrate/Glints2/dict_0000_0007" 10239
"/Engine/EngineMaterials/Substrate/Glints2/dict_0000_0012" 10240
"/Engine/EngineMaterials/Substrate/Glints2/dict_0000_0010" 10241
"/Engine/EngineMaterials/Substrate/Glints2/dict_0000_0019" 10242
"/Engine/EngineMaterials/Substrate/Glints2/dict_0000_0008" 10243
"/Engine/EngineMaterials/Substrate/Glints2/dict_0000_0013" 10244
"../../../Engine/Content/EngineMaterials/Substrate/Glints2/dict_0000_0006.uasset" 10245
"/Engine/EngineMaterials/Substrate/Glints2/dict_0000_0005" 10246
"/Engine/EngineMaterials/Substrate/Glints2/dict_0000_0014" 10247
"../../../Engine/Content/EngineMaterials/Substrate/Glints2/dict_0000_0000.uasset" 10248
"/Engine/EngineMaterials/Substrate/Glints2/dict_0000_0033" 10249
"../../../Engine/Content/EngineMaterials/Substrate/Glints2/dict_0000_0002.uasset" 10250
"../../../Engine/Content/EngineMaterials/Substrate/Glints2/dict_0000_0001.uasset" 10251
"/Engine/EngineMaterials/Substrate/Glints2/dict_0000_0006" 10252
"../../../Engine/Content/EngineMaterials/Substrate/Glints2/dict_0000_0003.uasset" 10253
"/Engine/EngineMaterials/Substrate/Glints2/dict_0000_0000" 10254
"/Engine/EngineMaterials/Substrate/Glints2/dict_0000_0001" 10255
"/Engine/EngineMaterials/Substrate/Glints2/dict_0000_0016" 10256
"/Engine/EngineMaterials/Substrate/Glints2/dict_0000_0002" 10257
"/Engine/EngineMaterials/Substrate/Glints2/dict_0000_0003" 10258
"../../../Engine/Content/EngineMaterials/Substrate/Glints2/dict_0000_0009.uasset" 10259
"../../../Engine/Content/EngineMaterials/Substrate/Volume/SubstrateSimpleVolumeLUT3D.uasset" 10260
"../../../Engine/Content/EngineMaterials/Substrate/Glints2/dict_0000_0011.uasset" 10261
"../../../Engine/Content/EngineMaterials/Substrate/Volume/SubstrateSimpleVolumeEnvLUT2D.uasset" 10262
"../../../Engine/Content/EngineMaterials/Substrate/Volume/SubstrateSimpleVolumeLUT2D.uasset" 10263
"../../../Engine/Content/MobileResources/HUD/VirtualJoystick_Thumb.uasset" 10264
"../../../Engine/Content/EngineMaterials/DefaultCalibrationColor.uasset" 10265
"/Engine/EngineMaterials/Substrate/Glints2/dict_0000_0009" 10266
"../../../Engine/Content/MobileResources/HUD/DefaultVirtualJoysticks.uasset" 10267
"../../../Engine/Content/MobileResources/HUD/VirtualJoystick_Background.uasset" 10268
"/Engine/EngineMaterials/DefaultCalibrationColor" 10269
"/Engine/EngineMaterials/Substrate/Glints2/dict_0000_0011" 10270
"/Engine/EngineMaterials/Substrate/Volume/SubstrateSimpleVolumeLUT3D" 10271
"../../../Engine/Content/EngineMaterials/PPM_DefaultCalibrationColor.uasset" 10272
"/Engine/MobileResources/HUD/VirtualJoystick_Thumb" 10273
"/Engine/EngineMaterials/Substrate/Volume/SubstrateSimpleVolumeEnvLUT2D" 10274
"../../../Engine/Content/Functions/MaterialLayerFunctions/MatLayerBlend_OverrideOpacity.uasset" 10275
"/Engine/Functions/MaterialLayerFunctions/MatLayerBlend_OverrideOpacity" 10276
"../../../Engine/Content/EngineMaterials/Substrate/Glints2/dict_0000_0004.uasset" 10277
"../../../Engine/Content/EngineMaterials/PPM_DefaultCalibrationGrayscale.uasset" 10278
"../../../Engine/Plugins/NNE/NNEDenoiser/Content/NNEDIM_ColorAlbedoNormal_Alpha.uasset" 10279
"../../../Engine/Content/Functions/Engine_MaterialFunctions02/Utility/BlendAngleCorrectedNormals.uasset" 10280
"/Engine/EngineMaterials/PPM_DefaultCalibrationColor" 10281
"../../../Engine/Content/Functions/Engine_MaterialFunctions03/Procedurals/HeightToNormalSmooth.uasset" 10282
"../../../Engine/Plugins/NNE/NNEDenoiser/Content/NNEDIM_ColorAlbedoNormal_Default.uasset" 10283
"../../../Engine/Plugins/Interchange/Assets/Content/Functions/MX_Displacement.uasset" 10284
"../../../Engine/Content/EngineMaterials/Substrate/Volume/SubstrateSimpleVolumeEnvLUT3D.uasset" 10285
"/Engine/MobileResources/HUD/DefaultVirtualJoysticks" 10286
"/NNEDenoiser/NNEDIM_ColorAlbedoNormal_Default" 10287
"/NNEDenoiser/NNEDIM_ColorAlbedoNormal_Alpha" 10288
"/InterchangeAssets/Functions/MX_Displacement" 10289
"../../../Engine/Content/EngineMaterials/Substrate/Glints2/AGlintTex2dArray2.uasset" 10290
"../../../Engine/Plugins/Interchange/Assets/Content/Functions/MX_Surface.uasset" 10291
"/Engine/EngineMaterials/Substrate/Glints2/dict_0000_0004" 10292
"../../../Engine/Plugins/NNE/NNEDenoiser/Content/NNEDTIM_ColorAlbedoNormal_Default.uasset" 10293
"../../../Engine/Plugins/NNE/NNEDenoiser/Content/NNEDTOM_Output_Default.uasset" 10294
"../../../Engine/Plugins/NNE/NNEDenoiser/Content/NNEDTIM_ColorAlbedoNormal_Alpha.uasset" 10295
"/Engine/EngineMaterials/Substrate/Volume/SubstrateSimpleVolumeEnvLUT3D" 10296
"../../../Engine/Plugins/NNE/NNEDenoiser/Content/NNEDTOM_Output_Alpha.uasset" 10297
"../../../Engine/Plugins/NNE/NNEDenoiser/Content/NNEDOM_Output_Alpha.uasset" 10298
"../../../Engine/Plugins/NNE/NNEDenoiser/Content/NNEDT_Oidn2-3_Balanced.uasset" 10299
"/Engine/EngineMaterials/Substrate/Glints2/AGlintTex2dArray2" 10300
"../../../Engine/Plugins/NNE/NNEDenoiser/Content/NNEDIM_HighQuality_Alpha.uasset" 10301
"../../../Engine/Plugins/NNE/NNEDenoiser/Content/NNEDT_Oidn2-3_Balanced_Alpha.uasset" 10302
"../../../Engine/Plugins/NNE/NNEDenoiser/Content/NNEDIM_HighQuality_Default.uasset" 10303
"../../../Engine/Plugins/NNE/NNEDenoiser/Content/NNEDOM_Output_Default.uasset" 10304
"../../../Engine/Content/EngineMaterials/DefaultCalibrationGrayscale.uasset" 10305
"../../../Engine/Plugins/NNE/NNEDenoiser/Content/NNED_Oidn2-3_Balanced.uasset" 10306
"../../../Engine/Plugins/NNE/NNEDenoiser/Content/NNED_Oidn2-3_HighQuality.uasset" 10307
"../../../Engine/Plugins/NNE/NNEDenoiser/Content/NNED_Oidn2-3_Balanced_Alpha.uasset" 10308
"../../../Engine/Plugins/NNE/NNEDenoiser/Content/NNED_Oidn2-3_HighQuality_Alpha.uasset" 10309
"../../../Engine/Plugins/FX/Niagara/Content/ParameterDefinitions/MeshRenderer.uasset" 10310
"../../../Engine/Plugins/NNE/NNEDenoiser/Content/NNED_Oidn2-3_Fast.uasset" 10311
"../../../Engine/Plugins/NNE/NNEDenoiser/Content/NNE_oidn2-3-0_rt_hdr_alb_nrm_small__dyn__fp16_opset11_ForwardAlpha.uasset" 10312
"../../../Engine/Plugins/FX/Niagara/Content/ParameterDefinitions/CoreParameters.uasset" 10313
"../../../Engine/Plugins/NNE/NNEDenoiser/Content/NNED_Oidn2-3_Fast_Alpha.uasset" 10314
"../../../Engine/Plugins/FX/Niagara/Content/ParameterDefinitions/LightRenderer.uasset" 10315
"../../../Engine/Plugins/NNE/NNEDenoiser/Content/NNE_oidn2-3-0_rt_hdr_alb_nrm__dyn__fp16_opset11_DenoiseAlpha.uasset" 10316
"../../../Engine/Plugins/NNE/NNEDenoiser/Content/NNE_oidn2-3-0_rt_hdr_alb_nrm_small__dyn__fp16_opset11_DenoiseAlpha.uasset" 10317
"../../../Engine/Plugins/NNE/NNEDenoiser/Content/NNE_oidn2-3-0_rt_hdr_calb_cnrm_large__dyn__fp16_opset11_ForwardAlpha.uasset" 10318
"../../../Engine/Plugins/FX/Niagara/Content/ParameterDefinitions/RibbonRenderer.uasset" 10319
"../../../Engine/Plugins/FX/Niagara/Content/ParameterDefinitions/SpriteRenderer.uasset" 10320
"../../../Engine/Plugins/FX/Niagara/Content/ParameterDefinitions/DecalRenderer.uasset" 10321
"../../../Engine/Plugins/NNE/NNEDenoiser/Content/NNE_oidn2-3-0_rt_hdr_calb_cnrm_large__dyn__fp16_opset11_DenoiseAlpha.uasset" 10322
"../../../Engine/Plugins/NNE/NNEDenoiser/Content/NNE_oidn2-3-0_rt_hdr_alb_nrm__dyn__fp16_opset11_ForwardAlpha.uasset" 10323
"/NNEDenoiser/NNEDT_Oidn2-3_Balanced" 10324
"/NNEDenoiser/NNEDOM_Output_Alpha" 10325
"/NNEDenoiser/NNEDTOM_Output_Default" 10326
"/NNEDenoiser/NNEDTOM_Output_Alpha" 10327
"/NNEDenoiser/NNEDTIM_ColorAlbedoNormal_Default" 10328
"/NNEDenoiser/NNEDTIM_ColorAlbedoNormal_Alpha" 10329
"/InterchangeAssets/Functions/MX_Surface" 10330
"/NNEDenoiser/NNE_oidn2-3-0_rt_hdr_alb_nrm_small__dyn__fp16_opset11_DenoiseAlpha" 10331
"/NNEDenoiser/NNEDOM_Output_Default" 10332
"/NNEDenoiser/NNE_oidn2-3-0_rt_hdr_calb_cnrm_large__dyn__fp16_opset11_DenoiseAlpha" 10333
"../../../Engine/Content/EngineResources/Development/ZenLogo_64.uasset" 10334
"../../../Engine/Content/EngineDebugMaterials/DebugEditorMaterial.uasset" 10335
"../../../Engine/Content/EditorResources/BSPVertex.uasset" 10336
"../../../Engine/Content/EngineResources/FilmGrains/Marcie_Grain_v3_128_M2_000.uasset" 10337
"../../../Engine/Content/EngineMaterials/DefaultBloomKernel.uasset" 10338
"../../../Engine/Content/EngineMaterials/FastBlueNoise_scalar_128x128x8.uasset" 10339
"../../../Engine/Content/EngineMaterials/FastBlueNoise_vec2_128x128x64.uasset" 10340
"../../../Engine/Content/EngineMaterials/FastBlueNoise_scalar_128x128x64.uasset" 10341
"/Engine/EngineMaterials/PPM_DefaultCalibrationGrayscale" 10342
"/NNEDenoiser/NNEDIM_HighQuality_Default" 10343
"/NNEDenoiser/NNEDIM_HighQuality_Alpha" 10344
"/NNEDenoiser/NNE_oidn2-3-0_rt_hdr_alb_nrm__dyn__fp16_opset11_ForwardAlpha" 10345
"/NNEDenoiser/NNED_Oidn2-3_HighQuality_Alpha" 10346
"/NNEDenoiser/NNE_oidn2-3-0_rt_hdr_alb_nrm__dyn__fp16_opset11_DenoiseAlpha" 10347
"/NNEDenoiser/NNED_Oidn2-3_HighQuality" 10348
"/NNEDenoiser/NNED_Oidn2-3_Fast_Alpha" 10349
"C:/RaylaFile/RaylaFeat/Intermediate/ORTOptimizerPass_OptimizedEE43ED654C9FEA878387D593437C62BE.onnx" 10350
"C:/RaylaFile/RaylaFeat/Intermediate/ORTOptimizerPass_Optimized2338813A468214451F51AC85E651C2F3.onnx" 10351
"C:/RaylaFile/RaylaFeat/Intermediate/ORTOptimizerPass_OptimizedAD23DEC34BF695E7D68F17AEBBD7098B.onnx" 10352
"C:/RaylaFile/RaylaFeat/Intermediate/ORTOptimizerPass_OptimizedD9C2799F4AEEABA6FC1ECFA6C220F167.onnx" 10353
"C:/RaylaFile/RaylaFeat/Intermediate/ORTOptimizerPass_Optimized094EE3B749C5FD1EF88CD5AB94AE107F.onnx" 10354
"C:/RaylaFile/RaylaFeat/Intermediate/ORTOptimizerPass_OptimizedD4A8BE14471A6936B24824AFFA68AF3B.onnx" 10355
"C:/RaylaFile/RaylaFeat/Intermediate/ORTOptimizerPass_Optimized9A8DFB084BE6DE5EE6B26EB25A73DBA1.onnx" 10356
"C:/RaylaFile/RaylaFeat/Intermediate/ORTOptimizerPass_Optimized4D55EC3747C75CAF6D39D9963BC55106.onnx" 10357
"/NNEDenoiser/NNEDT_Oidn2-3_Balanced_Alpha" 10358
"/NNEDenoiser/NNE_oidn2-3-0_rt_hdr_alb_nrm_small__dyn__fp16_opset11_ForwardAlpha" 10359
"/NNEDenoiser/NNED_Oidn2-3_Fast" 10360
"/NNEDenoiser/NNE_oidn2-3-0_rt_hdr_calb_cnrm_large__dyn__fp16_opset11_ForwardAlpha" 10361
"/NNEDenoiser/NNED_Oidn2-3_Balanced_Alpha" 10362
"/NNEDenoiser/NNED_Oidn2-3_Balanced" 10363
"/Engine/EngineMaterials/FastBlueNoise_vec2_128x128x64" 10364
"/Engine/EngineMaterials/FastBlueNoise_scalar_128x128x8" 10365
"../../../Engine/Plugins/Interchange/Runtime/Content/Pipelines/DefaultMaterialXPipeline.uasset" 10366
"../../../Engine/Plugins/Interchange/Runtime/Content/Pipelines/DefaultGLTFAssetsPipeline.uasset" 10367
"../../../Engine/Plugins/Interchange/Runtime/Content/Pipelines/DefaultTexturePipeline.uasset" 10368
"../../../Engine/Plugins/Interchange/Runtime/Content/Pipelines/DefaultSceneLevelPipeline.uasset" 10369
"../../../Engine/Content/EngineMaterials/SMAAAreaTex.uasset" 10370
"../../../Engine/Plugins/Interchange/Runtime/Content/Pipelines/DefaultMaterialPipeline.uasset" 10371
"../../../Engine/Plugins/Interchange/Runtime/Content/Pipelines/DefaultGLTFPipeline.uasset" 10372
"/Engine/EngineMaterials/FastBlueNoise_scalar_128x128x64" 10373
"/Engine/EngineDebugMaterials/DebugEditorMaterial" 10374
"../../../Engine/Plugins/Interchange/Runtime/Content/Pipelines/DefaultAudioPipeline.uasset" 10375
"../../../Engine/Plugins/Interchange/Assets/Content/Functions/MX_UsdPreviewSurface.uasset" 10376
"/Engine/EngineResources/Development/ZenLogo_64" 10377
"/Engine/EngineResources/FilmGrains/Marcie_Grain_v3_128_M2_000" 10378
"../../../Engine/Content/EngineSounds/Master.uasset" 10379
"../../../Engine/Plugins/Interchange/Assets/Content/Functions/MX_TranslucentBSDF.uasset" 10380
"../../../Engine/Plugins/Interchange/Assets/Content/Substrate/MX_SimpleVolume.uasset" 10381
"../../../Engine/Plugins/Interchange/Assets/Content/Functions/MX_BurleyDiffuseBSDF.uasset" 10382
"../../../Engine/Content/EngineMaterials/SMAASearchTex.uasset" 10383
"../../../Engine/Content/EngineMaterials/EnergyConservation/SheenLegacy_Energy.uasset" 10384
"../../../Engine/Plugins/Interchange/Runtime/Content/Pipelines/DefaultSceneAssetsPipeline.uasset" 10385
"../../../Engine/Plugins/Interchange/Runtime/Content/Pipelines/DefaultAssetsPipeline.uasset" 10386
"../../../Engine/Plugins/Interchange/Assets/Content/Functions/MX_DielectricBSDF.uasset" 10387
"../../../Engine/Plugins/Interchange/Runtime/Content/Pipelines/DefaultGLTFSceneAssetsPipeline.uasset" 10388
"../../../Engine/Plugins/Interchange/Assets/Content/Functions/MX_SubsurfaceBSDF.uasset" 10389
"../../../Engine/Plugins/Interchange/Assets/Content/Functions/MX_ConductorBSDF.uasset" 10390
"../../../Engine/Plugins/Interchange/Assets/Content/Functions/MX_GeneralizedSchlickBSDF.uasset" 10391
"../../../Engine/Plugins/Interchange/Assets/Content/Functions/MX_SurfaceUnlit.uasset" 10392
"../../../Engine/Plugins/Interchange/Assets/Content/Functions/MX_OrenNayarBSDF.uasset" 10393
"C:/RaylaFile/RaylaFeat/Intermediate/ORTOptimizerPass_OptimizedAD0FB9184E2A613A562975BBC987294B.onnx" 10394
"C:/RaylaFile/RaylaFeat/Intermediate/ORTOptimizerPass_Optimized17469DDF430877C6D92ED1A59567C990.onnx" 10395
"C:/RaylaFile/RaylaFeat/Intermediate/ORTOptimizerPass_Optimized6C57F4ED4122734BA12BD6A3D80D397D.onnx" 10396
"C:/RaylaFile/RaylaFeat/Intermediate/ORTOptimizerPass_OptimizedF33AE2754CA703D7DDBC189865A178AD.onnx" 10397
"/Engine/EngineMaterials/DefaultBloomKernel" 10398
"/Engine/EditorResources/BSPVertex" 10399
"/InterchangeAssets/Functions/MX_SubsurfaceBSDF" 10400
"/InterchangeAssets/Functions/MX_GeneralizedSchlickBSDF" 10401
"/InterchangeAssets/Functions/MX_ConductorBSDF" 10402
"/InterchangeAssets/Functions/MX_DielectricBSDF" 10403
"/InterchangeAssets/Functions/MX_TranslucentBSDF" 10404
"/InterchangeAssets/Functions/MX_BurleyDiffuseBSDF" 10405
"/InterchangeAssets/Functions/MX_OrenNayarBSDF" 10406
"/InterchangeAssets/Substrate/MX_SimpleVolume" 10407
"/InterchangeAssets/Functions/MX_UsdPreviewSurface" 10408
"/InterchangeAssets/Functions/MX_SurfaceUnlit" 10409
"/Interchange/Pipelines/DefaultGLTFSceneAssetsPipeline" 10410
"/Interchange/Pipelines/DefaultSceneLevelPipeline" 10411
"/Interchange/Pipelines/DefaultSceneAssetsPipeline" 10412
"/Interchange/Pipelines/DefaultAudioPipeline" 10413
"../../../Engine/Plugins/Interchange/Assets/Content/Functions/MX_SheenBSDF.uasset" 10414
"../../../Engine/Plugins/Interchange/Assets/Content/Functions/MX_ChiangHairBSDF.uasset" 10415
"../../../Engine/Plugins/Interchange/Assets/Content/Functions/MX_AbsorptionVDF.uasset" 10416
"../../../Engine/Plugins/Animation/ControlRig/Content/Controls/ControlRigGizmoMaterial.uasset" 10417
"../../../Engine/Plugins/Interchange/Assets/Content/Functions/MX_ConicalEDF.uasset" 10418
"../../../Engine/Plugins/Interchange/Assets/Content/Functions/MX_MeasuredEDF.uasset" 10419
"../../../Engine/Plugins/Interchange/Assets/Content/Functions/MX_AnisotropicVDF.uasset" 10420
"../../../Engine/Plugins/Interchange/Assets/Content/Functions/MX_UniformEDF.uasset" 10421
"/Interchange/Pipelines/DefaultTexturePipeline" 10422
"/Interchange/Pipelines/DefaultMaterialPipeline" 10423
"/Interchange/Pipelines/DefaultGLTFPipeline" 10424
"/Interchange/Pipelines/DefaultGLTFAssetsPipeline" 10425
"/Interchange/Pipelines/DefaultMaterialXPipeline" 10426
"/Interchange/Pipelines/DefaultAssetsPipeline" 10427
"/Engine/EngineSounds/Master" 10428
"/Engine/EngineMaterials/SMAASearchTex" 10429
"/Engine/EngineMaterials/SMAAAreaTex" 10430
"/Engine/EngineMaterials/EnergyConservation/SheenLegacy_Energy" 10431
"/ControlRig/Controls/ControlRigGizmoMaterial" 10432
"/InterchangeAssets/Functions/MX_AnisotropicVDF" 10433
"/InterchangeAssets/Functions/MX_AbsorptionVDF" 10434
"/InterchangeAssets/Functions/MX_MeasuredEDF" 10435
"/InterchangeAssets/Functions/MX_ConicalEDF" 10436
"/InterchangeAssets/Functions/MX_UniformEDF" 10437
"/InterchangeAssets/Functions/MX_ChiangHairBSDF" 10438
"/InterchangeAssets/Functions/MX_SheenBSDF" 10439
"C:/RaylaFile/RaylaFeat/Saved/Cooked/Windows/Rayla_Feat/Metadata/CookedSettings.txt" 10440
