[21808:7348:0716/130619.661:WARNING:chrome_main_delegate.cc(745)] This is Chrome version 128.0.6613.138 (not a warning)
[21808:25976:0716/130619.778:ERROR:google_update_settings.cc(265)] Failed opening key Software\Chromium to set usagestats; result: 5
[21808:7348:0716/130619.859:WARNING:account_consistency_mode_manager.cc(77)] Desktop Identity Consistency cannot be enabled as no OAuth client ID and client secret have been configured.
[21808:10572:0716/130625.467:WARNING:leveldb_database.cc(141)] Unable to open C:\Users\onigi\OneDrive\ドキュメント\GitHub\RaylaFeat\Saved\webcache_6613\Default\shared_proto_db\metadata: IO error: C:\Users\onigi\OneDrive\ドキュメント\GitHub\RaylaFeat\Saved\webcache_6613\Default\shared_proto_db\metadata/MANIFEST-000001: Unable to create sequential file (ChromeMethodBFE: 7::NewSequentialFile::1)
[21808:10572:0716/130625.471:WARNING:leveldb_database.cc(141)] Unable to open C:\Users\onigi\OneDrive\ドキュメント\GitHub\RaylaFeat\Saved\webcache_6613\Default\shared_proto_db\metadata: IO error: C:\Users\onigi\OneDrive\ドキュメント\GitHub\RaylaFeat\Saved\webcache_6613\Default\shared_proto_db\metadata/MANIFEST-000001: Unable to create sequential file (ChromeMethodBFE: 7::NewSequentialFile::1)
[21808:10572:0716/130625.476:WARNING:leveldb_database.cc(141)] Unable to open C:\Users\onigi\OneDrive\ドキュメント\GitHub\RaylaFeat\Saved\webcache_6613\Default\shared_proto_db\metadata: IO error: C:\Users\onigi\OneDrive\ドキュメント\GitHub\RaylaFeat\Saved\webcache_6613\Default\shared_proto_db\metadata/MANIFEST-000001: Unable to create sequential file (ChromeMethodBFE: 7::NewSequentialFile::1)
[21808:10572:0716/130625.479:WARNING:leveldb_database.cc(141)] Unable to open C:\Users\onigi\OneDrive\ドキュメント\GitHub\RaylaFeat\Saved\webcache_6613\Default\shared_proto_db\metadata: IO error: C:\Users\onigi\OneDrive\ドキュメント\GitHub\RaylaFeat\Saved\webcache_6613\Default\shared_proto_db\metadata/MANIFEST-000001: Unable to create sequential file (ChromeMethodBFE: 7::NewSequentialFile::1)
[21808:35004:0716/130631.022:WARNING:value_store_frontend.cc(47)] Reading ahfgeienlihckogmohjhadlkjgocpleb.alarms from  failed: IO error: .../MANIFEST-000001: Unable to create sequential file (ChromeMethodBFE: 7::NewSequentialFile::1)
[21808:35004:0716/130631.024:WARNING:value_store_frontend.cc(47)] Reading mhjfbmdgcfjbbpaeojofohoefgiehjai.alarms from  failed: IO error: .../MANIFEST-000001: Unable to create sequential file (ChromeMethodBFE: 7::NewSequentialFile::1)
[7692:35876:0716/130632.466:WARNING:frame_impl.cc(430)] virtual CefFrameImpl::SendProcessMessage sent to detached frame 5-15D8F1191FC65D7DBD4DF865D4F3359C will be ignored
[21808:7348:0716/135447.564:VERBOSE1:device_event_log_impl.cc(198)] [13:54:47.561] Display: EVENT: screen_win.cc:893 Displays updated, count: 1
[21808:7348:0716/135447.566:VERBOSE1:device_event_log_impl.cc(198)] [13:54:47.565] Display: EVENT: screen_win.cc:895 Display[3532872840] bounds=[0,0 1280x800], workarea=[0,0 1280x752], scale=1.5, rotation=0, panel_rotation=0 external detected
[21808:31996:0716/135457.136:VERBOSE1:media_stream_manager.cc(1533)] MSPL::OnSpeedLimitChange({this=00003E0C02356D40}, {new_limit=78})
[21808:31996:0716/135458.125:VERBOSE1:media_stream_manager.cc(1533)] MSPL::OnSpeedLimitChange({this=00003E0C02356D40}, {new_limit=76})
[21808:31996:0716/135459.125:VERBOSE1:media_stream_manager.cc(1533)] MSPL::OnSpeedLimitChange({this=00003E0C02356D40}, {new_limit=78})
[21808:31996:0716/135500.125:VERBOSE1:media_stream_manager.cc(1533)] MSPL::OnSpeedLimitChange({this=00003E0C02356D40}, {new_limit=77})
[21808:31996:0716/135502.139:VERBOSE1:media_stream_manager.cc(1533)] MSPL::OnSpeedLimitChange({this=00003E0C02356D40}, {new_limit=75})
[21808:31996:0716/135503.142:VERBOSE1:media_stream_manager.cc(1533)] MSPL::OnSpeedLimitChange({this=00003E0C02356D40}, {new_limit=73})
[21808:31996:0716/135504.169:VERBOSE1:media_stream_manager.cc(1533)] MSPL::OnSpeedLimitChange({this=00003E0C02356D40}, {new_limit=70})
[21808:31996:0716/135507.145:VERBOSE1:media_stream_manager.cc(1533)] MSPL::OnSpeedLimitChange({this=00003E0C02356D40}, {new_limit=69})
[21808:31996:0716/135508.165:VERBOSE1:media_stream_manager.cc(1533)] MSPL::OnSpeedLimitChange({this=00003E0C02356D40}, {new_limit=68})
[21808:31996:0716/135509.162:VERBOSE1:media_stream_manager.cc(1533)] MSPL::OnSpeedLimitChange({this=00003E0C02356D40}, {new_limit=65})
[21808:31996:0716/135510.151:VERBOSE1:media_stream_manager.cc(1533)] MSPL::OnSpeedLimitChange({this=00003E0C02356D40}, {new_limit=63})
[21808:31996:0716/135513.167:VERBOSE1:media_stream_manager.cc(1533)] MSPL::OnSpeedLimitChange({this=00003E0C02356D40}, {new_limit=66})
[21808:31996:0716/135514.149:VERBOSE1:media_stream_manager.cc(1533)] MSPL::OnSpeedLimitChange({this=00003E0C02356D40}, {new_limit=67})
[21808:31996:0716/135515.149:VERBOSE1:media_stream_manager.cc(1533)] MSPL::OnSpeedLimitChange({this=00003E0C02356D40}, {new_limit=66})
[21808:31996:0716/135516.152:VERBOSE1:media_stream_manager.cc(1533)] MSPL::OnSpeedLimitChange({this=00003E0C02356D40}, {new_limit=67})
[21808:31996:0716/135517.158:VERBOSE1:media_stream_manager.cc(1533)] MSPL::OnSpeedLimitChange({this=00003E0C02356D40}, {new_limit=68})
[21808:31996:0716/135518.158:VERBOSE1:media_stream_manager.cc(1533)] MSPL::OnSpeedLimitChange({this=00003E0C02356D40}, {new_limit=70})
[21808:31996:0716/135519.163:VERBOSE1:media_stream_manager.cc(1533)] MSPL::OnSpeedLimitChange({this=00003E0C02356D40}, {new_limit=74})
[21808:31996:0716/135520.162:VERBOSE1:media_stream_manager.cc(1533)] MSPL::OnSpeedLimitChange({this=00003E0C02356D40}, {new_limit=75})
[21808:31996:0716/135522.176:VERBOSE1:media_stream_manager.cc(1533)] MSPL::OnSpeedLimitChange({this=00003E0C02356D40}, {new_limit=76})
[21808:31996:0716/135523.189:VERBOSE1:media_stream_manager.cc(1533)] MSPL::OnSpeedLimitChange({this=00003E0C02356D40}, {new_limit=77})
[21808:31996:0716/135525.153:VERBOSE1:media_stream_manager.cc(1533)] MSPL::OnSpeedLimitChange({this=00003E0C02356D40}, {new_limit=78})
[21808:31996:0716/135526.158:VERBOSE1:media_stream_manager.cc(1533)] MSPL::OnSpeedLimitChange({this=00003E0C02356D40}, {new_limit=77})
[21808:31996:0716/135529.157:VERBOSE1:media_stream_manager.cc(1533)] MSPL::OnSpeedLimitChange({this=00003E0C02356D40}, {new_limit=76})
[21808:31996:0716/135530.156:VERBOSE1:media_stream_manager.cc(1533)] MSPL::OnSpeedLimitChange({this=00003E0C02356D40}, {new_limit=75})
[21808:31996:0716/135532.225:VERBOSE1:media_stream_manager.cc(1533)] MSPL::OnSpeedLimitChange({this=00003E0C02356D40}, {new_limit=100})
[21808:7348:0716/151319.803:VERBOSE1:device_event_log_impl.cc(198)] [15:13:19.803] Display: EVENT: screen_win.cc:893 Displays updated, count: 1
[21808:7348:0716/151319.803:VERBOSE1:device_event_log_impl.cc(198)] [15:13:19.804] Display: EVENT: screen_win.cc:895 Display[3532872840] bounds=[0,0 1280x800], workarea=[0,0 1280x752], scale=1.5, rotation=0, panel_rotation=0 external detected
[21808:7348:0716/151352.216:VERBOSE1:device_event_log_impl.cc(198)] [15:13:52.216] Display: EVENT: screen_win.cc:893 Displays updated, count: 1
[21808:7348:0716/151352.216:VERBOSE1:device_event_log_impl.cc(198)] [15:13:52.217] Display: EVENT: screen_win.cc:895 Display[3532872840] bounds=[0,0 1280x800], workarea=[0,0 1280x752], scale=1.5, rotation=0, panel_rotation=0 external detected
[21808:31996:0716/151408.791:VERBOSE1:media_stream_manager.cc(1533)] MSPL::OnSpeedLimitChange({this=00003E0C02356D40}, {new_limit=82})
[21808:31996:0716/151409.790:VERBOSE1:media_stream_manager.cc(1533)] MSPL::OnSpeedLimitChange({this=00003E0C02356D40}, {new_limit=100})
[21808:7348:0716/151529.609:VERBOSE1:device_event_log_impl.cc(198)] [15:15:29.609] Display: EVENT: screen_win.cc:893 Displays updated, count: 1
[21808:7348:0716/151529.609:VERBOSE1:device_event_log_impl.cc(198)] [15:15:29.609] Display: EVENT: screen_win.cc:895 Display[3532872840] bounds=[0,0 1280x800], workarea=[0,0 1280x752], scale=1.5, rotation=0, panel_rotation=0 external detected
[21808:31996:0716/151540.710:VERBOSE1:media_stream_manager.cc(1533)] MSPL::OnSpeedLimitChange({this=00003E0C02356D40}, {new_limit=83})
[21808:31996:0716/151541.721:VERBOSE1:media_stream_manager.cc(1533)] MSPL::OnSpeedLimitChange({this=00003E0C02356D40}, {new_limit=82})
[21808:31996:0716/151542.731:VERBOSE1:media_stream_manager.cc(1533)] MSPL::OnSpeedLimitChange({this=00003E0C02356D40}, {new_limit=81})
[21808:31996:0716/151544.731:VERBOSE1:media_stream_manager.cc(1533)] MSPL::OnSpeedLimitChange({this=00003E0C02356D40}, {new_limit=80})
[21808:31996:0716/151545.901:VERBOSE1:media_stream_manager.cc(1533)] MSPL::OnSpeedLimitChange({this=00003E0C02356D40}, {new_limit=79})
[21808:31996:0716/151546.901:VERBOSE1:media_stream_manager.cc(1533)] MSPL::OnSpeedLimitChange({this=00003E0C02356D40}, {new_limit=100})
[21808:7348:0716/151552.053:VERBOSE1:device_event_log_impl.cc(198)] [15:15:52.053] Display: EVENT: screen_win.cc:893 Displays updated, count: 1
[21808:7348:0716/151552.053:VERBOSE1:device_event_log_impl.cc(198)] [15:15:52.053] Display: EVENT: screen_win.cc:895 Display[3532872840] bounds=[0,0 1280x800], workarea=[0,0 1280x752], scale=1.5, rotation=0, panel_rotation=0 external detected
[21808:7348:0716/151627.403:VERBOSE1:device_event_log_impl.cc(198)] [15:16:27.404] Display: EVENT: screen_win.cc:893 Displays updated, count: 1
[21808:7348:0716/151627.405:VERBOSE1:device_event_log_impl.cc(198)] [15:16:27.404] Display: EVENT: screen_win.cc:895 Display[3532872840] bounds=[0,0 1280x800], workarea=[0,0 1280x752], scale=1.5, rotation=0, panel_rotation=0 external detected
[21808:7348:0716/151645.968:VERBOSE1:device_event_log_impl.cc(198)] [15:16:45.968] Display: EVENT: screen_win.cc:893 Displays updated, count: 1
[21808:7348:0716/151645.968:VERBOSE1:device_event_log_impl.cc(198)] [15:16:45.968] Display: EVENT: screen_win.cc:895 Display[3532872840] bounds=[0,0 1280x800], workarea=[0,0 1280x752], scale=1.5, rotation=0, panel_rotation=0 external detected
[21808:31996:0716/151707.782:VERBOSE1:media_stream_manager.cc(1533)] MSPL::OnSpeedLimitChange({this=00003E0C02356D40}, {new_limit=82})
[21808:31996:0716/151709.784:VERBOSE1:media_stream_manager.cc(1533)] MSPL::OnSpeedLimitChange({this=00003E0C02356D40}, {new_limit=83})
[21808:31996:0716/151711.793:VERBOSE1:media_stream_manager.cc(1533)] MSPL::OnSpeedLimitChange({this=00003E0C02356D40}, {new_limit=100})
[21808:7348:0716/151755.539:VERBOSE1:device_event_log_impl.cc(198)] [15:17:55.539] Display: EVENT: screen_win.cc:893 Displays updated, count: 1
[21808:7348:0716/151755.539:VERBOSE1:device_event_log_impl.cc(198)] [15:17:55.540] Display: EVENT: screen_win.cc:895 Display[3532872840] bounds=[0,0 1280x800], workarea=[0,0 1280x752], scale=1.5, rotation=0, panel_rotation=0 external detected
[21808:31996:0716/151804.820:VERBOSE1:media_stream_manager.cc(1533)] MSPL::OnSpeedLimitChange({this=00003E0C02356D40}, {new_limit=79})
[21808:31996:0716/151805.822:VERBOSE1:media_stream_manager.cc(1533)] MSPL::OnSpeedLimitChange({this=00003E0C02356D40}, {new_limit=77})
[21808:31996:0716/151806.829:VERBOSE1:media_stream_manager.cc(1533)] MSPL::OnSpeedLimitChange({this=00003E0C02356D40}, {new_limit=78})
[21808:31996:0716/151807.824:VERBOSE1:media_stream_manager.cc(1533)] MSPL::OnSpeedLimitChange({this=00003E0C02356D40}, {new_limit=100})
[21808:31996:0716/151817.862:VERBOSE1:media_stream_manager.cc(1533)] MSPL::OnSpeedLimitChange({this=00003E0C02356D40}, {new_limit=80})
[21808:31996:0716/151819.862:VERBOSE1:media_stream_manager.cc(1533)] MSPL::OnSpeedLimitChange({this=00003E0C02356D40}, {new_limit=78})
[21808:31996:0716/151820.835:VERBOSE1:media_stream_manager.cc(1533)] MSPL::OnSpeedLimitChange({this=00003E0C02356D40}, {new_limit=79})
[21808:31996:0716/151821.854:VERBOSE1:media_stream_manager.cc(1533)] MSPL::OnSpeedLimitChange({this=00003E0C02356D40}, {new_limit=78})
[21808:31996:0716/151824.836:VERBOSE1:media_stream_manager.cc(1533)] MSPL::OnSpeedLimitChange({this=00003E0C02356D40}, {new_limit=76})
[21808:31996:0716/151826.864:VERBOSE1:media_stream_manager.cc(1533)] MSPL::OnSpeedLimitChange({this=00003E0C02356D40}, {new_limit=78})
[21808:31996:0716/151829.058:VERBOSE1:media_stream_manager.cc(1533)] MSPL::OnSpeedLimitChange({this=00003E0C02356D40}, {new_limit=76})
[21808:31996:0716/151830.057:VERBOSE1:media_stream_manager.cc(1533)] MSPL::OnSpeedLimitChange({this=00003E0C02356D40}, {new_limit=100})
[21808:7348:0716/151834.611:VERBOSE1:device_event_log_impl.cc(198)] [15:18:34.610] Display: EVENT: screen_win.cc:893 Displays updated, count: 1
[21808:7348:0716/151834.611:VERBOSE1:device_event_log_impl.cc(198)] [15:18:34.610] Display: EVENT: screen_win.cc:895 Display[3532872840] bounds=[0,0 1280x800], workarea=[0,0 1280x752], scale=1.5, rotation=0, panel_rotation=0 external detected
[21808:7348:0716/151937.715:VERBOSE1:device_event_log_impl.cc(198)] [15:19:37.716] Display: EVENT: screen_win.cc:893 Displays updated, count: 1
[21808:7348:0716/151937.715:VERBOSE1:device_event_log_impl.cc(198)] [15:19:37.717] Display: EVENT: screen_win.cc:895 Display[3532872840] bounds=[0,0 1280x800], workarea=[0,0 1280x752], scale=1.5, rotation=0, panel_rotation=0 external detected
[21808:7348:0716/152143.110:VERBOSE1:device_event_log_impl.cc(198)] [15:21:43.110] Display: EVENT: screen_win.cc:893 Displays updated, count: 1
[21808:7348:0716/152143.111:VERBOSE1:device_event_log_impl.cc(198)] [15:21:43.110] Display: EVENT: screen_win.cc:895 Display[3532872840] bounds=[0,0 1280x800], workarea=[0,0 1280x752], scale=1.5, rotation=0, panel_rotation=0 external detected
[21808:7348:0716/152156.806:VERBOSE1:frame_host_impl.cc(515)] frame 6-5C2292BB4ECD2AA8E6086CDD304E4B28 (sub) detached (reason=RENDER_FRAME_DELETED, is_connected=1)
[21808:7348:0716/152156.819:VERBOSE1:frame_host_impl.cc(515)] frame 6-6A896EA76C71AA7FC76AFBE08403E168 (main) detached (reason=NEW_MAIN_FRAME, is_connected=1)
[15832:11724:0716/152156.821:VERBOSE1:dispatcher.cc(596)] Num tracked contexts: 1
[15832:11724:0716/152156.821:VERBOSE1:frame_impl.cc(620)] frame 6-5C2292BB4ECD2AA8E6086CDD304E4B28 disconnected (reason=DETACHED, current_state=CONNECTION_ACKED, FRAME_INVALID)
[15832:11724:0716/152156.824:VERBOSE1:frame_impl.cc(620)] frame 6-6A896EA76C71AA7FC76AFBE08403E168 disconnected (reason=BROWSER_FRAME_DISCONNECT, current_state=CONNECTION_ACKED)
[15832:11724:0716/152156.824:VERBOSE1:frame_impl.cc(633)] frame 6-6A896EA76C71AA7FC76AFBE08403E168 connection retry scheduled
[15832:11724:0716/152156.827:VERBOSE1:script_context.cc(164)] Destroyed context for extension
  extension id: 
  effective extension id: 
[15832:11724:0716/152156.827:VERBOSE1:script_context.cc(164)] Destroyed context for extension
  extension id: 
  effective extension id: 
[21808:7348:0716/152156.859:VERBOSE1:account_reconcilor.cc(264)] AccountReconcilor::Shutdown
[21808:7348:0716/152156.859:VERBOSE1:account_reconcilor.cc(718)] AccountReconcilor::AbortReconcile: try again later
[21808:7348:0716/152156.860:VERBOSE1:account_reconcilor.cc(827)] AccountReconcilor::CalculateIfMultiloginReconcileIsDone: Error was 
[21808:7348:0716/152156.860:VERBOSE1:account_reconcilor.cc(313)] AccountReconcilor::UnregisterWithIdentityManager
[21808:7348:0716/152156.860:VERBOSE1:account_reconcilor.cc(286)] AccountReconcilor::UnregisterWithContentSettings
[21808:7348:0716/152156.861:VERBOSE1:gaia_cookie_manager_service.cc(628)] GaiaCookieManagerService::CancelAll
[21808:7348:0716/152156.861:VERBOSE1:mutable_profile_oauth2_token_service_delegate.cc(752)] MutablePO2TS::Shutdown
[21808:7348:0716/152156.861:VERBOSE1:mutable_profile_oauth2_token_service_delegate.cc(235)] MutablePO2TS::~MutablePO2TS
[21808:7348:0716/152156.863:VERBOSE1:device_event_log_impl.cc(198)] [15:21:56.863] Bluetooth: EVENT: bluetooth_api.cc:109 BluetoothAPI: Shutdown
[21808:7348:0716/152156.885:VERBOSE1:account_reconcilor.cc(193)] AccountReconcilor::~AccountReconcilor
[21808:7348:0716/152156.891:VERBOSE1:device_event_log_impl.cc(198)] [15:21:56.890] Bluetooth: EVENT: bluetooth_api.cc:95 ~BluetoothAPI: 00003E0C0251DA00
[21808:7348:0716/152157.026:VERBOSE1:component_updater_service.cc(180)] CrxUpdateService stopping
[21808:7348:0716/152157.027:WARNING:pref_notifier_impl.cc(41)] Pref observer for media_router.cast_allow_all_ips found at shutdown.
[21808:7348:0716/152157.058:VERBOSE1:statistics_recorder.cc(607)] Collections of all histograms
Histogram: API.StorageAccess.AllowedRequests2 recorded 119 samples, mean = 0.1 (flags = 0x41)
0  ------------------------------------------------------------------------O (110 = 92.4%)
1  ------O                                                                   (9 = 7.6%) {92.4%}
2  ... 

Histogram: API.StorageAccess.DocumentInheritedStorageAccess recorded 7 samples, mean = 0.0 (flags = 0x41)
0  -------O                                                                  (7 = 100.0%)
1  ... 

Histogram: API.StorageAccess.DocumentLoadedWithStorageAccess recorded 7 samples, mean = 0.0 (flags = 0x41)
0  -------O                                                                  (7 = 100.0%)
1  ... 

Histogram: Accessibility.CaptionSettingsLoadedFromSystemSettings recorded 1 samples, mean = 1.0 (flags = 0x41)
0  O                                                                         (0 = 0.0%)
1  -O                                                                        (1 = 100.0%) {0.0%}
2  O                                                                         (0 = 0.0%) {100.0%}

Histogram: Accessibility.ImageLabels2 recorded 1 samples, mean = 0.0 (flags = 0x41)
0  -O                                                                        (1 = 100.0%)
1  ... 

Histogram: Accessibility.LiveCaption.FeatureEnabled2 recorded 1 samples, mean = 1.0 (flags = 0x41)
0  O                                                                         (0 = 0.0%)
1  -O                                                                        (1 = 100.0%) {0.0%}
2  O                                                                         (0 = 0.0%) {100.0%}

Histogram: Accessibility.LiveCaption2 recorded 1 samples, mean = 0.0 (flags = 0x41)
0  -O                                                                        (1 = 100.0%)
1  ... 

Histogram: Accessibility.ManuallyEnabled recorded 1 samples, mean = 0.0 (flags = 0x41)
0  -O                                                                        (1 = 100.0%)
1  ... 

Histogram: Accessibility.WinJAWS recorded 1 samples, mean = 0.0 (flags = 0x41)
0  -O                                                                        (1 = 100.0%)
1  ... 

Histogram: Accessibility.WinNVDA recorded 1 samples, mean = 0.0 (flags = 0x41)
0  -O                                                                        (1 = 100.0%)
1  ... 

Histogram: Accessibility.WinSAToGo recorded 1 samples, mean = 0.0 (flags = 0x41)
0  -O                                                                        (1 = 100.0%)
1  ... 

Histogram: Accessibility.WinScreenReader2 recorded 1 samples, mean = 0.0 (flags = 0x41)
0  -O                                                                        (1 = 100.0%)
1  ... 

Histogram: Accessibility.WinStickyKeys recorded 1 samples, mean = 0.0 (flags = 0x41)
0  -O                                                                        (1 = 100.0%)
1  ... 

Histogram: Accessibility.WinSupernova recorded 1 samples, mean = 0.0 (flags = 0x41)
0  -O                                                                        (1 = 100.0%)
1  ... 

Histogram: Accessibility.WinZoomText recorded 1 samples, mean = 0.0 (flags = 0x41)
0  -O                                                                        (1 = 100.0%)
1  ... 

Histogram: AppBanners.InstallableStatusCode recorded 1 samples (flags = 0x41)
8  -O                                                                        (1 = 100.0%)

Histogram: Apps.PreferredApps.EntryCount recorded 1 samples, mean = 0.0 (flags = 0x41)
0  -O                                                                        (1 = 100.0%)
1  ... 

Histogram: Autofill.Address.IsEnabled.PageLoad recorded 1 samples, mean = 1.0 (flags = 0x41)
0  O                                                                         (0 = 0.0%)
1  -O                                                                        (1 = 100.0%) {0.0%}
2  O                                                                         (0 = 0.0%) {100.0%}

Histogram: Autofill.Address.IsEnabled.PageLoad.SignedOut recorded 1 samples, mean = 1.0 (flags = 0x41)
0  O                                                                         (0 = 0.0%)
1  -O                                                                        (1 = 100.0%) {0.0%}
2  O                                                                         (0 = 0.0%) {100.0%}

Histogram: Autofill.Address.IsEnabled.Startup recorded 1 samples, mean = 1.0 (flags = 0x41)
0  O                                                                         (0 = 0.0%)
1  -O                                                                        (1 = 100.0%) {0.0%}
2  O                                                                         (0 = 0.0%) {100.0%}

Histogram: Autofill.CreditCard.IsEnabled.PageLoad recorded 1 samples, mean = 1.0 (flags = 0x41)
0  O                                                                         (0 = 0.0%)
1  -O                                                                        (1 = 100.0%) {0.0%}
2  O                                                                         (0 = 0.0%) {100.0%}

Histogram: Autofill.CreditCard.IsEnabled.PageLoad.SignedOut recorded 1 samples, mean = 1.0 (flags = 0x41)
0  O                                                                         (0 = 0.0%)
1  -O                                                                        (1 = 100.0%) {0.0%}
2  O                                                                         (0 = 0.0%) {100.0%}

Histogram: Autofill.CreditCard.IsEnabled.Startup recorded 1 samples, mean = 1.0 (flags = 0x41)
0  O                                                                         (0 = 0.0%)
1  -O                                                                        (1 = 100.0%) {0.0%}
2  O                                                                         (0 = 0.0%) {100.0%}

Histogram: Autofill.DOMContentLoadedInOutermostMainFrame recorded 3 samples, mean = 0.3 (flags = 0x41)
0  --O                                                                       (2 = 66.7%)
1  -O                                                                        (1 = 33.3%) {66.7%}
2  O                                                                         (0 = 0.0%) {100.0%}

Histogram: Autofill.ExtractFormUnowned.FieldCount recorded 4 samples, mean = 0.0 (flags = 0x41)
0  ----O                                                                     (4 = 100.0%)
1  ... 

Histogram: Autofill.FormForest.GetBrowserFormOfRendererForm.Duration recorded 1 samples, mean = 0.0 (flags = 0x41)
0  -O                                                                        (1 = 100.0%)
1  ... 

Histogram: Autofill.FormForest.UpdateTreeOfRendererForm.Duration recorded 1 samples, mean = 21.0 (flags = 0x41)
0   ... 
21  -O                                                                        (1 = 100.0%) {0.0%}
28  ... 

Histogram: Autofill.FormForest.UpdateTreeOfRendererForm.Visits recorded 1 samples, mean = 2.0 (flags = 0x41)
0  ... 
2  -O                                                                        (1 = 100.0%) {0.0%}
3  ... 

Histogram: Autofill.Funnel.ParsedAsType.Address recorded 6 samples, mean = 0.0 (flags = 0x41)
0  ------O                                                                   (6 = 100.0%)
1  ... 

Histogram: Autofill.Funnel.ParsedAsType.CreditCard recorded 6 samples, mean = 0.0 (flags = 0x41)
0  ------O                                                                   (6 = 100.0%)
1  ... 

Histogram: Autofill.Funnel.ParsedAsType.VirtualCard.StandaloneCvc recorded 6 samples, mean = 0.0 (flags = 0x41)
0  ------O                                                                   (6 = 100.0%)
1  ... 

Histogram: Autofill.IsEnabled.PageLoad recorded 1 samples, mean = 1.0 (flags = 0x41)
0  O                                                                         (0 = 0.0%)
1  -O                                                                        (1 = 100.0%) {0.0%}
2  O                                                                         (0 = 0.0%) {100.0%}

Histogram: Autofill.IsEnabled.PageLoad.SignedOut recorded 1 samples, mean = 1.0 (flags = 0x41)
0  O                                                                         (0 = 0.0%)
1  -O                                                                        (1 = 100.0%) {0.0%}
2  O                                                                         (0 = 0.0%) {100.0%}

Histogram: Autofill.IsEnabled.Startup recorded 1 samples, mean = 1.0 (flags = 0x41)
0  O                                                                         (0 = 0.0%)
1  -O                                                                        (1 = 100.0%) {0.0%}
2  O                                                                         (0 = 0.0%) {100.0%}

Histogram: Autofill.Leipzig.Duplication.NumberOfLocalSupersetProfilesOnStartup recorded 1 samples, mean = 0.0 (flags = 0x41)
0  -O                                                                        (1 = 100.0%)
1  ... 

Histogram: Autofill.NumberOfDriversPerFactory recorded 1 samples, mean = 3.0 (flags = 0x41)
0  ... 
3  -O                                                                        (1 = 100.0%) {0.0%}
4  ... 

Histogram: Autofill.Offer.StoredOfferCount2.CardLinkedOffer recorded 1 samples, mean = 0.0 (flags = 0x41)
0  -O                                                                        (1 = 100.0%)
1  ... 

Histogram: Autofill.Offer.StoredOfferCount2.GPayPromoCodeOffer recorded 1 samples, mean = 0.0 (flags = 0x41)
0  -O                                                                        (1 = 100.0%)
1  ... 

Histogram: Autofill.PaymentMethods.CvcStorageIsEnabled.Startup recorded 1 samples, mean = 0.0 (flags = 0x41)
0  -O                                                                        (1 = 100.0%)
1  ... 

Histogram: Autofill.StoredCreditCardCount recorded 1 samples, mean = 0.0 (flags = 0x41)
0  -O                                                                        (1 = 100.0%)
1  ... 

Histogram: Autofill.StoredCreditCardCount.Local recorded 1 samples, mean = 0.0 (flags = 0x41)
0  -O                                                                        (1 = 100.0%)
1  ... 

Histogram: Autofill.StoredCreditCardCount.Local.WithInvalidCardNumber recorded 1 samples, mean = 0.0 (flags = 0x41)
0  -O                                                                        (1 = 100.0%)
1  ... 

Histogram: Autofill.StoredCreditCardCount.Local.WithNickname recorded 1 samples, mean = 0.0 (flags = 0x41)
0  -O                                                                        (1 = 100.0%)
1  ... 

Histogram: Autofill.StoredCreditCardCount.Server recorded 1 samples, mean = 0.0 (flags = 0x41)
0  -O                                                                        (1 = 100.0%)
1  ... 

Histogram: Autofill.StoredCreditCardCount.Server.Masked recorded 1 samples, mean = 0.0 (flags = 0x41)
0  -O                                                                        (1 = 100.0%)
1  ... 

Histogram: Autofill.StoredCreditCardCount.Server.Masked.WithNickname recorded 1 samples, mean = 0.0 (flags = 0x41)
0  -O                                                                        (1 = 100.0%)
1  ... 

Histogram: Autofill.StoredCreditCardCount.Server.Unmasked recorded 1 samples, mean = 0.0 (flags = 0x41)
0  -O                                                                        (1 = 100.0%)
1  ... 

Histogram: Autofill.StoredCreditCardCount.Server.WithCardArtImage recorded 1 samples, mean = 0.0 (flags = 0x41)
0  -O                                                                        (1 = 100.0%)
1  ... 

Histogram: Autofill.StoredCreditCardCount.Server.WithVirtualCardMetadata recorded 1 samples, mean = 0.0 (flags = 0x41)
0  -O                                                                        (1 = 100.0%)
1  ... 

Histogram: Autofill.StoredIbanCount recorded 1 samples, mean = 0.0 (flags = 0x41)
0  -O                                                                        (1 = 100.0%)
1  ... 

Histogram: Autofill.StoredProfileCount.AccountChrome recorded 1 samples, mean = 0.0 (flags = 0x41)
0  -O                                                                        (1 = 100.0%)
1  ... 

Histogram: Autofill.StoredProfileCount.AccountNonChrome recorded 1 samples, mean = 0.0 (flags = 0x41)
0  -O                                                                        (1 = 100.0%)
1  ... 

Histogram: Autofill.StoredProfileCount.Legacy recorded 1 samples, mean = 0.0 (flags = 0x41)
0  -O                                                                        (1 = 100.0%)
1  ... 

Histogram: Autofill.StoredProfileCount.Total recorded 1 samples, mean = 0.0 (flags = 0x41)
0  -O                                                                        (1 = 100.0%)
1  ... 

Histogram: Autofill.StrikeDatabase.StrikeDatabaseInitFailed recorded 4 samples, mean = 1.5 (flags = 0x41)
0  -O                                                                        (1 = 25.0%)
1  -O                                                                        (1 = 25.0%) {25.0%}
2  -O                                                                        (1 = 25.0%) {50.0%}
3  -O                                                                        (1 = 25.0%) {75.0%}
4  ... 

Histogram: Autofill.SubmissionDetectionSource.FormTracker recorded 2 samples, mean = 3.0 (flags = 0x41)
0  ... 
3  --O                                                                       (2 = 100.0%) {0.0%}
4  ... 

Histogram: Autofill.Timing.ParseFormsAsync recorded 1 samples, mean = 0.0 (flags = 0x41)
0  -O                                                                        (1 = 100.0%)
1  ... 

Histogram: Autofill.Timing.ParseFormsAsync.RunHeuristics recorded 1 samples, mean = 0.0 (flags = 0x41)
0  -O                                                                        (1 = 100.0%)
1  ... 

Histogram: Autofill.Timing.ParseFormsAsync.UpdateCache recorded 1 samples, mean = 0.0 (flags = 0x41)
0  -O                                                                        (1 = 100.0%)
1  ... 

Histogram: Autofill.TimingInterval.ExtractFormData.GetFormDataFromUnownedInputElements.AutofillAgentReset recorded 2 samples, mean = 2493613.5 (flags = 0x41)
0        ... 
1823911  -O                                                                        (1 = 50.0%) {0.0%}
2129046  ... 
2901002  -O                                                                        (1 = 50.0%) {50.0%}
3386332  ... 

Histogram: Autofill.TimingInterval.ExtractFormData.GetFormDataFromUnownedInputElements.DOMContentLoaded recorded 2 samples, mean = 1074311680.0 (flags = 0x41)
0         ... 
982376    -O                                                                        (1 = 50.0%) {0.0%}
1146725   ... 
10000000  -O                                                                        (1 = 50.0%) {50.0%}

Histogram: Autofill.TimingInterval.ExtractFormData.UpdateFormCache.AutofillAgentReset recorded 4 samples, mean = 1246864.8 (flags = 0x41)
0        ... 
68       -O                                                                        (1 = 25.0%) {0.0%}
79       ... 
107      -O                                                                        (1 = 25.0%) {25.0%}
125      ... 
1823911  -O                                                                        (1 = 25.0%) {50.0%}
2129046  ... 
2901002  -O                                                                        (1 = 25.0%) {75.0%}
3386332  ... 

Histogram: Autofill.TimingInterval.ExtractFormData.UpdateFormCache.DOMContentLoaded recorded 4 samples, mean = 284932.0 (flags = 0x41)
0       ... 
8       -O                                                                        (1 = 25.0%) {0.0%}
9       O                                                                         (0 = 0.0%) {25.0%}
11      -O                                                                        (1 = 25.0%) {25.0%}
13      ... 
43      -O                                                                        (1 = 25.0%) {50.0%}
50      ... 
982376  -O                                                                        (1 = 25.0%) {75.0%}
1146725 ... 

Histogram: Autofill.TimingInterval.UpdateFormCache.UpdateFormCache.AutofillAgentReset recorded 4 samples, mean = 1246889.5 (flags = 0x41)
0        ... 
79       -O                                                                        (1 = 25.0%) {0.0%}
92       ... 
146      -O                                                                        (1 = 25.0%) {25.0%}
170      ... 
1823911  -O                                                                        (1 = 25.0%) {50.0%}
2129046  ... 
2901002  -O                                                                        (1 = 25.0%) {75.0%}
3386332  ... 

Histogram: Autofill.TimingInterval.UpdateFormCache.UpdateFormCache.DOMContentLoaded recorded 4 samples, mean = 284956.8 (flags = 0x41)
0       ... 
17      -O                                                                        (1 = 25.0%) {0.0%}
20      ... 
37      -O                                                                        (1 = 25.0%) {25.0%}
43      ... 
79      -O                                                                        (1 = 25.0%) {50.0%}
92      ... 
982376  -O                                                                        (1 = 25.0%) {75.0%}
1146725 ... 

Histogram: Autofill.TimingPrecise.ExtractFormData recorded 6 samples, mean = 40.5 (flags = 0x41)
0    ... 
4    -O                                                                        (1 = 16.7%) {0.0%}
5    -O                                                                        (1 = 16.7%) {16.7%}
6    ... 
10   -O                                                                        (1 = 16.7%) {33.3%}
11   ... 
36   -O                                                                        (1 = 16.7%) {50.0%}
41   ... 
68   -O                                                                        (1 = 16.7%) {66.7%}
77   ... 
114  -O                                                                        (1 = 16.7%) {83.3%}
130  ... 

Histogram: Autofill.TimingPrecise.ExtractFormData.GetFormDataFromUnownedInputElements recorded 2 samples, mean = 59.0 (flags = 0x41)
0    ... 
4    -O                                                                        (1 = 50.0%) {0.0%}
5    ... 
114  -O                                                                        (1 = 50.0%) {50.0%}
130  ... 

Histogram: Autofill.TimingPrecise.ExtractFormData.UpdateFormCache recorded 4 samples, mean = 31.2 (flags = 0x41)
0   ... 
5   -O                                                                        (1 = 25.0%) {0.0%}
6   ... 
10  -O                                                                        (1 = 25.0%) {25.0%}
11  ... 
36  -O                                                                        (1 = 25.0%) {50.0%}
41  ... 
68  -O                                                                        (1 = 25.0%) {75.0%}
77  ... 

Histogram: Autofill.TimingPrecise.InferLabelForElement recorded 6 samples, mean = 0.2 (flags = 0x41)
0  -----O                                                                    (5 = 83.3%)
1  -O                                                                        (1 = 16.7%) {83.3%}
2  ... 

Histogram: Autofill.TimingPrecise.UpdateFormCache recorded 4 samples, mean = 61.5 (flags = 0x41)
0    ... 
17   -O                                                                        (1 = 25.0%) {0.0%}
19   ... 
36   -O                                                                        (1 = 25.0%) {25.0%}
41   ... 
77   -O                                                                        (1 = 25.0%) {50.0%}
88   O                                                                         (0 = 0.0%) {75.0%}
100  -O                                                                        (1 = 25.0%) {75.0%}
114  ... 

Histogram: Autofill.TimingPrecise.UpdateFormCache.UpdateFormCache recorded 4 samples, mean = 61.5 (flags = 0x41)
0    ... 
17   -O                                                                        (1 = 25.0%) {0.0%}
19   ... 
36   -O                                                                        (1 = 25.0%) {25.0%}
41   ... 
77   -O                                                                        (1 = 25.0%) {50.0%}
88   O                                                                         (0 = 0.0%) {75.0%}
100  -O                                                                        (1 = 25.0%) {75.0%}
114  ... 

Histogram: Autofill.VirtualCardUsageData.StoredUsageDataCount recorded 1 samples, mean = 0.0 (flags = 0x41)
0  -O                                                                        (1 = 100.0%)
1  ... 

Histogram: Blink.CSSStyleSheetResource.ParseTime recorded 7 samples, mean = 1671.3 (flags = 0x41)
0     ... 
105   -O                                                                        (1 = 14.3%) {0.0%}
146   O                                                                         (0 = 0.0%) {14.3%}
203   -O                                                                        (1 = 14.3%) {14.3%}
282   -O                                                                        (1 = 14.3%) {28.6%}
391   -O                                                                        (1 = 14.3%) {42.9%}
542   ... 
1043  --O                                                                       (2 = 28.6%) {57.1%}
1447  ... 
7439  -O                                                                        (1 = 14.3%) {85.7%}
10321 ... 

Histogram: Blink.CommitDocumentLoaderTime recorded 7 samples, mean = 2.6 (flags = 0x41)
0   --O                                                                       (2 = 28.6%)
1   -O                                                                        (1 = 14.3%) {28.6%}
2   ---O                                                                      (3 = 42.9%) {42.9%}
3   ... 
10  -O                                                                        (1 = 14.3%) {85.7%}
12  ... 

Histogram: Blink.CookiesTime recorded 21 samples, mean = 23.5 (flags = 0x41)
0    --------------------O                                                     (20 = 95.2%)
1    ... 
449  -O                                                                        (1 = 4.8%) {95.2%}
533  ... 

Histogram: Blink.CullRect.UpdateTime recorded 18 samples, mean = 7.9 (flags = 0x41)
0   O                                                                         (0 = 0.0%)
1   -----O                                                                    (5 = 27.8%) {0.0%}
2   --O                                                                       (2 = 11.1%) {27.8%}
3   --O                                                                       (2 = 11.1%) {38.9%}
4   O                                                                         (0 = 0.0%) {50.0%}
6   -O                                                                        (1 = 5.6%) {50.0%}
8   --O                                                                       (2 = 11.1%) {55.6%}
11  ---O                                                                      (3 = 16.7%) {66.7%}
15  O                                                                         (0 = 0.0%) {83.3%}
21  ---O                                                                      (3 = 16.7%) {83.3%}
29  ... 

Histogram: Blink.DocumentLoader.CommitNavigationToStartLoadingResponse.Time.OutermostMainFrame.NewNavigation.IsHTTPOrHTTPS recorded 1 samples, mean = 1.0 (flags = 0x41)
0  O                                                                         (0 = 0.0%)
1  -O                                                                        (1 = 100.0%) {0.0%}
2  ... 

Histogram: Blink.DocumentLoader.CreateParserPostCommit.Time.OutermostMainFrame.NewNavigation.IsHTTPOrHTTPS recorded 1 samples, mean = 9.0 (flags = 0x41)
0  ... 
8  -O                                                                        (1 = 100.0%) {0.0%}
10 ... 

Histogram: Blink.EffectiveZoom recorded 17 samples (flags = 0x41)
150  -----------------O                                                        (17 = 100.0%)

Histogram: Blink.Experimental.Cookies.CacheLookupResult2 recorded 21 samples, mean = 0.9 (flags = 0x41)
0  --O                                                                       (2 = 9.5%)
1  -------------------O                                                      (19 = 90.5%) {9.5%}
2  ... 

Histogram: Blink.Experimental.Cookies.FirstCookieRequest recorded 2 samples, mean = 1.0 (flags = 0x41)
0  O                                                                         (0 = 0.0%)
1  --O                                                                       (2 = 100.0%) {0.0%}
2  ... 

Histogram: Blink.Fetch.RequestResourceTime2 recorded 125 samples, mean = 232.8 (flags = 0x41)
0      ... 
11     --------O                                                                 (8 = 6.4%) {0.0%}
15     --------------------O                                                     (20 = 16.0%) {6.4%}
21     ----------------------O                                                   (22 = 17.6%) {22.4%}
29     ------------------O                                                       (18 = 14.4%) {40.0%}
40     ---------O                                                                (9 = 7.2%) {54.4%}
55     ---------O                                                                (9 = 7.2%) {61.6%}
76     ---------O                                                                (9 = 7.2%) {68.8%}
105    ----O                                                                     (4 = 3.2%) {76.0%}
146    ------O                                                                   (6 = 4.8%) {79.2%}
203    ---O                                                                      (3 = 2.4%) {84.0%}
282    ---------O                                                                (9 = 7.2%) {86.4%}
391    ---O                                                                      (3 = 2.4%) {93.6%}
542    --O                                                                       (2 = 1.6%) {96.0%}
752    -O                                                                        (1 = 0.8%) {97.6%}
1043   -O                                                                        (1 = 0.8%) {98.4%}
1447   ... 
14319  -O                                                                        (1 = 0.8%) {99.2%}
19866  ... 

Histogram: Blink.Fetch.RequestResourceTime2.Preload recorded 39 samples, mean = 100.7 (flags = 0x41)
0    ... 
15   ------O                                                                   (6 = 15.4%) {0.0%}
21   ----------O                                                               (10 = 25.6%) {15.4%}
29   -------O                                                                  (7 = 17.9%) {41.0%}
40   ----O                                                                     (4 = 10.3%) {59.0%}
55   -O                                                                        (1 = 2.6%) {69.2%}
76   --O                                                                       (2 = 5.1%) {71.8%}
105  O                                                                         (0 = 0.0%) {76.9%}
146  -----O                                                                    (5 = 12.8%) {76.9%}
203  O                                                                         (0 = 0.0%) {89.7%}
282  --O                                                                       (2 = 5.1%) {89.7%}
391  -O                                                                        (1 = 2.6%) {94.9%}
542  O                                                                         (0 = 0.0%) {97.4%}
752  -O                                                                        (1 = 2.6%) {97.4%}
1043 ... 

Histogram: Blink.FetchQueuedPreloadsTime.MainFrame.Initial recorded 1 samples, mean = 1.0 (flags = 0x41)
0  O                                                                         (0 = 0.0%)
1  -O                                                                        (1 = 100.0%) {0.0%}
2  ... 

Histogram: Blink.Fonts.DecodeTime recorded 5 samples, mean = 6794.0 (flags = 0x41)
0      ... 
3865   ----O                                                                     (4 = 80.0%) {0.0%}
5362   ... 
14319  -O                                                                        (1 = 20.0%) {80.0%}
19866  ... 

Histogram: Blink.Fonts.VariableFontsRatio recorded 5 samples, mean = 1.2 (flags = 0x41)
0  O                                                                         (0 = 0.0%)
1  ----O                                                                     (4 = 80.0%) {0.0%}
2  -O                                                                        (1 = 20.0%) {80.0%}
3  ... 

Histogram: Blink.ForcedStyleAndLayout.UpdateTime.PreFCP recorded 2 samples, mean = 26.0 (flags = 0x41)
0   ... 
3   -O                                                                        (1 = 50.0%) {0.0%}
4   ... 
40  -O                                                                        (1 = 50.0%) {50.0%}
55  ... 

Histogram: Blink.HTMLFastPathParser.AbortedParseSize recorded 25 samples, mean = 1.7 (flags = 0x41)
0  ----O                                                                     (4 = 16.0%)
1  O                                                                         (0 = 0.0%) {16.0%}
2  ---------------------O                                                    (21 = 84.0%) {16.0%}
3  ... 

Histogram: Blink.HTMLFastPathParser.AbortedParseTime2 recorded 25 samples, mean = 4.5 (flags = 0x41)
0   -----------O                                                              (11 = 44.0%)
1   -------O                                                                  (7 = 28.0%) {44.0%}
2   ---O                                                                      (3 = 12.0%) {72.0%}
3   -O                                                                        (1 = 4.0%) {84.0%}
4   O                                                                         (0 = 0.0%) {88.0%}
5   --O                                                                       (2 = 8.0%) {88.0%}
6   ... 
86  -O                                                                        (1 = 4.0%) {96.0%}
93  ... 

Histogram: Blink.HTMLFastPathParser.ParseResult recorded 49 samples, mean = 8.0 (flags = 0x41)
0   ------------------------O                                                 (24 = 49.0%)
1   ... 
4   ----O                                                                     (4 = 8.2%) {49.0%}
5   ... 
18  ---------------------O                                                    (21 = 42.9%) {57.1%}
19  ... 

Histogram: Blink.HTMLFastPathParser.SuccessfulParseSize recorded 24 samples, mean = 309.8 (flags = 0x41)
0    ... 
146  ---O                                                                      (3 = 12.5%) {0.0%}
203  ---------O                                                                (9 = 37.5%) {12.5%}
282  ------O                                                                   (6 = 25.0%) {50.0%}
391  ------O                                                                   (6 = 25.0%) {75.0%}
542  ... 

Histogram: Blink.HTMLFastPathParser.SuccessfulParseTime2 recorded 24 samples, mean = 5.3 (flags = 0x41)
0   O                                                                         (0 = 0.0%)
1   -------O                                                                  (7 = 29.2%) {0.0%}
2   ---O                                                                      (3 = 12.5%) {29.2%}
3   ------O                                                                   (6 = 25.0%) {41.7%}
4   -O                                                                        (1 = 4.2%) {66.7%}
5   --O                                                                       (2 = 8.3%) {70.8%}
6   O                                                                         (0 = 0.0%) {79.2%}
7   --O                                                                       (2 = 8.3%) {79.2%}
8   O                                                                         (0 = 0.0%) {87.5%}
9   -O                                                                        (1 = 4.2%) {87.5%}
10  ... 
25  -O                                                                        (1 = 4.2%) {91.7%}
27  ... 
34  -O                                                                        (1 = 4.2%) {95.8%}
37  ... 

Histogram: Blink.HTMLFastPathParser.TotalParseTime2 recorded 49 samples, mean = 19.9 (flags = 0x41)
0    O                                                                         (0 = 0.0%)
1    --O                                                                       (2 = 4.1%) {0.0%}
2    -------O                                                                  (7 = 14.3%) {4.1%}
3    -----O                                                                    (5 = 10.2%) {18.4%}
4    --O                                                                       (2 = 4.1%) {28.6%}
5    -O                                                                        (1 = 2.0%) {32.7%}
6    ---O                                                                      (3 = 6.1%) {34.7%}
7    ----O                                                                     (4 = 8.2%) {40.8%}
8    -O                                                                        (1 = 2.0%) {49.0%}
9    ---O                                                                      (3 = 6.1%) {51.0%}
10   ----O                                                                     (4 = 8.2%) {57.1%}
11   O                                                                         (0 = 0.0%) {65.3%}
12   -O                                                                        (1 = 2.0%) {65.3%}
13   -O                                                                        (1 = 2.0%) {67.3%}
14   O                                                                         (0 = 0.0%) {69.4%}
15   -O                                                                        (1 = 2.0%) {69.4%}
16   ... 
18   -O                                                                        (1 = 2.0%) {71.4%}
19   O                                                                         (0 = 0.0%) {73.5%}
21   -O                                                                        (1 = 2.0%) {73.5%}
23   -O                                                                        (1 = 2.0%) {75.5%}
25   ---O                                                                      (3 = 6.1%) {77.6%}
27   ... 
31   -O                                                                        (1 = 2.0%) {83.7%}
34   ... 
40   --O                                                                       (2 = 4.1%) {85.7%}
43   ... 
50   -O                                                                        (1 = 2.0%) {89.8%}
54   O                                                                         (0 = 0.0%) {91.8%}
58   -O                                                                        (1 = 2.0%) {91.8%}
63   ... 
80   -O                                                                        (1 = 2.0%) {93.9%}
86   ... 
101  -O                                                                        (1 = 2.0%) {95.9%}
109  ... 
203  -O                                                                        (1 = 2.0%) {98.0%}
219  ... 

Histogram: Blink.HTMLParsing.ChunkCount4 recorded 1 samples, mean = 1.0 (flags = 0x41)
0  O                                                                         (0 = 0.0%)
1  -O                                                                        (1 = 100.0%) {0.0%}
2  ... 

Histogram: Blink.HTMLParsing.InputCharacterCount4 recorded 1 samples, mean = 158355.0 (flags = 0x41)
0       ... 
141691  -O                                                                        (1 = 100.0%) {0.0%}
196583  ... 

Histogram: Blink.HTMLParsing.ParsingTimeMax4 recorded 1 samples, mean = 3023.0 (flags = 0x41)
0     ... 
3015  -O                                                                        (1 = 100.0%) {0.0%}
3062  ... 

Histogram: Blink.HTMLParsing.ParsingTimeMin4 recorded 1 samples, mean = 3023.0 (flags = 0x41)
0     ... 
2898  -O                                                                        (1 = 100.0%) {0.0%}
3300  ... 

Histogram: Blink.HTMLParsing.ParsingTimeTotal4 recorded 1 samples, mean = 3023.0 (flags = 0x41)
0     ... 
3015  -O                                                                        (1 = 100.0%) {0.0%}
3062  ... 

Histogram: Blink.HTMLParsing.PreloadRequestCount recorded 1 samples, mean = 32.0 (flags = 0x41)
0   ... 
29  -O                                                                        (1 = 100.0%) {0.0%}
33  ... 

Histogram: Blink.HTMLParsing.TimeToDeferredPumpTokenizer4 recorded 1 samples, mean = 577.0 (flags = 0x41)
0    ... 
536  -O                                                                        (1 = 100.0%) {0.0%}
610  ... 

Histogram: Blink.HTMLParsing.TokensParsedAverage4 recorded 1 samples, mean = 126.0 (flags = 0x41)
0    ... 
113  -O                                                                        (1 = 100.0%) {0.0%}
149  ... 

Histogram: Blink.HTMLParsing.TokensParsedMax4 recorded 1 samples, mean = 126.0 (flags = 0x41)
0    ... 
113  -O                                                                        (1 = 100.0%) {0.0%}
149  ... 

Histogram: Blink.HTMLParsing.TokensParsedMin4 recorded 1 samples, mean = 126.0 (flags = 0x41)
0    ... 
114  -O                                                                        (1 = 100.0%) {0.0%}
135  ... 

Histogram: Blink.HTMLParsing.TokensParsedTotal4 recorded 1 samples, mean = 126.0 (flags = 0x41)
0    ... 
105  -O                                                                        (1 = 100.0%) {0.0%}
146  ... 

Histogram: Blink.HTMLParsing.YieldedTimeAverage4 recorded 1 samples, mean = 586.0 (flags = 0x41)
0    ... 
586  -O                                                                        (1 = 100.0%) {0.0%}
684  ... 

Histogram: Blink.HTMLParsing.YieldedTimeMax4 recorded 1 samples, mean = 586.0 (flags = 0x41)
0    ... 
578  -O                                                                        (1 = 100.0%) {0.0%}
587  ... 

Histogram: Blink.HTMLParsing.YieldedTimeMin4 recorded 1 samples, mean = 586.0 (flags = 0x41)
0    ... 
586  -O                                                                        (1 = 100.0%) {0.0%}
684  ... 

Histogram: Blink.History.VisitedLinks.IsLinkStyledAsVisited recorded 41 samples, mean = 0.0 (flags = 0x41)
0  -----------------------------------------O                                (41 = 100.0%)
1  ... 

Histogram: Blink.JavascriptDocumentUpdate.UpdateTime.PreFCP recorded 1 samples, mean = 3.0 (flags = 0x41)
0  ... 
3  -O                                                                        (1 = 100.0%) {0.0%}
4  ... 

Histogram: Blink.Layout.InlineNode.ShapeText.MaxTime.InOutermostMainFrame3 recorded 1 samples, mean = 0.0 (flags = 0x41)
0  -O                                                                        (1 = 100.0%)
1  ... 

Histogram: Blink.Layout.InlineNode.ShapeText.TotalTime.InOutermostMainFrame3 recorded 1 samples, mean = 0.0 (flags = 0x41)
0  -O                                                                        (1 = 100.0%)
1  ... 

Histogram: Blink.Layout.SVGImage.Count.InOutermostMainFrame recorded 1 samples, mean = 0.0 (flags = 0x41)
0  -O                                                                        (1 = 100.0%)
1  ... 

Histogram: Blink.Layout.SVGImage.TotalTime.InOutermostMainFrame recorded 1 samples, mean = 0.0 (flags = 0x41)
0  -O                                                                        (1 = 100.0%)
1  ... 

Histogram: Blink.MainFrame.UpdateTime.PreFCP recorded 18 samples, mean = 5487.0 (flags = 0x41)
0      ... 
105    --O                                                                       (2 = 11.1%) {0.0%}
146    O                                                                         (0 = 0.0%) {11.1%}
203    --O                                                                       (2 = 11.1%) {11.1%}
282    --O                                                                       (2 = 11.1%) {22.2%}
391    --O                                                                       (2 = 11.1%) {33.3%}
542    ... 
1043   ---O                                                                      (3 = 16.7%) {44.4%}
1447   -O                                                                        (1 = 5.6%) {61.1%}
2008   O                                                                         (0 = 0.0%) {66.7%}
2786   -O                                                                        (1 = 5.6%) {66.7%}
3865   ... 
7439   -O                                                                        (1 = 5.6%) {72.2%}
10321  --O                                                                       (2 = 11.1%) {77.8%}
14319  O                                                                         (0 = 0.0%) {88.9%}
19866  -O                                                                        (1 = 5.6%) {88.9%}
27562  -O                                                                        (1 = 5.6%) {94.4%}
38240  ... 

Histogram: Blink.MemoryCache.RevalidationPolicy.AsyncScript recorded 48 samples, mean = 1.6 (flags = 0x41)
0  -----------------------O                                                  (23 = 47.9%)
1  ... 
3  -------------------------O                                                (25 = 52.1%) {47.9%}
4  ... 

Histogram: Blink.MemoryCache.RevalidationPolicy.CSSStyleSheet recorded 7 samples, mean = 0.0 (flags = 0x41)
0  -------O                                                                  (7 = 100.0%)
1  ... 

Histogram: Blink.MemoryCache.RevalidationPolicy.Dead.CSSStyleSheet recorded 1 samples, mean = 0.0 (flags = 0x41)
0  -O                                                                        (1 = 100.0%)
1  ... 

Histogram: Blink.MemoryCache.RevalidationPolicy.Dead.Font recorded 2 samples, mean = 0.0 (flags = 0x41)
0  --O                                                                       (2 = 100.0%)
1  ... 

Histogram: Blink.MemoryCache.RevalidationPolicy.Dead.Script recorded 22 samples, mean = 0.0 (flags = 0x41)
0  ----------------------O                                                   (22 = 100.0%)
1  ... 

Histogram: Blink.MemoryCache.RevalidationPolicy.Font recorded 23 samples, mean = 4.0 (flags = 0x41)
0  -O                                                                        (1 = 4.3%)
1  ... 
4  ------------------O                                                       (18 = 78.3%) {4.3%}
5  ----O                                                                     (4 = 17.4%) {82.6%}
6  O                                                                         (0 = 0.0%) {100.0%}

Histogram: Blink.MemoryCache.RevalidationPolicy.Image recorded 26 samples, mean = 4.0 (flags = 0x41)
0  ... 
3  -O                                                                        (1 = 3.8%) {0.0%}
4  -------------------------O                                                (25 = 96.2%) {3.8%}
5  ... 

Histogram: Blink.MemoryCache.RevalidationPolicy.Manifest recorded 1 samples, mean = 3.0 (flags = 0x41)
0  ... 
3  -O                                                                        (1 = 100.0%) {0.0%}
4  ... 

Histogram: Blink.MemoryCache.RevalidationPolicy.Preload.CSSStyleSheet recorded 13 samples, mean = 1.6 (flags = 0x41)
0  ------O                                                                   (6 = 46.2%)
1  ... 
3  -------O                                                                  (7 = 53.8%) {46.2%}
4  ... 

Histogram: Blink.MemoryCache.RevalidationPolicy.Preload.Font recorded 2 samples, mean = 1.5 (flags = 0x41)
0  -O                                                                        (1 = 50.0%)
1  ... 
3  -O                                                                        (1 = 50.0%) {50.0%}
4  ... 

Histogram: Blink.MemoryCache.RevalidationPolicy.Preload.Script recorded 24 samples, mean = 2.8 (flags = 0x41)
0  --O                                                                       (2 = 8.3%)
1  ... 
3  ----------------------O                                                   (22 = 91.7%) {8.3%}
4  ... 

Histogram: Blink.MemoryCache.RevalidationPolicy.Raw recorded 7 samples, mean = 3.0 (flags = 0x41)
0  ... 
3  -------O                                                                  (7 = 100.0%) {0.0%}
4  ... 

Histogram: Blink.MemoryCache.RevalidationPolicy.Script recorded 26 samples, mean = 0.5 (flags = 0x41)
0  ----------------------O                                                   (22 = 84.6%)
1  ... 
3  ----O                                                                     (4 = 15.4%) {84.6%}
4  ... 

Histogram: Blink.PreloadRequestStartDuration recorded 39 samples, mean = 103.8 (flags = 0x41)
0     ... 
15    -----O                                                                    (5 = 12.8%) {0.0%}
21    -----------O                                                              (11 = 28.2%) {12.8%}
29    ------O                                                                   (6 = 15.4%) {41.0%}
40    -----O                                                                    (5 = 12.8%) {56.4%}
55    -O                                                                        (1 = 2.6%) {69.2%}
76    --O                                                                       (2 = 5.1%) {71.8%}
105   O                                                                         (0 = 0.0%) {76.9%}
146   ---O                                                                      (3 = 7.7%) {76.9%}
203   --O                                                                       (2 = 5.1%) {84.6%}
282   --O                                                                       (2 = 5.1%) {89.7%}
391   -O                                                                        (1 = 2.6%) {94.9%}
542   ... 
1043  -O                                                                        (1 = 2.6%) {97.4%}
1447  ... 

Histogram: Blink.PreloadRequestWaitTime recorded 30 samples, mean = 1.1 (flags = 0x41)
0  O                                                                         (0 = 0.0%)
1  ---------------------------O                                              (27 = 90.0%) {0.0%}
2  ---O                                                                      (3 = 10.0%) {90.0%}
3  ... 

Histogram: Blink.PrepareToStopParsingTime recorded 32 samples, mean = 0.1 (flags = 0x41)
0  -------------------------------O                                          (31 = 96.9%)
1  ... 
3  -O                                                                        (1 = 3.1%) {96.9%}
4  ... 

Histogram: Blink.PumpTokenizerTime recorded 60 samples, mean = 0.2 (flags = 0x41)
0  ----------------------------------------------------------O               (58 = 96.7%)
1  ... 
4  -O                                                                        (1 = 1.7%) {96.7%}
5  O                                                                         (0 = 0.0%) {98.3%}
6  -O                                                                        (1 = 1.7%) {98.3%}
7  ... 

Histogram: Blink.ResourceRequest.BackgroundResourceFetchSupportStatus recorded 47 samples, mean = 0.1 (flags = 0x41)
0  ---------------------------------------------O                            (45 = 95.7%)
1  O                                                                         (0 = 0.0%) {95.7%}
2  --O                                                                       (2 = 4.3%) {95.7%}
3  ... 

Histogram: Blink.ResourceRequest.CompletionDelay2 recorded 47 samples, mean = 19.3 (flags = 0x41)
0    ----------O                                                               (10 = 21.3%)
1    ------------O                                                             (12 = 25.5%) {21.3%}
2    -O                                                                        (1 = 2.1%) {46.8%}
3    ------O                                                                   (6 = 12.8%) {48.9%}
4    -O                                                                        (1 = 2.1%) {61.7%}
5    ---O                                                                      (3 = 6.4%) {63.8%}
6    ----O                                                                     (4 = 8.5%) {70.2%}
7    --O                                                                       (2 = 4.3%) {78.7%}
8    O                                                                         (0 = 0.0%) {83.0%}
10   -O                                                                        (1 = 2.1%) {83.0%}
12   --O                                                                       (2 = 4.3%) {85.1%}
14   -O                                                                        (1 = 2.1%) {89.4%}
17   ... 
29   -O                                                                        (1 = 2.1%) {91.5%}
34   -O                                                                        (1 = 2.1%) {93.6%}
40   ... 
268  -O                                                                        (1 = 2.1%) {95.7%}
318  O                                                                         (0 = 0.0%) {97.9%}
378  -O                                                                        (1 = 2.1%) {97.9%}
449  ... 

Histogram: Blink.ResourceRequest.RedirectDelay2 recorded 2 samples, mean = 11.0 (flags = 0x41)
0   ... 
6   -O                                                                        (1 = 50.0%) {0.0%}
7   ... 
14  -O                                                                        (1 = 50.0%) {50.0%}
17  ... 

Histogram: Blink.ResourceRequest.ResponseDelay2 recorded 47 samples, mean = 54.3 (flags = 0x41)
0    ----------O                                                               (10 = 21.3%)
1    ---O                                                                      (3 = 6.4%) {21.3%}
2    --O                                                                       (2 = 4.3%) {27.7%}
3    -O                                                                        (1 = 2.1%) {31.9%}
4    --O                                                                       (2 = 4.3%) {34.0%}
5    -O                                                                        (1 = 2.1%) {38.3%}
6    ... 
10   -O                                                                        (1 = 2.1%) {40.4%}
12   --O                                                                       (2 = 4.3%) {42.6%}
14   ... 
20   --O                                                                       (2 = 4.3%) {46.8%}
24   O                                                                         (0 = 0.0%) {51.1%}
29   -O                                                                        (1 = 2.1%) {51.1%}
34   -O                                                                        (1 = 2.1%) {53.2%}
40   ---O                                                                      (3 = 6.4%) {55.3%}
48   ---O                                                                      (3 = 6.4%) {61.7%}
57   ----O                                                                     (4 = 8.5%) {68.1%}
68   O                                                                         (0 = 0.0%) {76.6%}
81   -O                                                                        (1 = 2.1%) {76.6%}
96   -O                                                                        (1 = 2.1%) {78.7%}
114  -------O                                                                  (7 = 14.9%) {80.9%}
135  ... 
268  -O                                                                        (1 = 2.1%) {95.7%}
318  O                                                                         (0 = 0.0%) {97.9%}
378  -O                                                                        (1 = 2.1%) {97.9%}
449  ... 

Histogram: Blink.ResourceRequest.StartDelay2 recorded 47 samples, mean = 876.2 (flags = 0x41)
0     ... 
190   ----O                                                                     (4 = 8.5%) {0.0%}
226   -O                                                                        (1 = 2.1%) {8.5%}
268   --O                                                                       (2 = 4.3%) {10.6%}
318   ----O                                                                     (4 = 8.5%) {14.9%}
378   O                                                                         (0 = 0.0%) {23.4%}
449   --O                                                                       (2 = 4.3%) {23.4%}
533   ----O                                                                     (4 = 8.5%) {27.7%}
633   ... 
894   ----O                                                                     (4 = 8.5%) {36.2%}
1062  --------------------------O                                               (26 = 55.3%) {44.7%}
1262  ... 

Histogram: Blink.ScanAndPreloadTime.MainFrame.Initial recorded 1 samples, mean = 2.0 (flags = 0x41)
0  ... 
2  -O                                                                        (1 = 100.0%) {0.0%}
3  ... 

Histogram: Blink.ScanAndPreloadTime.MainFrame.NonInitial recorded 1 samples, mean = 0.0 (flags = 0x41)
0  -O                                                                        (1 = 100.0%)
1  ... 

Histogram: Blink.ScanAndPreloadTime2.MainFrame.Initial recorded 1 samples, mean = 2512.0 (flags = 0x41)
0     ... 
2008  -O                                                                        (1 = 100.0%) {0.0%}
2786  ... 

Histogram: Blink.ScanAndPreloadTime2.MainFrame.NonInitial recorded 1 samples, mean = 21.0 (flags = 0x41)
0   ... 
21  -O                                                                        (1 = 100.0%) {0.0%}
29  ... 

Histogram: Blink.ScanAndPreloadTime2.Preload.MainFrame.Initial recorded 1 samples, mean = 1439.0 (flags = 0x41)
0     ... 
1043  -O                                                                        (1 = 100.0%) {0.0%}
1447  ... 

Histogram: Blink.ScanAndPreloadTime2.Preload.MainFrame.NonInitial recorded 1 samples, mean = 1.0 (flags = 0x41)
0  O                                                                         (0 = 0.0%)
1  -O                                                                        (1 = 100.0%) {0.0%}
2  ... 

Histogram: Blink.ScanAndPreloadTime2.Scan.MainFrame.Initial recorded 1 samples, mean = 1056.0 (flags = 0x41)
0     ... 
1043  -O                                                                        (1 = 100.0%) {0.0%}
1447  ... 

Histogram: Blink.ScanAndPreloadTime2.Scan.MainFrame.NonInitial recorded 1 samples, mean = 1.0 (flags = 0x41)
0  O                                                                         (0 = 0.0%)
1  -O                                                                        (1 = 100.0%) {0.0%}
2  ... 

Histogram: Blink.Script.AsyncScript.FromReadyToStartExecution.Time recorded 26 samples, mean = 23.0 (flags = 0x41)
0    ----------------------O                                                   (22 = 84.6%)
1    -O                                                                        (1 = 3.8%) {84.6%}
2    ... 
6    -O                                                                        (1 = 3.8%) {88.5%}
8    ... 
32   -O                                                                        (1 = 3.8%) {92.3%}
41   ... 
452  -O                                                                        (1 = 3.8%) {96.2%}
574  ... 

Histogram: Blink.Script.SchedulingType recorded 41 samples, mean = 5.3 (flags = 0x41)
0  ... 
3  -O                                                                        (1 = 2.4%) {0.0%}
4  O                                                                         (0 = 0.0%) {2.4%}
5  -------------------------O                                                (25 = 61.0%) {2.4%}
6  ---------------O                                                          (15 = 36.6%) {63.4%}
7  ... 

Histogram: Blink.UseCounter.AnimatedCSSProperties recorded 1 samples, mean = 1.0 (flags = 0x41)
0  O                                                                         (0 = 0.0%)
1  -O                                                                        (1 = 100.0%) {0.0%}
2  ... 

Histogram: Blink.UseCounter.CSSProperties recorded 96 samples, mean = 275.0 (flags = 0x41)
0    O                                                                         (0 = 0.0%)
1    -O                                                                        (1 = 1.0%) {0.0%}
2    -O                                                                        (1 = 1.0%) {1.0%}
3    -O                                                                        (1 = 1.0%) {2.1%}
4    -O                                                                        (1 = 1.0%) {3.1%}
5    -O                                                                        (1 = 1.0%) {4.2%}
6    -O                                                                        (1 = 1.0%) {5.2%}
7    -O                                                                        (1 = 1.0%) {6.2%}
8    -O                                                                        (1 = 1.0%) {7.3%}
9    O                                                                         (0 = 0.0%) {8.3%}
10   -O                                                                        (1 = 1.0%) {8.3%}
11   ... 
14   -O                                                                        (1 = 1.0%) {9.4%}
15   ... 
20   -O                                                                        (1 = 1.0%) {10.4%}
21   -O                                                                        (1 = 1.0%) {11.5%}
22   ... 
24   -O                                                                        (1 = 1.0%) {12.5%}
25   ... 
34   -O                                                                        (1 = 1.0%) {13.5%}
35   ... 
42   -O                                                                        (1 = 1.0%) {14.6%}
43   ... 
53   -O                                                                        (1 = 1.0%) {15.6%}
54   ... 
59   -O                                                                        (1 = 1.0%) {16.7%}
60   ... 
66   -O                                                                        (1 = 1.0%) {17.7%}
67   ... 
69   -O                                                                        (1 = 1.0%) {18.8%}
70   ... 
72   -O                                                                        (1 = 1.0%) {19.8%}
73   O                                                                         (0 = 0.0%) {20.8%}
74   -O                                                                        (1 = 1.0%) {20.8%}
75   ... 
77   -O                                                                        (1 = 1.0%) {21.9%}
78   ... 
81   -O                                                                        (1 = 1.0%) {22.9%}
82   ... 
84   -O                                                                        (1 = 1.0%) {24.0%}
85   ... 
89   -O                                                                        (1 = 1.0%) {25.0%}
90   ... 
95   -O                                                                        (1 = 1.0%) {26.0%}
96   -O                                                                        (1 = 1.0%) {27.1%}
97   -O                                                                        (1 = 1.0%) {28.1%}
98   -O                                                                        (1 = 1.0%) {29.2%}
99   O                                                                         (0 = 0.0%) {30.2%}
100  -O                                                                        (1 = 1.0%) {30.2%}
101  ... 
105  -O                                                                        (1 = 1.0%) {31.2%}
106  -O                                                                        (1 = 1.0%) {32.3%}
107  -O                                                                        (1 = 1.0%) {33.3%}
108  O                                                                         (0 = 0.0%) {34.4%}
109  -O                                                                        (1 = 1.0%) {34.4%}
110  ... 
118  -O                                                                        (1 = 1.0%) {35.4%}
119  -O                                                                        (1 = 1.0%) {36.5%}
120  ... 
124  -O                                                                        (1 = 1.0%) {37.5%}
125  ... 
127  -O                                                                        (1 = 1.0%) {38.5%}
128  -O                                                                        (1 = 1.0%) {39.6%}
129  -O                                                                        (1 = 1.0%) {40.6%}
130  ... 
143  -O                                                                        (1 = 1.0%) {41.7%}
144  ... 
150  -O                                                                        (1 = 1.0%) {42.7%}
151  O                                                                         (0 = 0.0%) {43.8%}
152  -O                                                                        (1 = 1.0%) {43.8%}
153  -O                                                                        (1 = 1.0%) {44.8%}
154  -O                                                                        (1 = 1.0%) {45.8%}
155  O                                                                         (0 = 0.0%) {46.9%}
156  -O                                                                        (1 = 1.0%) {46.9%}
157  -O                                                                        (1 = 1.0%) {47.9%}
158  O                                                                         (0 = 0.0%) {49.0%}
159  -O                                                                        (1 = 1.0%) {49.0%}
160  O                                                                         (0 = 0.0%) {50.0%}
161  -O                                                                        (1 = 1.0%) {50.0%}
162  ... 
164  -O                                                                        (1 = 1.0%) {51.0%}
165  -O                                                                        (1 = 1.0%) {52.1%}
166  ... 
175  -O                                                                        (1 = 1.0%) {53.1%}
176  ... 
231  -O                                                                        (1 = 1.0%) {54.2%}
232  -O                                                                        (1 = 1.0%) {55.2%}
233  O                                                                         (0 = 0.0%) {56.2%}
234  -O                                                                        (1 = 1.0%) {56.2%}
235  -O                                                                        (1 = 1.0%) {57.3%}
236  O                                                                         (0 = 0.0%) {58.3%}
237  -O                                                                        (1 = 1.0%) {58.3%}
238  -O                                                                        (1 = 1.0%) {59.4%}
239  -O                                                                        (1 = 1.0%) {60.4%}
240  -O                                                                        (1 = 1.0%) {61.5%}
241  O                                                                         (0 = 0.0%) {62.5%}
242  -O                                                                        (1 = 1.0%) {62.5%}
243  ... 
303  -O                                                                        (1 = 1.0%) {63.5%}
304  ... 
369  -O                                                                        (1 = 1.0%) {64.6%}
370  -O                                                                        (1 = 1.0%) {65.6%}
371  ... 
415  -O                                                                        (1 = 1.0%) {66.7%}
416  ... 
432  -O                                                                        (1 = 1.0%) {67.7%}
433  -O                                                                        (1 = 1.0%) {68.8%}
434  ... 
437  -O                                                                        (1 = 1.0%) {69.8%}
438  ... 
446  -O                                                                        (1 = 1.0%) {70.8%}
447  ... 
508  -O                                                                        (1 = 1.0%) {71.9%}
509  ... 
514  -O                                                                        (1 = 1.0%) {72.9%}
515  -O                                                                        (1 = 1.0%) {74.0%}
516  -O                                                                        (1 = 1.0%) {75.0%}
517  ... 
537  -O                                                                        (1 = 1.0%) {76.0%}
538  ... 
549  -O                                                                        (1 = 1.0%) {77.1%}
550  ... 
563  -O                                                                        (1 = 1.0%) {78.1%}
564  ... 
591  -O                                                                        (1 = 1.0%) {79.2%}
592  -O                                                                        (1 = 1.0%) {80.2%}
593  O                                                                         (0 = 0.0%) {81.2%}
594  -O                                                                        (1 = 1.0%) {81.2%}
595  -O                                                                        (1 = 1.0%) {82.3%}
596  ... 
598  -O                                                                        (1 = 1.0%) {83.3%}
599  -O                                                                        (1 = 1.0%) {84.4%}
600  ... 
618  -O                                                                        (1 = 1.0%) {85.4%}
619  -O                                                                        (1 = 1.0%) {86.5%}
620  -O                                                                        (1 = 1.0%) {87.5%}
621  -O                                                                        (1 = 1.0%) {88.5%}
622  ... 
636  -O                                                                        (1 = 1.0%) {89.6%}
637  ... 
657  -O                                                                        (1 = 1.0%) {90.6%}
658  -O                                                                        (1 = 1.0%) {91.7%}
659  ... 
662  -O                                                                        (1 = 1.0%) {92.7%}
663  ... 
672  -O                                                                        (1 = 1.0%) {93.8%}
673  -O                                                                        (1 = 1.0%) {94.8%}
674  O                                                                         (0 = 0.0%) {95.8%}
675  -O                                                                        (1 = 1.0%) {95.8%}
676  ... 
696  -O                                                                        (1 = 1.0%) {96.9%}
697  ... 
746  -O                                                                        (1 = 1.0%) {97.9%}
747  ... 
770  -O                                                                        (1 = 1.0%) {99.0%}
771  ... 

Histogram: Blink.UseCounter.Features recorded 173 samples, mean = 2179.5 (flags = 0x41)
0     ... 
13    -O                                                                        (1 = 0.6%) {0.0%}
14    ... 
16    -O                                                                        (1 = 0.6%) {0.6%}
17    ... 
52    -O                                                                        (1 = 0.6%) {1.2%}
53    ... 
69    -O                                                                        (1 = 0.6%) {1.7%}
70    ... 
123   -O                                                                        (1 = 0.6%) {2.3%}
124   -O                                                                        (1 = 0.6%) {2.9%}
125   -O                                                                        (1 = 0.6%) {3.5%}
126   ... 
138   -O                                                                        (1 = 0.6%) {4.0%}
139   ... 
240   -O                                                                        (1 = 0.6%) {4.6%}
241   ... 
250   -O                                                                        (1 = 0.6%) {5.2%}
251   ... 
429   -O                                                                        (1 = 0.6%) {5.8%}
430   -O                                                                        (1 = 0.6%) {6.4%}
431   -O                                                                        (1 = 0.6%) {6.9%}
432   -O                                                                        (1 = 0.6%) {7.5%}
433   ... 
469   -O                                                                        (1 = 0.6%) {8.1%}
470   ... 
494   -O                                                                        (1 = 0.6%) {8.7%}
495   ... 
522   -O                                                                        (1 = 0.6%) {9.2%}
523   -O                                                                        (1 = 0.6%) {9.8%}
524   -O                                                                        (1 = 0.6%) {10.4%}
525   ... 
540   -O                                                                        (1 = 0.6%) {11.0%}
541   ... 
587   -O                                                                        (1 = 0.6%) {11.6%}
588   -O                                                                        (1 = 0.6%) {12.1%}
589   ... 
675   -O                                                                        (1 = 0.6%) {12.7%}
676   O                                                                         (0 = 0.0%) {13.3%}
677   -O                                                                        (1 = 0.6%) {13.3%}
678   ... 
710   -O                                                                        (1 = 0.6%) {13.9%}
711   -O                                                                        (1 = 0.6%) {14.5%}
712   -O                                                                        (1 = 0.6%) {15.0%}
713   ... 
717   -O                                                                        (1 = 0.6%) {15.6%}
718   ... 
730   -O                                                                        (1 = 0.6%) {16.2%}
731   ... 
744   -O                                                                        (1 = 0.6%) {16.8%}
745   ... 
780   -O                                                                        (1 = 0.6%) {17.3%}
781   -O                                                                        (1 = 0.6%) {17.9%}
782   ... 
786   -O                                                                        (1 = 0.6%) {18.5%}
787   -O                                                                        (1 = 0.6%) {19.1%}
788   ... 
804   -O                                                                        (1 = 0.6%) {19.7%}
805   ... 
900   -O                                                                        (1 = 0.6%) {20.2%}
901   -O                                                                        (1 = 0.6%) {20.8%}
902   ... 
907   -O                                                                        (1 = 0.6%) {21.4%}
908   ... 
954   -O                                                                        (1 = 0.6%) {22.0%}
955   ... 
970   -O                                                                        (1 = 0.6%) {22.5%}
971   O                                                                         (0 = 0.0%) {23.1%}
972   -O                                                                        (1 = 0.6%) {23.1%}
973   -O                                                                        (1 = 0.6%) {23.7%}
974   ... 
976   -O                                                                        (1 = 0.6%) {24.3%}
977   ... 
1023  -O                                                                        (1 = 0.6%) {24.9%}
1024  ... 
1069  -O                                                                        (1 = 0.6%) {25.4%}
1070  -O                                                                        (1 = 0.6%) {26.0%}
1071  ... 
1075  -O                                                                        (1 = 0.6%) {26.6%}
1076  -O                                                                        (1 = 0.6%) {27.2%}
1077  ... 
1124  -O                                                                        (1 = 0.6%) {27.7%}
1125  ... 
1302  -O                                                                        (1 = 0.6%) {28.3%}
1303  ... 
1347  -O                                                                        (1 = 0.6%) {28.9%}
1348  ... 
1351  -O                                                                        (1 = 0.6%) {29.5%}
1352  ... 
1354  -O                                                                        (1 = 0.6%) {30.1%}
1355  ... 
1368  -O                                                                        (1 = 0.6%) {30.6%}
1369  ... 
1417  -O                                                                        (1 = 0.6%) {31.2%}
1418  ... 
1441  -O                                                                        (1 = 0.6%) {31.8%}
1442  ... 
1458  -O                                                                        (1 = 0.6%) {32.4%}
1459  -O                                                                        (1 = 0.6%) {32.9%}
1460  ... 
1462  -O                                                                        (1 = 0.6%) {33.5%}
1463  -O                                                                        (1 = 0.6%) {34.1%}
1464  ... 
1467  -O                                                                        (1 = 0.6%) {34.7%}
1468  ... 
1502  -O                                                                        (1 = 0.6%) {35.3%}
1503  ... 
1692  -O                                                                        (1 = 0.6%) {35.8%}
1693  -O                                                                        (1 = 0.6%) {36.4%}
1694  ... 
1827  -O                                                                        (1 = 0.6%) {37.0%}
1828  ... 
2013  -O                                                                        (1 = 0.6%) {37.6%}
2014  ... 
2077  -O                                                                        (1 = 0.6%) {38.2%}
2078  ... 
2094  -O                                                                        (1 = 0.6%) {38.7%}
2095  O                                                                         (0 = 0.0%) {39.3%}
2096  -O                                                                        (1 = 0.6%) {39.3%}
2097  ... 
2100  -O                                                                        (1 = 0.6%) {39.9%}
2101  ... 
2112  -O                                                                        (1 = 0.6%) {40.5%}
2113  ... 
2121  -O                                                                        (1 = 0.6%) {41.0%}
2122  ... 
2157  -O                                                                        (1 = 0.6%) {41.6%}
2158  ... 
2188  -O                                                                        (1 = 0.6%) {42.2%}
2189  O                                                                         (0 = 0.0%) {42.8%}
2190  -O                                                                        (1 = 0.6%) {42.8%}
2191  -O                                                                        (1 = 0.6%) {43.4%}
2192  ... 
2195  -O                                                                        (1 = 0.6%) {43.9%}
2196  ... 
2203  -O                                                                        (1 = 0.6%) {44.5%}
2204  -O                                                                        (1 = 0.6%) {45.1%}
2205  ... 
2217  -O                                                                        (1 = 0.6%) {45.7%}
2218  ... 
2226  -O                                                                        (1 = 0.6%) {46.2%}
2227  O                                                                         (0 = 0.0%) {46.8%}
2228  -O                                                                        (1 = 0.6%) {46.8%}
2229  -O                                                                        (1 = 0.6%) {47.4%}
2230  ... 
2236  -O                                                                        (1 = 0.6%) {48.0%}
2237  ... 
2298  -O                                                                        (1 = 0.6%) {48.6%}
2299  ... 
2314  -O                                                                        (1 = 0.6%) {49.1%}
2315  ... 
2319  -O                                                                        (1 = 0.6%) {49.7%}
2320  ... 
2322  -O                                                                        (1 = 0.6%) {50.3%}
2323  ... 
2347  -O                                                                        (1 = 0.6%) {50.9%}
2348  ... 
2355  -O                                                                        (1 = 0.6%) {51.4%}
2356  ... 
2361  -O                                                                        (1 = 0.6%) {52.0%}
2362  ... 
2387  -O                                                                        (1 = 0.6%) {52.6%}
2388  -O                                                                        (1 = 0.6%) {53.2%}
2389  ... 
2399  -O                                                                        (1 = 0.6%) {53.8%}
2400  ... 
2413  -O                                                                        (1 = 0.6%) {54.3%}
2414  ... 
2429  -O                                                                        (1 = 0.6%) {54.9%}
2430  O                                                                         (0 = 0.0%) {55.5%}
2431  -O                                                                        (1 = 0.6%) {55.5%}
2432  ... 
2487  -O                                                                        (1 = 0.6%) {56.1%}
2488  ... 
2518  -O                                                                        (1 = 0.6%) {56.6%}
2519  ... 
2598  -O                                                                        (1 = 0.6%) {57.2%}
2599  ... 
2618  -O                                                                        (1 = 0.6%) {57.8%}
2619  ... 
2654  -O                                                                        (1 = 0.6%) {58.4%}
2655  -O                                                                        (1 = 0.6%) {59.0%}
2656  -O                                                                        (1 = 0.6%) {59.5%}
2657  -O                                                                        (1 = 0.6%) {60.1%}
2658  -O                                                                        (1 = 0.6%) {60.7%}
2659  -O                                                                        (1 = 0.6%) {61.3%}
2660  -O                                                                        (1 = 0.6%) {61.8%}
2661  -O                                                                        (1 = 0.6%) {62.4%}
2662  -O                                                                        (1 = 0.6%) {63.0%}
2663  -O                                                                        (1 = 0.6%) {63.6%}
2664  ... 
2699  -O                                                                        (1 = 0.6%) {64.2%}
2700  -O                                                                        (1 = 0.6%) {64.7%}
2701  -O                                                                        (1 = 0.6%) {65.3%}
2702  -O                                                                        (1 = 0.6%) {65.9%}
2703  -O                                                                        (1 = 0.6%) {66.5%}
2704  -O                                                                        (1 = 0.6%) {67.1%}
2705  -O                                                                        (1 = 0.6%) {67.6%}
2706  -O                                                                        (1 = 0.6%) {68.2%}
2707  -O                                                                        (1 = 0.6%) {68.8%}
2708  ... 
2710  -O                                                                        (1 = 0.6%) {69.4%}
2711  -O                                                                        (1 = 0.6%) {69.9%}
2712  ... 
2714  -O                                                                        (1 = 0.6%) {70.5%}
2715  -O                                                                        (1 = 0.6%) {71.1%}
2716  -O                                                                        (1 = 0.6%) {71.7%}
2717  ... 
2723  -O                                                                        (1 = 0.6%) {72.3%}
2724  ... 
2738  -O                                                                        (1 = 0.6%) {72.8%}
2739  ... 
2769  -O                                                                        (1 = 0.6%) {73.4%}
2770  ... 
2841  -O                                                                        (1 = 0.6%) {74.0%}
2842  ... 
2903  -O                                                                        (1 = 0.6%) {74.6%}
2904  -O                                                                        (1 = 0.6%) {75.1%}
2905  ... 
2927  -O                                                                        (1 = 0.6%) {75.7%}
2928  ... 
2935  -O                                                                        (1 = 0.6%) {76.3%}
2936  ... 
3004  -O                                                                        (1 = 0.6%) {76.9%}
3005  ... 
3019  -O                                                                        (1 = 0.6%) {77.5%}
3020  -O                                                                        (1 = 0.6%) {78.0%}
3021  ... 
3028  -O                                                                        (1 = 0.6%) {78.6%}
3029  ... 
3066  -O                                                                        (1 = 0.6%) {79.2%}
3067  ... 
3157  -O                                                                        (1 = 0.6%) {79.8%}
3158  ... 
3198  -O                                                                        (1 = 0.6%) {80.3%}
3199  ... 
3254  -O                                                                        (1 = 0.6%) {80.9%}
3255  ... 
3275  -O                                                                        (1 = 0.6%) {81.5%}
3276  ... 
3279  -O                                                                        (1 = 0.6%) {82.1%}
3280  ... 
3307  -O                                                                        (1 = 0.6%) {82.7%}
3308  -O                                                                        (1 = 0.6%) {83.2%}
3309  ... 
3349  -O                                                                        (1 = 0.6%) {83.8%}
3350  ... 
3359  -O                                                                        (1 = 0.6%) {84.4%}
3360  ... 
3409  -O                                                                        (1 = 0.6%) {85.0%}
3410  ... 
3444  -O                                                                        (1 = 0.6%) {85.5%}
3445  ... 
3698  -O                                                                        (1 = 0.6%) {86.1%}
3699  ... 
3789  -O                                                                        (1 = 0.6%) {86.7%}
3790  -O                                                                        (1 = 0.6%) {87.3%}
3791  ... 
3803  -O                                                                        (1 = 0.6%) {87.9%}
3804  ... 
3870  -O                                                                        (1 = 0.6%) {88.4%}
3871  ... 
3973  -O                                                                        (1 = 0.6%) {89.0%}
3974  ... 
4007  -O                                                                        (1 = 0.6%) {89.6%}
4008  ... 
4113  -O                                                                        (1 = 0.6%) {90.2%}
4114  ... 
4161  -O                                                                        (1 = 0.6%) {90.8%}
4162  ... 
4177  -O                                                                        (1 = 0.6%) {91.3%}
4178  ... 
4194  -O                                                                        (1 = 0.6%) {91.9%}
4195  O                                                                         (0 = 0.0%) {92.5%}
4196  -O                                                                        (1 = 0.6%) {92.5%}
4197  ... 
4240  -O                                                                        (1 = 0.6%) {93.1%}
4241  O                                                                         (0 = 0.0%) {93.6%}
4242  -O                                                                        (1 = 0.6%) {93.6%}
4243  ... 
4307  -O                                                                        (1 = 0.6%) {94.2%}
4308  ... 
4317  -O                                                                        (1 = 0.6%) {94.8%}
4318  ... 
4372  -O                                                                        (1 = 0.6%) {95.4%}
4373  ... 
4379  -O                                                                        (1 = 0.6%) {96.0%}
4380  ... 
4419  -O                                                                        (1 = 0.6%) {96.5%}
4420  ... 
4561  -O                                                                        (1 = 0.6%) {97.1%}
4562  ... 
4673  -O                                                                        (1 = 0.6%) {97.7%}
4674  ... 
4743  -O                                                                        (1 = 0.6%) {98.3%}
4744  ... 
4961  -O                                                                        (1 = 0.6%) {98.8%}
4962  ... 
4994  -O                                                                        (1 = 0.6%) {99.4%}
4995  ... 

Histogram: Blink.UseCounter.MainFrame.Features recorded 173 samples, mean = 2179.5 (flags = 0x41)
0     ... 
13    -O                                                                        (1 = 0.6%) {0.0%}
14    ... 
16    -O                                                                        (1 = 0.6%) {0.6%}
17    ... 
52    -O                                                                        (1 = 0.6%) {1.2%}
53    ... 
69    -O                                                                        (1 = 0.6%) {1.7%}
70    ... 
123   -O                                                                        (1 = 0.6%) {2.3%}
124   -O                                                                        (1 = 0.6%) {2.9%}
125   -O                                                                        (1 = 0.6%) {3.5%}
126   ... 
138   -O                                                                        (1 = 0.6%) {4.0%}
139   ... 
240   -O                                                                        (1 = 0.6%) {4.6%}
241   ... 
250   -O                                                                        (1 = 0.6%) {5.2%}
251   ... 
429   -O                                                                        (1 = 0.6%) {5.8%}
430   -O                                                                        (1 = 0.6%) {6.4%}
431   -O                                                                        (1 = 0.6%) {6.9%}
432   -O                                                                        (1 = 0.6%) {7.5%}
433   ... 
469   -O                                                                        (1 = 0.6%) {8.1%}
470   ... 
494   -O                                                                        (1 = 0.6%) {8.7%}
495   ... 
522   -O                                                                        (1 = 0.6%) {9.2%}
523   -O                                                                        (1 = 0.6%) {9.8%}
524   -O                                                                        (1 = 0.6%) {10.4%}
525   ... 
540   -O                                                                        (1 = 0.6%) {11.0%}
541   ... 
587   -O                                                                        (1 = 0.6%) {11.6%}
588   -O                                                                        (1 = 0.6%) {12.1%}
589   ... 
675   -O                                                                        (1 = 0.6%) {12.7%}
676   O                                                                         (0 = 0.0%) {13.3%}
677   -O                                                                        (1 = 0.6%) {13.3%}
678   ... 
710   -O                                                                        (1 = 0.6%) {13.9%}
711   -O                                                                        (1 = 0.6%) {14.5%}
712   -O                                                                        (1 = 0.6%) {15.0%}
713   ... 
717   -O                                                                        (1 = 0.6%) {15.6%}
718   ... 
730   -O                                                                        (1 = 0.6%) {16.2%}
731   ... 
744   -O                                                                        (1 = 0.6%) {16.8%}
745   ... 
780   -O                                                                        (1 = 0.6%) {17.3%}
781   -O                                                                        (1 = 0.6%) {17.9%}
782   ... 
786   -O                                                                        (1 = 0.6%) {18.5%}
787   -O                                                                        (1 = 0.6%) {19.1%}
788   ... 
804   -O                                                                        (1 = 0.6%) {19.7%}
805   ... 
900   -O                                                                        (1 = 0.6%) {20.2%}
901   -O                                                                        (1 = 0.6%) {20.8%}
902   ... 
907   -O                                                                        (1 = 0.6%) {21.4%}
908   ... 
954   -O                                                                        (1 = 0.6%) {22.0%}
955   ... 
970   -O                                                                        (1 = 0.6%) {22.5%}
971   O                                                                         (0 = 0.0%) {23.1%}
972   -O                                                                        (1 = 0.6%) {23.1%}
973   -O                                                                        (1 = 0.6%) {23.7%}
974   ... 
976   -O                                                                        (1 = 0.6%) {24.3%}
977   ... 
1023  -O                                                                        (1 = 0.6%) {24.9%}
1024  ... 
1069  -O                                                                        (1 = 0.6%) {25.4%}
1070  -O                                                                        (1 = 0.6%) {26.0%}
1071  ... 
1075  -O                                                                        (1 = 0.6%) {26.6%}
1076  -O                                                                        (1 = 0.6%) {27.2%}
1077  ... 
1124  -O                                                                        (1 = 0.6%) {27.7%}
1125  ... 
1302  -O                                                                        (1 = 0.6%) {28.3%}
1303  ... 
1347  -O                                                                        (1 = 0.6%) {28.9%}
1348  ... 
1351  -O                                                                        (1 = 0.6%) {29.5%}
1352  ... 
1354  -O                                                                        (1 = 0.6%) {30.1%}
1355  ... 
1368  -O                                                                        (1 = 0.6%) {30.6%}
1369  ... 
1417  -O                                                                        (1 = 0.6%) {31.2%}
1418  ... 
1441  -O                                                                        (1 = 0.6%) {31.8%}
1442  ... 
1458  -O                                                                        (1 = 0.6%) {32.4%}
1459  -O                                                                        (1 = 0.6%) {32.9%}
1460  ... 
1462  -O                                                                        (1 = 0.6%) {33.5%}
1463  -O                                                                        (1 = 0.6%) {34.1%}
1464  ... 
1467  -O                                                                        (1 = 0.6%) {34.7%}
1468  ... 
1502  -O                                                                        (1 = 0.6%) {35.3%}
1503  ... 
1692  -O                                                                        (1 = 0.6%) {35.8%}
1693  -O                                                                        (1 = 0.6%) {36.4%}
1694  ... 
1827  -O                                                                        (1 = 0.6%) {37.0%}
1828  ... 
2013  -O                                                                        (1 = 0.6%) {37.6%}
2014  ... 
2077  -O                                                                        (1 = 0.6%) {38.2%}
2078  ... 
2094  -O                                                                        (1 = 0.6%) {38.7%}
2095  O                                                                         (0 = 0.0%) {39.3%}
2096  -O                                                                        (1 = 0.6%) {39.3%}
2097  ... 
2100  -O                                                                        (1 = 0.6%) {39.9%}
2101  ... 
2112  -O                                                                        (1 = 0.6%) {40.5%}
2113  ... 
2121  -O                                                                        (1 = 0.6%) {41.0%}
2122  ... 
2157  -O                                                                        (1 = 0.6%) {41.6%}
2158  ... 
2188  -O                                                                        (1 = 0.6%) {42.2%}
2189  O                                                                         (0 = 0.0%) {42.8%}
2190  -O                                                                        (1 = 0.6%) {42.8%}
2191  -O                                                                        (1 = 0.6%) {43.4%}
2192  ... 
2195  -O                                                                        (1 = 0.6%) {43.9%}
2196  ... 
2203  -O                                                                        (1 = 0.6%) {44.5%}
2204  -O                                                                        (1 = 0.6%) {45.1%}
2205  ... 
2217  -O                                                                        (1 = 0.6%) {45.7%}
2218  ... 
2226  -O                                                                        (1 = 0.6%) {46.2%}
2227  O                                                                         (0 = 0.0%) {46.8%}
2228  -O                                                                        (1 = 0.6%) {46.8%}
2229  -O                                                                        (1 = 0.6%) {47.4%}
2230  ... 
2236  -O                                                                        (1 = 0.6%) {48.0%}
2237  ... 
2298  -O                                                                        (1 = 0.6%) {48.6%}
2299  ... 
2314  -O                                                                        (1 = 0.6%) {49.1%}
2315  ... 
2319  -O                                                                        (1 = 0.6%) {49.7%}
2320  ... 
2322  -O                                                                        (1 = 0.6%) {50.3%}
2323  ... 
2347  -O                                                                        (1 = 0.6%) {50.9%}
2348  ... 
2355  -O                                                                        (1 = 0.6%) {51.4%}
2356  ... 
2361  -O                                                                        (1 = 0.6%) {52.0%}
2362  ... 
2387  -O                                                                        (1 = 0.6%) {52.6%}
2388  -O                                                                        (1 = 0.6%) {53.2%}
2389  ... 
2399  -O                                                                        (1 = 0.6%) {53.8%}
2400  ... 
2413  -O                                                                        (1 = 0.6%) {54.3%}
2414  ... 
2429  -O                                                                        (1 = 0.6%) {54.9%}
2430  O                                                                         (0 = 0.0%) {55.5%}
2431  -O                                                                        (1 = 0.6%) {55.5%}
2432  ... 
2487  -O                                                                        (1 = 0.6%) {56.1%}
2488  ... 
2518  -O                                                                        (1 = 0.6%) {56.6%}
2519  ... 
2598  -O                                                                        (1 = 0.6%) {57.2%}
2599  ... 
2618  -O                                                                        (1 = 0.6%) {57.8%}
2619  ... 
2654  -O                                                                        (1 = 0.6%) {58.4%}
2655  -O                                                                        (1 = 0.6%) {59.0%}
2656  -O                                                                        (1 = 0.6%) {59.5%}
2657  -O                                                                        (1 = 0.6%) {60.1%}
2658  -O                                                                        (1 = 0.6%) {60.7%}
2659  -O                                                                        (1 = 0.6%) {61.3%}
2660  -O                                                                        (1 = 0.6%) {61.8%}
2661  -O                                                                        (1 = 0.6%) {62.4%}
2662  -O                                                                        (1 = 0.6%) {63.0%}
2663  -O                                                                        (1 = 0.6%) {63.6%}
2664  ... 
2699  -O                                                                        (1 = 0.6%) {64.2%}
2700  -O                                                                        (1 = 0.6%) {64.7%}
2701  -O                                                                        (1 = 0.6%) {65.3%}
2702  -O                                                                        (1 = 0.6%) {65.9%}
2703  -O                                                                        (1 = 0.6%) {66.5%}
2704  -O                                                                        (1 = 0.6%) {67.1%}
2705  -O                                                                        (1 = 0.6%) {67.6%}
2706  -O                                                                        (1 = 0.6%) {68.2%}
2707  -O                                                                        (1 = 0.6%) {68.8%}
2708  ... 
2710  -O                                                                        (1 = 0.6%) {69.4%}
2711  -O                                                                        (1 = 0.6%) {69.9%}
2712  ... 
2714  -O                                                                        (1 = 0.6%) {70.5%}
2715  -O                                                                        (1 = 0.6%) {71.1%}
2716  -O                                                                        (1 = 0.6%) {71.7%}
2717  ... 
2723  -O                                                                        (1 = 0.6%) {72.3%}
2724  ... 
2738  -O                                                                        (1 = 0.6%) {72.8%}
2739  ... 
2769  -O                                                                        (1 = 0.6%) {73.4%}
2770  ... 
2841  -O                                                                        (1 = 0.6%) {74.0%}
2842  ... 
2903  -O                                                                        (1 = 0.6%) {74.6%}
2904  -O                                                                        (1 = 0.6%) {75.1%}
2905  ... 
2927  -O                                                                        (1 = 0.6%) {75.7%}
2928  ... 
2935  -O                                                                        (1 = 0.6%) {76.3%}
2936  ... 
3004  -O                                                                        (1 = 0.6%) {76.9%}
3005  ... 
3019  -O                                                                        (1 = 0.6%) {77.5%}
3020  -O                                                                        (1 = 0.6%) {78.0%}
3021  ... 
3028  -O                                                                        (1 = 0.6%) {78.6%}
3029  ... 
3066  -O                                                                        (1 = 0.6%) {79.2%}
3067  ... 
3157  -O                                                                        (1 = 0.6%) {79.8%}
3158  ... 
3198  -O                                                                        (1 = 0.6%) {80.3%}
3199  ... 
3254  -O                                                                        (1 = 0.6%) {80.9%}
3255  ... 
3275  -O                                                                        (1 = 0.6%) {81.5%}
3276  ... 
3279  -O                                                                        (1 = 0.6%) {82.1%}
3280  ... 
3307  -O                                                                        (1 = 0.6%) {82.7%}
3308  -O                                                                        (1 = 0.6%) {83.2%}
3309  ... 
3349  -O                                                                        (1 = 0.6%) {83.8%}
3350  ... 
3359  -O                                                                        (1 = 0.6%) {84.4%}
3360  ... 
3409  -O                                                                        (1 = 0.6%) {85.0%}
3410  ... 
3444  -O                                                                        (1 = 0.6%) {85.5%}
3445  ... 
3698  -O                                                                        (1 = 0.6%) {86.1%}
3699  ... 
3789  -O                                                                        (1 = 0.6%) {86.7%}
3790  -O                                                                        (1 = 0.6%) {87.3%}
3791  ... 
3803  -O                                                                        (1 = 0.6%) {87.9%}
3804  ... 
3870  -O                                                                        (1 = 0.6%) {88.4%}
3871  ... 
3973  -O                                                                        (1 = 0.6%) {89.0%}
3974  ... 
4007  -O                                                                        (1 = 0.6%) {89.6%}
4008  ... 
4113  -O                                                                        (1 = 0.6%) {90.2%}
4114  ... 
4161  -O                                                                        (1 = 0.6%) {90.8%}
4162  ... 
4177  -O                                                                        (1 = 0.6%) {91.3%}
4178  ... 
4194  -O                                                                        (1 = 0.6%) {91.9%}
4195  O                                                                         (0 = 0.0%) {92.5%}
4196  -O                                                                        (1 = 0.6%) {92.5%}
4197  ... 
4240  -O                                                                        (1 = 0.6%) {93.1%}
4241  O                                                                         (0 = 0.0%) {93.6%}
4242  -O                                                                        (1 = 0.6%) {93.6%}
4243  ... 
4307  -O                                                                        (1 = 0.6%) {94.2%}
4308  ... 
4317  -O                                                                        (1 = 0.6%) {94.8%}
4318  ... 
4372  -O                                                                        (1 = 0.6%) {95.4%}
4373  ... 
4379  -O                                                                        (1 = 0.6%) {96.0%}
4380  ... 
4419  -O                                                                        (1 = 0.6%) {96.5%}
4420  ... 
4561  -O                                                                        (1 = 0.6%) {97.1%}
4562  ... 
4673  -O                                                                        (1 = 0.6%) {97.7%}
4674  ... 
4743  -O                                                                        (1 = 0.6%) {98.3%}
4744  ... 
4961  -O                                                                        (1 = 0.6%) {98.8%}
4962  ... 
4994  -O                                                                        (1 = 0.6%) {99.4%}
4995  ... 

Histogram: Blink.UseCounter.PermissionsPolicy.Allow2 recorded 0 samples (flags = 0x41)
0 ... 

Histogram: Blink.UseCounter.PermissionsPolicy.Header2 recorded 0 samples (flags = 0x41)
0 ... 

Histogram: Blink.UseCounter.PermissionsPolicy.Violation.Enforce recorded 0 samples (flags = 0x41)
0 ... 

Histogram: Blink.UseCounter.WebDXFeatures recorded 15 samples, mean = 37.7 (flags = 0x41)
0   ... 
5   -O                                                                        (1 = 6.7%) {0.0%}
6   ... 
8   -O                                                                        (1 = 6.7%) {6.7%}
9   -O                                                                        (1 = 6.7%) {13.3%}
10  O                                                                         (0 = 0.0%) {20.0%}
11  -O                                                                        (1 = 6.7%) {20.0%}
12  ... 
27  -O                                                                        (1 = 6.7%) {26.7%}
28  -O                                                                        (1 = 6.7%) {33.3%}
29  -O                                                                        (1 = 6.7%) {40.0%}
30  ... 
38  -O                                                                        (1 = 6.7%) {46.7%}
39  -O                                                                        (1 = 6.7%) {53.3%}
40  ... 
45  -O                                                                        (1 = 6.7%) {60.0%}
46  -O                                                                        (1 = 6.7%) {66.7%}
47  ... 
58  -O                                                                        (1 = 6.7%) {73.3%}
59  ... 
68  -O                                                                        (1 = 6.7%) {80.0%}
69  ... 
71  -O                                                                        (1 = 6.7%) {86.7%}
72  ... 
83  -O                                                                        (1 = 6.7%) {93.3%}
84  ... 

Histogram: Blink.UserDrivenDocumentUpdate.UpdateTime.PreFCP recorded 1 samples, mean = 49.0 (flags = 0x41)
0   ... 
40  -O                                                                        (1 = 100.0%) {0.0%}
55  ... 

Histogram: Bookmarks.BookmarkBar.Shown recorded 1 samples, mean = 0.0 (flags = 0x41)
0  -O                                                                        (1 = 100.0%)
1  ... 

Histogram: Bookmarks.Count.OnProfileLoad3 recorded 1 samples, mean = 0.0 (flags = 0x41)
0  -O                                                                        (1 = 100.0%)
1  ... 

Histogram: Bookmarks.Storage.TimeToLoadAtStartup2 recorded 1 samples, mean = 5595.0 (flags = 0x41)
0     ... 
5017  -O                                                                        (1 = 100.0%) {0.0%}
5961  ... 

Histogram: Bookmarks.Times.OnProfileLoad.TimeSinceAdded3 recorded 1 samples, mean = 0.0 (flags = 0x41)
0  -O                                                                        (1 = 100.0%)
1  ... 

Histogram: Bookmarks.Utilization.OnProfileLoad.PercentageUsed recorded 1 samples, mean = 0.0 (flags = 0x41)
0  -O                                                                        (1 = 100.0%)
1  ... 

Histogram: Bookmarks.Utilization.OnProfileLoad.TotalUnused recorded 1 samples, mean = 0.0 (flags = 0x41)
0  -O                                                                        (1 = 100.0%)
1  ... 

Histogram: Bookmarks.Utilization.OnProfileLoad.TotalUsed recorded 1 samples, mean = 0.0 (flags = 0x41)
0  -O                                                                        (1 = 100.0%)
1  ... 

Histogram: BrotliFilter.CompressionPercent recorded 33 samples, mean = 35.6 (flags = 0x41)
0    ... 
10   -O                                                                        (1 = 3.0%) {0.0%}
11   ---O                                                                      (3 = 9.1%) {3.0%}
12   -O                                                                        (1 = 3.0%) {12.1%}
13   O                                                                         (0 = 0.0%) {15.2%}
14   -O                                                                        (1 = 3.0%) {15.2%}
15   O                                                                         (0 = 0.0%) {18.2%}
16   -O                                                                        (1 = 3.0%) {18.2%}
17   O                                                                         (0 = 0.0%) {21.2%}
18   -O                                                                        (1 = 3.0%) {21.2%}
19   ... 
22   -O                                                                        (1 = 3.0%) {24.2%}
23   -O                                                                        (1 = 3.0%) {27.3%}
24   -O                                                                        (1 = 3.0%) {30.3%}
25   -O                                                                        (1 = 3.0%) {33.3%}
26   -O                                                                        (1 = 3.0%) {36.4%}
27   O                                                                         (0 = 0.0%) {39.4%}
28   -O                                                                        (1 = 3.0%) {39.4%}
29   ---O                                                                      (3 = 9.1%) {42.4%}
30   --O                                                                       (2 = 6.1%) {51.5%}
31   O                                                                         (0 = 0.0%) {57.6%}
32   --O                                                                       (2 = 6.1%) {57.6%}
33   O                                                                         (0 = 0.0%) {63.6%}
34   -O                                                                        (1 = 3.0%) {63.6%}
35   ... 
38   --O                                                                       (2 = 6.1%) {66.7%}
39   -O                                                                        (1 = 3.0%) {72.7%}
40   ... 
43   --O                                                                       (2 = 6.1%) {75.8%}
44   -O                                                                        (1 = 3.0%) {81.8%}
45   ... 
47   --O                                                                       (2 = 6.1%) {84.8%}
48   ... 
84   -O                                                                        (1 = 3.0%) {90.9%}
85   ... 
101  --O                                                                       (2 = 6.1%) {93.9%}

Histogram: BrotliFilter.Status recorded 33 samples, mean = 1.0 (flags = 0x41)
0  O                                                                         (0 = 0.0%)
1  ---------------------------------O                                        (33 = 100.0%) {0.0%}
2  ... 

Histogram: BrotliFilter.UsedMemoryKB recorded 33 samples, mean = 218.0 (flags = 0x41)
0    ... 
16   --O                                                                       (2 = 6.1%) {0.0%}
20   O                                                                         (0 = 0.0%) {6.1%}
25   ---O                                                                      (3 = 9.1%) {6.1%}
31   ------O                                                                   (6 = 18.2%) {15.2%}
39   O                                                                         (0 = 0.0%) {33.3%}
49   --O                                                                       (2 = 6.1%) {33.3%}
61   -O                                                                        (1 = 3.0%) {39.4%}
76   ---O                                                                      (3 = 9.1%) {42.4%}
95   O                                                                         (0 = 0.0%) {51.5%}
119  ----O                                                                     (4 = 12.1%) {51.5%}
149  O                                                                         (0 = 0.0%) {63.6%}
187  -O                                                                        (1 = 3.0%) {63.6%}
234  -O                                                                        (1 = 3.0%) {66.7%}
293  O                                                                         (0 = 0.0%) {69.7%}
367  ------O                                                                   (6 = 18.2%) {69.7%}
460  O                                                                         (0 = 0.0%) {87.9%}
576  -O                                                                        (1 = 3.0%) {87.9%}
722  ---O                                                                      (3 = 9.1%) {90.9%}
905  ... 

Histogram: Browser.ERP.RequestPayloadSizePerHour recorded 2 samples, mean = 0.0 (flags = 0x41)
0  --O                                                                       (2 = 100.0%)
1  ... 

Histogram: Browser.ERP.ResponsePayloadSizePerHour recorded 2 samples, mean = 0.0 (flags = 0x41)
0  --O                                                                       (2 = 100.0%)
1  ... 

Histogram: Browser.MainThreadsCongestion.RunningOnly recorded 271 samples, mean = 0.0 (flags = 0x41)
0  ------------------------------------------------------------------------O (271 = 100.0%)
1  ... 

Histogram: Browser.MainThreadsCongestion.RunningOnly.Initial recorded 1 samples, mean = 0.0 (flags = 0x41)
0  -O                                                                        (1 = 100.0%)
1  ... 

Histogram: Browser.Responsiveness.IOJanksTotalPerMinute recorded 135 samples, mean = 0.0 (flags = 0x41)
0  ------------------------------------------------------------------------O (135 = 100.0%)
1  ... 

Histogram: Browser.Responsiveness.IOJankyIntervalsPerMinute recorded 135 samples, mean = 0.0 (flags = 0x41)
0  ------------------------------------------------------------------------O (135 = 100.0%)
1  ... 

Histogram: BrowserRenderProcessHost.Cleanup.DelayReason recorded 12 samples, mean = 6.8 (flags = 0x41)
0  ---O                                                                      (3 = 25.0%)
1  ... 
9  ---------O                                                                (9 = 75.0%) {25.0%}
10 ... 

Histogram: BrowserRenderProcessHost.Cleanup.Total recorded 12 samples, mean = 1.0 (flags = 0x41)
0  O                                                                         (0 = 0.0%)
1  ------------O                                                             (12 = 100.0%) {0.0%}
2  O                                                                         (0 = 0.0%) {100.0%}

Histogram: BrowserRenderProcessHost.ExistingRendererIsInitializedAndNotDead recorded 1 samples, mean = 1.0 (flags = 0x41)
0  O                                                                         (0 = 0.0%)
1  -O                                                                        (1 = 100.0%) {0.0%}
2  O                                                                         (0 = 0.0%) {100.0%}

Histogram: BrowserRenderProcessHost.SpareProcessEvictedOtherSpare recorded 2 samples, mean = 0.0 (flags = 0x41)
0  --O                                                                       (2 = 100.0%)
1  ... 

Histogram: BrowserRenderProcessHost.SpareProcessMaybeTakeAction recorded 2 samples, mean = 2.0 (flags = 0x41)
0  -O                                                                        (1 = 50.0%)
1  ... 
4  -O                                                                        (1 = 50.0%) {50.0%}
5  ... 

Histogram: BrowserRenderProcessHost.SpareProcessStartupTime recorded 2 samples, mean = 5560.0 (flags = 0x41)
0      ... 
894    -O                                                                        (1 = 50.0%) {0.0%}
1062   ... 
10000  -O                                                                        (1 = 50.0%) {50.0%}

Histogram: BrowserSwitcher.ExternalGreylistSize recorded 1 samples, mean = 0.0 (flags = 0x41)
0  -O                                                                        (1 = 100.0%)
1  ... 

Histogram: BrowserSwitcher.ExternalSitelistSize recorded 1 samples, mean = 0.0 (flags = 0x41)
0  -O                                                                        (1 = 100.0%)
1  ... 

Histogram: BrowserSwitcher.IeemSitelistSize recorded 1 samples, mean = 0.0 (flags = 0x41)
0  -O                                                                        (1 = 100.0%)
1  ... 

Histogram: BrowsingTopics.BrowsingTopicsState.LoadFinishStatus recorded 1 samples, mean = 1.0 (flags = 0x41)
0  O                                                                         (0 = 0.0%)
1  -O                                                                        (1 = 100.0%) {0.0%}
2  O                                                                         (0 = 0.0%) {100.0%}

Histogram: BrowsingTopics.SiteDataStorage.FileSize.KB recorded 1 samples, mean = 28.0 (flags = 0x41)
0   ... 
28  -O                                                                        (1 = 100.0%) {0.0%}
37  ... 

Histogram: BrowsingTopics.SiteDataStorage.InitStatus recorded 1 samples, mean = 1.0 (flags = 0x41)
0  O                                                                         (0 = 0.0%)
1  -O                                                                        (1 = 100.0%) {0.0%}
2  O                                                                         (0 = 0.0%) {100.0%}

Histogram: CPU.Experimental.CpuEstimationTaskMigrated recorded 27 samples, mean = 0.1 (flags = 0x41)
0  ------------------------O                                                 (24 = 88.9%)
1  ---O                                                                      (3 = 11.1%) {88.9%}
2  O                                                                         (0 = 0.0%) {100.0%}

Histogram: CPU.Experimental.CpuEstimationTaskQueuedTime.Performance recorded 27 samples, mean = 32.0 (flags = 0x41)
0    ... 
9    -O                                                                        (1 = 3.7%) {0.0%}
12   ---O                                                                      (3 = 11.1%) {3.7%}
16   ------O                                                                   (6 = 22.2%) {14.8%}
21   --O                                                                       (2 = 7.4%) {37.0%}
28   ------O                                                                   (6 = 22.2%) {44.4%}
37   --------O                                                                 (8 = 29.6%) {66.7%}
49   ... 
113  -O                                                                        (1 = 3.7%) {96.3%}
149  ... 

Histogram: CPU.Experimental.CpuEstimationTaskThreadTime.Performance recorded 27 samples, mean = 209.9 (flags = 0x41)
0    ... 
113  ---------O                                                                (9 = 33.3%) {0.0%}
149  ---O                                                                      (3 = 11.1%) {33.3%}
196  ---------O                                                                (9 = 33.3%) {44.4%}
258  ---O                                                                      (3 = 11.1%) {77.8%}
340  ---O                                                                      (3 = 11.1%) {88.9%}
448  ... 

Histogram: CPU.Experimental.CpuEstimationTaskTotalTime.Performance recorded 27 samples, mean = 248.1 (flags = 0x41)
0    ... 
149  -----------O                                                              (11 = 40.7%) {0.0%}
196  -------O                                                                  (7 = 25.9%) {40.7%}
258  ----O                                                                     (4 = 14.8%) {66.7%}
340  -----O                                                                    (5 = 18.5%) {81.5%}
448  ... 

Histogram: CPU.Experimental.CpuEstimationTaskWallTime.Performance recorded 27 samples, mean = 216.1 (flags = 0x41)
0    ... 
113  --------O                                                                 (8 = 29.6%) {0.0%}
149  ---O                                                                      (3 = 11.1%) {29.6%}
196  ---------O                                                                (9 = 33.3%) {40.7%}
258  ----O                                                                     (4 = 14.8%) {74.1%}
340  ---O                                                                      (3 = 11.1%) {88.9%}
448  ... 

Histogram: CPU.Experimental.CpuEstimationThreadTimePercent.Performance recorded 27 samples, mean = 96.7 (flags = 0x41)
0   ... 
85  -O                                                                        (1 = 3.7%) {0.0%}
86  O                                                                         (0 = 0.0%) {3.7%}
87  -O                                                                        (1 = 3.7%) {3.7%}
88  ... 
92  -O                                                                        (1 = 3.7%) {7.4%}
93  O                                                                         (0 = 0.0%) {11.1%}
94  -O                                                                        (1 = 3.7%) {11.1%}
95  ... 
97  ---O                                                                      (3 = 11.1%) {14.8%}
98  ------------------O                                                       (18 = 66.7%) {25.9%}
99  --O                                                                       (2 = 7.4%) {92.6%}
100 ... 

Histogram: CPU.Experimental.EstimatedFrequencyAsPercentOfLimit.Performance recorded 24 samples, mean = 131.2 (flags = 0x41)
0    ... 
64   -O                                                                        (1 = 4.2%) {0.0%}
65   ... 
69   -O                                                                        (1 = 4.2%) {4.2%}
70   ... 
72   -O                                                                        (1 = 4.2%) {8.3%}
73   ... 
83   -O                                                                        (1 = 4.2%) {12.5%}
84   ... 
95   -O                                                                        (1 = 4.2%) {16.7%}
96   ... 
98   --O                                                                       (2 = 8.3%) {20.8%}
99   ... 
101  -----------------O                                                        (17 = 70.8%) {29.2%}

Histogram: CPU.Experimental.EstimatedFrequencyAsPercentOfMax.Performance recorded 24 samples, mean = 131.2 (flags = 0x41)
0    ... 
64   -O                                                                        (1 = 4.2%) {0.0%}
65   ... 
69   -O                                                                        (1 = 4.2%) {4.2%}
70   ... 
72   -O                                                                        (1 = 4.2%) {8.3%}
73   ... 
83   -O                                                                        (1 = 4.2%) {12.5%}
84   ... 
95   -O                                                                        (1 = 4.2%) {16.7%}
96   ... 
98   --O                                                                       (2 = 8.3%) {20.8%}
99   ... 
101  -----------------O                                                        (17 = 70.8%) {29.2%}

Histogram: CertificateType2.BR.Intermediate.ECDSA recorded 5 samples, mean = 307.2 (flags = 0x41)
0    ... 
256  ---O                                                                      (3 = 60.0%) {0.0%}
257  ... 
384  --O                                                                       (2 = 40.0%) {60.0%}
385  ... 

Histogram: CertificateType2.BR.Intermediate.RSA recorded 4 samples, mean = 2048.0 (flags = 0x41)
0     ... 
2048  ----O                                                                     (4 = 100.0%) {0.0%}
2049  ... 

Histogram: CertificateType2.BR.Leaf.ECDSA recorded 6 samples, mean = 256.0 (flags = 0x41)
0    ... 
256  ------O                                                                   (6 = 100.0%) {0.0%}
257  ... 

Histogram: CertificateType2.BR.Leaf.RSA recorded 2 samples, mean = 2048.0 (flags = 0x41)
0     ... 
2048  --O                                                                       (2 = 100.0%) {0.0%}
2049  ... 

Histogram: CertificateType2.BR.Root.ECDSA recorded 4 samples, mean = 384.0 (flags = 0x41)
0    ... 
384  ----O                                                                     (4 = 100.0%) {0.0%}
385  ... 

Histogram: CertificateType2.BR.Root.RSA recorded 4 samples, mean = 3072.0 (flags = 0x41)
0     ... 
2048  --O                                                                       (2 = 50.0%) {0.0%}
2049  ... 
4096  --O                                                                       (2 = 50.0%) {50.0%}
4097  ... 

Histogram: ChildProcess.Launched.UtilityProcessHash recorded 3 samples (flags = 0x41)
-2043041185 -O                                                                        (1 = 33.3%)
-1468742076 -O                                                                        (1 = 33.3%)
1411170475  -O                                                                        (1 = 33.3%)

Histogram: ChildProcess.ProcessLifetime.Utility recorded 3 samples, mean = 5420918.5 (flags = 0x41)
0        ... 
4        -O                                                                        (1 = 33.3%) {0.0%}
5        ... 
3600000  --O                                                                       (2 = 66.7%) {33.3%}

Histogram: Chrome.ProcessSingleton.NotifyResult recorded 1 samples, mean = 0.0 (flags = 0x41)
0  -O                                                                        (1 = 100.0%)
1  ... 

Histogram: Chrome.ProcessSingleton.TimeToCreate recorded 1 samples, mean = 1.0 (flags = 0x41)
0  -O                                                                        (1 = 100.0%)
10 ... 

Histogram: Chrome.SystemNetworkContextManager.NetworkSandboxState recorded 4 samples, mean = 0.0 (flags = 0x41)
0  ----O                                                                     (4 = 100.0%)
1  ... 

Histogram: ChromeElf.Beacon.RetryAttemptsBeforeSuccess recorded 1 samples, mean = 0.0 (flags = 0x41)
0  -O                                                                        (1 = 100.0%)
1  ... 

Histogram: ChromeElf.Beacon.SetupStatus recorded 1 samples, mean = 1.0 (flags = 0x41)
0  O                                                                         (0 = 0.0%)
1  -O                                                                        (1 = 100.0%) {0.0%}
2  ... 

Histogram: ChromeElf.ExtensionPoint.EnableState recorded 1 samples, mean = 1.0 (flags = 0x41)
0  O                                                                         (0 = 0.0%)
1  -O                                                                        (1 = 100.0%) {0.0%}
2  O                                                                         (0 = 0.0%) {100.0%}

Histogram: ClientHints.CriticalCHRestart recorded 1 samples, mean = 0.0 (flags = 0x41)
0  -O                                                                        (1 = 100.0%)
1  ... 

Histogram: ClientHints.FetchLatency_PrefRead recorded 5 samples, mean = 12.6 (flags = 0x41)
0   ... 
2   -O                                                                        (1 = 20.0%) {0.0%}
3   -O                                                                        (1 = 20.0%) {20.0%}
4   --O                                                                       (2 = 40.0%) {40.0%}
6   ... 
40  -O                                                                        (1 = 20.0%) {80.0%}
55  ... 

Histogram: ClientHints.FetchLatency_PrerenderHost recorded 5 samples, mean = 1.2 (flags = 0x41)
0  ---O                                                                      (3 = 60.0%)
1  -O                                                                        (1 = 20.0%) {60.0%}
2  ... 
4  -O                                                                        (1 = 20.0%) {80.0%}
6  ... 

Histogram: ClientHints.FetchLatency_Total recorded 5 samples, mean = 13.8 (flags = 0x41)
0   ... 
3   --O                                                                       (2 = 40.0%) {0.0%}
4   --O                                                                       (2 = 40.0%) {40.0%}
6   ... 
55  -O                                                                        (1 = 20.0%) {80.0%}
76  ... 

Histogram: Compositing.Browser.CompositorFrame.Quads recorded 3 samples, mean = 1.0 (flags = 0x41)
0  O                                                                         (0 = 0.0%)
1  ---O                                                                      (3 = 100.0%) {0.0%}
2  ... 

Histogram: Compositing.Browser.LayerTreeImpl.CalculateDrawPropertiesUs recorded 3 samples, mean = 41.3 (flags = 0x41)
0   ... 
12  --O                                                                       (2 = 66.7%) {0.0%}
16  ... 
86  -O                                                                        (1 = 33.3%) {66.7%}
113 ... 

Histogram: Compositing.Browser.LayersUpdateTime recorded 3 samples, mean = 78.0 (flags = 0x41)
0    ... 
8    -O                                                                        (1 = 33.3%) {0.0%}
11   ... 
40   -O                                                                        (1 = 33.3%) {33.3%}
55   ... 
146  -O                                                                        (1 = 33.3%) {66.7%}
203  ... 

Histogram: Compositing.ColorGamut recorded 5 samples, mean = 0.0 (flags = 0x41)
0  -----O                                                                    (5 = 100.0%)
1  ... 

Histogram: Compositing.DidMainThreadBlockDuringCommit recorded 9 samples, mean = 0.1 (flags = 0x41)
0  --------O                                                                 (8 = 88.9%)
1  -O                                                                        (1 = 11.1%) {88.9%}
2  O                                                                         (0 = 0.0%) {100.0%}

Histogram: Compositing.DirectRenderer.OverlayProcessingUs recorded 5 samples, mean = 0.2 (flags = 0x41)
0  -----O                                                                    (5 = 100.0%)
5  ... 

Histogram: Compositing.DirectRenderer.PartialSwap.ExtraDamage recorded 5 samples, mean = 0.0 (flags = 0x41)
0  -----O                                                                    (5 = 100.0%)
1  ... 

Histogram: Compositing.DirectRenderer.PartialSwap.FrameBufferDamage recorded 5 samples, mean = 0.0 (flags = 0x41)
0  -----O                                                                    (5 = 100.0%)
1  ... 

Histogram: Compositing.DirectRenderer.PartialSwap.RootDamage recorded 5 samples, mean = 100.0 (flags = 0x41)
0    ... 
100  -----O                                                                    (5 = 100.0%) {0.0%}
101  O                                                                         (0 = 0.0%) {100.0%}

Histogram: Compositing.DirectRenderer.PartialSwap.TotalDamage recorded 5 samples, mean = 100.0 (flags = 0x41)
0    ... 
100  -----O                                                                    (5 = 100.0%) {0.0%}
101  O                                                                         (0 = 0.0%) {100.0%}

Histogram: Compositing.DirectRenderer.SkipAllNonRootRenderPassesPerFrame recorded 3 samples, mean = 0.0 (flags = 0x41)
0  ---O                                                                      (3 = 100.0%)
1  ... 

Histogram: Compositing.DirectRenderer.SkipNonRootRenderPass recorded 3 samples, mean = 0.0 (flags = 0x41)
0  ---O                                                                      (3 = 100.0%)
1  ... 

Histogram: Compositing.DirectRenderer.TotalPixelsRendered recorded 5 samples, mean = 6.4 (flags = 0x41)
0  ... 
4  --O                                                                       (2 = 40.0%) {0.0%}
6  ---O                                                                      (3 = 60.0%) {40.0%}
9  ... 

Histogram: Compositing.Display.Draw.Occlusion.Calculation.Time recorded 5 samples, mean = 9.4 (flags = 0x41)
0   ... 
3   -O                                                                        (1 = 20.0%) {0.0%}
4   O                                                                         (0 = 0.0%) {20.0%}
5   -O                                                                        (1 = 20.0%) {20.0%}
6   ... 
8   -O                                                                        (1 = 20.0%) {40.0%}
9   ... 
14  -O                                                                        (1 = 20.0%) {60.0%}
16  -O                                                                        (1 = 20.0%) {80.0%}
18  ... 

Histogram: Compositing.Display.Draw.Quads recorded 5 samples, mean = 2.2 (flags = 0x41)
0  O                                                                         (0 = 0.0%)
1  --O                                                                       (2 = 40.0%) {0.0%}
2  O                                                                         (0 = 0.0%) {40.0%}
3  ---O                                                                      (3 = 60.0%) {40.0%}
4  ... 

Histogram: Compositing.Display.DrawToSwapUs recorded 5 samples, mean = 6047.2 (flags = 0x41)
0      ... 
333    -O                                                                        (1 = 20.0%) {0.0%}
404    ... 
873    -O                                                                        (1 = 20.0%) {20.0%}
1059   ... 
2289   -O                                                                        (1 = 20.0%) {40.0%}
2776   ... 
7277   -O                                                                        (1 = 20.0%) {60.0%}
8824   ... 
15732  -O                                                                        (1 = 20.0%) {80.0%}
19076  ... 

Histogram: Compositing.Display.FlattenedRenderPassCount recorded 5 samples, mean = 1.6 (flags = 0x41)
0  O                                                                         (0 = 0.0%)
1  --O                                                                       (2 = 40.0%) {0.0%}
2  ---O                                                                      (3 = 60.0%) {40.0%}
3  ... 

Histogram: Compositing.Display.PendingSwaps recorded 5 samples, mean = 1.0 (flags = 0x41)
0  O                                                                         (0 = 0.0%)
1  -----O                                                                    (5 = 100.0%) {0.0%}
2  ... 

Histogram: Compositing.Display.VizDependencyResolvedToGpuStartedDrawUs recorded 5 samples, mean = 303.0 (flags = 0x41)
0     ... 
27    -O                                                                        (1 = 20.0%) {0.0%}
33    O                                                                         (0 = 0.0%) {20.0%}
40    -O                                                                        (1 = 20.0%) {20.0%}
49    -O                                                                        (1 = 20.0%) {40.0%}
59    O                                                                         (0 = 0.0%) {60.0%}
72    -O                                                                        (1 = 20.0%) {60.0%}
87    ... 
1284  -O                                                                        (1 = 20.0%) {80.0%}
1557  ... 

Histogram: Compositing.Display.VizScheduledDrawToDependencyResolvedUs recorded 5 samples, mean = 4.2 (flags = 0x41)
0   ----O                                                                     (4 = 80.0%)
5   ... 
12  -O                                                                        (1 = 20.0%) {80.0%}
15  ... 

Histogram: Compositing.Display.VizScheduledDrawToGpuStartedDrawUs recorded 5 samples, mean = 307.2 (flags = 0x41)
0     ... 
27    -O                                                                        (1 = 20.0%) {0.0%}
33    O                                                                         (0 = 0.0%) {20.0%}
40    -O                                                                        (1 = 20.0%) {20.0%}
49    O                                                                         (0 = 0.0%) {40.0%}
59    -O                                                                        (1 = 20.0%) {40.0%}
72    -O                                                                        (1 = 20.0%) {60.0%}
87    ... 
1284  -O                                                                        (1 = 20.0%) {80.0%}
1557  ... 

Histogram: Compositing.MainThreadBlockedDuringCommitTime recorded 1 samples, mean = 6.0 (flags = 0x41)
0  ... 
6  -O                                                                        (1 = 100.0%) {0.0%}
8  ... 

Histogram: Compositing.Renderer.CompositorFrame.Quads recorded 2 samples, mean = 2.0 (flags = 0x41)
0  ... 
2  --O                                                                       (2 = 100.0%) {0.0%}
3  ... 

Histogram: Compositing.Renderer.LayersUpdateTime recorded 6 samples, mean = 27.0 (flags = 0x41)
0   ... 
8   -O                                                                        (1 = 16.7%) {0.0%}
11  --O                                                                       (2 = 33.3%) {16.7%}
15  -O                                                                        (1 = 16.7%) {50.0%}
21  -O                                                                        (1 = 16.7%) {66.7%}
29  ... 
76  -O                                                                        (1 = 16.7%) {83.3%}
105 ... 

Histogram: Compositing.Renderer.NumRenderSurfaces recorded 10 samples, mean = 1.0 (flags = 0x41)
0  O                                                                         (0 = 0.0%)
1  ----------O                                                               (10 = 100.0%) {0.0%}
2  ... 

Histogram: Compositing.SurfaceAggregator.AggregateUs recorded 5 samples, mean = 8610.6 (flags = 0x41)
0      ... 
37     -O                                                                        (1 = 20.0%) {0.0%}
49     O                                                                         (0 = 0.0%) {20.0%}
65     -O                                                                        (1 = 20.0%) {20.0%}
86     ... 
149    -O                                                                        (1 = 20.0%) {40.0%}
196    ... 
448    -O                                                                        (1 = 20.0%) {60.0%}
590    ... 
36699  -O                                                                        (1 = 20.0%) {80.0%}
48336  ... 

Histogram: Compositing.SurfaceAggregator.CopiedSurfaceCount recorded 5 samples, mean = 1.6 (flags = 0x41)
0  O                                                                         (0 = 0.0%)
1  --O                                                                       (2 = 40.0%) {0.0%}
2  ---O                                                                      (3 = 60.0%) {40.0%}
3  ... 

Histogram: Compositing.SurfaceAggregator.CopyUs recorded 5 samples, mean = 16.8 (flags = 0x41)
0   ... 
13  --O                                                                       (2 = 40.0%) {0.0%}
15  --O                                                                       (2 = 40.0%) {40.0%}
18  ... 
25  -O                                                                        (1 = 20.0%) {80.0%}
29  ... 

Histogram: Compositing.SurfaceAggregator.HasCopyRequestsPerFrame recorded 5 samples, mean = 0.4 (flags = 0x41)
0  ---O                                                                      (3 = 60.0%)
1  --O                                                                       (2 = 40.0%) {60.0%}
2  O                                                                         (0 = 0.0%) {100.0%}

Histogram: Compositing.SurfaceAggregator.HasPixelMovingBackdropFiltersPerFrame recorded 5 samples, mean = 0.0 (flags = 0x41)
0  -----O                                                                    (5 = 100.0%)
1  ... 

Histogram: Compositing.SurfaceAggregator.HasPixelMovingFiltersPerFrame recorded 5 samples, mean = 0.0 (flags = 0x41)
0  -----O                                                                    (5 = 100.0%)
1  ... 

Histogram: Compositing.SurfaceAggregator.HasUnembeddedRenderPassesPerFrame recorded 5 samples, mean = 0.0 (flags = 0x41)
0  -----O                                                                    (5 = 100.0%)
1  ... 

Histogram: Compositing.SurfaceAggregator.PrewalkUs recorded 5 samples, mean = 8567.8 (flags = 0x41)
0      ... 
21     -O                                                                        (1 = 20.0%) {0.0%}
25     ... 
40     -O                                                                        (1 = 20.0%) {20.0%}
47     O                                                                         (0 = 0.0%) {40.0%}
55     -O                                                                        (1 = 20.0%) {40.0%}
64     ... 
426    -O                                                                        (1 = 20.0%) {60.0%}
499    ... 
10000  -O                                                                        (1 = 20.0%) {80.0%}

Histogram: Compositing.SurfaceAggregator.PrewalkedSurfaceCount recorded 5 samples, mean = 1.6 (flags = 0x41)
0  O                                                                         (0 = 0.0%)
1  --O                                                                       (2 = 40.0%) {0.0%}
2  ---O                                                                      (3 = 60.0%) {40.0%}
3  ... 

Histogram: Compositing.SurfaceManager.MarkForDestructionToDestroy recorded 1 samples, mean = 269.0 (flags = 0x41)
0    ... 
268  -O                                                                        (1 = 100.0%) {0.0%}
318  ... 

Histogram: Compositing.TileManager.EnoughMemory.Browser recorded 1 samples, mean = 1.0 (flags = 0x41)
0  O                                                                         (0 = 0.0%)
1  -O                                                                        (1 = 100.0%) {0.0%}
2  O                                                                         (0 = 0.0%) {100.0%}

Histogram: Content.Classification.OpenGraph recorded 1 samples, mean = 4.0 (flags = 0x41)
0  ... 
4  -O                                                                        (1 = 100.0%) {0.0%}
5  ... 

Histogram: ContentSettings.AllowStorageAccessSync recorded 4 samples, mean = 0.0 (flags = 0x41)
0  ----O                                                                     (4 = 100.0%)
1  ... 

Histogram: ContentSettings.GetContentSetting.Network.Duration recorded 392 samples, mean = 0.7 (flags = 0x41)
0  ------------------------------------------------------------------------O (208 = 53.1%)
1  ---------------------------------------------------O                      (146 = 37.2%) {53.1%}
2  ---O                                                                      (10 = 2.6%) {90.3%}
3  ---O                                                                      (8 = 2.0%) {92.9%}
4  ----O                                                                     (11 = 2.8%) {94.9%}
5  --O                                                                       (6 = 1.5%) {97.7%}
7  O                                                                         (1 = 0.3%) {99.2%}
9  -O                                                                        (2 = 0.5%) {99.5%}
12 ... 

Histogram: ContentSettings.GetCookieSettingInternal.Duration recorded 119 samples, mean = 14.7 (flags = 0x41)
0    O                                                                         (0 = 0.0%)
1    -----------------O                                                        (17 = 14.3%) {0.0%}
2    -------------------------O                                                (25 = 21.0%) {14.3%}
3    ---------------------O                                                    (21 = 17.6%) {35.3%}
4    -------------O                                                            (13 = 10.9%) {52.9%}
5    ------O                                                                   (6 = 5.0%) {63.9%}
7    ------O                                                                   (6 = 5.0%) {68.9%}
9    ----------O                                                               (10 = 8.4%) {73.9%}
12   ------O                                                                   (6 = 5.0%) {82.4%}
16   -------O                                                                  (7 = 5.9%) {87.4%}
21   ----O                                                                     (4 = 3.4%) {93.3%}
28   ---O                                                                      (3 = 2.5%) {96.6%}
37   ... 
777  -O                                                                        (1 = 0.8%) {99.2%}
1023 ... 

Histogram: ContentSettings.NumberOfExceptions recorded 1 samples, mean = 3.0 (flags = 0x41)
0  ... 
3  -O                                                                        (1 = 100.0%) {0.0%}
4  ... 

Histogram: ContentSettings.Popups.StrongBlockerActions recorded 1 samples, mean = 0.0 (flags = 0x41)
0  -O                                                                        (1 = 100.0%)
1  ... 

Histogram: ContentSettings.RegularProfile.DefaultAutoVerifySetting recorded 1 samples, mean = 1.0 (flags = 0x41)
0  O                                                                         (0 = 0.0%)
1  -O                                                                        (1 = 100.0%) {0.0%}
2  ... 

Histogram: ContentSettings.RegularProfile.DefaultAutoplaySetting recorded 1 samples, mean = 1.0 (flags = 0x41)
0  O                                                                         (0 = 0.0%)
1  -O                                                                        (1 = 100.0%) {0.0%}
2  ... 

Histogram: ContentSettings.RegularProfile.DefaultBackgroundSyncSetting recorded 1 samples, mean = 1.0 (flags = 0x41)
0  O                                                                         (0 = 0.0%)
1  -O                                                                        (1 = 100.0%) {0.0%}
2  ... 

Histogram: ContentSettings.RegularProfile.DefaultCookiesSetting recorded 1 samples, mean = 1.0 (flags = 0x41)
0  O                                                                         (0 = 0.0%)
1  -O                                                                        (1 = 100.0%) {0.0%}
2  ... 

Histogram: ContentSettings.RegularProfile.DefaultIdleDetectionSetting recorded 1 samples, mean = 3.0 (flags = 0x41)
0  ... 
3  -O                                                                        (1 = 100.0%) {0.0%}
4  ... 

Histogram: ContentSettings.RegularProfile.DefaultImagesSetting recorded 1 samples, mean = 1.0 (flags = 0x41)
0  O                                                                         (0 = 0.0%)
1  -O                                                                        (1 = 100.0%) {0.0%}
2  ... 

Histogram: ContentSettings.RegularProfile.DefaultJavaScriptSetting recorded 1 samples, mean = 1.0 (flags = 0x41)
0  O                                                                         (0 = 0.0%)
1  -O                                                                        (1 = 100.0%) {0.0%}
2  ... 

Histogram: ContentSettings.RegularProfile.DefaultLocationSetting recorded 1 samples, mean = 3.0 (flags = 0x41)
0  ... 
3  -O                                                                        (1 = 100.0%) {0.0%}
4  ... 

Histogram: ContentSettings.RegularProfile.DefaultMIDISysExSetting recorded 1 samples, mean = 3.0 (flags = 0x41)
0  ... 
3  -O                                                                        (1 = 100.0%) {0.0%}
4  ... 

Histogram: ContentSettings.RegularProfile.DefaultMediaStreamCameraSetting recorded 1 samples, mean = 3.0 (flags = 0x41)
0  ... 
3  -O                                                                        (1 = 100.0%) {0.0%}
4  ... 

Histogram: ContentSettings.RegularProfile.DefaultMediaStreamMicSetting recorded 1 samples, mean = 3.0 (flags = 0x41)
0  ... 
3  -O                                                                        (1 = 100.0%) {0.0%}
4  ... 

Histogram: ContentSettings.RegularProfile.DefaultNotificationsSetting recorded 1 samples, mean = 3.0 (flags = 0x41)
0  ... 
3  -O                                                                        (1 = 100.0%) {0.0%}
4  ... 

Histogram: ContentSettings.RegularProfile.DefaultPopupsSetting recorded 1 samples, mean = 2.0 (flags = 0x41)
0  ... 
2  -O                                                                        (1 = 100.0%) {0.0%}
3  ... 

Histogram: ContentSettings.RegularProfile.DefaultSoundSetting recorded 1 samples, mean = 1.0 (flags = 0x41)
0  O                                                                         (0 = 0.0%)
1  -O                                                                        (1 = 100.0%) {0.0%}
2  ... 

Histogram: ContentSettings.RegularProfile.DefaultStorageAccessSetting recorded 1 samples, mean = 3.0 (flags = 0x41)
0  ... 
3  -O                                                                        (1 = 100.0%) {0.0%}
4  ... 

Histogram: ContentSettings.RegularProfile.DefaultSubresourceFilterSetting recorded 1 samples, mean = 2.0 (flags = 0x41)
0  ... 
2  -O                                                                        (1 = 100.0%) {0.0%}
3  ... 

Histogram: ContentSettings.RegularProfile.DefaultUsbGuardSetting recorded 1 samples, mean = 3.0 (flags = 0x41)
0  ... 
3  -O                                                                        (1 = 100.0%) {0.0%}
4  ... 

Histogram: ContentSettings.RegularProfile.DefaultWebBluetoothGuardSetting recorded 1 samples, mean = 3.0 (flags = 0x41)
0  ... 
3  -O                                                                        (1 = 100.0%) {0.0%}
4  ... 

Histogram: ContentSettings.RegularProfile.Exceptions.3pcd-heuristics-grants recorded 1 samples, mean = 0.0 (flags = 0x41)
0  -O                                                                        (1 = 100.0%)
1  ... 

Histogram: ContentSettings.RegularProfile.Exceptions.3pcd-support recorded 1 samples, mean = 0.0 (flags = 0x41)
0  -O                                                                        (1 = 100.0%)
1  ... 

Histogram: ContentSettings.RegularProfile.Exceptions.abusive-notification-permissions recorded 1 samples, mean = 0.0 (flags = 0x41)
0  -O                                                                        (1 = 100.0%)
1  ... 

Histogram: ContentSettings.RegularProfile.Exceptions.access-to-get-all-screens-media-in-session recorded 1 samples, mean = 0.0 (flags = 0x41)
0  -O                                                                        (1 = 100.0%)
1  ... 

Histogram: ContentSettings.RegularProfile.Exceptions.accessibility-events recorded 1 samples, mean = 0.0 (flags = 0x41)
0  -O                                                                        (1 = 100.0%)
1  ... 

Histogram: ContentSettings.RegularProfile.Exceptions.anti-abuse recorded 1 samples, mean = 0.0 (flags = 0x41)
0  -O                                                                        (1 = 100.0%)
1  ... 

Histogram: ContentSettings.RegularProfile.Exceptions.app-banner recorded 1 samples, mean = 0.0 (flags = 0x41)
0  -O                                                                        (1 = 100.0%)
1  ... 

Histogram: ContentSettings.RegularProfile.Exceptions.ar recorded 1 samples, mean = 0.0 (flags = 0x41)
0  -O                                                                        (1 = 100.0%)
1  ... 

Histogram: ContentSettings.RegularProfile.Exceptions.auto-picture-in-picture recorded 1 samples, mean = 0.0 (flags = 0x41)
0  -O                                                                        (1 = 100.0%)
1  ... 

Histogram: ContentSettings.RegularProfile.Exceptions.auto-select-certificate recorded 1 samples, mean = 0.0 (flags = 0x41)
0  -O                                                                        (1 = 100.0%)
1  ... 

Histogram: ContentSettings.RegularProfile.Exceptions.automatic-downloads recorded 1 samples, mean = 0.0 (flags = 0x41)
0  -O                                                                        (1 = 100.0%)
1  ... 

Histogram: ContentSettings.RegularProfile.Exceptions.automatic-fullscreen recorded 1 samples, mean = 0.0 (flags = 0x41)
0  -O                                                                        (1 = 100.0%)
1  ... 

Histogram: ContentSettings.RegularProfile.Exceptions.autoplay recorded 1 samples, mean = 0.0 (flags = 0x41)
0  -O                                                                        (1 = 100.0%)
1  ... 

Histogram: ContentSettings.RegularProfile.Exceptions.background-sync recorded 1 samples, mean = 0.0 (flags = 0x41)
0  -O                                                                        (1 = 100.0%)
1  ... 

Histogram: ContentSettings.RegularProfile.Exceptions.bluetooth-chooser-data recorded 1 samples, mean = 0.0 (flags = 0x41)
0  -O                                                                        (1 = 100.0%)
1  ... 

Histogram: ContentSettings.RegularProfile.Exceptions.bluetooth-guard recorded 1 samples, mean = 0.0 (flags = 0x41)
0  -O                                                                        (1 = 100.0%)
1  ... 

Histogram: ContentSettings.RegularProfile.Exceptions.bluetooth-scanning recorded 1 samples, mean = 0.0 (flags = 0x41)
0  -O                                                                        (1 = 100.0%)
1  ... 

Histogram: ContentSettings.RegularProfile.Exceptions.camera-pan-tilt-zoom recorded 1 samples, mean = 0.0 (flags = 0x41)
0  -O                                                                        (1 = 100.0%)
1  ... 

Histogram: ContentSettings.RegularProfile.Exceptions.captured-surface-control recorded 1 samples, mean = 0.0 (flags = 0x41)
0  -O                                                                        (1 = 100.0%)
1  ... 

Histogram: ContentSettings.RegularProfile.Exceptions.client-hints recorded 1 samples, mean = 0.0 (flags = 0x41)
0  -O                                                                        (1 = 100.0%)
1  ... 

Histogram: ContentSettings.RegularProfile.Exceptions.clipboard recorded 1 samples, mean = 0.0 (flags = 0x41)
0  -O                                                                        (1 = 100.0%)
1  ... 

Histogram: ContentSettings.RegularProfile.Exceptions.cookie-controls-metadata recorded 1 samples, mean = 0.0 (flags = 0x41)
0  -O                                                                        (1 = 100.0%)
1  ... 

Histogram: ContentSettings.RegularProfile.Exceptions.cookies recorded 1 samples, mean = 0.0 (flags = 0x41)
0  -O                                                                        (1 = 100.0%)
1  ... 

Histogram: ContentSettings.RegularProfile.Exceptions.cookies.Allow recorded 1 samples, mean = 0.0 (flags = 0x41)
0  -O                                                                        (1 = 100.0%)
1  ... 

Histogram: ContentSettings.RegularProfile.Exceptions.cookies.AllowThirdParty recorded 1 samples, mean = 0.0 (flags = 0x41)
0  -O                                                                        (1 = 100.0%)
1  ... 

Histogram: ContentSettings.RegularProfile.Exceptions.cookies.Block recorded 1 samples, mean = 0.0 (flags = 0x41)
0  -O                                                                        (1 = 100.0%)
1  ... 

Histogram: ContentSettings.RegularProfile.Exceptions.cookies.DomainWildcardAllowThirdParty recorded 1 samples, mean = 0.0 (flags = 0x41)
0  -O                                                                        (1 = 100.0%)
1  ... 

Histogram: ContentSettings.RegularProfile.Exceptions.cookies.SessionOnly recorded 1 samples, mean = 0.0 (flags = 0x41)
0  -O                                                                        (1 = 100.0%)
1  ... 

Histogram: ContentSettings.RegularProfile.Exceptions.cookies.TemporaryAllowThirdParty recorded 1 samples, mean = 0.0 (flags = 0x41)
0  -O                                                                        (1 = 100.0%)
1  ... 

Histogram: ContentSettings.RegularProfile.Exceptions.direct-sockets recorded 1 samples, mean = 0.0 (flags = 0x41)
0  -O                                                                        (1 = 100.0%)
1  ... 

Histogram: ContentSettings.RegularProfile.Exceptions.display-media-system-audio recorded 1 samples, mean = 0.0 (flags = 0x41)
0  -O                                                                        (1 = 100.0%)
1  ... 

Histogram: ContentSettings.RegularProfile.Exceptions.durable-storage recorded 1 samples, mean = 0.0 (flags = 0x41)
0  -O                                                                        (1 = 100.0%)
1  ... 

Histogram: ContentSettings.RegularProfile.Exceptions.fedcm-idp-registration recorded 1 samples, mean = 0.0 (flags = 0x41)
0  -O                                                                        (1 = 100.0%)
1  ... 

Histogram: ContentSettings.RegularProfile.Exceptions.fedcm-idp-signin recorded 1 samples, mean = 1.0 (flags = 0x41)
0  O                                                                         (0 = 0.0%)
1  -O                                                                        (1 = 100.0%) {0.0%}
2  ... 

Histogram: ContentSettings.RegularProfile.Exceptions.fedcm-share recorded 1 samples, mean = 0.0 (flags = 0x41)
0  -O                                                                        (1 = 100.0%)
1  ... 

Histogram: ContentSettings.RegularProfile.Exceptions.file-system-access-chooser-data recorded 1 samples, mean = 0.0 (flags = 0x41)
0  -O                                                                        (1 = 100.0%)
1  ... 

Histogram: ContentSettings.RegularProfile.Exceptions.file-system-access-extended-permission recorded 1 samples, mean = 0.0 (flags = 0x41)
0  -O                                                                        (1 = 100.0%)
1  ... 

Histogram: ContentSettings.RegularProfile.Exceptions.file-system-access-restore-permission recorded 1 samples, mean = 0.0 (flags = 0x41)
0  -O                                                                        (1 = 100.0%)
1  ... 

Histogram: ContentSettings.RegularProfile.Exceptions.file-system-last-picked-directory recorded 1 samples, mean = 0.0 (flags = 0x41)
0  -O                                                                        (1 = 100.0%)
1  ... 

Histogram: ContentSettings.RegularProfile.Exceptions.file-system-read-guard recorded 1 samples, mean = 0.0 (flags = 0x41)
0  -O                                                                        (1 = 100.0%)
1  ... 

Histogram: ContentSettings.RegularProfile.Exceptions.file-system-write-guard recorded 1 samples, mean = 0.0 (flags = 0x41)
0  -O                                                                        (1 = 100.0%)
1  ... 

Histogram: ContentSettings.RegularProfile.Exceptions.formfill-metadata recorded 1 samples, mean = 0.0 (flags = 0x41)
0  -O                                                                        (1 = 100.0%)
1  ... 

Histogram: ContentSettings.RegularProfile.Exceptions.geolocation recorded 1 samples, mean = 0.0 (flags = 0x41)
0  -O                                                                        (1 = 100.0%)
1  ... 

Histogram: ContentSettings.RegularProfile.Exceptions.hid-chooser-data recorded 1 samples, mean = 0.0 (flags = 0x41)
0  -O                                                                        (1 = 100.0%)
1  ... 

Histogram: ContentSettings.RegularProfile.Exceptions.hid-guard recorded 1 samples, mean = 0.0 (flags = 0x41)
0  -O                                                                        (1 = 100.0%)
1  ... 

Histogram: ContentSettings.RegularProfile.Exceptions.http-allowed recorded 1 samples, mean = 0.0 (flags = 0x41)
0  -O                                                                        (1 = 100.0%)
1  ... 

Histogram: ContentSettings.RegularProfile.Exceptions.https-enforced recorded 1 samples, mean = 0.0 (flags = 0x41)
0  -O                                                                        (1 = 100.0%)
1  ... 

Histogram: ContentSettings.RegularProfile.Exceptions.idle-detection recorded 1 samples, mean = 0.0 (flags = 0x41)
0  -O                                                                        (1 = 100.0%)
1  ... 

Histogram: ContentSettings.RegularProfile.Exceptions.images recorded 1 samples, mean = 0.0 (flags = 0x41)
0  -O                                                                        (1 = 100.0%)
1  ... 

Histogram: ContentSettings.RegularProfile.Exceptions.important-site-info recorded 1 samples, mean = 0.0 (flags = 0x41)
0  -O                                                                        (1 = 100.0%)
1  ... 

Histogram: ContentSettings.RegularProfile.Exceptions.insecure-private-network recorded 1 samples, mean = 0.0 (flags = 0x41)
0  -O                                                                        (1 = 100.0%)
1  ... 

Histogram: ContentSettings.RegularProfile.Exceptions.intent-picker-auto-display recorded 1 samples, mean = 0.0 (flags = 0x41)
0  -O                                                                        (1 = 100.0%)
1  ... 

Histogram: ContentSettings.RegularProfile.Exceptions.javascript recorded 1 samples, mean = 0.0 (flags = 0x41)
0  -O                                                                        (1 = 100.0%)
1  ... 

Histogram: ContentSettings.RegularProfile.Exceptions.javascript-jit recorded 1 samples, mean = 0.0 (flags = 0x41)
0  -O                                                                        (1 = 100.0%)
1  ... 

Histogram: ContentSettings.RegularProfile.Exceptions.javascript-optimizer recorded 1 samples, mean = 0.0 (flags = 0x41)
0  -O                                                                        (1 = 100.0%)
1  ... 

Histogram: ContentSettings.RegularProfile.Exceptions.keyboard-lock recorded 1 samples, mean = 0.0 (flags = 0x41)
0  -O                                                                        (1 = 100.0%)
1  ... 

Histogram: ContentSettings.RegularProfile.Exceptions.legacy-cookie-access recorded 1 samples, mean = 0.0 (flags = 0x41)
0  -O                                                                        (1 = 100.0%)
1  ... 

Histogram: ContentSettings.RegularProfile.Exceptions.local-fonts recorded 1 samples, mean = 0.0 (flags = 0x41)
0  -O                                                                        (1 = 100.0%)
1  ... 

Histogram: ContentSettings.RegularProfile.Exceptions.media-engagement recorded 1 samples, mean = 1.0 (flags = 0x41)
0  O                                                                         (0 = 0.0%)
1  -O                                                                        (1 = 100.0%) {0.0%}
2  ... 

Histogram: ContentSettings.RegularProfile.Exceptions.media-stream-camera recorded 1 samples, mean = 0.0 (flags = 0x41)
0  -O                                                                        (1 = 100.0%)
1  ... 

Histogram: ContentSettings.RegularProfile.Exceptions.media-stream-mic recorded 1 samples, mean = 0.0 (flags = 0x41)
0  -O                                                                        (1 = 100.0%)
1  ... 

Histogram: ContentSettings.RegularProfile.Exceptions.midi-sysex recorded 1 samples, mean = 0.0 (flags = 0x41)
0  -O                                                                        (1 = 100.0%)
1  ... 

Histogram: ContentSettings.RegularProfile.Exceptions.mixed-script recorded 1 samples, mean = 0.0 (flags = 0x41)
0  -O                                                                        (1 = 100.0%)
1  ... 

Histogram: ContentSettings.RegularProfile.Exceptions.nfc-devices recorded 1 samples, mean = 0.0 (flags = 0x41)
0  -O                                                                        (1 = 100.0%)
1  ... 

Histogram: ContentSettings.RegularProfile.Exceptions.notification-interactions recorded 1 samples, mean = 0.0 (flags = 0x41)
0  -O                                                                        (1 = 100.0%)
1  ... 

Histogram: ContentSettings.RegularProfile.Exceptions.notification-permission-review recorded 1 samples, mean = 0.0 (flags = 0x41)
0  -O                                                                        (1 = 100.0%)
1  ... 

Histogram: ContentSettings.RegularProfile.Exceptions.notifications recorded 1 samples, mean = 0.0 (flags = 0x41)
0  -O                                                                        (1 = 100.0%)
1  ... 

Histogram: ContentSettings.RegularProfile.Exceptions.password-protection recorded 1 samples, mean = 0.0 (flags = 0x41)
0  -O                                                                        (1 = 100.0%)
1  ... 

Histogram: ContentSettings.RegularProfile.Exceptions.payment-handler recorded 1 samples, mean = 0.0 (flags = 0x41)
0  -O                                                                        (1 = 100.0%)
1  ... 

Histogram: ContentSettings.RegularProfile.Exceptions.permission-autoblocking-data recorded 1 samples, mean = 0.0 (flags = 0x41)
0  -O                                                                        (1 = 100.0%)
1  ... 

Histogram: ContentSettings.RegularProfile.Exceptions.permission-autorevocation-data recorded 1 samples, mean = 0.0 (flags = 0x41)
0  -O                                                                        (1 = 100.0%)
1  ... 

Histogram: ContentSettings.RegularProfile.Exceptions.pointer-lock recorded 1 samples, mean = 0.0 (flags = 0x41)
0  -O                                                                        (1 = 100.0%)
1  ... 

Histogram: ContentSettings.RegularProfile.Exceptions.popups recorded 1 samples, mean = 0.0 (flags = 0x41)
0  -O                                                                        (1 = 100.0%)
1  ... 

Histogram: ContentSettings.RegularProfile.Exceptions.popups.Allow recorded 1 samples, mean = 0.0 (flags = 0x41)
0  -O                                                                        (1 = 100.0%)
1  ... 

Histogram: ContentSettings.RegularProfile.Exceptions.popups.Block recorded 1 samples, mean = 0.0 (flags = 0x41)
0  -O                                                                        (1 = 100.0%)
1  ... 

Histogram: ContentSettings.RegularProfile.Exceptions.private-network-chooser-data recorded 1 samples, mean = 0.0 (flags = 0x41)
0  -O                                                                        (1 = 100.0%)
1  ... 

Histogram: ContentSettings.RegularProfile.Exceptions.private-network-guard recorded 1 samples, mean = 0.0 (flags = 0x41)
0  -O                                                                        (1 = 100.0%)
1  ... 

Histogram: ContentSettings.RegularProfile.Exceptions.protected-media-identifier recorded 1 samples, mean = 0.0 (flags = 0x41)
0  -O                                                                        (1 = 100.0%)
1  ... 

Histogram: ContentSettings.RegularProfile.Exceptions.protocol-handler recorded 1 samples, mean = 0.0 (flags = 0x41)
0  -O                                                                        (1 = 100.0%)
1  ... 

Histogram: ContentSettings.RegularProfile.Exceptions.reduced-accept-language recorded 1 samples, mean = 0.0 (flags = 0x41)
0  -O                                                                        (1 = 100.0%)
1  ... 

Histogram: ContentSettings.RegularProfile.Exceptions.safe-browsing-url-check-data recorded 1 samples, mean = 0.0 (flags = 0x41)
0  -O                                                                        (1 = 100.0%)
1  ... 

Histogram: ContentSettings.RegularProfile.Exceptions.sensors recorded 1 samples, mean = 0.0 (flags = 0x41)
0  -O                                                                        (1 = 100.0%)
1  ... 

Histogram: ContentSettings.RegularProfile.Exceptions.serial-chooser-data recorded 1 samples, mean = 0.0 (flags = 0x41)
0  -O                                                                        (1 = 100.0%)
1  ... 

Histogram: ContentSettings.RegularProfile.Exceptions.serial-guard recorded 1 samples, mean = 0.0 (flags = 0x41)
0  -O                                                                        (1 = 100.0%)
1  ... 

Histogram: ContentSettings.RegularProfile.Exceptions.site-engagement recorded 1 samples, mean = 1.0 (flags = 0x41)
0  O                                                                         (0 = 0.0%)
1  -O                                                                        (1 = 100.0%) {0.0%}
2  ... 

Histogram: ContentSettings.RegularProfile.Exceptions.sound recorded 1 samples, mean = 0.0 (flags = 0x41)
0  -O                                                                        (1 = 100.0%)
1  ... 

Histogram: ContentSettings.RegularProfile.Exceptions.speaker-selection recorded 1 samples, mean = 0.0 (flags = 0x41)
0  -O                                                                        (1 = 100.0%)
1  ... 

Histogram: ContentSettings.RegularProfile.Exceptions.ssl-cert-decisions recorded 1 samples, mean = 0.0 (flags = 0x41)
0  -O                                                                        (1 = 100.0%)
1  ... 

Histogram: ContentSettings.RegularProfile.Exceptions.storage-access recorded 1 samples, mean = 0.0 (flags = 0x41)
0  -O                                                                        (1 = 100.0%)
1  ... 

Histogram: ContentSettings.RegularProfile.Exceptions.storage-access-header-origin-trial recorded 1 samples, mean = 0.0 (flags = 0x41)
0  -O                                                                        (1 = 100.0%)
1  ... 

Histogram: ContentSettings.RegularProfile.Exceptions.storage-access.Allow recorded 1 samples, mean = 0.0 (flags = 0x41)
0  -O                                                                        (1 = 100.0%)
1  ... 

Histogram: ContentSettings.RegularProfile.Exceptions.storage-access.Ask recorded 1 samples, mean = 0.0 (flags = 0x41)
0  -O                                                                        (1 = 100.0%)
1  ... 

Histogram: ContentSettings.RegularProfile.Exceptions.storage-access.Block recorded 1 samples, mean = 0.0 (flags = 0x41)
0  -O                                                                        (1 = 100.0%)
1  ... 

Histogram: ContentSettings.RegularProfile.Exceptions.storage-access.MaxRequester recorded 1 samples, mean = 0.0 (flags = 0x41)
0  -O                                                                        (1 = 100.0%)
1  ... 

Histogram: ContentSettings.RegularProfile.Exceptions.storage-access.MaxTopLevel recorded 1 samples, mean = 0.0 (flags = 0x41)
0  -O                                                                        (1 = 100.0%)
1  ... 

Histogram: ContentSettings.RegularProfile.Exceptions.subresource-filter recorded 1 samples, mean = 0.0 (flags = 0x41)
0  -O                                                                        (1 = 100.0%)
1  ... 

Histogram: ContentSettings.RegularProfile.Exceptions.subresource-filter-data recorded 1 samples, mean = 0.0 (flags = 0x41)
0  -O                                                                        (1 = 100.0%)
1  ... 

Histogram: ContentSettings.RegularProfile.Exceptions.subresource-filter.Allow recorded 1 samples, mean = 0.0 (flags = 0x41)
0  -O                                                                        (1 = 100.0%)
1  ... 

Histogram: ContentSettings.RegularProfile.Exceptions.subresource-filter.Block recorded 1 samples, mean = 0.0 (flags = 0x41)
0  -O                                                                        (1 = 100.0%)
1  ... 

Histogram: ContentSettings.RegularProfile.Exceptions.third-party-storage-partitioning recorded 1 samples, mean = 0.0 (flags = 0x41)
0  -O                                                                        (1 = 100.0%)
1  ... 

Histogram: ContentSettings.RegularProfile.Exceptions.top-level-3pcd-origin-trial recorded 1 samples, mean = 0.0 (flags = 0x41)
0  -O                                                                        (1 = 100.0%)
1  ... 

Histogram: ContentSettings.RegularProfile.Exceptions.top-level-3pcd-support recorded 1 samples, mean = 0.0 (flags = 0x41)
0  -O                                                                        (1 = 100.0%)
1  ... 

Histogram: ContentSettings.RegularProfile.Exceptions.top-level-storage-access recorded 1 samples, mean = 0.0 (flags = 0x41)
0  -O                                                                        (1 = 100.0%)
1  ... 

Histogram: ContentSettings.RegularProfile.Exceptions.tracking-protection recorded 1 samples, mean = 0.0 (flags = 0x41)
0  -O                                                                        (1 = 100.0%)
1  ... 

Histogram: ContentSettings.RegularProfile.Exceptions.tracking-protection.Allow recorded 1 samples, mean = 0.0 (flags = 0x41)
0  -O                                                                        (1 = 100.0%)
1  ... 

Histogram: ContentSettings.RegularProfile.Exceptions.tracking-protection.Block recorded 1 samples, mean = 0.0 (flags = 0x41)
0  -O                                                                        (1 = 100.0%)
1  ... 

Histogram: ContentSettings.RegularProfile.Exceptions.unused-site-permissions recorded 1 samples, mean = 0.0 (flags = 0x41)
0  -O                                                                        (1 = 100.0%)
1  ... 

Histogram: ContentSettings.RegularProfile.Exceptions.usb-chooser-data recorded 1 samples, mean = 0.0 (flags = 0x41)
0  -O                                                                        (1 = 100.0%)
1  ... 

Histogram: ContentSettings.RegularProfile.Exceptions.usb-guard recorded 1 samples, mean = 0.0 (flags = 0x41)
0  -O                                                                        (1 = 100.0%)
1  ... 

Histogram: ContentSettings.RegularProfile.Exceptions.vr recorded 1 samples, mean = 0.0 (flags = 0x41)
0  -O                                                                        (1 = 100.0%)
1  ... 

Histogram: ContentSettings.RegularProfile.Exceptions.webid-api recorded 1 samples, mean = 0.0 (flags = 0x41)
0  -O                                                                        (1 = 100.0%)
1  ... 

Histogram: ContentSettings.RegularProfile.Exceptions.webid-auto-reauthn recorded 1 samples, mean = 0.0 (flags = 0x41)
0  -O                                                                        (1 = 100.0%)
1  ... 

Histogram: ContentSettings.RegularProfile.Exceptions.window-placement recorded 1 samples, mean = 0.0 (flags = 0x41)
0  -O                                                                        (1 = 100.0%)
1  ... 

Histogram: Conversions.DelayOnAttestationsLoaded recorded 1 samples, mean = 300025.0 (flags = 0x41)
0       ... 
300000  -O                                                                        (1 = 100.0%) {0.0%}

Histogram: Cookie.ClockSkew.AddMinutes recorded 5 samples, mean = 0.0 (flags = 0x41)
0  -----O                                                                    (5 = 100.0%)
1  ... 

Histogram: Cookie.ClockSkew.AddMinutes12To24Hours recorded 5 samples, mean = 0.0 (flags = 0x41)
0  -----O                                                                    (5 = 100.0%)
720... 

Histogram: Cookie.ClockSkew.ExpiredWithoutSkew recorded 5 samples, mean = 0.0 (flags = 0x41)
0  -----O                                                                    (5 = 100.0%)
1  ... 

Histogram: Cookie.CookiePrefix recorded 6 samples, mean = 0.0 (flags = 0x41)
0  ------O                                                                   (6 = 100.0%)
1  ... 

Histogram: Cookie.CookieSchemeRequestScheme recorded 74 samples, mean = 2.0 (flags = 0x41)
0  ... 
2  ------------------------------------------------------------------------O (74 = 100.0%) {0.0%}
3  ... 

Histogram: Cookie.CookieSourceScheme recorded 6 samples, mean = 0.0 (flags = 0x41)
0  ------O                                                                   (6 = 100.0%)
1  ... 

Histogram: Cookie.CookieSourceSchemeName recorded 6 samples, mean = 14.0 (flags = 0x41)
0   ... 
14  ------O                                                                   (6 = 100.0%) {0.0%}
15  ... 

Histogram: Cookie.CrossSiteRedirectType.Read recorded 118 samples, mean = 1.0 (flags = 0x41)
0  O                                                                         (0 = 0.0%)
1  ------------------------------------------------------------------------O (118 = 100.0%) {0.0%}
2  ... 

Histogram: Cookie.CrossSiteRedirectType.Write recorded 6 samples, mean = 1.0 (flags = 0x41)
0  O                                                                         (0 = 0.0%)
1  ------O                                                                   (6 = 100.0%) {0.0%}
2  ... 

Histogram: Cookie.DaysSinceRefreshForRetrieval recorded 3 samples, mean = 0.0 (flags = 0x41)
0  ---O                                                                      (3 = 100.0%)
1  ... 

Histogram: Cookie.DomainHasNonASCII recorded 6 samples, mean = 0.0 (flags = 0x41)
0  ------O                                                                   (6 = 100.0%)
1  ... 

Histogram: Cookie.DomainSet recorded 6 samples, mean = 1.0 (flags = 0x41)
0  O                                                                         (0 = 0.0%)
1  ------O                                                                   (6 = 100.0%) {0.0%}
2  O                                                                         (0 = 0.0%) {100.0%}

Histogram: Cookie.DoubleUnderscorePrefixedName recorded 6 samples, mean = 0.7 (flags = 0x41)
0  --O                                                                       (2 = 33.3%)
1  ----O                                                                     (4 = 66.7%) {33.3%}
2  O                                                                         (0 = 0.0%) {100.0%}

Histogram: Cookie.ExpirationDuration400DaysLTE recorded 5 samples, mean = 73.0 (flags = 0x41)
0    ----O                                                                     (4 = 80.0%)
1    ... 
364  -O                                                                        (1 = 20.0%) {80.0%}
400  O                                                                         (0 = 0.0%) {100.0%}

Histogram: Cookie.ExpirationDurationMinutesSecure recorded 5 samples, mean = 105144.0 (flags = 0x41)
0       ... 
26      ----O                                                                     (4 = 80.0%) {0.0%}
36      ... 
429766  -O                                                                        (1 = 20.0%) {80.0%}
587706  ... 

Histogram: Cookie.FirstPartyPartitioned.HasCrossSiteAncestor recorded 44 samples, mean = 0.0 (flags = 0x41)
0  --------------------------------------------O                             (44 = 100.0%)
1  ... 

Histogram: Cookie.FirstPartySets.Browser.DelayedQueriesCount recorded 1 samples, mean = 2.0 (flags = 0x41)
0  ... 
2  -O                                                                        (1 = 100.0%) {0.0%}
3  ... 

Histogram: Cookie.FirstPartySets.Browser.MostDelayedQueryDelta recorded 1 samples, mean = 126.0 (flags = 0x41)
0    ... 
114  -O                                                                        (1 = 100.0%) {0.0%}
135  ... 

Histogram: Cookie.FirstPartySets.ComponentSetsNonfatalErrors recorded 1 samples, mean = 0.0 (flags = 0x41)
0  -O                                                                        (1 = 100.0%)
1  ... 

Histogram: Cookie.FirstPartySets.ComponentSetsParsedSuccessfully recorded 1 samples, mean = 0.0 (flags = 0x41)
0  -O                                                                        (1 = 100.0%)
1  ... 

Histogram: Cookie.FirstPartySets.ContextDelayedQueriesCount recorded 1 samples, mean = 0.0 (flags = 0x41)
0  -O                                                                        (1 = 100.0%)
1  ... 

Histogram: Cookie.FirstPartySets.ContextMostDelayedQueryDelta recorded 1 samples, mean = 0.0 (flags = 0x41)
0  -O                                                                        (1 = 100.0%)
1  ... 

Histogram: Cookie.FirstPartySets.EnqueueingDelay.ContextConfig2 recorded 1 samples, mean = 24.0 (flags = 0x41)
0   ... 
24  -O                                                                        (1 = 100.0%) {0.0%}
29  ... 

Histogram: Cookie.FirstPartySets.InitializationDuration.ContextReadyToServeQueries2 recorded 1 samples, mean = 5928.0 (flags = 0x41)
0     ... 
5017  -O                                                                        (1 = 100.0%) {0.0%}
5961  ... 

Histogram: Cookie.FirstPartySets.InitializationDuration.ReadCommandLineSet2 recorded 1 samples, mean = 126.0 (flags = 0x41)
0    ... 
114  -O                                                                        (1 = 100.0%) {0.0%}
135  ... 

Histogram: Cookie.FirstPartySets.InitializationDuration.ReadComponentSets2 recorded 1 samples, mean = 0.0 (flags = 0x41)
0  -O                                                                        (1 = 100.0%)
1  ... 

Histogram: Cookie.FirstPartySets.InitializationDuration.ReadyToServeQueries2 recorded 1 samples, mean = 17.0 (flags = 0x41)
0   ... 
17  -O                                                                        (1 = 100.0%) {0.0%}
20  ... 

Histogram: Cookie.FirstPartySets.Network.DelayedQueriesCount recorded 1 samples, mean = 0.0 (flags = 0x41)
0  -O                                                                        (1 = 100.0%)
1  ... 

Histogram: Cookie.FirstPartySets.Network.MostDelayedQueryDelta recorded 1 samples, mean = 0.0 (flags = 0x41)
0  -O                                                                        (1 = 100.0%)
1  ... 

Histogram: Cookie.FirstPartySets.ProcessedEntireComponent recorded 1 samples, mean = 1.0 (flags = 0x41)
0  O                                                                         (0 = 0.0%)
1  -O                                                                        (1 = 100.0%) {0.0%}
2  O                                                                         (0 = 0.0%) {100.0%}

Histogram: Cookie.FromStorageWithValidLength recorded 72 samples, mean = 1.0 (flags = 0x41)
0  O                                                                         (0 = 0.0%)
1  ------------------------------------------------------------------------O (72 = 100.0%) {0.0%}
2  O                                                                         (0 = 0.0%) {100.0%}

Histogram: Cookie.HasNonASCII.Name recorded 6 samples, mean = 0.0 (flags = 0x41)
0  ------O                                                                   (6 = 100.0%)
1  ... 

Histogram: Cookie.HasNonASCII.Value recorded 6 samples, mean = 0.0 (flags = 0x41)
0  ------O                                                                   (6 = 100.0%)
1  ... 

Histogram: Cookie.IncludedRequestEffectiveSameSite recorded 118 samples, mean = 0.0 (flags = 0x41)
0  ------------------------------------------------------------------------O (118 = 100.0%)
1  ... 

Histogram: Cookie.IncludedResponseEffectiveSameSite recorded 6 samples, mean = 0.0 (flags = 0x41)
0  ------O                                                                   (6 = 100.0%)
1  ... 

Histogram: Cookie.IsPartitionedValid recorded 1 samples, mean = 1.0 (flags = 0x41)
0  O                                                                         (0 = 0.0%)
1  -O                                                                        (1 = 100.0%) {0.0%}
2  O                                                                         (0 = 0.0%) {100.0%}

Histogram: Cookie.NameOrValueHtab recorded 6 samples, mean = 0.0 (flags = 0x41)
0  ------O                                                                   (6 = 100.0%)
1  ... 

Histogram: Cookie.OnCookiesAccessed.BatchSize recorded 7 samples, mean = 1.3 (flags = 0x41)
0  O                                                                         (0 = 0.0%)
1  -----O                                                                    (5 = 71.4%) {0.0%}
2  --O                                                                       (2 = 28.6%) {71.4%}
3  ... 

Histogram: Cookie.OnCookiesAccessed.TotalAccesses recorded 7 samples, mean = 2.3 (flags = 0x41)
0  O                                                                         (0 = 0.0%)
1  -O                                                                        (1 = 14.3%) {0.0%}
2  ----O                                                                     (4 = 57.1%) {14.3%}
3  -O                                                                        (1 = 14.3%) {71.4%}
4  -O                                                                        (1 = 14.3%) {85.7%}
5  ... 

Histogram: Cookie.PartitionedCookiesInRequest recorded 38 samples, mean = 1.0 (flags = 0x41)
0  O                                                                         (0 = 0.0%)
1  --------------------------------------O                                   (38 = 100.0%) {0.0%}
2  ... 

Histogram: Cookie.Port.Read.RemoteHost recorded 114 samples, mean = 7.0 (flags = 0x41)
0  ... 
7  ------------------------------------------------------------------------O (114 = 100.0%) {0.0%}
8  ... 

Histogram: Cookie.Port.ReadDiffersFromSet.DomainSet recorded 114 samples, mean = 4.0 (flags = 0x41)
0  ... 
4  ------------------------------------------------------------------------O (114 = 100.0%) {0.0%}
5  O                                                                         (0 = 0.0%) {100.0%}

Histogram: Cookie.Port.ReadDiffersFromSet.RemoteHost recorded 114 samples, mean = 4.0 (flags = 0x41)
0  ... 
4  ------------------------------------------------------------------------O (114 = 100.0%) {0.0%}
5  O                                                                         (0 = 0.0%) {100.0%}

Histogram: Cookie.Port.Set.RemoteHost recorded 6 samples, mean = 7.0 (flags = 0x41)
0  ... 
7  ------O                                                                   (6 = 100.0%) {0.0%}
8  ... 

Histogram: Cookie.RequestSameSiteContext recorded 122 samples, mean = 3.0 (flags = 0x41)
0  -O                                                                        (2 = 1.6%)
1  ... 
3  ------------------------------------------------------------------------O (120 = 98.4%) {1.6%}
4  O                                                                         (0 = 0.0%) {100.0%}

Histogram: Cookie.SameSiteAttributeValue recorded 6 samples, mean = 5.0 (flags = 0x41)
0  ... 
5  ------O                                                                   (6 = 100.0%) {0.0%}
6  ... 

Histogram: Cookie.SameSiteNoneSizeBytes recorded 6 samples, mean = 213.2 (flags = 0x41)
0    ... 
40   -O                                                                        (1 = 16.7%) {0.0%}
48   ... 
190  ----O                                                                     (4 = 66.7%) {16.7%}
226  ... 
378  -O                                                                        (1 = 16.7%) {83.3%}
449  ... 

Histogram: Cookie.SameSiteNoneSizeBytes.Partitioned recorded 1 samples, mean = 417.0 (flags = 0x41)
0    ... 
378  -O                                                                        (1 = 100.0%) {0.0%}
449  ... 

Histogram: Cookie.SameSiteNoneSizeBytes.Unpartitioned recorded 5 samples, mean = 172.4 (flags = 0x41)
0    ... 
40   -O                                                                        (1 = 20.0%) {0.0%}
48   ... 
190  ----O                                                                     (4 = 80.0%) {20.0%}
226  ... 

Histogram: Cookie.SourceType recorded 9 samples, mean = 1.0 (flags = 0x41)
0  O                                                                         (0 = 0.0%)
1  ---------O                                                                (9 = 100.0%) {0.0%}
2  ... 

Histogram: Cookie.TimeBlockedOnLoad recorded 2 samples, mean = 2322.5 (flags = 0x41)
0     ... 
6     -O                                                                        (1 = 50.0%) {0.0%}
7     ... 
4555  -O                                                                        (1 = 50.0%) {50.0%}
5647  ... 

Histogram: Cookie.TimeInitializeDB recorded 2 samples, mean = 4.5 (flags = 0x41)
0  ... 
4  -O                                                                        (1 = 50.0%) {0.0%}
5  -O                                                                        (1 = 50.0%) {50.0%}
6  ... 

Histogram: Cookie.TimeOpsBlockedDueToGlobalOp recorded 2 samples, mean = 2.5 (flags = 0x41)
0  -O                                                                        (1 = 50.0%)
1  ... 
5  -O                                                                        (1 = 50.0%) {50.0%}
6  ... 

Histogram: Cookie.Type2 recorded 9 samples, mean = 12.9 (flags = 0x41)
0   ... 
4   -O                                                                        (1 = 11.1%) {0.0%}
5   ... 
14  --------O                                                                 (8 = 88.9%) {11.1%}
15  ... 

Histogram: Crypto.TPMDuration.MessageSigningECDSA recorded 1 samples, mean = 247.0 (flags = 0x41)
0    ... 
220  -O                                                                        (1 = 100.0%) {0.0%}
280  ... 

Histogram: Crypto.TPMDuration.NewKeyCreationECDSA recorded 1 samples, mean = 639.0 (flags = 0x41)
0    ... 
574  -O                                                                        (1 = 100.0%) {0.0%}
729  ... 

Histogram: Crypto.TPMDuration.WrappedKeyCreationECDSA recorded 1 samples, mean = 93.0 (flags = 0x41)
0   ... 
84  -O                                                                        (1 = 100.0%) {0.0%}
107 ... 

Histogram: Crypto.TPMOperation.MessageSigningECDSA recorded 1 samples, mean = 1.0 (flags = 0x41)
0  O                                                                         (0 = 0.0%)
1  -O                                                                        (1 = 100.0%) {0.0%}
2  O                                                                         (0 = 0.0%) {100.0%}

Histogram: Crypto.TPMOperation.MessageVerifyECDSA recorded 1 samples, mean = 1.0 (flags = 0x41)
0  O                                                                         (0 = 0.0%)
1  -O                                                                        (1 = 100.0%) {0.0%}
2  O                                                                         (0 = 0.0%) {100.0%}

Histogram: Crypto.TPMOperation.NewKeyCreationECDSA recorded 1 samples, mean = 1.0 (flags = 0x41)
0  O                                                                         (0 = 0.0%)
1  -O                                                                        (1 = 100.0%) {0.0%}
2  O                                                                         (0 = 0.0%) {100.0%}

Histogram: Crypto.TPMOperation.Virtual.NewKeyCreationECDSA recorded 1 samples, mean = 0.0 (flags = 0x41)
0  -O                                                                        (1 = 100.0%)
1  ... 

Histogram: Crypto.TPMOperation.WrappedKeyCreationECDSA recorded 1 samples, mean = 1.0 (flags = 0x41)
0  O                                                                         (0 = 0.0%)
1  -O                                                                        (1 = 100.0%) {0.0%}
2  O                                                                         (0 = 0.0%) {100.0%}

Histogram: Crypto.TPMSupport2 recorded 1 samples, mean = 2.0 (flags = 0x41)
0  ... 
2  -O                                                                        (1 = 100.0%) {0.0%}
3  O                                                                         (0 = 0.0%) {100.0%}

Histogram: Crypto.TPMSupportType recorded 1 samples, mean = 1.0 (flags = 0x41)
0  O                                                                         (0 = 0.0%)
1  -O                                                                        (1 = 100.0%) {0.0%}
2  ... 

Histogram: Crypto.TpmError.VirtualCreateKey recorded 1 samples (flags = 0x41)
-2146893809-O                                                                        (1 = 100.0%)

Histogram: Crypto.VirtualKeySupport recorded 1 samples, mean = 2.0 (flags = 0x41)
0  ... 
2  -O                                                                        (1 = 100.0%) {0.0%}
3  O                                                                         (0 = 0.0%) {100.0%}

Histogram: DOMStorage.CommitMeasuredDelay recorded 3 samples, mean = 4764.7 (flags = 0x41)
0     ... 
4249  -O                                                                        (1 = 33.3%) {0.0%}
4904  --O                                                                       (2 = 66.7%) {33.3%}
5660  ... 

Histogram: DOMStorage.CommitSizeBytes recorded 1 samples, mean = 11873.0 (flags = 0x41)
0      ... 
10652  -O                                                                        (1 = 100.0%) {0.0%}
12009  ... 

Histogram: DataUse.BytesReceived3.Delegate recorded 16 samples, mean = 8547.9 (flags = 0x41)
0      ... 
297    -O                                                                        (1 = 6.2%) {0.0%}
383    ---O                                                                      (3 = 18.8%) {6.2%}
494    --O                                                                       (2 = 12.5%) {25.0%}
637    -O                                                                        (1 = 6.2%) {37.5%}
821    -O                                                                        (1 = 6.2%) {43.8%}
1059   -O                                                                        (1 = 6.2%) {50.0%}
1366   -O                                                                        (1 = 6.2%) {56.2%}
1761   ... 
2928   ----O                                                                     (4 = 25.0%) {62.5%}
3776   ... 
17362  -O                                                                        (1 = 6.2%) {87.5%}
22388  ... 
79817  -O                                                                        (1 = 6.2%) {93.8%}
102923 ... 

Histogram: DataUse.BytesSent3.Delegate recorded 16 samples, mean = 1468.9 (flags = 0x41)
0      ... 
37     -O                                                                        (1 = 6.2%) {0.0%}
49     ... 
196    -O                                                                        (1 = 6.2%) {6.2%}
258    --O                                                                       (2 = 12.5%) {12.5%}
340    -O                                                                        (1 = 6.2%) {25.0%}
448    -----O                                                                    (5 = 31.2%) {31.2%}
590    ---O                                                                      (3 = 18.8%) {62.5%}
777    --O                                                                       (2 = 12.5%) {81.2%}
1023   ... 
12196  -O                                                                        (1 = 6.2%) {93.8%}
16063  ... 

Histogram: DefaultBrowser.State recorded 1 samples, mean = 0.0 (flags = 0x41)
0  -O                                                                        (1 = 100.0%)
1  ... 

Histogram: DiskCache.0.Error recorded 1 samples, mean = 0.0 (flags = 0x41)
0  -O                                                                        (1 = 100.0%)
1  ... 

Histogram: DiskCache.0.TotalIOTimeRead recorded 103 samples, mean = 25.3 (flags = 0x41)
0    ------------------------------O                                           (30 = 29.1%)
1    --------------------O                                                     (20 = 19.4%) {29.1%}
2    ------O                                                                   (6 = 5.8%) {48.5%}
3    ---O                                                                      (3 = 2.9%) {54.4%}
4    ... 
8    --O                                                                       (2 = 1.9%) {57.3%}
10   ---O                                                                      (3 = 2.9%) {59.2%}
12   -O                                                                        (1 = 1.0%) {62.1%}
14   ---O                                                                      (3 = 2.9%) {63.1%}
17   --O                                                                       (2 = 1.9%) {66.0%}
20   --O                                                                       (2 = 1.9%) {68.0%}
24   --O                                                                       (2 = 1.9%) {69.9%}
29   -O                                                                        (1 = 1.0%) {71.8%}
34   -O                                                                        (1 = 1.0%) {72.8%}
40   ---O                                                                      (3 = 2.9%) {73.8%}
48   ---O                                                                      (3 = 2.9%) {76.7%}
57   -------O                                                                  (7 = 6.8%) {79.6%}
68   -O                                                                        (1 = 1.0%) {86.4%}
81   ---O                                                                      (3 = 2.9%) {87.4%}
96   ---O                                                                      (3 = 2.9%) {90.3%}
114  -------O                                                                  (7 = 6.8%) {93.2%}
135  ... 

Histogram: DiskCache.0.TotalIOTimeWrite recorded 18 samples, mean = 0.0 (flags = 0x41)
0  ------------------O                                                       (18 = 100.0%)
1  ... 

Histogram: Download.Database.IsAvailable recorded 1 samples, mean = 1.0 (flags = 0x41)
0  O                                                                         (0 = 0.0%)
1  -O                                                                        (1 = 100.0%) {0.0%}
2  O                                                                         (0 = 0.0%) {100.0%}

Histogram: Download.Service.Db.Operation.Failure recorded 1 samples, mean = 0.0 (flags = 0x41)
0  -O                                                                        (1 = 100.0%)
1  ... 

Histogram: Download.Service.Files.CleanUp.External recorded 1 samples, mean = 0.0 (flags = 0x41)
0  -O                                                                        (1 = 100.0%)
1  ... 

Histogram: Download.Service.Files.CleanUp.External.HardRecovery recorded 1 samples, mean = 0.0 (flags = 0x41)
0  -O                                                                        (1 = 100.0%)
1  ... 

Histogram: Download.Service.Files.CleanUp.Failure recorded 1 samples, mean = 0.0 (flags = 0x41)
0  -O                                                                        (1 = 100.0%)
1  ... 

Histogram: Download.Service.Files.CleanUp.Failure.HardRecovery recorded 1 samples, mean = 0.0 (flags = 0x41)
0  -O                                                                        (1 = 100.0%)
1  ... 

Histogram: Download.Service.Files.CleanUp.Success recorded 1 samples, mean = 0.0 (flags = 0x41)
0  -O                                                                        (1 = 100.0%)
1  ... 

Histogram: Download.Service.Files.CleanUp.Success.HardRecovery recorded 1 samples, mean = 0.0 (flags = 0x41)
0  -O                                                                        (1 = 100.0%)
1  ... 

Histogram: Download.Service.StartUpStatus.Initialization recorded 2 samples, mean = 2.0 (flags = 0x41)
0  O                                                                         (0 = 0.0%)
1  -O                                                                        (1 = 50.0%) {0.0%}
2  O                                                                         (0 = 0.0%) {50.0%}
3  -O                                                                        (1 = 50.0%) {50.0%}
4  ... 

Histogram: Download.Service.StartUpStatus.Recovery recorded 2 samples, mean = 2.0 (flags = 0x41)
0  O                                                                         (0 = 0.0%)
1  -O                                                                        (1 = 50.0%) {0.0%}
2  O                                                                         (0 = 0.0%) {50.0%}
3  -O                                                                        (1 = 50.0%) {50.0%}
4  ... 

Histogram: Enterprise.TimeToFirstPolicyLoad.Profile.Unmanaged recorded 1 samples, mean = 0.0 (flags = 0x41)
0  -O                                                                        (1 = 100.0%)
1  ... 

Histogram: EnterpriseCheck.AzureADJoinStatusCheckTime recorded 1 samples, mean = 32.0 (flags = 0x41)
0   ... 
29  -O                                                                        (1 = 100.0%) {0.0%}
34  ... 

Histogram: Event.GestureCreated recorded 1 samples, mean = 12.0 (flags = 0x41)
0   ... 
12  -O                                                                        (1 = 100.0%) {0.0%}
13  ... 

Histogram: Extension.Toolbar.BrowserActionsCount2 recorded 1 samples, mean = 0.0 (flags = 0x41)
0  -O                                                                        (1 = 100.0%)
1  ... 

Histogram: ExtensionToolbarModel.BrowserActionsCount recorded 1 samples, mean = 0.0 (flags = 0x41)
0  -O                                                                        (1 = 100.0%)
1  ... 

Histogram: Extensions.AppLocation2 recorded 1 samples, mean = 5.0 (flags = 0x41)
0  ... 
5  -O                                                                        (1 = 100.0%) {0.0%}
6  ... 

Histogram: Extensions.CorruptExtensionTotalDisables recorded 1 samples, mean = 0.0 (flags = 0x41)
0  -O                                                                        (1 = 100.0%)
1  ... 

Histogram: Extensions.CorruptExtensionTotalDisables2 recorded 1 samples, mean = 0.0 (flags = 0x41)
0  -O                                                                        (1 = 100.0%)
1  ... 

Histogram: Extensions.Database.Open.State recorded 2 samples, mean = 5.0 (flags = 0x41)
0  ... 
5  --O                                                                       (2 = 100.0%) {0.0%}
6  O                                                                         (0 = 0.0%) {100.0%}

Histogram: Extensions.DeveloperModeEnabled recorded 2 samples, mean = 0.0 (flags = 0x41)
0  --O                                                                       (2 = 100.0%)
1  ... 

Histogram: Extensions.DidCreateScriptContext_Unspecified recorded 1 samples, mean = 0.0 (flags = 0x41)
0  -O                                                                        (1 = 100.0%)
1  ... 

Histogram: Extensions.DidCreateScriptContext_WebPage recorded 3 samples, mean = 0.0 (flags = 0x41)
0  ---O                                                                      (3 = 100.0%)
1  ... 

Histogram: Extensions.Disabled recorded 1 samples, mean = 0.0 (flags = 0x41)
0  -O                                                                        (1 = 100.0%)
1  ... 

Histogram: Extensions.Disabled2 recorded 1 samples, mean = 0.0 (flags = 0x41)
0  -O                                                                        (1 = 100.0%)
1  ... 

Histogram: Extensions.DisabledForPermissions recorded 1 samples, mean = 0.0 (flags = 0x41)
0  -O                                                                        (1 = 100.0%)
1  ... 

Histogram: Extensions.DisabledForPermissions2 recorded 1 samples, mean = 0.0 (flags = 0x41)
0  -O                                                                        (1 = 100.0%)
1  ... 

Histogram: Extensions.EventlessEventPages2 recorded 1 samples, mean = 0.0 (flags = 0x41)
0  -O                                                                        (1 = 100.0%)
1  ... 

Histogram: Extensions.ExtensionLocation recorded 1 samples, mean = 5.0 (flags = 0x41)
0  ... 
5  -O                                                                        (1 = 100.0%) {0.0%}
6  ... 

Histogram: Extensions.ExtensionLocation2 recorded 1 samples, mean = 5.0 (flags = 0x41)
0  ... 
5  -O                                                                        (1 = 100.0%) {0.0%}
6  ... 

Histogram: Extensions.ExtensionsWithPageActions recorded 1 samples, mean = 0.0 (flags = 0x41)
0  -O                                                                        (1 = 100.0%)
1  ... 

Histogram: Extensions.HomepageOverrides recorded 1 samples, mean = 0.0 (flags = 0x41)
0  -O                                                                        (1 = 100.0%)
1  ... 

Histogram: Extensions.HomepageOverrides2 recorded 1 samples, mean = 0.0 (flags = 0x41)
0  -O                                                                        (1 = 100.0%)
1  ... 

Histogram: Extensions.InjectEnd_ScriptCount recorded 3 samples, mean = 0.0 (flags = 0x41)
0  ---O                                                                      (3 = 100.0%)
1  ... 

Histogram: Extensions.InjectIdle_ScriptCount recorded 3 samples, mean = 0.0 (flags = 0x41)
0  ---O                                                                      (3 = 100.0%)
1  ... 

Histogram: Extensions.InjectStart_CssCount recorded 5 samples, mean = 0.0 (flags = 0x41)
0  -----O                                                                    (5 = 100.0%)
1  ... 

Histogram: Extensions.InjectStart_ScriptCount recorded 5 samples, mean = 0.0 (flags = 0x41)
0  -----O                                                                    (5 = 100.0%)
1  ... 

Histogram: Extensions.LoadAll recorded 1 samples, mean = 2.0 (flags = 0x41)
0  ... 
2  -O                                                                        (1 = 100.0%) {0.0%}
3  ... 

Histogram: Extensions.LoadAll2 recorded 1 samples, mean = 2.0 (flags = 0x41)
0  ... 
2  -O                                                                        (1 = 100.0%) {0.0%}
3  ... 

Histogram: Extensions.LoadAllComponentTime recorded 1 samples, mean = 1.0 (flags = 0x41)
0  O                                                                         (0 = 0.0%)
1  -O                                                                        (1 = 100.0%) {0.0%}
2  ... 

Histogram: Extensions.LoadAllComponentTime.User recorded 1 samples, mean = 1.0 (flags = 0x41)
0  O                                                                         (0 = 0.0%)
1  -O                                                                        (1 = 100.0%) {0.0%}
2  ... 

Histogram: Extensions.LoadAllTime2 recorded 1 samples, mean = 0.0 (flags = 0x41)
0  -O                                                                        (1 = 100.0%)
1  ... 

Histogram: Extensions.LoadAllTime2.User recorded 1 samples, mean = 0.0 (flags = 0x41)
0  -O                                                                        (1 = 100.0%)
1  ... 

Histogram: Extensions.LoadApp recorded 1 samples, mean = 0.0 (flags = 0x41)
0  -O                                                                        (1 = 100.0%)
1  ... 

Histogram: Extensions.LoadApp2 recorded 1 samples, mean = 0.0 (flags = 0x41)
0  -O                                                                        (1 = 100.0%)
1  ... 

Histogram: Extensions.LoadAppExternal recorded 1 samples, mean = 0.0 (flags = 0x41)
0  -O                                                                        (1 = 100.0%)
1  ... 

Histogram: Extensions.LoadAppExternal2 recorded 1 samples, mean = 0.0 (flags = 0x41)
0  -O                                                                        (1 = 100.0%)
1  ... 

Histogram: Extensions.LoadAppUser recorded 1 samples, mean = 0.0 (flags = 0x41)
0  -O                                                                        (1 = 100.0%)
1  ... 

Histogram: Extensions.LoadAppUser2 recorded 1 samples, mean = 0.0 (flags = 0x41)
0  -O                                                                        (1 = 100.0%)
1  ... 

Histogram: Extensions.LoadBrowserAction recorded 1 samples, mean = 0.0 (flags = 0x41)
0  -O                                                                        (1 = 100.0%)
1  ... 

Histogram: Extensions.LoadBrowserAction2 recorded 1 samples, mean = 0.0 (flags = 0x41)
0  -O                                                                        (1 = 100.0%)
1  ... 

Histogram: Extensions.LoadExtension recorded 1 samples, mean = 0.0 (flags = 0x41)
0  -O                                                                        (1 = 100.0%)
1  ... 

Histogram: Extensions.LoadExtension2 recorded 1 samples, mean = 0.0 (flags = 0x41)
0  -O                                                                        (1 = 100.0%)
1  ... 

Histogram: Extensions.LoadExtensionExternal recorded 1 samples, mean = 0.0 (flags = 0x41)
0  -O                                                                        (1 = 100.0%)
1  ... 

Histogram: Extensions.LoadExtensionExternal2 recorded 1 samples, mean = 0.0 (flags = 0x41)
0  -O                                                                        (1 = 100.0%)
1  ... 

Histogram: Extensions.LoadExtensionUser2 recorded 1 samples, mean = 0.0 (flags = 0x41)
0  -O                                                                        (1 = 100.0%)
1  ... 

Histogram: Extensions.LoadHostedApp recorded 1 samples, mean = 0.0 (flags = 0x41)
0  -O                                                                        (1 = 100.0%)
1  ... 

Histogram: Extensions.LoadHostedApp2 recorded 1 samples, mean = 0.0 (flags = 0x41)
0  -O                                                                        (1 = 100.0%)
1  ... 

Histogram: Extensions.LoadNoExtensionAction recorded 1 samples, mean = 0.0 (flags = 0x41)
0  -O                                                                        (1 = 100.0%)
1  ... 

Histogram: Extensions.LoadNoExtensionAction2 recorded 1 samples, mean = 0.0 (flags = 0x41)
0  -O                                                                        (1 = 100.0%)
1  ... 

Histogram: Extensions.LoadOffStoreItems recorded 1 samples, mean = 0.0 (flags = 0x41)
0  -O                                                                        (1 = 100.0%)
1  ... 

Histogram: Extensions.LoadOffStoreItems2 recorded 1 samples, mean = 0.0 (flags = 0x41)
0  -O                                                                        (1 = 100.0%)
1  ... 

Histogram: Extensions.LoadPackagedApp recorded 1 samples, mean = 0.0 (flags = 0x41)
0  -O                                                                        (1 = 100.0%)
1  ... 

Histogram: Extensions.LoadPackagedApp2 recorded 1 samples, mean = 0.0 (flags = 0x41)
0  -O                                                                        (1 = 100.0%)
1  ... 

Histogram: Extensions.LoadPlatformApp recorded 1 samples, mean = 0.0 (flags = 0x41)
0  -O                                                                        (1 = 100.0%)
1  ... 

Histogram: Extensions.LoadPlatformApp2 recorded 1 samples, mean = 0.0 (flags = 0x41)
0  -O                                                                        (1 = 100.0%)
1  ... 

Histogram: Extensions.LoadTheme recorded 1 samples, mean = 0.0 (flags = 0x41)
0  -O                                                                        (1 = 100.0%)
1  ... 

Histogram: Extensions.LoadTheme2 recorded 1 samples, mean = 0.0 (flags = 0x41)
0  -O                                                                        (1 = 100.0%)
1  ... 

Histogram: Extensions.LoadUserScript recorded 1 samples, mean = 0.0 (flags = 0x41)
0  -O                                                                        (1 = 100.0%)
1  ... 

Histogram: Extensions.LoadUserScript2 recorded 1 samples, mean = 0.0 (flags = 0x41)
0  -O                                                                        (1 = 100.0%)
1  ... 

Histogram: Extensions.Management_Refresh recorded 1 samples, mean = 0.0 (flags = 0x41)
0  -O                                                                        (1 = 100.0%)
1  ... 

Histogram: Extensions.ManifestVersion2Count.Component recorded 1 samples, mean = 1.0 (flags = 0x41)
0  O                                                                         (0 = 0.0%)
1  -O                                                                        (1 = 100.0%) {0.0%}
2  ... 

Histogram: Extensions.ManifestVersion2Count.External recorded 1 samples, mean = 0.0 (flags = 0x41)
0  -O                                                                        (1 = 100.0%)
1  ... 

Histogram: Extensions.ManifestVersion2Count.Internal recorded 1 samples, mean = 0.0 (flags = 0x41)
0  -O                                                                        (1 = 100.0%)
1  ... 

Histogram: Extensions.ManifestVersion2Count.Policy recorded 1 samples, mean = 0.0 (flags = 0x41)
0  -O                                                                        (1 = 100.0%)
1  ... 

Histogram: Extensions.ManifestVersion2Count.Unpacked recorded 1 samples, mean = 0.0 (flags = 0x41)
0  -O                                                                        (1 = 100.0%)
1  ... 

Histogram: Extensions.ManifestVersion3Count.Component recorded 1 samples, mean = 0.0 (flags = 0x41)
0  -O                                                                        (1 = 100.0%)
1  ... 

Histogram: Extensions.ManifestVersion3Count.External recorded 1 samples, mean = 0.0 (flags = 0x41)
0  -O                                                                        (1 = 100.0%)
1  ... 

Histogram: Extensions.ManifestVersion3Count.Internal recorded 1 samples, mean = 0.0 (flags = 0x41)
0  -O                                                                        (1 = 100.0%)
1  ... 

Histogram: Extensions.ManifestVersion3Count.Policy recorded 1 samples, mean = 0.0 (flags = 0x41)
0  -O                                                                        (1 = 100.0%)
1  ... 

Histogram: Extensions.ManifestVersion3Count.Unpacked recorded 1 samples, mean = 0.0 (flags = 0x41)
0  -O                                                                        (1 = 100.0%)
1  ... 

Histogram: Extensions.ManifestVersionByLocation.Component recorded 1 samples, mean = 2.0 (flags = 0x41)
0  ... 
2  -O                                                                        (1 = 100.0%) {0.0%}
3  ... 

Histogram: Extensions.ManifestVersionPopulationSplit.Component recorded 1 samples, mean = 1.0 (flags = 0x41)
0  O                                                                         (0 = 0.0%)
1  -O                                                                        (1 = 100.0%) {0.0%}
2  ... 

Histogram: Extensions.ManifestVersionPopulationSplit.External recorded 1 samples, mean = 0.0 (flags = 0x41)
0  -O                                                                        (1 = 100.0%)
1  ... 

Histogram: Extensions.ManifestVersionPopulationSplit.Internal recorded 1 samples, mean = 0.0 (flags = 0x41)
0  -O                                                                        (1 = 100.0%)
1  ... 

Histogram: Extensions.ManifestVersionPopulationSplit.InternalAndExternal recorded 1 samples, mean = 0.0 (flags = 0x41)
0  -O                                                                        (1 = 100.0%)
1  ... 

Histogram: Extensions.ManifestVersionPopulationSplit.Unpacked recorded 1 samples, mean = 0.0 (flags = 0x41)
0  -O                                                                        (1 = 100.0%)
1  ... 

Histogram: Extensions.NewTabPageOverrides recorded 1 samples, mean = 0.0 (flags = 0x41)
0  -O                                                                        (1 = 100.0%)
1  ... 

Histogram: Extensions.NewTabPageOverrides2 recorded 1 samples, mean = 0.0 (flags = 0x41)
0  -O                                                                        (1 = 100.0%)
1  ... 

Histogram: Extensions.NonWebStoreNewTabPageOverrides recorded 1 samples, mean = 0.0 (flags = 0x41)
0  -O                                                                        (1 = 100.0%)
1  ... 

Histogram: Extensions.NonWebStoreNewTabPageOverrides2 recorded 1 samples, mean = 0.0 (flags = 0x41)
0  -O                                                                        (1 = 100.0%)
1  ... 

Histogram: Extensions.NonWebstoreLocation recorded 2 samples, mean = 5.0 (flags = 0x41)
0  ... 
5  --O                                                                       (2 = 100.0%) {0.0%}
6  ... 

Histogram: Extensions.NonWebstoreLocation2 recorded 2 samples, mean = 5.0 (flags = 0x41)
0  ... 
5  --O                                                                       (2 = 100.0%) {0.0%}
6  ... 

Histogram: Extensions.NonWebstoreLocationWithDeveloperModeOff.Enabled3 recorded 2 samples, mean = 5.0 (flags = 0x41)
0  ... 
5  --O                                                                       (2 = 100.0%) {0.0%}
6  ... 

Histogram: Extensions.NotAllowlistedDisabled recorded 1 samples, mean = 0.0 (flags = 0x41)
0  -O                                                                        (1 = 100.0%)
1  ... 

Histogram: Extensions.NotAllowlistedDisabled2 recorded 1 samples, mean = 0.0 (flags = 0x41)
0  -O                                                                        (1 = 100.0%)
1  ... 

Histogram: Extensions.NotAllowlistedEnabled recorded 1 samples, mean = 0.0 (flags = 0x41)
0  -O                                                                        (1 = 100.0%)
1  ... 

Histogram: Extensions.NotAllowlistedEnabled2 recorded 1 samples, mean = 0.0 (flags = 0x41)
0  -O                                                                        (1 = 100.0%)
1  ... 

Histogram: Extensions.ProcessManagerStartupHostsTime2 recorded 1 samples, mean = 0.0 (flags = 0x41)
0  -O                                                                        (1 = 100.0%)
1  ... 

Histogram: Extensions.SearchEngineOverrides recorded 1 samples, mean = 0.0 (flags = 0x41)
0  -O                                                                        (1 = 100.0%)
1  ... 

Histogram: Extensions.SearchEngineOverrides2 recorded 1 samples, mean = 0.0 (flags = 0x41)
0  -O                                                                        (1 = 100.0%)
1  ... 

Histogram: Extensions.StartupPagesOverrides recorded 1 samples, mean = 0.0 (flags = 0x41)
0  -O                                                                        (1 = 100.0%)
1  ... 

Histogram: Extensions.StartupPagesOverrides2 recorded 1 samples, mean = 0.0 (flags = 0x41)
0  -O                                                                        (1 = 100.0%)
1  ... 

Histogram: Extensions.WebRequestBlockingCount recorded 1 samples, mean = 0.0 (flags = 0x41)
0  -O                                                                        (1 = 100.0%)
1  ... 

Histogram: Extensions.WebRequestBlockingCount2 recorded 1 samples, mean = 0.0 (flags = 0x41)
0  -O                                                                        (1 = 100.0%)
1  ... 

Histogram: Extensions.WebRequestCount recorded 1 samples, mean = 0.0 (flags = 0x41)
0  -O                                                                        (1 = 100.0%)
1  ... 

Histogram: Extensions.WebRequestCount2 recorded 1 samples, mean = 0.0 (flags = 0x41)
0  -O                                                                        (1 = 100.0%)
1  ... 

Histogram: FetchKeepAlive.Renderer.Total.ReceivedResponse recorded 1 samples, mean = 1.0 (flags = 0x41)
0  O                                                                         (0 = 0.0%)
1  -O                                                                        (1 = 100.0%) {0.0%}
2  O                                                                         (0 = 0.0%) {100.0%}

Histogram: FetchKeepAlive.Renderer.Total.Started recorded 1 samples, mean = 1.0 (flags = 0x41)
0  O                                                                         (0 = 0.0%)
1  -O                                                                        (1 = 100.0%) {0.0%}
2  O                                                                         (0 = 0.0%) {100.0%}

Histogram: FetchKeepAlive.Requests2.Network recorded 2 samples, mean = 0.5 (flags = 0x41)
0  -O                                                                        (1 = 50.0%)
1  -O                                                                        (1 = 50.0%) {50.0%}
2  O                                                                         (0 = 0.0%) {100.0%}

Histogram: FetchKeepAlive.Requests2.SentToService.Renderer recorded 1 samples, mean = 2.0 (flags = 0x41)
0  ... 
2  -O                                                                        (1 = 100.0%) {0.0%}
3  ... 

Histogram: FetchKeepAlive.Requests2.Started.IsContextDetached.Renderer recorded 1 samples, mean = 0.0 (flags = 0x41)
0  -O                                                                        (1 = 100.0%)
1  ... 

Histogram: FetchKeepAlive.Requests2.Started.Renderer recorded 1 samples, mean = 1.0 (flags = 0x41)
0  O                                                                         (0 = 0.0%)
1  -O                                                                        (1 = 100.0%) {0.0%}
2  ... 

Histogram: FetchKeepAlive.Requests2.Succeeded.IsContextDetached.Renderer recorded 1 samples, mean = 0.0 (flags = 0x41)
0  -O                                                                        (1 = 100.0%)
1  ... 

Histogram: FetchKeepAlive.Requests2.Succeeded.Renderer recorded 1 samples, mean = 1.0 (flags = 0x41)
0  O                                                                         (0 = 0.0%)
1  -O                                                                        (1 = 100.0%) {0.0%}
2  ... 

Histogram: FetchKeepAlive.Requests2.Total.Renderer recorded 1 samples, mean = 1.0 (flags = 0x41)
0  O                                                                         (0 = 0.0%)
1  -O                                                                        (1 = 100.0%) {0.0%}
2  ... 

Histogram: FirstPartySets.Database.InitStatus recorded 1 samples, mean = 1.0 (flags = 0x41)
0  O                                                                         (0 = 0.0%)
1  -O                                                                        (1 = 100.0%) {0.0%}
2  ... 

Histogram: FirstPartySets.Database.TransactionFailed recorded 7 samples, mean = 0.0 (flags = 0x41)
0  -------O                                                                  (7 = 100.0%)
1  ... 

Histogram: FirstPartySets.Initialization.ClearSiteDataOutcome recorded 1 samples, mean = 1.0 (flags = 0x41)
0  O                                                                         (0 = 0.0%)
1  -O                                                                        (1 = 100.0%) {0.0%}
2  O                                                                         (0 = 0.0%) {100.0%}

Histogram: FirstPartySets.Initialization.SitesToClear.Count recorded 1 samples, mean = 0.0 (flags = 0x41)
0  -O                                                                        (1 = 100.0%)
1  ... 

Histogram: GPU.ANGLE.D3DShaderBlobSizeKB recorded 4 samples, mean = 0.5 (flags = 0x41)
0  ----O                                                                     (4 = 100.0%)
1000... 

Histogram: GPU.ANGLE.D3DShaderCompilationTimeUs recorded 4 samples, mean = 4061.5 (flags = 0x41)
0     ... 
2336  -O                                                                        (1 = 25.0%) {0.0%}
3077  -O                                                                        (1 = 25.0%) {25.0%}
4053  -O                                                                        (1 = 25.0%) {50.0%}
5338  -O                                                                        (1 = 25.0%) {75.0%}
7031  ... 

Histogram: GPU.BlocklistFeatureTestResults.Accelerated2dCanvas recorded 1 samples, mean = 0.0 (flags = 0x41)
0  -O                                                                        (1 = 100.0%)
1  ... 

Histogram: GPU.BlocklistFeatureTestResults.GpuCompositing recorded 1 samples, mean = 0.0 (flags = 0x41)
0  -O                                                                        (1 = 100.0%)
1  ... 

Histogram: GPU.BlocklistFeatureTestResults.GpuRasterization recorded 1 samples, mean = 0.0 (flags = 0x41)
0  -O                                                                        (1 = 100.0%)
1  ... 

Histogram: GPU.BlocklistFeatureTestResults.Webgl recorded 1 samples, mean = 0.0 (flags = 0x41)
0  -O                                                                        (1 = 100.0%)
1  ... 

Histogram: GPU.BlocklistFeatureTestResults.Webgl2 recorded 1 samples, mean = 0.0 (flags = 0x41)
0  -O                                                                        (1 = 100.0%)
1  ... 

Histogram: GPU.BlocklistFeatureTestResults.Webgpu recorded 1 samples, mean = 2.0 (flags = 0x41)
0  ... 
2  -O                                                                        (1 = 100.0%) {0.0%}
3  ... 

Histogram: GPU.BlocklistTestResultsPerEntry recorded 1 samples, mean = 0.0 (flags = 0x41)
0  -O                                                                        (1 = 100.0%)
1  ... 

Histogram: GPU.CanvasOopRaster.OopRasterAndGpuAcceleration recorded 1 samples, mean = 0.0 (flags = 0x41)
0  -O                                                                        (1 = 100.0%)
1  ... 

Histogram: GPU.CompositingMode recorded 27 samples, mean = 1.0 (flags = 0x41)
0  O                                                                         (0 = 0.0%)
1  ---------------------------O                                              (27 = 100.0%) {0.0%}
2  ... 

Histogram: GPU.D3D12FeatureLevel recorded 1 samples, mean = 5.0 (flags = 0x41)
0  ... 
5  -O                                                                        (1 = 100.0%) {0.0%}
6  O                                                                         (0 = 0.0%) {100.0%}

Histogram: GPU.D3D12HighestShaderModel2 recorded 1 samples, mean = 9.0 (flags = 0x41)
0  ... 
9  -O                                                                        (1 = 100.0%) {0.0%}
10 O                                                                         (0 = 0.0%) {100.0%}

Histogram: GPU.DriverBugTestResultsPerEntry recorded 13 samples (flags = 0x41)
0    -O                                                                        (1 = 7.7%)
17   -O                                                                        (1 = 7.7%)
206  -O                                                                        (1 = 7.7%)
256  -O                                                                        (1 = 7.7%)
315  -O                                                                        (1 = 7.7%)
324  -O                                                                        (1 = 7.7%)
329  -O                                                                        (1 = 7.7%)
332  -O                                                                        (1 = 7.7%)
364  -O                                                                        (1 = 7.7%)
394  -O                                                                        (1 = 7.7%)
414  -O                                                                        (1 = 7.7%)
426  -O                                                                        (1 = 7.7%)
430  -O                                                                        (1 = 7.7%)

Histogram: GPU.EstablishGpuChannelSyncTime recorded 2 samples, mean = 3037.0 (flags = 0x41)
0     ... 
533   -O                                                                        (1 = 50.0%) {0.0%}
633   ... 
5017  -O                                                                        (1 = 50.0%) {50.0%}
5961  ... 

Histogram: GPU.EstablishGpuChannelSyncTime.FirstRun recorded 2 samples, mean = 3037.0 (flags = 0x41)
0     ... 
533   -O                                                                        (1 = 50.0%) {0.0%}
633   ... 
5017  -O                                                                        (1 = 50.0%) {50.0%}
5961  ... 

Histogram: GPU.GPUProcessLaunchTime recorded 2 samples, mean = 3014.0 (flags = 0x41)
0     ... 
318   -O                                                                        (1 = 50.0%) {0.0%}
378   ... 
5017  -O                                                                        (1 = 50.0%) {50.0%}
5961  ... 

Histogram: GPU.GPUProcessTerminationStatus2 recorded 1 samples, mean = 4.0 (flags = 0x41)
0  ... 
4  -O                                                                        (1 = 100.0%) {0.0%}
5  ... 

Histogram: GPU.HardwareAccelerationModeEnabled recorded 1 samples, mean = 1.0 (flags = 0x41)
0  O                                                                         (0 = 0.0%)
1  -O                                                                        (1 = 100.0%) {0.0%}
2  O                                                                         (0 = 0.0%) {100.0%}

Histogram: GPU.ProcessLifetimeEvents.HardwareAccelerated recorded 1 samples, mean = 0.0 (flags = 0x41)
0  -O                                                                        (1 = 100.0%)
1  ... 

Histogram: GPU.RasterDecoder.TimeToFlush recorded 2 samples, mean = 1533.5 (flags = 0x41)
0     ... 
364   -O                                                                        (1 = 50.0%) {0.0%}
414   ... 
2545  -O                                                                        (1 = 50.0%) {50.0%}
2898  ... 

Histogram: GPU.SharedImage.BackingType recorded 5 samples, mean = 8.0 (flags = 0x41)
0   ... 
2   --O                                                                       (2 = 40.0%) {0.0%}
3   ... 
12  ---O                                                                      (3 = 60.0%) {40.0%}
13  ... 

Histogram: GPU.SharedImage.ContentConsumed recorded 11 samples, mean = 0.5 (flags = 0x41)
0  ------O                                                                   (6 = 54.5%)
1  -----O                                                                    (5 = 45.5%) {54.5%}
2  O                                                                         (0 = 0.0%) {100.0%}

Histogram: GPU.SkiaBackendType recorded 1 samples, mean = 2.0 (flags = 0x41)
0  ... 
2  -O                                                                        (1 = 100.0%) {0.0%}
3  ... 

Histogram: GPU.SupportsDX12 recorded 1 samples, mean = 1.0 (flags = 0x41)
0  O                                                                         (0 = 0.0%)
1  -O                                                                        (1 = 100.0%) {0.0%}
2  O                                                                         (0 = 0.0%) {100.0%}

Histogram: GPU.WatchdogThread.Event recorded 1 samples, mean = 0.0 (flags = 0x41)
0  -O                                                                        (1 = 100.0%)
1  ... 

Histogram: GPU.WatchdogThread.Event.main recorded 1 samples, mean = 0.0 (flags = 0x41)
0  -O                                                                        (1 = 100.0%)
1  ... 

Histogram: GPU.WatchdogThread.Timeout recorded 405 samples, mean = 0.0 (flags = 0x41)
0  ------------------------------------------------------------------------O (405 = 100.0%)
1  ... 

Histogram: GPU.WatchdogThread.Timeout.Normal recorded 405 samples, mean = 0.0 (flags = 0x41)
0  ------------------------------------------------------------------------O (405 = 100.0%)
1  ... 

Histogram: GPU.WatchdogThread.Timeout.Normal.main recorded 405 samples, mean = 0.0 (flags = 0x41)
0  ------------------------------------------------------------------------O (405 = 100.0%)
1  ... 

Histogram: GPU.WatchdogThread.Timeout.main recorded 405 samples, mean = 0.0 (flags = 0x41)
0  ------------------------------------------------------------------------O (405 = 100.0%)
1  ... 

Histogram: Gaia.AuthFetcher.ListAccounts.NetErrorCodes recorded 1 samples (flags = 0x41)
0  -O                                                                        (1 = 100.0%)

Histogram: Gpu.FenceHandle.CloneCountsPerSubmit recorded 5 samples, mean = 0.0 (flags = 0x41)
0  -----O                                                                    (5 = 100.0%)
1  ... 

Histogram: Gpu.GrCompileShaderUs recorded 4 samples, mean = 704.0 (flags = 0x41)
0     ... 
258   -O                                                                        (1 = 25.0%) {0.0%}
340   O                                                                         (0 = 0.0%) {25.0%}
448   -O                                                                        (1 = 25.0%) {25.0%}
590   -O                                                                        (1 = 25.0%) {50.0%}
777   O                                                                         (0 = 0.0%) {75.0%}
1023  -O                                                                        (1 = 25.0%) {75.0%}
1347  ... 

Histogram: Gpu.GrLinkProgramUs recorded 2 samples, mean = 5772.5 (flags = 0x41)
0     ... 
3077  -O                                                                        (1 = 50.0%) {0.0%}
4053  ... 
7031  -O                                                                        (1 = 50.0%) {50.0%}
9260  ... 

Histogram: Gpu.PassthroughProgramCacheLoadHitInCache recorded 2 samples, mean = 0.0 (flags = 0x41)
0  --O                                                                       (2 = 100.0%)
1  ... 

Histogram: Gpu.Rasterization.Raster.MSAASampleCountLog2 recorded 2 samples, mean = 0.0 (flags = 0x41)
0  --O                                                                       (2 = 100.0%)
1  ... 

Histogram: HangWatcher.IsThreadHung.BrowserProcess.IOThread.Normal recorded 813 samples, mean = 0.0 (flags = 0x41)
0  ------------------------------------------------------------------------O (813 = 100.0%)
1  ... 

Histogram: HangWatcher.IsThreadHung.BrowserProcess.UIThread.Normal recorded 813 samples, mean = 0.0 (flags = 0x41)
0  ------------------------------------------------------------------------O (813 = 100.0%)
1  ... 

Histogram: HangWatcher.IsThreadHung.RendererProcess.IOThread recorded 812 samples, mean = 0.0 (flags = 0x41)
0  ------------------------------------------------------------------------O (812 = 100.0%)
1  ... 

Histogram: HangWatcher.IsThreadHung.RendererProcess.IOThread.BestEffort recorded 813 samples, mean = 0.0 (flags = 0x41)
0  ------------------------------------------------------------------------O (813 = 100.0%)
1  ... 

Histogram: HangWatcher.IsThreadHung.RendererProcess.MainThread recorded 812 samples, mean = 0.0 (flags = 0x41)
0  ------------------------------------------------------------------------O (812 = 100.0%)
1  ... 

Histogram: HangWatcher.IsThreadHung.RendererProcess.MainThread.BestEffort recorded 813 samples, mean = 0.0 (flags = 0x41)
0  ------------------------------------------------------------------------O (813 = 100.0%)
1  ... 

Histogram: HangWatcher.IsThreadHung.UtilityProcess.IOThread recorded 1626 samples, mean = 0.0 (flags = 0x41)
0  ------------------------------------------------------------------------O (1626 = 100.0%)
1  ... 

Histogram: HangWatcher.IsThreadHung.UtilityProcess.MainThread recorded 1626 samples, mean = 0.0 (flags = 0x41)
0  ------------------------------------------------------------------------O (1626 = 100.0%)
1  ... 

Histogram: HangWatcher.SleepDrift.BrowserProcess recorded 4064 samples, mean = 5.9 (flags = 0x41)
0   ------------------------------------------------------------------------O (892 = 21.9%)
1   ------------------------O                                                 (293 = 7.2%) {21.9%}
2   -----------------O                                                        (205 = 5.0%) {29.2%}
3   ---------------------O                                                    (254 = 6.2%) {34.2%}
4   ------------------O                                                       (228 = 5.6%) {40.5%}
5   ----------------O                                                         (197 = 4.8%) {46.1%}
6   ------------------O                                                       (227 = 5.6%) {50.9%}
7   ------------------O                                                       (217 = 5.3%) {56.5%}
8   ----------------------------------O                                       (426 = 10.5%) {61.8%}
10  -------------------------------O                                          (389 = 9.6%) {72.3%}
12  ----------------------------------O                                       (424 = 10.4%) {81.9%}
14  -------------------------O                                                (307 = 7.6%) {92.3%}
17  O                                                                         (2 = 0.0%) {99.9%}
20  O                                                                         (2 = 0.0%) {99.9%}
24  ... 
40  O                                                                         (1 = 0.0%) {100.0%}
48  ... 

Histogram: Hardware.Display.Count.OnStartup recorded 1 samples, mean = 1.0 (flags = 0x41)
0  O                                                                         (0 = 0.0%)
1  -O                                                                        (1 = 100.0%) {0.0%}
2  ... 

Histogram: Hardware.Display.SupportsHDR recorded 1 samples, mean = 0.0 (flags = 0x41)
0  -O                                                                        (1 = 100.0%)
1  ... 

Histogram: HeapProfiling.InProcess.Enabled recorded 1 samples, mean = 0.0 (flags = 0x41)
0  -O                                                                        (1 = 100.0%)
1  ... 

Histogram: HeapProfiling.InProcess.Enabled.Browser recorded 1 samples, mean = 0.0 (flags = 0x41)
0  -O                                                                        (1 = 100.0%)
1  ... 

Histogram: Histogram.TooManyBuckets.1000 recorded 4 samples (flags = 0x41)
-2140283801 --O                                                                       (2 = 50.0%)
1721222685  --O                                                                       (2 = 50.0%)

Histogram: History.Backend.TransactionCommitSuccess recorded 3 samples, mean = 1.0 (flags = 0x41)
0  O                                                                         (0 = 0.0%)
1  ---O                                                                      (3 = 100.0%) {0.0%}
2  O                                                                         (0 = 0.0%) {100.0%}

Histogram: History.ClearBrowsingData.TaskQueueAtShutdown recorded 1 samples, mean = 0.0 (flags = 0x41)
0  -O                                                                        (1 = 100.0%)
1  ... 

Histogram: History.Clusters.ContextClusterer.VisitProcessingLatency.CleanUpTimer recorded 13 samples, mean = 0.0 (flags = 0x41)
0  -------------O                                                            (13 = 100.0%)
1  ... 

Histogram: History.Clusters.ContextClusterer.VisitProcessingLatency.UrlVisited recorded 4 samples, mean = 0.0 (flags = 0x41)
0  ----O                                                                     (4 = 100.0%)
1  ... 

Histogram: History.Clusters.JourneysEligibleAndEnabledAtSessionStart recorded 1 samples, mean = 1.0 (flags = 0x41)
0  O                                                                         (0 = 0.0%)
1  -O                                                                        (1 = 100.0%) {0.0%}
2  O                                                                         (0 = 0.0%) {100.0%}

Histogram: History.Clusters.KeywordCache.LoadCachesFromPrefs.Latency recorded 1 samples, mean = 0.0 (flags = 0x41)
0  -O                                                                        (1 = 100.0%)
1  ... 

Histogram: History.InMemoryDBItemCount recorded 1 samples, mean = 3.0 (flags = 0x41)
0  ... 
3  -O                                                                        (1 = 100.0%) {0.0%}
4  ... 

Histogram: History.TopSites.QueryFromHistoryTime recorded 1 samples, mean = 329.0 (flags = 0x41)
0    ... 
318  -O                                                                        (1 = 100.0%) {0.0%}
378  ... 

Histogram: History.VisitedLinks.HashTableLengthOnReaderInit recorded 3 samples, mean = 16381.0 (flags = 0x41)
0      ... 
14319  ---O                                                                      (3 = 100.0%) {0.0%}
19866  ... 

Histogram: History.VisitedLinks.HashTableSizeOnTableCreate recorded 2 samples, mean = 0.0 (flags = 0x41)
0  --O                                                                       (2 = 100.0%)
1  ... 

Histogram: History.VisitedLinks.HashTableUsageOnLinkAdded recorded 4 samples, mean = 3.0 (flags = 0x41)
0  -O                                                                        (1 = 25.0%)
1  ... 
4  ---O                                                                      (3 = 75.0%) {25.0%}
6  ... 

Histogram: History.VisitedLinks.TryToAddFingerprint recorded 5 samples, mean = 0.8 (flags = 0x41)
0  -O                                                                        (1 = 20.0%)
1  ----O                                                                     (4 = 80.0%) {20.0%}
2  ... 

Histogram: History.VisitedLinks.VisitLoggedFromMainFrame recorded 3 samples, mean = 1.0 (flags = 0x41)
0  O                                                                         (0 = 0.0%)
1  ---O                                                                      (3 = 100.0%) {0.0%}
2  O                                                                         (0 = 0.0%) {100.0%}

Histogram: History.VisitedLinks.VisitLoggedFromTransition recorded 3 samples, mean = 1.7 (flags = 0x41)
0  O                                                                         (0 = 0.0%)
1  -O                                                                        (1 = 33.3%) {0.0%}
2  --O                                                                       (2 = 66.7%) {33.3%}
3  ... 

Histogram: HttpCache.AccessToDone2 recorded 49 samples, mean = 162.2 (flags = 0x41)
0     ... 
2     -O                                                                        (1 = 2.0%) {0.0%}
3     -O                                                                        (1 = 2.0%) {2.0%}
4     ... 
7     --O                                                                       (2 = 4.1%) {4.1%}
8     -O                                                                        (1 = 2.0%) {8.2%}
9     ... 
15    -O                                                                        (1 = 2.0%) {10.2%}
16    -O                                                                        (1 = 2.0%) {12.2%}
18    O                                                                         (0 = 0.0%) {14.3%}
20    -O                                                                        (1 = 2.0%) {14.3%}
22    -O                                                                        (1 = 2.0%) {16.3%}
24    -O                                                                        (1 = 2.0%) {18.4%}
26    O                                                                         (0 = 0.0%) {20.4%}
28    -O                                                                        (1 = 2.0%) {20.4%}
31    ... 
37    ----O                                                                     (4 = 8.2%) {22.4%}
41    --O                                                                       (2 = 4.1%) {30.6%}
45    -O                                                                        (1 = 2.0%) {34.7%}
49    ... 
59    --O                                                                       (2 = 4.1%) {36.7%}
65    O                                                                         (0 = 0.0%) {40.8%}
71    -O                                                                        (1 = 2.0%) {40.8%}
78    O                                                                         (0 = 0.0%) {42.9%}
85    -O                                                                        (1 = 2.0%) {42.9%}
93    -O                                                                        (1 = 2.0%) {44.9%}
102   -O                                                                        (1 = 2.0%) {46.9%}
112   O                                                                         (0 = 0.0%) {49.0%}
123   ----------O                                                               (10 = 20.4%) {49.0%}
135   ----O                                                                     (4 = 8.2%) {69.4%}
148   O                                                                         (0 = 0.0%) {77.6%}
162   -O                                                                        (1 = 2.0%) {77.6%}
177   O                                                                         (0 = 0.0%) {79.6%}
194   --O                                                                       (2 = 4.1%) {79.6%}
212   -O                                                                        (1 = 2.0%) {83.7%}
232   -O                                                                        (1 = 2.0%) {85.7%}
254   O                                                                         (0 = 0.0%) {87.8%}
278   -O                                                                        (1 = 2.0%) {87.8%}
304   ... 
477   --O                                                                       (2 = 4.1%) {89.8%}
522   O                                                                         (0 = 0.0%) {93.9%}
571   -O                                                                        (1 = 2.0%) {93.9%}
625   ... 
748   -O                                                                        (1 = 2.0%) {95.9%}
818   ... 
1403  -O                                                                        (1 = 2.0%) {98.0%}
1535  ... 

Histogram: HttpCache.AccessToDone2.SentRequest recorded 12 samples, mean = 429.3 (flags = 0x41)
0     ... 
16    -O                                                                        (1 = 8.3%) {0.0%}
18    ... 
162   -O                                                                        (1 = 8.3%) {8.3%}
177   O                                                                         (0 = 0.0%) {16.7%}
194   --O                                                                       (2 = 16.7%) {16.7%}
212   -O                                                                        (1 = 8.3%) {33.3%}
232   -O                                                                        (1 = 8.3%) {41.7%}
254   O                                                                         (0 = 0.0%) {50.0%}
278   -O                                                                        (1 = 8.3%) {50.0%}
304   ... 
477   --O                                                                       (2 = 16.7%) {58.3%}
522   O                                                                         (0 = 0.0%) {75.0%}
571   -O                                                                        (1 = 8.3%) {75.0%}
625   ... 
748   -O                                                                        (1 = 8.3%) {83.3%}
818   ... 
1403  -O                                                                        (1 = 8.3%) {91.7%}
1535  ... 

Histogram: HttpCache.AccessToDone2.Used recorded 37 samples, mean = 75.5 (flags = 0x41)
0    ... 
2    -O                                                                        (1 = 2.7%) {0.0%}
3    -O                                                                        (1 = 2.7%) {2.7%}
4    ... 
7    --O                                                                       (2 = 5.4%) {5.4%}
8    -O                                                                        (1 = 2.7%) {10.8%}
9    ... 
15   -O                                                                        (1 = 2.7%) {13.5%}
16   ... 
20   -O                                                                        (1 = 2.7%) {16.2%}
21   O                                                                         (0 = 0.0%) {18.9%}
22   -O                                                                        (1 = 2.7%) {18.9%}
23   O                                                                         (0 = 0.0%) {21.6%}
25   -O                                                                        (1 = 2.7%) {21.6%}
27   O                                                                         (0 = 0.0%) {24.3%}
29   -O                                                                        (1 = 2.7%) {24.3%}
31   ... 
39   ------O                                                                   (6 = 16.2%) {27.0%}
42   O                                                                         (0 = 0.0%) {43.2%}
45   -O                                                                        (1 = 2.7%) {43.2%}
48   ... 
58   --O                                                                       (2 = 5.4%) {45.9%}
62   ... 
70   -O                                                                        (1 = 2.7%) {51.4%}
75   ... 
91   -O                                                                        (1 = 2.7%) {54.1%}
97   -O                                                                        (1 = 2.7%) {56.8%}
103  -O                                                                        (1 = 2.7%) {59.5%}
110  ... 
125  --O                                                                       (2 = 5.4%) {62.2%}
133  ------------O                                                             (12 = 32.4%) {67.6%}
142  ... 

Histogram: HttpCache.AddTransactionToEntry recorded 49 samples, mean = 0.2 (flags = 0x41)
0  --------------------------------------------O                             (44 = 89.8%)
1  --O                                                                       (2 = 4.1%) {89.8%}
2  ---O                                                                      (3 = 6.1%) {93.9%}
3  ... 

Histogram: HttpCache.BeforeSend recorded 12 samples, mean = 10.4 (flags = 0x41)
0    ----O                                                                     (4 = 33.3%)
1    -----O                                                                    (5 = 41.7%) {33.3%}
2    -O                                                                        (1 = 8.3%) {75.0%}
3    -O                                                                        (1 = 8.3%) {83.3%}
4    ... 
114  -O                                                                        (1 = 8.3%) {91.7%}
135  ... 

Histogram: HttpCache.BeforeSend.CantConditionalize recorded 3 samples, mean = 1.0 (flags = 0x41)
0  O                                                                         (0 = 0.0%)
1  ---O                                                                      (3 = 100.0%) {0.0%}
2  ... 

Histogram: HttpCache.BeforeSend.NotCached recorded 5 samples, mean = 0.8 (flags = 0x41)
0  ---O                                                                      (3 = 60.0%)
1  -O                                                                        (1 = 20.0%) {60.0%}
2  O                                                                         (0 = 0.0%) {80.0%}
3  -O                                                                        (1 = 20.0%) {80.0%}
4  ... 

Histogram: HttpCache.BeforeSend.Updated recorded 1 samples, mean = 115.0 (flags = 0x41)
0    ... 
114  -O                                                                        (1 = 100.0%) {0.0%}
135  ... 

Histogram: HttpCache.BeforeSend.Validated recorded 3 samples, mean = 1.0 (flags = 0x41)
0  -O                                                                        (1 = 33.3%)
1  -O                                                                        (1 = 33.3%) {33.3%}
2  -O                                                                        (1 = 33.3%) {66.7%}
3  ... 

Histogram: HttpCache.CreateDiskEntry recorded 5 samples, mean = 0.8 (flags = 0x41)
0  ---O                                                                      (3 = 60.0%)
1  -O                                                                        (1 = 20.0%) {60.0%}
2  O                                                                         (0 = 0.0%) {80.0%}
3  -O                                                                        (1 = 20.0%) {80.0%}
4  ... 

Histogram: HttpCache.HardReset recorded 1 samples, mean = 0.0 (flags = 0x40)
0  -O                                                                        (1 = 100.0%)
1  ... 

Histogram: HttpCache.IsNoStore recorded 49 samples, mean = 0.1 (flags = 0x41)
0  --------------------------------------------O                             (44 = 89.8%)
1  -----O                                                                    (5 = 10.2%) {89.8%}
2  O                                                                         (0 = 0.0%) {100.0%}

Histogram: HttpCache.IsNoStore.MainFrameHTML recorded 1 samples, mean = 1.0 (flags = 0x41)
0  O                                                                         (0 = 0.0%)
1  -O                                                                        (1 = 100.0%) {0.0%}
2  O                                                                         (0 = 0.0%) {100.0%}

Histogram: HttpCache.MaxFileSizeOnInit recorded 1 samples, mean = 40960.0 (flags = 0x41)
0      ... 
37526  -O                                                                        (1 = 100.0%) {0.0%}
42713  ... 

Histogram: HttpCache.OpenDiskEntry recorded 44 samples, mean = 1.3 (flags = 0x41)
0   ---------------------------------------O                                  (39 = 88.6%)
1   --O                                                                       (2 = 4.5%) {88.6%}
2   ... 
8   -O                                                                        (1 = 2.3%) {93.2%}
10  ... 
24  --O                                                                       (2 = 4.5%) {95.5%}
29  ... 

Histogram: HttpCache.Pattern recorded 49 samples, mean = 3.2 (flags = 0x41)
0  ... 
2  -----O                                                                    (5 = 10.2%) {0.0%}
3  -------------------------------------O                                    (37 = 75.5%) {10.2%}
4  ---O                                                                      (3 = 6.1%) {85.7%}
5  -O                                                                        (1 = 2.0%) {91.8%}
6  ---O                                                                      (3 = 6.1%) {93.9%}
7  O                                                                         (0 = 0.0%) {100.0%}

Histogram: HttpCache.Pattern.CSS recorded 7 samples, mean = 3.1 (flags = 0x41)
0  ... 
3  ------O                                                                   (6 = 85.7%) {0.0%}
4  -O                                                                        (1 = 14.3%) {85.7%}
5  ... 

Histogram: HttpCache.Pattern.CSSThirdParty recorded 7 samples, mean = 3.1 (flags = 0x41)
0  ... 
3  ------O                                                                   (6 = 85.7%) {0.0%}
4  -O                                                                        (1 = 14.3%) {85.7%}
5  ... 

Histogram: HttpCache.Pattern.Font recorded 5 samples, mean = 3.0 (flags = 0x41)
0  ... 
3  -----O                                                                    (5 = 100.0%) {0.0%}
4  ... 

Histogram: HttpCache.Pattern.FontThirdParty recorded 5 samples, mean = 3.0 (flags = 0x41)
0  ... 
3  -----O                                                                    (5 = 100.0%) {0.0%}
4  ... 

Histogram: HttpCache.Pattern.Image recorded 1 samples, mean = 2.0 (flags = 0x41)
0  ... 
2  -O                                                                        (1 = 100.0%) {0.0%}
3  ... 

Histogram: HttpCache.Pattern.JavaScript recorded 26 samples, mean = 3.1 (flags = 0x41)
0  ... 
3  -------------------------O                                                (25 = 96.2%) {0.0%}
4  O                                                                         (0 = 0.0%) {96.2%}
5  -O                                                                        (1 = 3.8%) {96.2%}
6  ... 

Histogram: HttpCache.Pattern.JavaScriptThirdParty recorded 25 samples, mean = 3.1 (flags = 0x41)
0  ... 
3  ------------------------O                                                 (24 = 96.0%) {0.0%}
4  O                                                                         (0 = 0.0%) {96.0%}
5  -O                                                                        (1 = 4.0%) {96.0%}
6  ... 

Histogram: HttpCache.Pattern.MainFrameHTML recorded 1 samples, mean = 2.0 (flags = 0x41)
0  ... 
2  -O                                                                        (1 = 100.0%) {0.0%}
3  ... 

Histogram: HttpCache.Pattern.NonTinyImage recorded 1 samples, mean = 2.0 (flags = 0x41)
0  ... 
2  -O                                                                        (1 = 100.0%) {0.0%}
3  ... 

Histogram: HttpCache.TotalDiskCacheTimePerTransaction.Read recorded 7 samples, mean = 16.4 (flags = 0x41)
0   ----O                                                                     (4 = 57.1%)
1   -O                                                                        (1 = 14.3%) {57.1%}
2   -O                                                                        (1 = 14.3%) {71.4%}
3   ... 
96  -O                                                                        (1 = 14.3%) {85.7%}
114 ... 

Histogram: HttpCache.TotalDiskCacheTimePerTransaction.Write recorded 7 samples, mean = 0.3 (flags = 0x41)
0  -----O                                                                    (5 = 71.4%)
1  --O                                                                       (2 = 28.6%) {71.4%}
2  ... 

Histogram: ImageDecoder.Png.UiGfxIntoSkBitmap recorded 1 samples, mean = 129.0 (flags = 0x41)
0    ... 
113  -O                                                                        (1 = 100.0%) {0.0%}
149  ... 

Histogram: ImportantFile.FileReplaceRetryCount recorded 15 samples, mean = 0.0 (flags = 0x41)
0  ---------------O                                                          (15 = 100.0%)
1  ... 

Histogram: ImportantFile.SerializationDuration recorded 2 samples, mean = 0.0 (flags = 0x41)
0  --O                                                                       (2 = 100.0%)
1  ... 

Histogram: ImportantFile.SerializationDuration.Local_State recorded 5 samples, mean = 0.0 (flags = 0x41)
0  -----O                                                                    (5 = 100.0%)
1  ... 

Histogram: ImportantFile.SerializationDuration.Preferences recorded 3 samples, mean = 0.0 (flags = 0x41)
0  ---O                                                                      (3 = 100.0%)
1  ... 

Histogram: ImportantFile.SerializationDuration.TransportSecurityPersister recorded 2 samples, mean = 0.0 (flags = 0x41)
0  --O                                                                       (2 = 100.0%)
1  ... 

Histogram: ImportantFile.WriteDuration recorded 2 samples, mean = 23.5 (flags = 0x41)
0   ... 
20  -O                                                                        (1 = 50.0%) {0.0%}
24  -O                                                                        (1 = 50.0%) {50.0%}
29  ... 

Histogram: ImportantFile.WriteDuration.Local_State recorded 5 samples, mean = 24.6 (flags = 0x41)
0   ... 
7   -O                                                                        (1 = 20.0%) {0.0%}
8   ... 
17  -O                                                                        (1 = 20.0%) {20.0%}
20  -O                                                                        (1 = 20.0%) {40.0%}
24  -O                                                                        (1 = 20.0%) {60.0%}
29  ... 
48  -O                                                                        (1 = 20.0%) {80.0%}
57  ... 

Histogram: ImportantFile.WriteDuration.Preferences recorded 3 samples, mean = 23.0 (flags = 0x41)
0   ... 
17  -O                                                                        (1 = 33.3%) {0.0%}
20  -O                                                                        (1 = 33.3%) {33.3%}
24  -O                                                                        (1 = 33.3%) {66.7%}
29  ... 

Histogram: ImportantFile.WriteDuration.SCTAuditing recorded 2 samples, mean = 5.0 (flags = 0x41)
0  ... 
5  --O                                                                       (2 = 100.0%) {0.0%}
6  ... 

Histogram: ImportantFile.WriteDuration.TransportSecurityPersister recorded 2 samples, mean = 18.5 (flags = 0x41)
0   ... 
17  -O                                                                        (1 = 50.0%) {0.0%}
20  -O                                                                        (1 = 50.0%) {50.0%}
24  ... 

Histogram: ImportantFile.WriteDuration.TrustedVault recorded 1 samples, mean = 12.0 (flags = 0x41)
0   ... 
12  -O                                                                        (1 = 100.0%) {0.0%}
14  ... 

Histogram: InProductHelp.Config.ParsingEvent recorded 68 samples, mean = 6.4 (flags = 0x41)
0   -----------------------------O                                            (29 = 42.6%)
1   O                                                                         (0 = 0.0%) {42.6%}
2   ---------O                                                                (9 = 13.2%) {42.6%}
3   ... 
14  ------------------------------O                                           (30 = 44.1%) {55.9%}
15  ... 

Histogram: InProductHelp.Db.Init.AvailabilityStore recorded 1 samples, mean = 0.0 (flags = 0x41)
0  -O                                                                        (1 = 100.0%)
1  ... 

Histogram: InProductHelp.Db.Init.EventStore recorded 1 samples, mean = 0.0 (flags = 0x41)
0  -O                                                                        (1 = 100.0%)
1  ... 

Histogram: IndexedDB.ContextShutdownDuration recorded 1 samples, mean = 0.0 (flags = 0x41)
0  -O                                                                        (1 = 100.0%)
1  ... 

Histogram: Input.Digitizer.MaxTouchPointsSupportedBySystemAtStartup recorded 1 samples, mean = 0.0 (flags = 0x41)
0  -O                                                                        (1 = 100.0%)
1  ... 

Histogram: Input.PointerTypePrimary recorded 1 samples, mean = 2.0 (flags = 0x41)
0  ... 
2  -O                                                                        (1 = 100.0%) {0.0%}
3  O                                                                         (0 = 0.0%) {100.0%}

Histogram: Input.PointerTypesAll recorded 1 samples, mean = 2.0 (flags = 0x41)
0  ... 
2  -O                                                                        (1 = 100.0%) {0.0%}
3  ... 

Histogram: LanguageDetection.TFLiteModel.WasModelRequestDeferred recorded 2 samples, mean = 1.0 (flags = 0x41)
0  O                                                                         (0 = 0.0%)
1  --O                                                                       (2 = 100.0%) {0.0%}
2  O                                                                         (0 = 0.0%) {100.0%}

Histogram: LanguageUsage.AcceptLanguage recorded 2 samples (flags = 0x41)
25966  -O                                                                        (1 = 50.0%)
27233  -O                                                                        (1 = 50.0%)

Histogram: LanguageUsage.AcceptLanguage.Count recorded 1 samples, mean = 2.0 (flags = 0x41)
0  ... 
2  -O                                                                        (1 = 100.0%) {0.0%}
3  ... 

Histogram: LanguageUsage.AcceptLanguageAndContentLanguageUsage recorded 1 samples, mean = 0.0 (flags = 0x41)
0  -O                                                                        (1 = 100.0%)
1  ... 

Histogram: LevelDB.ApproximateMemTableMemoryUse.BudgetManager recorded 0 samples (flags = 0x41)
0 ... 

Histogram: LevelDB.ApproximateMemTableMemoryUse.CartDatabase recorded 0 samples (flags = 0x41)
0 ... 

Histogram: LevelDB.ApproximateMemTableMemoryUse.ClientCertificatesDatabase recorded 0 samples (flags = 0x41)
0 ... 

Histogram: LevelDB.ApproximateMemTableMemoryUse.CommerceParcelTrackingDatabase recorded 0 samples (flags = 0x41)
0 ... 

Histogram: LevelDB.ApproximateMemTableMemoryUse.CommerceSubscriptionDatabase recorded 0 samples (flags = 0x41)
0 ... 

Histogram: LevelDB.ApproximateMemTableMemoryUse.CouponDatabase recorded 0 samples (flags = 0x41)
0 ... 

Histogram: LevelDB.ApproximateMemTableMemoryUse.DiscountsDatabase recorded 0 samples (flags = 0x41)
0 ... 

Histogram: LevelDB.ApproximateMemTableMemoryUse.DownloadDB recorded 0 samples (flags = 0x41)
0 ... 

Histogram: LevelDB.ApproximateMemTableMemoryUse.DownloadService recorded 0 samples (flags = 0x41)
0 ... 

Histogram: LevelDB.ApproximateMemTableMemoryUse.FeatureEngagementTrackerAvailabilityStore recorded 0 samples (flags = 0x41)
0 ... 

Histogram: LevelDB.ApproximateMemTableMemoryUse.FeatureEngagementTrackerEventStore recorded 0 samples (flags = 0x41)
0 ... 

Histogram: LevelDB.ApproximateMemTableMemoryUse.Metadata recorded 0 samples (flags = 0x41)
0 ... 

Histogram: LevelDB.ApproximateMemTableMemoryUse.PersistentOriginTrials recorded 0 samples (flags = 0x41)
0 ... 

Histogram: LevelDB.ApproximateMemTableMemoryUse.PreviewsHintCacheStore recorded 0 samples (flags = 0x41)
0 ... 

Histogram: LevelDB.ApproximateMemTableMemoryUse.SegmentInfoDatabase recorded 0 samples (flags = 0x41)
0 ... 

Histogram: LevelDB.ApproximateMemTableMemoryUse.SharedProtoDB recorded 0 samples (flags = 0x41)
0 ... 

Histogram: LevelDB.ApproximateMemTableMemoryUse.SignalDatabase recorded 0 samples (flags = 0x41)
0 ... 

Histogram: LevelDB.ApproximateMemTableMemoryUse.SignalStorageConfigDatabase recorded 0 samples (flags = 0x41)
0 ... 

Histogram: LevelDB.ApproximateMemTableMemoryUse.StrikeService recorded 0 samples (flags = 0x41)
0 ... 

Histogram: LevelDBEnv.DeleteTableBackupFile recorded 0 samples (flags = 0x41)
0 ... 

Histogram: LevelDBWrapper.CommitDelay recorded 1 samples, mean = 5000.0 (flags = 0x41)
0     ... 
4516  -O                                                                        (1 = 100.0%) {0.0%}
6118  ... 

Histogram: LoadingPredictor.PreconnectCount recorded 1 samples, mean = 1.0 (flags = 0x41)
0  O                                                                         (0 = 0.0%)
1  -O                                                                        (1 = 100.0%) {0.0%}
2  ... 

Histogram: LoadingPredictor.PreconnectHitsPercentage recorded 1 samples, mean = 100.0 (flags = 0x41)
0    ... 
100  -O                                                                        (1 = 100.0%) {0.0%}
101  O                                                                         (0 = 0.0%) {100.0%}

Histogram: LoadingPredictor.PredictorDatabaseFileSize recorded 1 samples, mean = 44.0 (flags = 0x41)
0   ... 
37  -O                                                                        (1 = 100.0%) {0.0%}
49  ... 

Histogram: LoadingPredictor.PreresolveCount recorded 1 samples, mean = 1.0 (flags = 0x41)
0  O                                                                         (0 = 0.0%)
1  -O                                                                        (1 = 100.0%) {0.0%}
2  ... 

Histogram: LoadingPredictor.PreresolveHitsPercentage recorded 1 samples, mean = 100.0 (flags = 0x41)
0    ... 
100  -O                                                                        (1 = 100.0%) {0.0%}
101  O                                                                         (0 = 0.0%) {100.0%}

Histogram: LocalStorage.MojoSizeInKB recorded 1 samples, mean = 22.0 (flags = 0x41)
0   ... 
21  -O                                                                        (1 = 100.0%) {0.0%}
25  ... 

Histogram: LocalStorage.MojoTimeToPrime recorded 1 samples, mean = 0.0 (flags = 0x41)
0  -O                                                                        (1 = 100.0%)
1  ... 

Histogram: LocalStorage.MojoTimeToPrimeForUnder100KB recorded 1 samples, mean = 0.0 (flags = 0x41)
0  -O                                                                        (1 = 100.0%)
1  ... 

Histogram: LocalStorage.RendererAreaCacheHit recorded 2 samples, mean = 1.0 (flags = 0x41)
0  -O                                                                        (1 = 50.0%)
1  O                                                                         (0 = 0.0%) {50.0%}
2  -O                                                                        (1 = 50.0%) {50.0%}
3  O                                                                         (0 = 0.0%) {100.0%}

Histogram: LocalStorageContext.ShutDown.MaybeDroppedChanges recorded 1 samples, mean = 0.0 (flags = 0x40)
0  -O                                                                        (1 = 100.0%)
1  ... 

Histogram: MPArch.ChildProcessLaunchFirst recorded 1 samples, mean = 27.0 (flags = 0x41)
0   ... 
24  -O                                                                        (1 = 100.0%) {0.0%}
29  ... 

Histogram: MPArch.ChildProcessLaunchSubsequent recorded 7 samples, mean = 9.0 (flags = 0x41)
0   ... 
7   -O                                                                        (1 = 14.3%) {0.0%}
8   ----O                                                                     (4 = 57.1%) {14.3%}
10  -O                                                                        (1 = 14.3%) {71.4%}
12  -O                                                                        (1 = 14.3%) {85.7%}
14  ... 

Histogram: ManagedUsers.BlockedIframeCount recorded 1 samples, mean = 0.0 (flags = 0x41)
0  -O                                                                        (1 = 100.0%)
1  ... 

Histogram: Manifest.HasProperty.description recorded 1 samples, mean = 0.0 (flags = 0x41)
0  -O                                                                        (1 = 100.0%)
1  ... 

Histogram: Manifest.HasProperty.display recorded 1 samples, mean = 1.0 (flags = 0x41)
0  O                                                                         (0 = 0.0%)
1  -O                                                                        (1 = 100.0%) {0.0%}
2  O                                                                         (0 = 0.0%) {100.0%}

Histogram: Manifest.HasProperty.gcm_sender_id recorded 1 samples, mean = 0.0 (flags = 0x41)
0  -O                                                                        (1 = 100.0%)
1  ... 

Histogram: Manifest.HasProperty.icons recorded 1 samples, mean = 1.0 (flags = 0x41)
0  O                                                                         (0 = 0.0%)
1  -O                                                                        (1 = 100.0%) {0.0%}
2  O                                                                         (0 = 0.0%) {100.0%}

Histogram: Manifest.HasProperty.name recorded 1 samples, mean = 1.0 (flags = 0x41)
0  O                                                                         (0 = 0.0%)
1  -O                                                                        (1 = 100.0%) {0.0%}
2  O                                                                         (0 = 0.0%) {100.0%}

Histogram: Manifest.HasProperty.orientation recorded 1 samples, mean = 0.0 (flags = 0x41)
0  -O                                                                        (1 = 100.0%)
1  ... 

Histogram: Manifest.HasProperty.protocol_handlers recorded 1 samples, mean = 0.0 (flags = 0x41)
0  -O                                                                        (1 = 100.0%)
1  ... 

Histogram: Manifest.HasProperty.screenshots recorded 1 samples, mean = 0.0 (flags = 0x41)
0  -O                                                                        (1 = 100.0%)
1  ... 

Histogram: Manifest.HasProperty.share_target recorded 1 samples, mean = 0.0 (flags = 0x41)
0  -O                                                                        (1 = 100.0%)
1  ... 

Histogram: Manifest.HasProperty.short_name recorded 1 samples, mean = 1.0 (flags = 0x41)
0  O                                                                         (0 = 0.0%)
1  -O                                                                        (1 = 100.0%) {0.0%}
2  O                                                                         (0 = 0.0%) {100.0%}

Histogram: Manifest.HasProperty.start_url recorded 1 samples, mean = 1.0 (flags = 0x41)
0  O                                                                         (0 = 0.0%)
1  -O                                                                        (1 = 100.0%) {0.0%}
2  O                                                                         (0 = 0.0%) {100.0%}

Histogram: Manifest.ParseIdResult recorded 1 samples, mean = 1.0 (flags = 0x41)
0  O                                                                         (0 = 0.0%)
1  -O                                                                        (1 = 100.0%) {0.0%}
2  ... 

Histogram: Media.GPU.VideoDecoderType recorded 1 samples, mean = 11.0 (flags = 0x41)
0   ... 
11  -O                                                                        (1 = 100.0%) {0.0%}
12  ... 

Histogram: Media.MediaHistory.DatabaseExists recorded 1 samples, mean = 0.0 (flags = 0x41)
0  -O                                                                        (1 = 100.0%)
1  ... 

Histogram: MediaRouter.Cast.Discovery.ConnectedDevicesCount recorded 1 samples, mean = 0.0 (flags = 0x41)
0  -O                                                                        (1 = 100.0%)
1  ... 

Histogram: MediaRouter.Cast.Discovery.KnownDevicesCount recorded 1 samples, mean = 0.0 (flags = 0x41)
0  -O                                                                        (1 = 100.0%)
1  ... 

Histogram: MediaRouter.Dial.AvailableDevicesCount recorded 1 samples, mean = 0.0 (flags = 0x41)
0  -O                                                                        (1 = 100.0%)
1  ... 

Histogram: MediaRouter.Dial.KnownDevicesCount recorded 1 samples, mean = 0.0 (flags = 0x41)
0  -O                                                                        (1 = 100.0%)
1  ... 

Histogram: Memory.Discardable.FreelistSize.Foreground recorded 4 samples, mean = 0.0 (flags = 0x41)
0  ----O                                                                     (4 = 100.0%)
1  ... 

Histogram: Memory.Discardable.Size.Foreground recorded 4 samples, mean = 0.0 (flags = 0x41)
0  ----O                                                                     (4 = 100.0%)
1  ... 

Histogram: Memory.Discardable.VirtualSize.Foreground recorded 4 samples, mean = 0.0 (flags = 0x41)
0  ----O                                                                     (4 = 100.0%)
1  ... 

Histogram: Memory.Experimental.AvailableMemoryMB recorded 67 samples, mean = 6405.5 (flags = 0x41)
0     ... 
2967  --O                                                                       (2 = 3.0%) {0.0%}
3276  O                                                                         (0 = 0.0%) {3.0%}
3617  ---O                                                                      (3 = 4.5%) {3.0%}
3994  -O                                                                        (1 = 1.5%) {7.5%}
4410  O                                                                         (0 = 0.0%) {9.0%}
4869  -O                                                                        (1 = 1.5%) {9.0%}
5376  -O                                                                        (1 = 1.5%) {10.4%}
5936  -----------------O                                                        (17 = 25.4%) {11.9%}
6554  -------------------------------------O                                    (37 = 55.2%) {37.3%}
7237  -----O                                                                    (5 = 7.5%) {92.5%}
7991  ... 

Histogram: Memory.Experimental.AvailableMemoryPercent recorded 67 samples, mean = 19.5 (flags = 0x41)
0   ... 
9   --O                                                                       (2 = 3.0%) {0.0%}
10  O                                                                         (0 = 0.0%) {3.0%}
11  --O                                                                       (2 = 3.0%) {3.0%}
12  -O                                                                        (1 = 1.5%) {6.0%}
13  -O                                                                        (1 = 1.5%) {7.5%}
14  ... 
16  -O                                                                        (1 = 1.5%) {9.0%}
17  O                                                                         (0 = 0.0%) {10.4%}
18  -O                                                                        (1 = 1.5%) {10.4%}
19  -------O                                                                  (7 = 10.4%) {11.9%}
20  --------------------------O                                               (26 = 38.8%) {22.4%}
21  --------------------O                                                     (20 = 29.9%) {61.2%}
22  -O                                                                        (1 = 1.5%) {91.0%}
23  -----O                                                                    (5 = 7.5%) {92.5%}
24  ... 

Histogram: Memory.Experimental.Renderer.HighestPrivateMemoryFootprint.0to2min recorded 1 samples, mean = 77.0 (flags = 0x41)
0   ... 
75  -O                                                                        (1 = 100.0%) {0.0%}
84  ... 

Histogram: Memory.Experimental.Renderer.HighestPrivateMemoryFootprint.2to4min recorded 1 samples, mean = 63.0 (flags = 0x41)
0   ... 
60  -O                                                                        (1 = 100.0%) {0.0%}
67  ... 

Histogram: Memory.Experimental.Renderer.HighestPrivateMemoryFootprint.4to8min recorded 1 samples, mean = 63.0 (flags = 0x41)
0   ... 
60  -O                                                                        (1 = 100.0%) {0.0%}
67  ... 

Histogram: Memory.Experimental.Renderer.HighestPrivateMemoryFootprint.8to16min recorded 1 samples, mean = 63.0 (flags = 0x41)
0   ... 
60  -O                                                                        (1 = 100.0%) {0.0%}
67  ... 

Histogram: Memory.GPU.PeakMemoryAllocationSource2.PageLoad.SharedContextState recorded 1 samples, mean = 0.0 (flags = 0x41)
0  -O                                                                        (1 = 100.0%)
1  ... 

Histogram: Memory.GPU.PeakMemoryAllocationSource2.PageLoad.SharedImageStub recorded 1 samples, mean = 0.0 (flags = 0x41)
0  -O                                                                        (1 = 100.0%)
1  ... 

Histogram: Memory.GPU.PeakMemoryAllocationSource2.PageLoad.Skia recorded 1 samples, mean = 0.0 (flags = 0x41)
0  -O                                                                        (1 = 100.0%)
1  ... 

Histogram: Memory.GPU.PeakMemoryUsage2.PageLoad recorded 1 samples, mean = 0.0 (flags = 0x41)
0  -O                                                                        (1 = 100.0%)
1  ... 

Histogram: Memory.ParkableString.Compression.Latency recorded 18 samples, mean = 10368.8 (flags = 0x41)
0      -O                                                                        (1 = 5.6%)
500    ... 
796    --O                                                                       (2 = 11.1%) {5.6%}
860    ... 
1004   -O                                                                        (1 = 5.6%) {16.7%}
1085   ... 
1599   -O                                                                        (1 = 5.6%) {22.2%}
1728   O                                                                         (0 = 0.0%) {27.8%}
1867   -O                                                                        (1 = 5.6%) {27.8%}
2018   ... 
2974   -O                                                                        (1 = 5.6%) {33.3%}
3214   ... 
4737   -O                                                                        (1 = 5.6%) {38.9%}
5119   -O                                                                        (1 = 5.6%) {44.4%}
5532   ... 
6460   -O                                                                        (1 = 5.6%) {50.0%}
6981   -O                                                                        (1 = 5.6%) {55.6%}
7544   O                                                                         (0 = 0.0%) {61.1%}
8152   --O                                                                       (2 = 11.1%) {61.1%}
8810   -O                                                                        (1 = 5.6%) {72.2%}
9521   ... 
30480  ----O                                                                     (4 = 22.2%) {77.8%}
32938  ... 

Histogram: Memory.ParkableString.Compression.SizeKb recorded 18 samples, mean = 272.5 (flags = 0x41)
0    ... 
14   -O                                                                        (1 = 5.6%) {0.0%}
16   ... 
20   -O                                                                        (1 = 5.6%) {5.6%}
23   ... 
29   --O                                                                       (2 = 11.1%) {11.1%}
33   ... 
60   -O                                                                        (1 = 5.6%) {22.2%}
67   O                                                                         (0 = 0.0%) {27.8%}
75   -O                                                                        (1 = 5.6%) {27.8%}
84   -O                                                                        (1 = 5.6%) {33.3%}
95   O                                                                         (0 = 0.0%) {38.9%}
107  -O                                                                        (1 = 5.6%) {38.9%}
120  O                                                                         (0 = 0.0%) {44.4%}
135  -O                                                                        (1 = 5.6%) {44.4%}
152  O                                                                         (0 = 0.0%) {50.0%}
171  --O                                                                       (2 = 11.1%) {50.0%}
192  -O                                                                        (1 = 5.6%) {61.1%}
216  ... 
307  -O                                                                        (1 = 5.6%) {66.7%}
345  -O                                                                        (1 = 5.6%) {72.2%}
388  ... 
623  -O                                                                        (1 = 5.6%) {77.8%}
701  -O                                                                        (1 = 5.6%) {83.3%}
789  --O                                                                       (2 = 11.1%) {88.9%}
888  ... 

Histogram: Memory.ParkableString.Decompression.Latency recorded 3 samples, mean = 1081.3 (flags = 0x41)
0     -O                                                                        (1 = 33.3%)
500   ... 
1370  -O                                                                        (1 = 33.3%) {33.3%}
1480  -O                                                                        (1 = 33.3%) {66.7%}
1599  ... 

Histogram: Memory.ParkableString.Decompression.ThroughputMBps recorded 3 samples, mean = 95.0 (flags = 0x41)
0    ... 
75   -O                                                                        (1 = 33.3%) {0.0%}
84   -O                                                                        (1 = 33.3%) {33.3%}
95   O                                                                         (0 = 0.0%) {66.7%}
107  -O                                                                        (1 = 33.3%) {66.7%}
120  ... 

Histogram: Memory.ParkableString.DiskReadTime.5min recorded 1 samples, mean = 0.0 (flags = 0x41)
0  -O                                                                        (1 = 100.0%)
1  ... 

Histogram: Memory.ParkableString.DiskWriteTime.5min recorded 1 samples, mean = 19.0 (flags = 0x41)
0   ... 
17  -O                                                                        (1 = 100.0%) {0.0%}
20  ... 

Histogram: Memory.ParkableString.OnDiskSizeKb.5min recorded 1 samples, mean = 970.0 (flags = 0x41)
0    ... 
896  -O                                                                        (1 = 100.0%) {0.0%}
1122 ... 

Histogram: Memory.ParkableString.Read.Latency recorded 3 samples, mean = 586.7 (flags = 0x41)
0    -O                                                                        (1 = 33.3%)
500  ... 
631  -O                                                                        (1 = 33.3%) {33.3%}
682  ... 
929  -O                                                                        (1 = 33.3%) {66.7%}
1004 ... 

Histogram: Memory.ParkableString.TotalParkingThreadTime.5min recorded 1 samples, mean = 180.0 (flags = 0x41)
0    ... 
160  -O                                                                        (1 = 100.0%) {0.0%}
190  ... 

Histogram: Memory.ParkableString.TotalUnparkingTime.5min recorded 1 samples, mean = 0.0 (flags = 0x41)
0  -O                                                                        (1 = 100.0%)
1  ... 

Histogram: Memory.PartitionAlloc.MemoryReclaim recorded 8050 samples, mean = 638.4 (flags = 0x41)
0     ... 
86    O                                                                         (2 = 0.0%) {0.0%}
113   -------------------------------------------O                              (881 = 10.9%) {0.0%}
149   --------------------------------------------------------------O           (1270 = 15.8%) {11.0%}
196   -------------------------------------------------O                        (1002 = 12.4%) {26.7%}
258   -------------------------O                                                (509 = 6.3%) {39.2%}
340   ----------O                                                               (204 = 2.5%) {45.5%}
448   ---------------------------------O                                        (669 = 8.3%) {48.0%}
590   ------------------------------------------------------------------------O (1466 = 18.2%) {56.4%}
777   ------------------------------------O                                     (743 = 9.2%) {74.6%}
1023  ----------------------O                                                   (451 = 5.6%) {83.8%}
1347  --------------O                                                           (294 = 3.7%) {89.4%}
1774  --------------O                                                           (294 = 3.7%) {93.1%}
2336  ----------O                                                               (213 = 2.6%) {96.7%}
3077  --O                                                                       (37 = 0.5%) {99.4%}
4053  O                                                                         (10 = 0.1%) {99.8%}
5338  O                                                                         (5 = 0.1%) {99.9%}
7031  ... 

Histogram: Memory.PartitionAlloc.PartitionRoot.ExtrasSize recorded 1 samples, mean = 4.0 (flags = 0x41)
0  ... 
4  -O                                                                        (1 = 100.0%) {0.0%}
5  ... 

Histogram: Memory.PartitionAlloc.PeriodicPurge recorded 872 samples, mean = 47.5 (flags = 0x41)
0    ... 
5    O                                                                         (1 = 0.1%) {0.0%}
7    ---O                                                                      (8 = 0.9%) {0.1%}
9    ----O                                                                     (13 = 1.5%) {1.0%}
12   --------O                                                                 (24 = 2.8%) {2.5%}
16   ------------O                                                             (38 = 4.4%) {5.3%}
21   ------------------------------O                                           (94 = 10.8%) {9.6%}
28   ------------------------------------------------------------------------O (228 = 26.1%) {20.4%}
37   -------------------------------------------------------------O            (193 = 22.1%) {46.6%}
49   ------------------------------------------O                               (134 = 15.4%) {68.7%}
65   ---------------------O                                                    (66 = 7.6%) {84.1%}
86   -----------O                                                              (35 = 4.0%) {91.6%}
113  ------O                                                                   (20 = 2.3%) {95.6%}
149  ---O                                                                      (11 = 1.3%) {97.9%}
196  --O                                                                       (5 = 0.6%) {99.2%}
258  O                                                                         (1 = 0.1%) {99.8%}
340  ... 
777  O                                                                         (1 = 0.1%) {99.9%}
1023 ... 

Histogram: Memory.PressureLevel2 recorded 8137 samples, mean = 0.0 (flags = 0x41)
0  ------------------------------------------------------------------------O (8137 = 100.0%)
1  ... 

Histogram: Mojo.Channel.WriteReceiveMessageProcessType recorded 5 samples, mean = 3.0 (flags = 0x41)
0  ---O                                                                      (3 = 60.0%)
1  ... 
6  -O                                                                        (1 = 20.0%) {60.0%}
7  ... 
9  -O                                                                        (1 = 20.0%) {80.0%}
10 ... 

Histogram: NQE.ContentObserver.NetworkQualityMeaningfullyChanged recorded 3 samples, mean = 1.0 (flags = 0x40)
0  O                                                                         (0 = 0.0%)
1  ---O                                                                      (3 = 100.0%) {0.0%}
2  O                                                                         (0 = 0.0%) {100.0%}

Histogram: NQE.RTT.Error.Absolute recorded 6 samples, mean = 78.8 (flags = 0x41)
0    ... 
29   --O                                                                       (2 = 33.3%) {0.0%}
34   -O                                                                        (1 = 16.7%) {33.3%}
40   ... 
68   -O                                                                        (1 = 16.7%) {50.0%}
81   ... 
135  -O                                                                        (1 = 16.7%) {66.7%}
160  -O                                                                        (1 = 16.7%) {83.3%}
190  ... 

Histogram: NQE.RTT.Error.IsZero recorded 6 samples, mean = 0.0 (flags = 0x41)
0  ------O                                                                   (6 = 100.0%)
1  ... 

Histogram: NQE.RTT.Error.Negative recorded 3 samples, mean = 114.7 (flags = 0x41)
0    ... 
34   -O                                                                        (1 = 33.3%) {0.0%}
40   ... 
135  -O                                                                        (1 = 33.3%) {33.3%}
160  -O                                                                        (1 = 33.3%) {66.7%}
190  ... 

Histogram: NQE.RTT.Error.Positive recorded 3 samples, mean = 43.0 (flags = 0x41)
0   ... 
29  --O                                                                       (2 = 66.7%) {0.0%}
34  ... 
68  -O                                                                        (1 = 33.3%) {66.7%}
81  ... 

Histogram: NQE.RTT.HittingThreshold.EndToEnd.FallbackSuccess recorded 10 samples, mean = 0.0 (flags = 0x41)
0  ----------O                                                               (10 = 100.0%)
1  ... 

Histogram: NQE.RTT.HittingThreshold.Transport.FallbackSuccess recorded 1 samples, mean = 0.0 (flags = 0x41)
0  -O                                                                        (1 = 100.0%)
1  ... 

Histogram: NQE.RTT.ObservationSource recorded 10 samples, mean = 2.0 (flags = 0x41)
0  ------O                                                                   (6 = 60.0%)
1  ... 
3  -O                                                                        (1 = 10.0%) {60.0%}
4  -O                                                                        (1 = 10.0%) {70.0%}
5  O                                                                         (0 = 0.0%) {80.0%}
6  -O                                                                        (1 = 10.0%) {80.0%}
7  -O                                                                        (1 = 10.0%) {90.0%}
8  ... 

Histogram: NQE.RTT.OnECTComputation recorded 10 samples, mean = 154.3 (flags = 0x41)
0    ... 
114  ----O                                                                     (4 = 40.0%) {0.0%}
135  O                                                                         (0 = 0.0%) {40.0%}
160  -----O                                                                    (5 = 50.0%) {40.0%}
190  -O                                                                        (1 = 10.0%) {90.0%}
226  ... 

Histogram: NQE.RenderThreadNotified recorded 9 samples, mean = 1.0 (flags = 0x40)
0  O                                                                         (0 = 0.0%)
1  ---------O                                                                (9 = 100.0%) {0.0%}
2  O                                                                         (0 = 0.0%) {100.0%}

Histogram: NQE.TransportRTT.OnECTComputation recorded 9 samples, mean = 105.3 (flags = 0x41)
0    ... 
57   ---O                                                                      (3 = 33.3%) {0.0%}
68   ... 
114  ------O                                                                   (6 = 66.7%) {33.3%}
135  ... 

Histogram: Navigation.BeginNavigationImpl.MainFrame recorded 2 samples, mean = 0.0 (flags = 0x41)
0  --O                                                                       (2 = 100.0%)
1  ... 

Histogram: Navigation.BrowserInitiatedSessionHistoryCount recorded 1 samples, mean = 0.0 (flags = 0x41)
0  -O                                                                        (1 = 100.0%)
1  ... 

Histogram: Navigation.CommitRenderFrame recorded 1 samples, mean = 13.0 (flags = 0x41)
0   ... 
12  -O                                                                        (1 = 100.0%) {0.0%}
14  ... 

Histogram: Navigation.CommitToCompositorCreation recorded 1 samples, mean = 945.0 (flags = 0x41)
0    ... 
826  -O                                                                        (1 = 100.0%) {0.0%}
1075 ... 

Histogram: Navigation.CompositorRequestedBeforeCommit2 recorded 1 samples, mean = 0.0 (flags = 0x41)
0  -O                                                                        (1 = 100.0%)
1  ... 

Histogram: Navigation.CompositorRequestedBeforeSwapRFH2 recorded 1 samples, mean = 0.0 (flags = 0x41)
0  -O                                                                        (1 = 100.0%)
1  ... 

Histogram: Navigation.CreateSpeculativeRFH recorded 1 samples, mean = 7.0 (flags = 0x41)
0  ... 
7  -O                                                                        (1 = 100.0%) {0.0%}
8  ... 

Histogram: Navigation.DidCommitSameDocumentNavigation.Duration recorded 1 samples, mean = 1.0 (flags = 0x41)
0  O                                                                         (0 = 0.0%)
1  -O                                                                        (1 = 100.0%) {0.0%}
2  ... 

Histogram: Navigation.DidStartLoading.MainFrame recorded 3 samples, mean = 0.0 (flags = 0x41)
0  ---O                                                                      (3 = 100.0%)
1  ... 

Histogram: Navigation.DidStartLoading.Subframe recorded 2 samples, mean = 0.0 (flags = 0x41)
0  --O                                                                       (2 = 100.0%)
1  ... 

Histogram: Navigation.EarlyRenderFrameHostSwapType recorded 6 samples, mean = 0.0 (flags = 0x41)
0  ------O                                                                   (6 = 100.0%)
1  ... 

Histogram: Navigation.EngagementTime.HTTPS recorded 1 samples, mean = 8131357.0 (flags = 0x41)
0        ... 
3600000  -O                                                                        (1 = 100.0%) {0.0%}

Histogram: Navigation.GetFrameHostForNavigation recorded 4 samples, mean = 5.8 (flags = 0x41)
0   --O                                                                       (2 = 50.0%)
1   ... 
8   -O                                                                        (1 = 25.0%) {50.0%}
10  ... 
14  -O                                                                        (1 = 25.0%) {75.0%}
17  ... 

Histogram: Navigation.GetFrameHostForNavigationTime.InDidCreateNavigationRequest.IsHTTPOrHTTPS recorded 3 samples, mean = 5144.0 (flags = 0x41)
0      ... 
146    --O                                                                       (2 = 66.7%) {0.0%}
203    ... 
14319  -O                                                                        (1 = 33.3%) {66.7%}
19866  ... 

Histogram: Navigation.IsGuest recorded 1 samples, mean = 0.0 (flags = 0x41)
0  -O                                                                        (1 = 100.0%)
1  ... 

Histogram: Navigation.IsLockedProcess recorded 1 samples, mean = 1.0 (flags = 0x41)
0  O                                                                         (0 = 0.0%)
1  -O                                                                        (1 = 100.0%) {0.0%}
2  O                                                                         (0 = 0.0%) {100.0%}

Histogram: Navigation.IsLockedProcess.HTTPOrHTTPS recorded 1 samples, mean = 1.0 (flags = 0x41)
0  O                                                                         (0 = 0.0%)
1  -O                                                                        (1 = 100.0%) {0.0%}
2  O                                                                         (0 = 0.0%) {100.0%}

Histogram: Navigation.IsProcessBackgrounded.OnCommit recorded 1 samples, mean = 0.0 (flags = 0x41)
0  -O                                                                        (1 = 100.0%)
1  ... 

Histogram: Navigation.IsProcessBackgrounded.OnDOMContentLoaded recorded 1 samples, mean = 0.0 (flags = 0x41)
0  -O                                                                        (1 = 100.0%)
1  ... 

Histogram: Navigation.IsSameBrowsingInstance recorded 1 samples, mean = 0.0 (flags = 0x41)
0  -O                                                                        (1 = 100.0%)
1  ... 

Histogram: Navigation.IsSameSiteInstance recorded 1 samples, mean = 0.0 (flags = 0x41)
0  -O                                                                        (1 = 100.0%)
1  ... 

Histogram: Navigation.IsSameSiteInstance.MainFrame recorded 1 samples, mean = 0.0 (flags = 0x41)
0  -O                                                                        (1 = 100.0%)
1  ... 

Histogram: Navigation.LoaderCreateToRequestStart.MainFrame recorded 1 samples, mean = 0.0 (flags = 0x41)
0  -O                                                                        (1 = 100.0%)
1  ... 

Histogram: Navigation.MainFrame.FrameCount recorded 1 samples, mean = 2.0 (flags = 0x41)
0  ... 
2  -O                                                                        (1 = 100.0%) {0.0%}
3  ... 

Histogram: Navigation.MainFrame.MaxFrameCount recorded 3 samples, mean = 2.0 (flags = 0x41)
0  O                                                                         (0 = 0.0%)
1  -O                                                                        (1 = 33.3%) {0.0%}
2  -O                                                                        (1 = 33.3%) {33.3%}
3  -O                                                                        (1 = 33.3%) {66.7%}
4  ... 

Histogram: Navigation.MainFrame.NewNavigation.IgnoreRestore.IsHTTPOrHTTPS.BeginNavigationToLoaderStart.Time2 recorded 1 samples, mean = 2.0 (flags = 0x41)
0  ... 
2  -O                                                                        (1 = 100.0%) {0.0%}
3  ... 

Histogram: Navigation.MainFrame.NewNavigation.IgnoreRestore.IsHTTPOrHTTPS.FetchStart.Time2 recorded 1 samples, mean = 1.0 (flags = 0x41)
0  O                                                                         (0 = 0.0%)
1  -O                                                                        (1 = 100.0%) {0.0%}
2  ... 

Histogram: Navigation.MainFrame.NewNavigation.IgnoreRestore.IsHTTPOrHTTPS.LoaderStartToFetchStart.Time2 recorded 1 samples, mean = 5552.0 (flags = 0x41)
0     ... 
5017  -O                                                                        (1 = 100.0%) {0.0%}
5961  ... 

Histogram: Navigation.MainFrame.NewNavigation.IgnoreRestore.IsHTTPOrHTTPS.LoaderStartToReceiveResponse.Time2 recorded 1 samples, mean = 6576.0 (flags = 0x41)
0     ... 
5961  -O                                                                        (1 = 100.0%) {0.0%}
7083  ... 

Histogram: Navigation.MainFrame.NewNavigation.IgnoreRestore.IsHTTPOrHTTPS.NavigationStartToBeginNavigation.Time2 recorded 1 samples, mean = 5478.0 (flags = 0x41)
0     ... 
5017  -O                                                                        (1 = 100.0%) {0.0%}
5961  ... 

Histogram: Navigation.MainFrame.NewNavigation.IgnoreRestore.IsHTTPOrHTTPS.ReceiveHeaders.Time2 recorded 1 samples, mean = 946.0 (flags = 0x41)
0    ... 
894  -O                                                                        (1 = 100.0%) {0.0%}
1062 ... 

Histogram: Navigation.MainFrame.NewNavigation.IgnoreRestore.IsHTTPOrHTTPS.ReceiveHeadersToReceiveResponse.Time2 recorded 1 samples, mean = 75.0 (flags = 0x41)
0   ... 
68  -O                                                                        (1 = 100.0%) {0.0%}
81  ... 

Histogram: Navigation.MainFrame.NewNavigation.IgnoreRestore.IsHTTPOrHTTPS.ReceiveResponseToCommitNavigation.Time2 recorded 1 samples, mean = 12.0 (flags = 0x41)
0   ... 
12  -O                                                                        (1 = 100.0%) {0.0%}
14  ... 

Histogram: Navigation.MainFrame.RendererInitiated.InitiatorFramePresentAtStart recorded 1 samples, mean = 0.0 (flags = 0x41)
0  -O                                                                        (1 = 100.0%)
1  ... 

Histogram: Navigation.MainFrame.SiteEngagementLevel recorded 1 samples, mean = 3.0 (flags = 0x41)
0  ... 
3  -O                                                                        (1 = 100.0%) {0.0%}
4  ... 

Histogram: Navigation.MainFrame.ThirdPartyCookieBlockingEnabled recorded 2 samples, mean = 0.0 (flags = 0x41)
0  --O                                                                       (2 = 100.0%)
1  ... 

Histogram: Navigation.MainFrameHasRTLDomain2 recorded 2 samples, mean = 0.0 (flags = 0x41)
0  --O                                                                       (2 = 100.0%)
1  ... 

Histogram: Navigation.MainFrameHasRTLDomainDifferentPage2 recorded 1 samples, mean = 0.0 (flags = 0x41)
0  -O                                                                        (1 = 100.0%)
1  ... 

Histogram: Navigation.MainFrameProfileType2 recorded 2 samples, mean = 0.0 (flags = 0x41)
0  --O                                                                       (2 = 100.0%)
1  ... 

Histogram: Navigation.MainFrameScheme2 recorded 2 samples, mean = 2.0 (flags = 0x41)
0  ... 
2  --O                                                                       (2 = 100.0%) {0.0%}
3  ... 

Histogram: Navigation.MainFrameSchemeDifferentPage2 recorded 1 samples, mean = 2.0 (flags = 0x41)
0  ... 
2  -O                                                                        (1 = 100.0%) {0.0%}
3  ... 

Histogram: Navigation.OnBeforeUnloadOverheadTime recorded 2 samples, mean = 2744.0 (flags = 0x41)
0     ... 
10    -O                                                                        (1 = 50.0%) {0.0%}
12    ... 
5017  -O                                                                        (1 = 50.0%) {50.0%}
5961  ... 

Histogram: Navigation.OnBeforeUnloadTotalTime recorded 2 samples, mean = 0.0 (flags = 0x41)
0  --O                                                                       (2 = 100.0%)
1  ... 

Histogram: Navigation.OriginAgentCluster.Result recorded 1 samples, mean = 9.0 (flags = 0x41)
0  ... 
9  -O                                                                        (1 = 100.0%) {0.0%}
10 O                                                                         (0 = 0.0%) {100.0%}

Histogram: Navigation.PendingCommit.DidBlockGetFrameHostForNavigation.Regular recorded 1 samples, mean = 0.0 (flags = 0x41)
0  -O                                                                        (1 = 100.0%)
1  ... 

Histogram: Navigation.PendingCommit.Duration.Regular recorded 1 samples, mean = 397.0 (flags = 0x41)
0    ... 
378  -O                                                                        (1 = 100.0%) {0.0%}
449  ... 

Histogram: Navigation.Preconnect.PreresolveJobQueueLength recorded 16 samples, mean = 0.5 (flags = 0x41)
0  --------O                                                                 (8 = 50.0%)
1  --------O                                                                 (8 = 50.0%) {50.0%}
2  ... 

Histogram: Navigation.Preconnect.PreresolveJobQueueingTime recorded 8 samples, mean = 0.0 (flags = 0x41)
0  --------O                                                                 (8 = 100.0%)
1  ... 

Histogram: Navigation.Preconnect.ProxyLookupCallbackQueueingTime recorded 8 samples, mean = 1346.4 (flags = 0x41)
0     -O                                                                        (1 = 12.5%)
1     ... 
14    --O                                                                       (2 = 25.0%) {12.5%}
17    ... 
226   -O                                                                        (1 = 12.5%) {37.5%}
268   O                                                                         (0 = 0.0%) {50.0%}
318   -O                                                                        (1 = 12.5%) {50.0%}
378   ... 
894   -O                                                                        (1 = 12.5%) {62.5%}
1062  ... 
4222  --O                                                                       (2 = 25.0%) {75.0%}
5017  ... 

Histogram: Navigation.Preconnect.ProxyLookupLatency recorded 8 samples, mean = 2044.6 (flags = 0x41)
0      -O                                                                        (1 = 12.5%)
1      ... 
24     --O                                                                       (2 = 25.0%) {12.5%}
29     ... 
226    -O                                                                        (1 = 12.5%) {37.5%}
268    O                                                                         (0 = 0.0%) {50.0%}
318    -O                                                                        (1 = 12.5%) {50.0%}
378    ... 
894    -O                                                                        (1 = 12.5%) {62.5%}
1062   ... 
4222   -O                                                                        (1 = 12.5%) {75.0%}
5017   ... 
10000  -O                                                                        (1 = 12.5%) {87.5%}

Histogram: Navigation.Preconnect.ResolveHostCallbackQueueingTime recorded 8 samples, mean = 283.2 (flags = 0x41)
0    -O                                                                        (1 = 12.5%)
1    --O                                                                       (2 = 25.0%) {12.5%}
2    ... 
8    -O                                                                        (1 = 12.5%) {37.5%}
10   ... 
96   -O                                                                        (1 = 12.5%) {50.0%}
114  ... 
318  -O                                                                        (1 = 12.5%) {62.5%}
378  ... 
894  --O                                                                       (2 = 25.0%) {75.0%}
1062 ... 

Histogram: Navigation.Preconnect.ResolveHostLatency recorded 8 samples, mean = 287.4 (flags = 0x41)
0    -O                                                                        (1 = 12.5%)
1    --O                                                                       (2 = 25.0%) {12.5%}
2    ... 
24   -O                                                                        (1 = 12.5%) {37.5%}
29   ... 
96   -O                                                                        (1 = 12.5%) {50.0%}
114  ... 
318  -O                                                                        (1 = 12.5%) {62.5%}
378  ... 
894  --O                                                                       (2 = 25.0%) {75.0%}
1062 ... 

Histogram: Navigation.ProcessNavigationThrottlesTime.WillStartRequest.MainFrame recorded 2 samples, mean = 1.0 (flags = 0x41)
0  O                                                                         (0 = 0.0%)
1  --O                                                                       (2 = 100.0%) {0.0%}
2  ... 

Histogram: Navigation.QueueTime.OnReceiveRedirect.MainFrame recorded 1 samples, mean = 72.0 (flags = 0x41)
0   ... 
68  -O                                                                        (1 = 100.0%) {0.0%}
81  ... 

Histogram: Navigation.QueueTime.OnReceiveResponse.MainFrame recorded 1 samples, mean = 72.0 (flags = 0x41)
0   ... 
68  -O                                                                        (1 = 100.0%) {0.0%}
81  ... 

Histogram: Navigation.ReadyToCommitUntilCommit2 recorded 1 samples, mean = 397.0 (flags = 0x41)
0    ... 
356  -O                                                                        (1 = 100.0%) {0.0%}
452  ... 

Histogram: Navigation.ReadyToCommitUntilCommit2.ForegroundProcessPriority recorded 1 samples, mean = 397.0 (flags = 0x41)
0    ... 
356  -O                                                                        (1 = 100.0%) {0.0%}
452  ... 

Histogram: Navigation.ReadyToCommitUntilCommit2.NewNavigation recorded 1 samples, mean = 397.0 (flags = 0x41)
0    ... 
356  -O                                                                        (1 = 100.0%) {0.0%}
452  ... 

Histogram: Navigation.RegisterNavigationThrottlesTime.MainFrame recorded 2 samples, mean = 0.0 (flags = 0x41)
0  --O                                                                       (2 = 100.0%)
1  ... 

Histogram: Navigation.RenderFrameDelete recorded 1 samples, mean = 3.0 (flags = 0x41)
0  ... 
3  -O                                                                        (1 = 100.0%) {0.0%}
4  ... 

Histogram: Navigation.RenderFrameHostConstructor recorded 4 samples, mean = 0.0 (flags = 0x41)
0  ----O                                                                     (4 = 100.0%)
1  ... 

Histogram: Navigation.RenderFrameHostDestructor recorded 4 samples, mean = 1.5 (flags = 0x41)
0  -O                                                                        (1 = 25.0%)
1  --O                                                                       (2 = 50.0%) {25.0%}
2  ... 
4  -O                                                                        (1 = 25.0%) {75.0%}
5  ... 

Histogram: Navigation.RenderViewHostConstructor recorded 2 samples, mean = 0.0 (flags = 0x41)
0  --O                                                                       (2 = 100.0%)
1  ... 

Histogram: Navigation.RenderViewHostDestructor recorded 2 samples, mean = 0.5 (flags = 0x41)
0  -O                                                                        (1 = 50.0%)
1  -O                                                                        (1 = 50.0%) {50.0%}
2  ... 

Histogram: Navigation.RenderWidgetHostConstructor recorded 2 samples, mean = 0.0 (flags = 0x41)
0  --O                                                                       (2 = 100.0%)
1  ... 

Histogram: Navigation.RenderWidgetHostDestructor recorded 2 samples, mean = 0.0 (flags = 0x41)
0  --O                                                                       (2 = 100.0%)
1  ... 

Histogram: Navigation.RendererCommitDelay.MainFrame recorded 1 samples, mean = 6.0 (flags = 0x41)
0  ... 
6  -O                                                                        (1 = 100.0%) {0.0%}
7  ... 

Histogram: Navigation.RendererCommitQueueTime.MainFrame recorded 1 samples, mean = 5.0 (flags = 0x41)
0  ... 
5  -O                                                                        (1 = 100.0%) {0.0%}
6  ... 

Histogram: Navigation.RendererDidNavigateTime.MainFrame recorded 1 samples, mean = 0.0 (flags = 0x41)
0  -O                                                                        (1 = 100.0%)
1  ... 

Histogram: Navigation.RendererDidNavigateTime.Subframe recorded 2 samples, mean = 0.0 (flags = 0x41)
0  --O                                                                       (2 = 100.0%)
1  ... 

Histogram: Navigation.RequiresDedicatedProcess recorded 1 samples, mean = 1.0 (flags = 0x41)
0  O                                                                         (0 = 0.0%)
1  -O                                                                        (1 = 100.0%) {0.0%}
2  O                                                                         (0 = 0.0%) {100.0%}

Histogram: Navigation.RequiresDedicatedProcess.HTTPOrHTTPS recorded 1 samples, mean = 1.0 (flags = 0x41)
0  O                                                                         (0 = 0.0%)
1  -O                                                                        (1 = 100.0%) {0.0%}
2  O                                                                         (0 = 0.0%) {100.0%}

Histogram: Navigation.SameDocumentNavigationWithScreenshot recorded 1 samples, mean = 0.0 (flags = 0x41)
0  -O                                                                        (1 = 100.0%)
1  ... 

Histogram: Navigation.SendCommitNavigationTime.MainFrame recorded 1 samples, mean = 0.0 (flags = 0x41)
0  -O                                                                        (1 = 100.0%)
1  ... 

Histogram: Navigation.StartToCommit recorded 3 samples, mean = 4154.3 (flags = 0x41)
0      --O                                                                       (2 = 66.7%)
1      ... 
10165  -O                                                                        (1 = 33.3%) {66.7%}
12916  ... 

Histogram: Navigation.StartToCommit.CrossProcess recorded 1 samples, mean = 12463.0 (flags = 0x41)
0      ... 
10165  -O                                                                        (1 = 100.0%) {0.0%}
12916  ... 

Histogram: Navigation.StartToCommit.CrossProcess.ForegroundProcessPriority recorded 1 samples, mean = 12463.0 (flags = 0x41)
0      ... 
10165  -O                                                                        (1 = 100.0%) {0.0%}
12916  ... 

Histogram: Navigation.StartToCommit.CrossProcess.MainFrame recorded 1 samples, mean = 12463.0 (flags = 0x41)
0      ... 
10165  -O                                                                        (1 = 100.0%) {0.0%}
12916  ... 

Histogram: Navigation.StartToCommit.CrossProcess.MainFrame.ForegroundProcessPriority recorded 1 samples, mean = 12463.0 (flags = 0x41)
0      ... 
10165  -O                                                                        (1 = 100.0%) {0.0%}
12916  ... 

Histogram: Navigation.StartToCommit.CrossProcess.MainFrame.NewNavigation recorded 1 samples, mean = 12463.0 (flags = 0x41)
0      ... 
10165  -O                                                                        (1 = 100.0%) {0.0%}
12916  ... 

Histogram: Navigation.StartToCommit.CrossProcess.NewNavigation recorded 1 samples, mean = 12463.0 (flags = 0x41)
0      ... 
10165  -O                                                                        (1 = 100.0%) {0.0%}
12916  ... 

Histogram: Navigation.StartToCommit.ForegroundProcessPriority recorded 3 samples, mean = 4154.3 (flags = 0x41)
0      --O                                                                       (2 = 66.7%)
1      ... 
10165  -O                                                                        (1 = 33.3%) {66.7%}
12916  ... 

Histogram: Navigation.StartToCommit.MainFrame recorded 1 samples, mean = 12463.0 (flags = 0x41)
0      ... 
10165  -O                                                                        (1 = 100.0%) {0.0%}
12916  ... 

Histogram: Navigation.StartToCommit.MainFrame.ForegroundProcessPriority recorded 1 samples, mean = 12463.0 (flags = 0x41)
0      ... 
10165  -O                                                                        (1 = 100.0%) {0.0%}
12916  ... 

Histogram: Navigation.StartToCommit.MainFrame.NewNavigation recorded 1 samples, mean = 12463.0 (flags = 0x41)
0      ... 
10165  -O                                                                        (1 = 100.0%) {0.0%}
12916  ... 

Histogram: Navigation.StartToCommit.NewNavigation recorded 3 samples, mean = 4154.3 (flags = 0x41)
0      --O                                                                       (2 = 66.7%)
1      ... 
10165  -O                                                                        (1 = 33.3%) {66.7%}
12916  ... 

Histogram: Navigation.StartToCommit.SameProcess recorded 2 samples, mean = 0.0 (flags = 0x41)
0  --O                                                                       (2 = 100.0%)
1  ... 

Histogram: Navigation.StartToCommit.SameProcess.ForegroundProcessPriority recorded 2 samples, mean = 0.0 (flags = 0x41)
0  --O                                                                       (2 = 100.0%)
1  ... 

Histogram: Navigation.StartToCommit.SameProcess.NewNavigation recorded 2 samples, mean = 0.0 (flags = 0x41)
0  --O                                                                       (2 = 100.0%)
1  ... 

Histogram: Navigation.StartToCommit.SameProcess.Subframe recorded 2 samples, mean = 0.0 (flags = 0x41)
0  --O                                                                       (2 = 100.0%)
1  ... 

Histogram: Navigation.StartToCommit.SameProcess.Subframe.ForegroundProcessPriority recorded 2 samples, mean = 0.0 (flags = 0x41)
0  --O                                                                       (2 = 100.0%)
1  ... 

Histogram: Navigation.StartToCommit.SameProcess.Subframe.NewNavigation recorded 2 samples, mean = 0.0 (flags = 0x41)
0  --O                                                                       (2 = 100.0%)
1  ... 

Histogram: Navigation.StartToCommit.Subframe recorded 2 samples, mean = 0.0 (flags = 0x41)
0  --O                                                                       (2 = 100.0%)
1  ... 

Histogram: Navigation.StartToCommit.Subframe.ForegroundProcessPriority recorded 2 samples, mean = 0.0 (flags = 0x41)
0  --O                                                                       (2 = 100.0%)
1  ... 

Histogram: Navigation.StartToCommit.Subframe.NewNavigation recorded 2 samples, mean = 0.0 (flags = 0x41)
0  --O                                                                       (2 = 100.0%)
1  ... 

Histogram: Navigation.SuddenTerminationDisabler.AllOrigins recorded 1 samples, mean = 13.0 (flags = 0x41)
0   ... 
13  -O                                                                        (1 = 100.0%) {0.0%}
14  ... 

Histogram: Navigation.SuddenTerminationDisabler.SameOrigin recorded 1 samples, mean = 13.0 (flags = 0x41)
0   ... 
13  -O                                                                        (1 = 100.0%) {0.0%}
14  ... 

Histogram: Navigation.SwapRFHToCompositorCreation recorded 1 samples, mean = 553.0 (flags = 0x41)
0    ... 
488  -O                                                                        (1 = 100.0%) {0.0%}
635  ... 

Histogram: Navigation.ThrottleCount recorded 2 samples, mean = 20.0 (flags = 0x41)
0   ... 
20  --O                                                                       (2 = 100.0%) {0.0%}
21  ... 

Histogram: Navigation.ThrottleEventDurationTime.WillProcessResponse recorded 1 samples, mean = 0.0 (flags = 0x41)
0  -O                                                                        (1 = 100.0%)
1  ... 

Histogram: Navigation.ThrottleEventDurationTime.WillRedirectRequest recorded 1 samples, mean = 0.0 (flags = 0x41)
0  -O                                                                        (1 = 100.0%)
1  ... 

Histogram: Navigation.ThrottleEventDurationTime.WillStartRequest recorded 2 samples, mean = 0.0 (flags = 0x41)
0  --O                                                                       (2 = 100.0%)
1  ... 

Histogram: Navigation.ThrottleEventExecutionTime.WillProcessResponse recorded 1 samples, mean = 0.0 (flags = 0x41)
0  -O                                                                        (1 = 100.0%)
1  ... 

Histogram: Navigation.ThrottleEventExecutionTime.WillRedirectRequest recorded 1 samples, mean = 0.0 (flags = 0x41)
0  -O                                                                        (1 = 100.0%)
1  ... 

Histogram: Navigation.ThrottleEventExecutionTime.WillStartRequest recorded 2 samples, mean = 0.0 (flags = 0x41)
0  --O                                                                       (2 = 100.0%)
1  ... 

Histogram: Navigation.ThrottleExecutionTime.WillProcessResponse recorded 20 samples, mean = 0.0 (flags = 0x41)
0  --------------------O                                                     (20 = 100.0%)
1  ... 

Histogram: Navigation.ThrottleExecutionTime.WillRedirectRequest recorded 20 samples, mean = 0.0 (flags = 0x41)
0  --------------------O                                                     (20 = 100.0%)
1  ... 

Histogram: Navigation.ThrottleExecutionTime.WillStartRequest recorded 40 samples, mean = 0.0 (flags = 0x41)
0  ----------------------------------------O                                 (40 = 100.0%)
1  ... 

Histogram: Navigation.ThrottleTotalDeferCount recorded 5 samples, mean = 0.0 (flags = 0x41)
0  -----O                                                                    (5 = 100.0%)
1  ... 

Histogram: Navigation.ThrottleTotalDeferCount.Request recorded 5 samples, mean = 0.0 (flags = 0x41)
0  -----O                                                                    (5 = 100.0%)
1  ... 

Histogram: Navigation.ThrottleTotalDeferTime recorded 5 samples, mean = 0.0 (flags = 0x41)
0  -----O                                                                    (5 = 100.0%)
1  ... 

Histogram: Navigation.ThrottleTotalDeferTime.Request recorded 5 samples, mean = 0.0 (flags = 0x41)
0  -----O                                                                    (5 = 100.0%)
1  ... 

Histogram: Navigation.Throttles.PolicyBlocklist.DeferDurationTime recorded 2 samples, mean = 0.0 (flags = 0x41)
0  --O                                                                       (2 = 100.0%)
1  ... 

Histogram: Navigation.Throttles.PolicyBlocklist.RequestThrottleAction recorded 2 samples, mean = 2.5 (flags = 0x41)
0  O                                                                         (0 = 0.0%)
1  -O                                                                        (1 = 50.0%) {0.0%}
2  ... 
4  -O                                                                        (1 = 50.0%) {50.0%}
5  ... 

Histogram: Navigation.Throttles.PolicyBlocklist.RequestToResponseTime recorded 1 samples, mean = 0.0 (flags = 0x41)
0  -O                                                                        (1 = 100.0%)
1  ... 

Histogram: Navigation.TimeToReadyToCommit2 recorded 1 samples, mean = 12066.0 (flags = 0x41)
0      ... 
10165  -O                                                                        (1 = 100.0%) {0.0%}
12916  ... 

Histogram: Navigation.TimeToReadyToCommit2.CrossProcess recorded 1 samples, mean = 12066.0 (flags = 0x41)
0      ... 
10165  -O                                                                        (1 = 100.0%) {0.0%}
12916  ... 

Histogram: Navigation.TimeToReadyToCommit2.CrossProcess.NewNavigation recorded 1 samples, mean = 12066.0 (flags = 0x41)
0      ... 
10165  -O                                                                        (1 = 100.0%) {0.0%}
12916  ... 

Histogram: Navigation.TimeToReadyToCommit2.MainFrame recorded 1 samples, mean = 12066.0 (flags = 0x41)
0      ... 
10165  -O                                                                        (1 = 100.0%) {0.0%}
12916  ... 

Histogram: Navigation.TimeToReadyToCommit2.MainFrame.NewNavigation recorded 1 samples, mean = 12066.0 (flags = 0x41)
0      ... 
10165  -O                                                                        (1 = 100.0%) {0.0%}
12916  ... 

Histogram: Navigation.TimeToReadyToCommit2.NewNavigation recorded 1 samples, mean = 12066.0 (flags = 0x41)
0      ... 
10165  -O                                                                        (1 = 100.0%) {0.0%}
12916  ... 

Histogram: Navigation.Unload recorded 1 samples, mean = 0.0 (flags = 0x41)
0  -O                                                                        (1 = 100.0%)
1  ... 

Histogram: Navigation.UserAgentStringType recorded 4 samples, mean = 1.0 (flags = 0x41)
0  O                                                                         (0 = 0.0%)
1  ----O                                                                     (4 = 100.0%) {0.0%}
2  ... 

Histogram: Navigation.WillStartRequestToLoaderStart.MainFrame recorded 2 samples, mean = 0.5 (flags = 0x41)
0  -O                                                                        (1 = 50.0%)
1  -O                                                                        (1 = 50.0%) {50.0%}
2  ... 

Histogram: NavigationPredictor.SearchEnginePreconnector.IsBrowserAppLikelyInForeground recorded 135 samples, mean = 0.0 (flags = 0x41)
0  ------------------------------------------------------------------------O (132 = 97.8%)
1  --O                                                                       (3 = 2.2%) {97.8%}
2  O                                                                         (0 = 0.0%) {100.0%}

Histogram: NavigationSuggestion.GetDomainInfoDelayBeforeAllowingNavigation recorded 1 samples, mean = 0.0 (flags = 0x41)
0  -O                                                                        (1 = 100.0%)
1  ... 

Histogram: NavigationSuggestion.IsLookalikeUrlDelayBeforeAllowingNavigation recorded 1 samples, mean = 0.0 (flags = 0x41)
0  -O                                                                        (1 = 100.0%)
1  ... 

Histogram: NavigationSuggestion.PerformChecksDelayBeforeAllowingNavigation recorded 1 samples, mean = 0.0 (flags = 0x41)
0  -O                                                                        (1 = 100.0%)
1  ... 

Histogram: Net.AlternateProtocolBrokenLocation recorded 8 samples, mean = 2.0 (flags = 0x41)
0  ... 
2  --------O                                                                 (8 = 100.0%) {0.0%}
3  ... 

Histogram: Net.AlternateProtocolUsage recorded 21 samples, mean = 4.2 (flags = 0x41)
0  ... 
2  --------O                                                                 (8 = 38.1%) {0.0%}
3  ----O                                                                     (4 = 19.0%) {38.1%}
4  -O                                                                        (1 = 4.8%) {57.1%}
5  ... 
7  --------O                                                                 (8 = 38.1%) {61.9%}
8  O                                                                         (0 = 0.0%) {100.0%}

Histogram: Net.AlternateProtocolUsageGoogle recorded 3 samples, mean = 4.0 (flags = 0x41)
0  ... 
2  -O                                                                        (1 = 33.3%) {0.0%}
3  -O                                                                        (1 = 33.3%) {33.3%}
4  ... 
7  -O                                                                        (1 = 33.3%) {66.7%}
8  O                                                                         (0 = 0.0%) {100.0%}

Histogram: Net.AlternateServiceFailed recorded 6 samples (flags = 0x41)
356  ------O                                                                   (6 = 100.0%)

Histogram: Net.AlternateServiceForDnsAlpnH3Failed recorded 2 samples (flags = 0x41)
356  --O                                                                       (2 = 100.0%)

Histogram: Net.AlternativeServiceTypeForRequest recorded 26 samples, mean = 0.3 (flags = 0x41)
0  -------------------O                                                      (19 = 73.1%)
1  -------O                                                                  (7 = 26.9%) {73.1%}
2  ... 

Histogram: Net.CertVerifier.PathBuilderIterationCount recorded 8 samples, mean = 2.1 (flags = 0x41)
0  ... 
2  -------O                                                                  (7 = 87.5%) {0.0%}
3  -O                                                                        (1 = 12.5%) {87.5%}
4  ... 

Histogram: Net.CertVerifier_First_Job_Latency recorded 1 samples, mean = 5556.0 (flags = 0x41)
0     ... 
5352  -O                                                                        (1 = 100.0%) {0.0%}
6060  ... 

Histogram: Net.CertVerifier_Job_Latency recorded 8 samples, mean = 1156.4 (flags = 0x41)
0     ... 
211   -O                                                                        (1 = 12.5%) {0.0%}
239   ... 
348   -O                                                                        (1 = 12.5%) {12.5%}
394   O                                                                         (0 = 0.0%) {25.0%}
446   -O                                                                        (1 = 12.5%) {25.0%}
505   -O                                                                        (1 = 12.5%) {37.5%}
572   --O                                                                       (2 = 25.0%) {50.0%}
648   ... 
831   -O                                                                        (1 = 12.5%) {75.0%}
941   ... 
5352  -O                                                                        (1 = 12.5%) {87.5%}
6060  ... 

Histogram: Net.Certificate.TrustAnchor.Request recorded 16 samples (flags = 0x41)
210  ----O                                                                     (4 = 25.0%)
483  --O                                                                       (2 = 12.5%)
486  ---------O                                                                (9 = 56.2%)
535  -O                                                                        (1 = 6.2%)

Histogram: Net.Certificate.TrustAnchor.Verify recorded 8 samples (flags = 0x41)
210  --O                                                                       (2 = 25.0%)
483  --O                                                                       (2 = 25.0%)
486  ---O                                                                      (3 = 37.5%)
535  -O                                                                        (1 = 12.5%)

Histogram: Net.ConnectionInfo.MainFrame recorded 1 samples, mean = 4.0 (flags = 0x41)
0  ... 
4  -O                                                                        (1 = 100.0%) {0.0%}
5  ... 

Histogram: Net.ConnectionInfo.SubResource recorded 11 samples, mean = 7.0 (flags = 0x41)
0   O                                                                         (0 = 0.0%)
1   -O                                                                        (1 = 9.1%) {0.0%}
2   ... 
4   ---------O                                                                (9 = 81.8%) {9.1%}
5   ... 
40  -O                                                                        (1 = 9.1%) {90.9%}
41  ... 

Histogram: Net.ContentEncodingType recorded 50 samples, mean = 0.8 (flags = 0x41)
0  -------------O                                                            (13 = 26.0%)
1  ---------------------------------O                                        (33 = 66.0%) {26.0%}
2  ----O                                                                     (4 = 8.0%) {92.0%}
3  ... 

Histogram: Net.Cors.AccessCheckResult recorded 10 samples, mean = 0.0 (flags = 0x41)
0  ----------O                                                               (10 = 100.0%)
1  ... 

Histogram: Net.CountOfBrokenAlternativeServices recorded 1 samples, mean = 0.0 (flags = 0x41)
0  -O                                                                        (1 = 100.0%)
1  ... 

Histogram: Net.CountOfQuicServerInfos recorded 1 samples, mean = 0.0 (flags = 0x41)
0  -O                                                                        (1 = 100.0%)
1  ... 

Histogram: Net.CountOfRecentlyBrokenAlternativeServices recorded 1 samples, mean = 5.0 (flags = 0x41)
0  ... 
5  -O                                                                        (1 = 100.0%) {0.0%}
6  ... 

Histogram: Net.DNS.DnsConfig.DnsClientCapability recorded 37 samples, mean = 1.0 (flags = 0x41)
0  O                                                                         (0 = 0.0%)
1  -------------------------------------O                                    (37 = 100.0%) {0.0%}
2  ... 

Histogram: Net.DNS.DnsConfig.SecureDnsMode recorded 1 samples, mean = 4.0 (flags = 0x41)
0  ... 
4  -O                                                                        (1 = 100.0%) {0.0%}
5  ... 

Histogram: Net.DNS.DnsConfig.Windows.Compatibility recorded 24 samples, mean = 0.0 (flags = 0x41)
0  ------------------------O                                                 (24 = 100.0%)
1  ... 

Histogram: Net.DNS.DnsConfig.Windows.ReadSystemSettings0 recorded 16 samples, mean = 0.0 (flags = 0x41)
0  ----------------O                                                         (16 = 100.0%)
1  ... 

Histogram: Net.DNS.DnsHosts.Count recorded 2 samples, mean = 0.0 (flags = 0x41)
0  --O                                                                       (2 = 100.0%)
1  ... 

Histogram: Net.DNS.DnsHosts.EstimateMemoryUsage recorded 2 samples, mean = 0.0 (flags = 0x41)
0  --O                                                                       (2 = 100.0%)
1000... 

Histogram: Net.DNS.DnsHosts.FileSize recorded 2 samples, mean = 822.0 (flags = 0x41)
0    ... 
737  --O                                                                       (2 = 100.0%) {0.0%}
1065 ... 

Histogram: Net.DNS.DnsTask.SuccessTime recorded 9 samples, mean = 14.6 (flags = 0x41)
0   ... 
3   --O                                                                       (2 = 22.2%) {0.0%}
4   O                                                                         (0 = 0.0%) {22.2%}
5   -O                                                                        (1 = 11.1%) {22.2%}
6   ... 
8   -O                                                                        (1 = 11.1%) {33.3%}
9   O                                                                         (0 = 0.0%) {44.4%}
10  --O                                                                       (2 = 22.2%) {44.4%}
12  -O                                                                        (1 = 11.1%) {66.7%}
14  O                                                                         (0 = 0.0%) {77.8%}
16  -O                                                                        (1 = 11.1%) {77.8%}
18  ... 
58  -O                                                                        (1 = 11.1%) {88.9%}
67  ... 

Histogram: Net.DNS.DnsTask.SvcbHttpsTransactionError recorded 9 samples, mean = 0.0 (flags = 0x41)
0  ---------O                                                                (9 = 100.0%)
1  ... 

Histogram: Net.DNS.DnsTransaction.AttemptType recorded 18 samples, mean = 0.0 (flags = 0x41)
0  ------------------O                                                       (18 = 100.0%)
1  ... 

Histogram: Net.DNS.DnsTransaction.Insecure.Other.SuccessTime recorded 18 samples, mean = 14.1 (flags = 0x41)
0   ... 
3   -----O                                                                    (5 = 27.8%) {0.0%}
4   -O                                                                        (1 = 5.6%) {27.8%}
5   O                                                                         (0 = 0.0%) {33.3%}
6   -O                                                                        (1 = 5.6%) {33.3%}
8   --O                                                                       (2 = 11.1%) {38.9%}
10  -----O                                                                    (5 = 27.8%) {50.0%}
13  O                                                                         (0 = 0.0%) {77.8%}
16  --O                                                                       (2 = 11.1%) {77.8%}
20  ... 
52  --O                                                                       (2 = 11.1%) {88.9%}
66  ... 

Histogram: Net.DNS.H3SupportedGoogleHost.TaskTypeMetadataAvailability2 recorded 1 samples, mean = 3.0 (flags = 0x41)
0  ... 
3  -O                                                                        (1 = 100.0%) {0.0%}
4  ... 

Histogram: Net.DNS.HTTPSSVC.RecordHttps.Insecure.ExpectNoerror.DnsRcode recorded 9 samples, mean = 3.0 (flags = 0x41)
0  ... 
3  ---------O                                                                (9 = 100.0%) {0.0%}
4  ... 

Histogram: Net.DNS.HTTPSSVC.RecordHttps.Insecure.ExpectNoerror.Parsable recorded 4 samples, mean = 1.0 (flags = 0x41)
0  O                                                                         (0 = 0.0%)
1  ----O                                                                     (4 = 100.0%) {0.0%}
2  O                                                                         (0 = 0.0%) {100.0%}

Histogram: Net.DNS.HTTPSSVC.RecordHttps.Insecure.ExpectNoerror.ResolveTimeAddress recorded 9 samples, mean = 14.3 (flags = 0x41)
0   ... 
3   --O                                                                       (2 = 22.2%) {0.0%}
4   -O                                                                        (1 = 11.1%) {22.2%}
5   ... 
8   -O                                                                        (1 = 11.1%) {33.3%}
10  ---O                                                                      (3 = 33.3%) {44.4%}
13  O                                                                         (0 = 0.0%) {77.8%}
16  -O                                                                        (1 = 11.1%) {77.8%}
20  ... 
52  -O                                                                        (1 = 11.1%) {88.9%}
66  ... 

Histogram: Net.DNS.HTTPSSVC.RecordHttps.Insecure.ExpectNoerror.ResolveTimeExperimental recorded 9 samples, mean = 14.3 (flags = 0x41)
0   ... 
3   --O                                                                       (2 = 22.2%) {0.0%}
4   -O                                                                        (1 = 11.1%) {22.2%}
5   O                                                                         (0 = 0.0%) {33.3%}
6   -O                                                                        (1 = 11.1%) {33.3%}
8   O                                                                         (0 = 0.0%) {44.4%}
10  ---O                                                                      (3 = 33.3%) {44.4%}
13  O                                                                         (0 = 0.0%) {77.8%}
16  -O                                                                        (1 = 11.1%) {77.8%}
20  ... 
52  -O                                                                        (1 = 11.1%) {88.9%}
66  ... 

Histogram: Net.DNS.HTTPSSVC.RecordHttps.Insecure.ExpectNoerror.ResolveTimeRatio recorded 9 samples, mean = 9.1 (flags = 0x41)
0   ... 
9   --------O                                                                 (8 = 88.9%) {0.0%}
10  -O                                                                        (1 = 11.1%) {88.9%}
11  ... 

Histogram: Net.DNS.JobQueueTime.PerTransaction recorded 18 samples, mean = 0.0 (flags = 0x41)
0  ------------------O                                                       (18 = 100.0%)
1  ... 

Histogram: Net.DNS.JobQueueTime.Success recorded 9 samples, mean = 0.0 (flags = 0x41)
0  ---------O                                                                (9 = 100.0%)
1  ... 

Histogram: Net.DNS.Request.TotalTime recorded 137 samples, mean = 0.9 (flags = 0x41)
0   ------------------------------------------------------------------------O (134 = 97.8%)
10  O                                                                         (0 = 0.0%) {97.8%}
12  -O                                                                        (1 = 0.7%) {97.8%}
15  -O                                                                        (1 = 0.7%) {98.5%}
18  ... 
61  -O                                                                        (1 = 0.7%) {99.3%}
75  ... 

Histogram: Net.DNS.Request.TotalTimeAsync recorded 15 samples, mean = 8.1 (flags = 0x41)
0   ------------O                                                             (12 = 80.0%)
10  O                                                                         (0 = 0.0%) {80.0%}
12  -O                                                                        (1 = 6.7%) {80.0%}
15  -O                                                                        (1 = 6.7%) {86.7%}
18  ... 
61  -O                                                                        (1 = 6.7%) {93.3%}
75  ... 

Histogram: Net.DNS.ResolveCategory recorded 16 samples, mean = 0.6 (flags = 0x41)
0  --------O                                                                 (8 = 50.0%)
1  -------O                                                                  (7 = 43.8%) {50.0%}
2  -O                                                                        (1 = 6.2%) {93.8%}
3  ... 

Histogram: Net.DNS.ResolveError.Fast recorded 7 samples (flags = 0x41)
105  -------O                                                                  (7 = 100.0%)

Histogram: Net.DNS.ResolveFailureTime recorded 7 samples, mean = 0.3 (flags = 0x41)
0  -----O                                                                    (5 = 71.4%)
1  --O                                                                       (2 = 28.6%) {71.4%}
2  ... 

Histogram: Net.DNS.ResolveSuccessTime recorded 8 samples, mean = 15.1 (flags = 0x41)
0   ... 
3   --O                                                                       (2 = 25.0%) {0.0%}
4   O                                                                         (0 = 0.0%) {25.0%}
5   -O                                                                        (1 = 12.5%) {25.0%}
6   ... 
8   -O                                                                        (1 = 12.5%) {37.5%}
9   O                                                                         (0 = 0.0%) {50.0%}
10  -O                                                                        (1 = 12.5%) {50.0%}
12  -O                                                                        (1 = 12.5%) {62.5%}
14  O                                                                         (0 = 0.0%) {75.0%}
16  -O                                                                        (1 = 12.5%) {75.0%}
18  ... 
58  -O                                                                        (1 = 12.5%) {87.5%}
67  ... 

Histogram: Net.DNS.SystemTask.FailureTime recorded 7 samples, mean = 0.3 (flags = 0x41)
0  -----O                                                                    (5 = 71.4%)
1  --O                                                                       (2 = 28.6%) {71.4%}
2  ... 

Histogram: Net.DNS.UpgradeConfig.HasPublicInsecureNameserver recorded 1 samples, mean = 0.0 (flags = 0x41)
0  -O                                                                        (1 = 100.0%)
1  ... 

Histogram: Net.DNS.UpgradeConfig.InsecureUpgradeSucceeded recorded 1 samples, mean = 0.0 (flags = 0x41)
0  -O                                                                        (1 = 100.0%)
1  ... 

Histogram: Net.DNS_Resolution_And_TCP_Connection_Latency2 recorded 10 samples, mean = 40.0 (flags = 0x41)
0    ... 
5    ---O                                                                      (3 = 30.0%) {0.0%}
6    ---O                                                                      (3 = 30.0%) {30.0%}
7    O                                                                         (0 = 0.0%) {60.0%}
8    -O                                                                        (1 = 10.0%) {60.0%}
9    -O                                                                        (1 = 10.0%) {70.0%}
10   ... 
164  --O                                                                       (2 = 20.0%) {80.0%}
186  ... 

Histogram: Net.ErrorCodesForMainFrame4 recorded 2 samples (flags = 0x41)
0  -O                                                                        (1 = 50.0%)
3  -O                                                                        (1 = 50.0%)

Histogram: Net.ErrorCodesForSubresources3 recorded 47 samples (flags = 0x41)
0  -----------------------------------------------O                          (47 = 100.0%)

Histogram: Net.HttpJob.BytesReceived2 recorded 16 samples, mean = 8547.9 (flags = 0x41)
0      ... 
340    ---O                                                                      (3 = 18.8%) {0.0%}
488    ----O                                                                     (4 = 25.0%) {18.8%}
700    -O                                                                        (1 = 6.2%) {43.8%}
1004   --O                                                                       (2 = 12.5%) {50.0%}
1440   ... 
2961   ----O                                                                     (4 = 25.0%) {62.5%}
4246   ... 
17959  -O                                                                        (1 = 6.2%) {87.5%}
25755  ... 
75961  -O                                                                        (1 = 6.2%) {93.8%}
108935 ... 

Histogram: Net.HttpJob.BytesSent2 recorded 16 samples, mean = 1468.9 (flags = 0x41)
0      ... 
39     -O                                                                        (1 = 6.2%) {0.0%}
56     ... 
165    -O                                                                        (1 = 6.2%) {6.2%}
237    --O                                                                       (2 = 12.5%) {12.5%}
340    ----O                                                                     (4 = 25.0%) {25.0%}
488    ----O                                                                     (4 = 25.0%) {50.0%}
700    ---O                                                                      (3 = 18.8%) {75.0%}
1004   ... 
12523  -O                                                                        (1 = 6.2%) {93.8%}
17959  ... 

Histogram: Net.HttpJob.MainJobWaitTimeWithAvailableSpdySession recorded 4 samples, mean = 0.0 (flags = 0x41)
0  ----O                                                                     (4 = 100.0%)
1  ... 

Histogram: Net.HttpJob.MainJobWaitTimeWithoutAvailableSpdySession recorded 8 samples, mean = 0.0 (flags = 0x41)
0  --------O                                                                 (8 = 100.0%)
1  ... 

Histogram: Net.HttpJob.PrefilterBytesRead recorded 53 samples, mean = 26305.8 (flags = 0x41)
0       -----O                                                                    (5 = 9.4%)
1       ... 
13      -O                                                                        (1 = 1.9%) {9.4%}
19      -O                                                                        (1 = 1.9%) {11.3%}
27      O                                                                         (0 = 0.0%) {13.2%}
39      -O                                                                        (1 = 1.9%) {13.2%}
56      -O                                                                        (1 = 1.9%) {15.1%}
80      -O                                                                        (1 = 1.9%) {17.0%}
115     O                                                                         (0 = 0.0%) {18.9%}
165     -O                                                                        (1 = 1.9%) {18.9%}
237     O                                                                         (0 = 0.0%) {20.8%}
340     -O                                                                        (1 = 1.9%) {20.8%}
488     ----O                                                                     (4 = 7.5%) {22.6%}
700     --O                                                                       (2 = 3.8%) {30.2%}
1004    ---O                                                                      (3 = 5.7%) {34.0%}
1440    -O                                                                        (1 = 1.9%) {39.6%}
2065    ---O                                                                      (3 = 5.7%) {41.5%}
2961    -O                                                                        (1 = 1.9%) {47.2%}
4246    ---O                                                                      (3 = 5.7%) {49.1%}
6089    -O                                                                        (1 = 1.9%) {54.7%}
8732    ---O                                                                      (3 = 5.7%) {56.6%}
12523   -O                                                                        (1 = 1.9%) {62.3%}
17959   ----O                                                                     (4 = 7.5%) {64.2%}
25755   ---O                                                                      (3 = 5.7%) {71.7%}
36935   ----O                                                                     (4 = 7.5%) {77.4%}
52968   O                                                                         (0 = 0.0%) {84.9%}
75961   -----O                                                                    (5 = 9.4%) {84.9%}
108935  --O                                                                       (2 = 3.8%) {94.3%}
156223  -O                                                                        (1 = 1.9%) {98.1%}
224038  ... 

Histogram: Net.HttpJob.PrefilterBytesRead.Cache recorded 40 samples, mean = 31956.4 (flags = 0x41)
0       -O                                                                        (1 = 2.5%)
1       ... 
165     -O                                                                        (1 = 2.5%) {2.5%}
237     O                                                                         (0 = 0.0%) {5.0%}
340     -O                                                                        (1 = 2.5%) {5.0%}
488     ----O                                                                     (4 = 10.0%) {7.5%}
700     --O                                                                       (2 = 5.0%) {17.5%}
1004    --O                                                                       (2 = 5.0%) {22.5%}
1440    -O                                                                        (1 = 2.5%) {27.5%}
2065    --O                                                                       (2 = 5.0%) {30.0%}
2961    -O                                                                        (1 = 2.5%) {35.0%}
4246    ---O                                                                      (3 = 7.5%) {37.5%}
6089    -O                                                                        (1 = 2.5%) {45.0%}
8732    ---O                                                                      (3 = 7.5%) {47.5%}
12523   O                                                                         (0 = 0.0%) {55.0%}
17959   ----O                                                                     (4 = 10.0%) {55.0%}
25755   ---O                                                                      (3 = 7.5%) {65.0%}
36935   ----O                                                                     (4 = 10.0%) {72.5%}
52968   O                                                                         (0 = 0.0%) {82.5%}
75961   ----O                                                                     (4 = 10.0%) {82.5%}
108935  --O                                                                       (2 = 5.0%) {92.5%}
156223  -O                                                                        (1 = 2.5%) {97.5%}
224038  ... 

Histogram: Net.HttpJob.PrefilterBytesRead.Net recorded 13 samples, mean = 8919.5 (flags = 0x41)
0      ----O                                                                     (4 = 30.8%)
1      ... 
13     -O                                                                        (1 = 7.7%) {30.8%}
19     -O                                                                        (1 = 7.7%) {38.5%}
27     O                                                                         (0 = 0.0%) {46.2%}
39     -O                                                                        (1 = 7.7%) {46.2%}
56     -O                                                                        (1 = 7.7%) {53.8%}
80     -O                                                                        (1 = 7.7%) {61.5%}
115    ... 
1004   -O                                                                        (1 = 7.7%) {69.2%}
1440   O                                                                         (0 = 0.0%) {76.9%}
2065   -O                                                                        (1 = 7.7%) {76.9%}
2961   ... 
12523  -O                                                                        (1 = 7.7%) {84.6%}
17959  ... 
75961  -O                                                                        (1 = 7.7%) {92.3%}
108935 ... 

Histogram: Net.HttpJob.ProxyTypeSuccess recorded 16 samples, mean = 1.0 (flags = 0x41)
0  O                                                                         (0 = 0.0%)
1  ----------------O                                                         (16 = 100.0%) {0.0%}
2  ... 

Histogram: Net.HttpJob.TotalTime recorded 53 samples, mean = 190.6 (flags = 0x41)
0     ... 
2     -O                                                                        (1 = 1.9%) {0.0%}
3     -O                                                                        (1 = 1.9%) {1.9%}
4     ... 
6     -O                                                                        (1 = 1.9%) {3.8%}
7     -O                                                                        (1 = 1.9%) {5.7%}
8     -O                                                                        (1 = 1.9%) {7.5%}
10    -O                                                                        (1 = 1.9%) {9.4%}
12    O                                                                         (0 = 0.0%) {11.3%}
14    --O                                                                       (2 = 3.8%) {11.3%}
17    O                                                                         (0 = 0.0%) {15.1%}
20    --O                                                                       (2 = 3.8%) {15.1%}
24    --O                                                                       (2 = 3.8%) {18.9%}
29    -O                                                                        (1 = 1.9%) {22.6%}
34    -O                                                                        (1 = 1.9%) {24.5%}
40    ------O                                                                   (6 = 11.3%) {26.4%}
48    O                                                                         (0 = 0.0%) {37.7%}
57    --O                                                                       (2 = 3.8%) {37.7%}
68    -O                                                                        (1 = 1.9%) {41.5%}
81    -O                                                                        (1 = 1.9%) {43.4%}
96    -O                                                                        (1 = 1.9%) {45.3%}
114   ----------O                                                               (10 = 18.9%) {47.2%}
135   ----O                                                                     (4 = 7.5%) {66.0%}
160   -O                                                                        (1 = 1.9%) {73.6%}
190   ---O                                                                      (3 = 5.7%) {75.5%}
226   --O                                                                       (2 = 3.8%) {81.1%}
268   -O                                                                        (1 = 1.9%) {84.9%}
318   ... 
449   --O                                                                       (2 = 3.8%) {86.8%}
533   -O                                                                        (1 = 1.9%) {90.6%}
633   O                                                                         (0 = 0.0%) {92.5%}
752   -O                                                                        (1 = 1.9%) {92.5%}
894   -O                                                                        (1 = 1.9%) {94.3%}
1062  -O                                                                        (1 = 1.9%) {96.2%}
1262  -O                                                                        (1 = 1.9%) {98.1%}
1500  ... 

Histogram: Net.HttpJob.TotalTime.TLS13.Google recorded 2 samples, mean = 1008.0 (flags = 0x41)
0     ... 
894   -O                                                                        (1 = 50.0%) {0.0%}
1062  -O                                                                        (1 = 50.0%) {50.0%}
1262  ... 

Histogram: Net.HttpJob.TotalTimeCached recorded 40 samples, mean = 93.3 (flags = 0x41)
0    ... 
2    -O                                                                        (1 = 2.5%) {0.0%}
3    -O                                                                        (1 = 2.5%) {2.5%}
4    ... 
6    -O                                                                        (1 = 2.5%) {5.0%}
7    -O                                                                        (1 = 2.5%) {7.5%}
8    -O                                                                        (1 = 2.5%) {10.0%}
10   ... 
14   -O                                                                        (1 = 2.5%) {12.5%}
17   O                                                                         (0 = 0.0%) {15.0%}
20   --O                                                                       (2 = 5.0%) {15.0%}
24   --O                                                                       (2 = 5.0%) {20.0%}
29   -O                                                                        (1 = 2.5%) {25.0%}
34   -O                                                                        (1 = 2.5%) {27.5%}
40   ------O                                                                   (6 = 15.0%) {30.0%}
48   O                                                                         (0 = 0.0%) {45.0%}
57   --O                                                                       (2 = 5.0%) {45.0%}
68   -O                                                                        (1 = 2.5%) {50.0%}
81   -O                                                                        (1 = 2.5%) {52.5%}
96   -O                                                                        (1 = 2.5%) {55.0%}
114  ----------O                                                               (10 = 25.0%) {57.5%}
135  ----O                                                                     (4 = 10.0%) {82.5%}
160  O                                                                         (0 = 0.0%) {92.5%}
190  -O                                                                        (1 = 2.5%) {92.5%}
226  O                                                                         (0 = 0.0%) {95.0%}
268  -O                                                                        (1 = 2.5%) {95.0%}
318  ... 
449  -O                                                                        (1 = 2.5%) {97.5%}
533  ... 

Histogram: Net.HttpJob.TotalTimeNotCached recorded 13 samples, mean = 489.9 (flags = 0x41)
0     ... 
10    -O                                                                        (1 = 7.7%) {0.0%}
12    O                                                                         (0 = 0.0%) {7.7%}
14    -O                                                                        (1 = 7.7%) {7.7%}
17    ... 
160   -O                                                                        (1 = 7.7%) {15.4%}
190   --O                                                                       (2 = 15.4%) {23.1%}
226   --O                                                                       (2 = 15.4%) {38.5%}
268   ... 
449   -O                                                                        (1 = 7.7%) {53.8%}
533   -O                                                                        (1 = 7.7%) {61.5%}
633   O                                                                         (0 = 0.0%) {69.2%}
752   -O                                                                        (1 = 7.7%) {69.2%}
894   -O                                                                        (1 = 7.7%) {76.9%}
1062  -O                                                                        (1 = 7.7%) {84.6%}
1262  -O                                                                        (1 = 7.7%) {92.3%}
1500  ... 

Histogram: Net.HttpJob.TotalTimeSuccess recorded 53 samples, mean = 190.6 (flags = 0x41)
0     ... 
2     -O                                                                        (1 = 1.9%) {0.0%}
3     -O                                                                        (1 = 1.9%) {1.9%}
4     ... 
6     -O                                                                        (1 = 1.9%) {3.8%}
7     -O                                                                        (1 = 1.9%) {5.7%}
8     -O                                                                        (1 = 1.9%) {7.5%}
10    -O                                                                        (1 = 1.9%) {9.4%}
12    O                                                                         (0 = 0.0%) {11.3%}
14    --O                                                                       (2 = 3.8%) {11.3%}
17    O                                                                         (0 = 0.0%) {15.1%}
20    --O                                                                       (2 = 3.8%) {15.1%}
24    --O                                                                       (2 = 3.8%) {18.9%}
29    -O                                                                        (1 = 1.9%) {22.6%}
34    -O                                                                        (1 = 1.9%) {24.5%}
40    ------O                                                                   (6 = 11.3%) {26.4%}
48    O                                                                         (0 = 0.0%) {37.7%}
57    --O                                                                       (2 = 3.8%) {37.7%}
68    -O                                                                        (1 = 1.9%) {41.5%}
81    -O                                                                        (1 = 1.9%) {43.4%}
96    -O                                                                        (1 = 1.9%) {45.3%}
114   ----------O                                                               (10 = 18.9%) {47.2%}
135   ----O                                                                     (4 = 7.5%) {66.0%}
160   -O                                                                        (1 = 1.9%) {73.6%}
190   ---O                                                                      (3 = 5.7%) {75.5%}
226   --O                                                                       (2 = 3.8%) {81.1%}
268   -O                                                                        (1 = 1.9%) {84.9%}
318   ... 
449   --O                                                                       (2 = 3.8%) {86.8%}
533   -O                                                                        (1 = 1.9%) {90.6%}
633   O                                                                         (0 = 0.0%) {92.5%}
752   -O                                                                        (1 = 1.9%) {92.5%}
894   -O                                                                        (1 = 1.9%) {94.3%}
1062  -O                                                                        (1 = 1.9%) {96.2%}
1262  -O                                                                        (1 = 1.9%) {98.1%}
1500  ... 

Histogram: Net.HttpJob.TotalTimeSuccess.Priority1 recorded 3 samples, mean = 748.3 (flags = 0x41)
0     ... 
226   -O                                                                        (1 = 33.3%) {0.0%}
268   ... 
894   -O                                                                        (1 = 33.3%) {33.3%}
1062  -O                                                                        (1 = 33.3%) {66.7%}
1262  ... 

Histogram: Net.HttpJob.TotalTimeSuccess.Priority2 recorded 29 samples, mean = 163.3 (flags = 0x41)
0     ... 
2     -O                                                                        (1 = 3.4%) {0.0%}
3     -O                                                                        (1 = 3.4%) {3.4%}
4     ... 
10    -O                                                                        (1 = 3.4%) {6.9%}
12    O                                                                         (0 = 0.0%) {10.3%}
14    -O                                                                        (1 = 3.4%) {10.3%}
17    O                                                                         (0 = 0.0%) {13.8%}
20    -O                                                                        (1 = 3.4%) {13.8%}
24    -O                                                                        (1 = 3.4%) {17.2%}
29    ... 
40    -O                                                                        (1 = 3.4%) {20.7%}
48    O                                                                         (0 = 0.0%) {24.1%}
57    --O                                                                       (2 = 6.9%) {24.1%}
68    -O                                                                        (1 = 3.4%) {31.0%}
81    -O                                                                        (1 = 3.4%) {34.5%}
96    -O                                                                        (1 = 3.4%) {37.9%}
114   ----------O                                                               (10 = 34.5%) {41.4%}
135   ----O                                                                     (4 = 13.8%) {75.9%}
160   -O                                                                        (1 = 3.4%) {89.7%}
190   ... 
752   -O                                                                        (1 = 3.4%) {93.1%}
894   ... 
1262  -O                                                                        (1 = 3.4%) {96.6%}
1500  ... 

Histogram: Net.HttpJob.TotalTimeSuccess.Priority3 recorded 1 samples, mean = 223.0 (flags = 0x41)
0    ... 
190  -O                                                                        (1 = 100.0%) {0.0%}
226  ... 

Histogram: Net.HttpJob.TotalTimeSuccess.Priority4 recorded 7 samples, mean = 261.0 (flags = 0x41)
0    ... 
14   -O                                                                        (1 = 14.3%) {0.0%}
17   ... 
29   -O                                                                        (1 = 14.3%) {14.3%}
34   ... 
190  --O                                                                       (2 = 28.6%) {28.6%}
226  O                                                                         (0 = 0.0%) {57.1%}
268  -O                                                                        (1 = 14.3%) {57.1%}
318  ... 
449  -O                                                                        (1 = 14.3%) {71.4%}
533  -O                                                                        (1 = 14.3%) {85.7%}
633  ... 

Histogram: Net.HttpJob.TotalTimeSuccess.Priority5 recorded 13 samples, mean = 82.4 (flags = 0x41)
0    ... 
6    -O                                                                        (1 = 7.7%) {0.0%}
7    -O                                                                        (1 = 7.7%) {7.7%}
8    -O                                                                        (1 = 7.7%) {15.4%}
10   ... 
20   -O                                                                        (1 = 7.7%) {23.1%}
24   -O                                                                        (1 = 7.7%) {30.8%}
29   O                                                                         (0 = 0.0%) {38.5%}
34   -O                                                                        (1 = 7.7%) {38.5%}
40   -----O                                                                    (5 = 38.5%) {46.2%}
48   ... 
226  -O                                                                        (1 = 7.7%) {84.6%}
268  ... 
449  -O                                                                        (1 = 7.7%) {92.3%}
533  ... 

Histogram: Net.HttpRequestSSLUpgradeDecision recorded 2 samples, mean = 5.0 (flags = 0x41)
0  ... 
5  --O                                                                       (2 = 100.0%) {0.0%}
6  O                                                                         (0 = 0.0%) {100.0%}

Histogram: Net.HttpRequestStsState recorded 2 samples, mean = 2.0 (flags = 0x41)
0  ... 
2  --O                                                                       (2 = 100.0%) {0.0%}
3  ... 

Histogram: Net.HttpResponseCode recorded 67 samples, mean = 215.5 (flags = 0x41)
0    ... 
200  --------------------------------------------------------O                 (56 = 83.6%) {0.0%}
201  ... 
204  --O                                                                       (2 = 3.0%) {83.6%}
205  ... 
302  ----O                                                                     (4 = 6.0%) {86.6%}
303  O                                                                         (0 = 0.0%) {92.5%}
304  ---O                                                                      (3 = 4.5%) {92.5%}
305  ... 
308  -O                                                                        (1 = 1.5%) {97.0%}
309  ... 
403  -O                                                                        (1 = 1.5%) {98.5%}
404  ... 

Histogram: Net.HttpTimeToFirstByte recorded 53 samples, mean = 234.1 (flags = 0x41)
0     -------------O                                                            (13 = 24.5%)
10    -------------O                                                            (13 = 24.5%) {24.5%}
12    ------O                                                                   (6 = 11.3%) {49.1%}
15    -O                                                                        (1 = 1.9%) {60.4%}
18    O                                                                         (0 = 0.0%) {62.3%}
22    --O                                                                       (2 = 3.8%) {62.3%}
27    -O                                                                        (1 = 1.9%) {66.0%}
33    ... 
61    -O                                                                        (1 = 1.9%) {67.9%}
75    -O                                                                        (1 = 1.9%) {69.8%}
92    O                                                                         (0 = 0.0%) {71.7%}
113   -O                                                                        (1 = 1.9%) {71.7%}
139   O                                                                         (0 = 0.0%) {73.6%}
171   ---O                                                                      (3 = 5.7%) {73.6%}
210   ---O                                                                      (3 = 5.7%) {79.2%}
258   -O                                                                        (1 = 1.9%) {84.9%}
317   ... 
477   ---O                                                                      (3 = 5.7%) {86.8%}
585   O                                                                         (0 = 0.0%) {92.5%}
718   -O                                                                        (1 = 1.9%) {92.5%}
881   -O                                                                        (1 = 1.9%) {94.3%}
1081  -O                                                                        (1 = 1.9%) {96.2%}
1326  ... 
5551  -O                                                                        (1 = 1.9%) {98.1%}
6812  ... 

Histogram: Net.HttpTimeToFirstByte.TLS13.Google recorded 2 samples, mean = 3326.5 (flags = 0x41)
0     ... 
926   -O                                                                        (1 = 50.0%) {0.0%}
1177  ... 
4955  -O                                                                        (1 = 50.0%) {50.0%}
6296  ... 

Histogram: Net.NetworkChangeNotifier.NewConnectionCost recorded 2 samples, mean = 1.0 (flags = 0x41)
0  O                                                                         (0 = 0.0%)
1  --O                                                                       (2 = 100.0%) {0.0%}
2  ... 

Histogram: Net.NumQuicSessionsAtShutdown recorded 3 samples, mean = 0.0 (flags = 0x41)
0  ---O                                                                      (3 = 100.0%)
1  ... 

Histogram: Net.OnTransferSizeUpdated.Experimental.OverridenBy recorded 15 samples, mean = 12.5 (flags = 0x41)
0   O                                                                         (0 = 0.0%)
1   ------O                                                                   (6 = 40.0%) {0.0%}
2   ... 
11  ----O                                                                     (4 = 26.7%) {40.0%}
12  ... 
26  -O                                                                        (1 = 6.7%) {66.7%}
27  O                                                                         (0 = 0.0%) {73.3%}
28  ----O                                                                     (4 = 26.7%) {73.3%}
29  ... 

Histogram: Net.QuicConnection.WritePacketStatus recorded 48 samples, mean = 0.0 (flags = 0x41)
0  ------------------------------------------------O                         (48 = 100.0%)
1  ... 

Histogram: Net.QuicCryptoClientConfig.PopulatedFromCanonicalConfig recorded 6 samples, mean = 0.0 (flags = 0x41)
0  ------O                                                                   (6 = 100.0%)
1  ... 

Histogram: Net.QuicHandshakeNotConfirmedNumPacketsReceived recorded 10 samples, mean = 0.0 (flags = 0x41)
0  ----------O                                                               (10 = 100.0%)
1  ... 

Histogram: Net.QuicHandshakeState recorded 16 samples, mean = 1.5 (flags = 0x41)
0  --------O                                                                 (8 = 50.0%)
1  ... 
3  --------O                                                                 (8 = 50.0%) {50.0%}
4  O                                                                         (0 = 0.0%) {100.0%}

Histogram: Net.QuicSession.AbortedPendingStreamRequests recorded 8 samples, mean = 0.0 (flags = 0x41)
0  --------O                                                                 (8 = 100.0%)
1  ... 

Histogram: Net.QuicSession.AsyncRead recorded 8 samples, mean = 1.0 (flags = 0x41)
0  O                                                                         (0 = 0.0%)
1  --------O                                                                 (8 = 100.0%) {0.0%}
2  O                                                                         (0 = 0.0%) {100.0%}

Histogram: Net.QuicSession.BlockedFrames.Received recorded 8 samples, mean = 0.0 (flags = 0x41)
0  --------O                                                                 (8 = 100.0%)
1  ... 

Histogram: Net.QuicSession.BlockedFrames.Sent recorded 8 samples, mean = 0.0 (flags = 0x41)
0  --------O                                                                 (8 = 100.0%)
1  ... 

Histogram: Net.QuicSession.CloseAllSessionsError recorded 3 samples (flags = 0x41)
3  ---O                                                                      (3 = 100.0%)

Histogram: Net.QuicSession.ClosedDuringInitializeSession recorded 8 samples, mean = 0.0 (flags = 0x41)
0  --------O                                                                 (8 = 100.0%)
1  ... 

Histogram: Net.QuicSession.ConnectAfterBroken recorded 5 samples, mean = 0.0 (flags = 0x41)
0  -----O                                                                    (5 = 100.0%)
1  ... 

Histogram: Net.QuicSession.ConnectionClose.HandshakeFailureBlackHole.QuicError recorded 8 samples (flags = 0x41)
25  --------O                                                                 (8 = 100.0%)

Histogram: Net.QuicSession.ConnectionClose.HandshakeNotConfirmed.Reason recorded 8 samples, mean = 1.0 (flags = 0x41)
0  O                                                                         (0 = 0.0%)
1  --------O                                                                 (8 = 100.0%) {0.0%}
2  ... 

Histogram: Net.QuicSession.ConnectionClose.NumOpenStreams.HandshakeTimedOut recorded 8 samples, mean = 0.0 (flags = 0x41)
0  --------O                                                                 (8 = 100.0%)
1  ... 

Histogram: Net.QuicSession.ConnectionClose.NumOpenStreams.TimedOut recorded 8 samples, mean = 0.0 (flags = 0x41)
0  --------O                                                                 (8 = 100.0%)
1  ... 

Histogram: Net.QuicSession.ConnectionClose.NumTotalStreams.HandshakeTimedOut recorded 8 samples, mean = 0.0 (flags = 0x41)
0  --------O                                                                 (8 = 100.0%)
1  ... 

Histogram: Net.QuicSession.ConnectionCloseErrorCodeClient recorded 8 samples (flags = 0x41)
25  --------O                                                                 (8 = 100.0%)

Histogram: Net.QuicSession.ConnectionCloseErrorCodeClient.HandshakeNotConfirmed recorded 8 samples (flags = 0x41)
25  --------O                                                                 (8 = 100.0%)

Histogram: Net.QuicSession.ConnectionCloseErrorCodeClientGoogle recorded 4 samples (flags = 0x41)
25  ----O                                                                     (4 = 100.0%)

Histogram: Net.QuicSession.ConnectionCloseErrorCodeClientGoogle.HandshakeNotConfirmed recorded 4 samples (flags = 0x41)
25  ----O                                                                     (4 = 100.0%)

Histogram: Net.QuicSession.CryptoRetransmitCount.HandshakeNotConfirmed recorded 8 samples, mean = 3.0 (flags = 0x41)
0  ... 
3  --------O                                                                 (8 = 100.0%) {0.0%}
4  ... 

Histogram: Net.QuicSession.DuplicatePacketsReceived recorded 8 samples, mean = 0.0 (flags = 0x41)
0  --------O                                                                 (8 = 100.0%)
1  ... 

Histogram: Net.QuicSession.EcnMarksObserved recorded 8 samples, mean = 0.0 (flags = 0x41)
0  --------O                                                                 (8 = 100.0%)
1  ... 

Histogram: Net.QuicSession.FinchConfigIsValid recorded 3 samples, mean = 1.0 (flags = 0x41)
0  O                                                                         (0 = 0.0%)
1  ---O                                                                      (3 = 100.0%) {0.0%}
2  O                                                                         (0 = 0.0%) {100.0%}

Histogram: Net.QuicSession.FindMatchingIpSessionResult recorded 8 samples, mean = 2.0 (flags = 0x41)
0  ... 
2  --------O                                                                 (8 = 100.0%) {0.0%}
3  O                                                                         (0 = 0.0%) {100.0%}

Histogram: Net.QuicSession.FindMatchingIpSessionResultGoogle recorded 4 samples, mean = 2.0 (flags = 0x41)
0  ... 
2  ----O                                                                     (4 = 100.0%) {0.0%}
3  O                                                                         (0 = 0.0%) {100.0%}

Histogram: Net.QuicSession.IncorrectConnectionIDsReceived recorded 8 samples, mean = 0.0 (flags = 0x41)
0  --------O                                                                 (8 = 100.0%)
1  ... 

Histogram: Net.QuicSession.InitialRttEsitmateSource recorded 8 samples, mean = 0.0 (flags = 0x41)
0  --------O                                                                 (8 = 100.0%)
1  ... 

Histogram: Net.QuicSession.MinRTT recorded 8 samples, mean = 100.0 (flags = 0x41)
0   ... 
96  --------O                                                                 (8 = 100.0%) {0.0%}
114 ... 

Histogram: Net.QuicSession.NumDefaultPathDegrading recorded 8 samples, mean = 0.0 (flags = 0x41)
0  --------O                                                                 (8 = 100.0%)
1  ... 

Histogram: Net.QuicSession.NumQueuedPacketsBeforeWrite recorded 24 samples, mean = 0.0 (flags = 0x41)
0  ------------------------O                                                 (24 = 100.0%)
1  ... 

Histogram: Net.QuicSession.NumTotalStreams recorded 8 samples, mean = 0.0 (flags = 0x41)
0  --------O                                                                 (8 = 100.0%)
1  ... 

Histogram: Net.QuicSession.OutOfOrderLargePacketsReceived recorded 8 samples, mean = 0.0 (flags = 0x41)
0  --------O                                                                 (8 = 100.0%)
1  ... 

Histogram: Net.QuicSession.OutOfOrderPacketsReceived recorded 8 samples, mean = 0.0 (flags = 0x41)
0  --------O                                                                 (8 = 100.0%)
1  ... 

Histogram: Net.QuicSession.PacketWriteTime.Synchronous recorded 48 samples, mean = 0.0 (flags = 0x41)
0  ------------------------------------------------O                         (48 = 100.0%)
1  ... 

Histogram: Net.QuicSession.PacketsBeforeEcnTransition recorded 8 samples, mean = 0.0 (flags = 0x41)
0  --------O                                                                 (8 = 100.0%)
1  ... 

Histogram: Net.QuicSession.PreferAesGcm recorded 1 samples, mean = 1.0 (flags = 0x41)
0  O                                                                         (0 = 0.0%)
1  -O                                                                        (1 = 100.0%) {0.0%}
2  O                                                                         (0 = 0.0%) {100.0%}

Histogram: Net.QuicSession.QuicVersion recorded 8 samples (flags = 0x41)
80  --------O                                                                 (8 = 100.0%)

Histogram: Net.QuicSession.SendPacketSize.Initial recorded 48 samples, mean = 833.7 (flags = 0x41)
0     ... 
128   --------O                                                                 (8 = 16.7%) {0.0%}
145   ... 
524   --------------O                                                           (14 = 29.2%) {16.7%}
595   --O                                                                       (2 = 4.2%) {45.8%}
676   ... 
1126  ------------------------O                                                 (24 = 50.0%) {50.0%}
1279  ... 

Histogram: Net.QuicSession.SmoothedRTT recorded 8 samples, mean = 100.0 (flags = 0x41)
0   ... 
96  --------O                                                                 (8 = 100.0%) {0.0%}
114 ... 

Histogram: Net.QuicSession.TimeFromResolveHostToConfirmConnection recorded 8 samples, mean = 4011.0 (flags = 0x41)
0     ... 
3553  --------O                                                                 (8 = 100.0%) {0.0%}
4222  ... 

Histogram: Net.QuicSession.TooSmallInitialSentPacket recorded 24 samples, mean = 782.7 (flags = 0x41)
0     ... 
571   --------O                                                                 (8 = 33.3%) {0.0%}
646   --------O                                                                 (8 = 33.3%) {33.3%}
731   ... 
1060  --------O                                                                 (8 = 33.3%) {66.7%}
1200  O                                                                         (0 = 0.0%) {100.0%}

Histogram: Net.QuicSession.UndecryptablePacketsReceived recorded 8 samples, mean = 0.0 (flags = 0x41)
0  --------O                                                                 (8 = 100.0%)
1  ... 

Histogram: Net.QuicSession.UndecryptablePacketsReceivedWithDecrypter recorded 8 samples, mean = 0.0 (flags = 0x41)
0  --------O                                                                 (8 = 100.0%)
1  ... 

Histogram: Net.QuicStreamFactory.DoConnectFailureLocation recorded 8 samples, mean = 5.0 (flags = 0x41)
0  ... 
5  --------O                                                                 (8 = 100.0%) {0.0%}
6  O                                                                         (0 = 0.0%) {100.0%}

Histogram: Net.RestrictedCookieManager.GetCookiesString.Count30Seconds recorded 271 samples, mean = 0.0 (flags = 0x41)
0  ------------------------------------------------------------------------O (270 = 99.6%)
1  O                                                                         (0 = 0.0%) {99.6%}
2  O                                                                         (1 = 0.4%) {99.6%}
3  ... 

Histogram: Net.RestrictedCookieManager.SiteForCookiesOK recorded 2 samples, mean = 1.0 (flags = 0x41)
0  O                                                                         (0 = 0.0%)
1  --O                                                                       (2 = 100.0%) {0.0%}
2  O                                                                         (0 = 0.0%) {100.0%}

Histogram: Net.RestrictedCookieManager.TopFrameOriginOK recorded 2 samples, mean = 1.0 (flags = 0x41)
0  O                                                                         (0 = 0.0%)
1  --O                                                                       (2 = 100.0%) {0.0%}
2  O                                                                         (0 = 0.0%) {100.0%}

Histogram: Net.SSLHandshakeDetails recorded 10 samples, mean = 6.0 (flags = 0x41)
0  ... 
6  ----------O                                                               (10 = 100.0%) {0.0%}
7  ... 

Histogram: Net.SSLNegotiatedAlpnProtocol recorded 10 samples, mean = 1.9 (flags = 0x41)
0  O                                                                         (0 = 0.0%)
1  -O                                                                        (1 = 10.0%) {0.0%}
2  ---------O                                                                (9 = 90.0%) {10.0%}
3  ... 

Histogram: Net.SSLRenegotiationInfoSupported recorded 10 samples, mean = 1.0 (flags = 0x41)
0  O                                                                         (0 = 0.0%)
1  ----------O                                                               (10 = 100.0%) {0.0%}
2  O                                                                         (0 = 0.0%) {100.0%}

Histogram: Net.SSLSignatureAlgorithm recorded 10 samples (flags = 0x41)
1027  -------O                                                                  (7 = 70.0%)
2052  ---O                                                                      (3 = 30.0%)

Histogram: Net.SSLVersion recorded 10 samples, mean = 6.0 (flags = 0x41)
0  ... 
6  ----------O                                                               (10 = 100.0%) {0.0%}
7  ... 

Histogram: Net.SSL_CipherSuite recorded 10 samples (flags = 0x41)
4865  ---------O                                                                (9 = 90.0%)
4866  -O                                                                        (1 = 10.0%)

Histogram: Net.SSL_Connection_Error recorded 10 samples (flags = 0x41)
0  ----------O                                                               (10 = 100.0%)

Histogram: Net.SSL_Connection_Latency_2 recorded 10 samples, mean = 974.1 (flags = 0x41)
0     ... 
15    -O                                                                        (1 = 10.0%) {0.0%}
17    ... 
164   -O                                                                        (1 = 10.0%) {10.0%}
181   ... 
244   -O                                                                        (1 = 10.0%) {20.0%}
269   ... 
362   -O                                                                        (1 = 10.0%) {30.0%}
399   O                                                                         (0 = 0.0%) {40.0%}
440   -O                                                                        (1 = 10.0%) {40.0%}
485   O                                                                         (0 = 0.0%) {50.0%}
535   -O                                                                        (1 = 10.0%) {50.0%}
590   -O                                                                        (1 = 10.0%) {60.0%}
651   ... 
792   -O                                                                        (1 = 10.0%) {70.0%}
874   -O                                                                        (1 = 10.0%) {80.0%}
964   ... 
5134  -O                                                                        (1 = 10.0%) {90.0%}
5665  ... 

Histogram: Net.SSL_KeyExchange.ECDHE recorded 10 samples (flags = 0x41)
29     -----O                                                                    (5 = 50.0%)
25497  -----O                                                                    (5 = 50.0%)

Histogram: Net.SharedDictionaryStorageOnDisk.IsMetadataReadyOnFirstUse recorded 1 samples, mean = 1.0 (flags = 0x41)
0  O                                                                         (0 = 0.0%)
1  -O                                                                        (1 = 100.0%) {0.0%}
2  O                                                                         (0 = 0.0%) {100.0%}

Histogram: Net.SharedDictionaryStorageOnDisk.MetadataReadTime.Empty recorded 1 samples, mean = 7.0 (flags = 0x41)
0  ... 
7  -O                                                                        (1 = 100.0%) {0.0%}
8  ... 

Histogram: Net.SharedDictionaryStore.DeleteExpiredDictionaries.Error recorded 2 samples, mean = 0.0 (flags = 0x41)
0  --O                                                                       (2 = 100.0%)
1  ... 

Histogram: Net.SharedDictionaryStore.GetDictionaries.Error recorded 1 samples, mean = 0.0 (flags = 0x41)
0  -O                                                                        (1 = 100.0%)
1  ... 

Histogram: Net.SharedDictionaryStore.ProcessEviction.Error recorded 1 samples, mean = 0.0 (flags = 0x41)
0  -O                                                                        (1 = 100.0%)
1  ... 

Histogram: Net.SpdyFrameStreamAndSessionFlowControlState recorded 4 samples, mean = 0.0 (flags = 0x41)
0  ----O                                                                     (4 = 100.0%)
1  ... 

Histogram: Net.SpdyHeadersCompressionPercentage recorded 15 samples, mean = 56.5 (flags = 0x41)
0   ... 
34  --O                                                                       (2 = 13.3%) {0.0%}
35  ... 
40  -O                                                                        (1 = 6.7%) {13.3%}
41  --O                                                                       (2 = 13.3%) {20.0%}
42  --O                                                                       (2 = 13.3%) {33.3%}
43  O                                                                         (0 = 0.0%) {46.7%}
44  --O                                                                       (2 = 13.3%) {46.7%}
45  ... 
63  -O                                                                        (1 = 6.7%) {60.0%}
64  ... 
76  -O                                                                        (1 = 6.7%) {66.7%}
77  ... 
79  -O                                                                        (1 = 6.7%) {73.3%}
80  O                                                                         (0 = 0.0%) {80.0%}
81  -O                                                                        (1 = 6.7%) {80.0%}
82  ... 
88  -O                                                                        (1 = 6.7%) {86.7%}
89  ... 
98  -O                                                                        (1 = 6.7%) {93.3%}
99  ... 

Histogram: Net.SpdyResponseCode recorded 15 samples (flags = 0x41)
200  --------O                                                                 (8 = 53.3%)
204  -O                                                                        (1 = 6.7%)
302  --O                                                                       (2 = 13.3%)
304  ---O                                                                      (3 = 20.0%)
403  -O                                                                        (1 = 6.7%)

Histogram: Net.SpdySession.AcceptChForOrigin recorded 15 samples, mean = 0.1 (flags = 0x41)
0  -------------O                                                            (13 = 86.7%)
1  --O                                                                       (2 = 13.3%) {86.7%}
2  O                                                                         (0 = 0.0%) {100.0%}

Histogram: Net.SpdySession.AlpsAcceptChEntries recorded 2 samples, mean = 1.0 (flags = 0x41)
0  O                                                                         (0 = 0.0%)
1  --O                                                                       (2 = 100.0%) {0.0%}
2  ... 

Histogram: Net.SpdySession.AlpsDecoderStatus recorded 2 samples, mean = 0.0 (flags = 0x41)
0  --O                                                                       (2 = 100.0%)
1  ... 

Histogram: Net.SpdySession.AlpsDecoderStatus.Bypassed recorded 2 samples, mean = 0.0 (flags = 0x41)
0  --O                                                                       (2 = 100.0%)
1  ... 

Histogram: Net.SpdySession.AlpsSettingParameterCount recorded 2 samples, mean = 0.0 (flags = 0x41)
0  --O                                                                       (2 = 100.0%)
1  ... 

Histogram: Net.SpdySession.ClosedOnError recorded 9 samples (flags = 0x41)
0  ---------O                                                                (9 = 100.0%)

Histogram: Net.SpdySession.CreateStreamWithSocketConnected recorded 15 samples, mean = 1.0 (flags = 0x41)
0  O                                                                         (0 = 0.0%)
1  ---------------O                                                          (15 = 100.0%) {0.0%}
2  O                                                                         (0 = 0.0%) {100.0%}

Histogram: Net.SpdySession.GoAwayReceived recorded 9 samples (flags = 0x41)
0  ---------O                                                                (9 = 100.0%)

Histogram: Net.SpdySession.OnSettings.ActiveStreamCount2 recorded 9 samples, mean = 0.9 (flags = 0x41)
0  -O                                                                        (1 = 11.1%)
1  --------O                                                                 (8 = 88.9%) {11.1%}
2  ... 

Histogram: Net.SpdySession.OnSettings.CreatedAndActiveStreamCount2 recorded 9 samples, mean = 0.9 (flags = 0x41)
0  -O                                                                        (1 = 11.1%)
1  --------O                                                                 (8 = 88.9%) {11.1%}
2  ... 

Histogram: Net.SpdySession.OnSettings.CreatedStreamCount2 recorded 9 samples, mean = 0.0 (flags = 0x41)
0  ---------O                                                                (9 = 100.0%)
1  ... 

Histogram: Net.SpdySession.OnSettings.PendingStreamCount2 recorded 9 samples, mean = 0.0 (flags = 0x41)
0  ---------O                                                                (9 = 100.0%)
1  ... 

Histogram: Net.SpdySession.ServerSupportsWebSocket recorded 9 samples, mean = 0.0 (flags = 0x41)
0  ---------O                                                                (9 = 100.0%)
1  ... 

Histogram: Net.SpdySessionGet recorded 15 samples, mean = 2.2 (flags = 0x41)
0  O                                                                         (0 = 0.0%)
1  ------O                                                                   (6 = 40.0%) {0.0%}
2  O                                                                         (0 = 0.0%) {40.0%}
3  ---------O                                                                (9 = 60.0%) {40.0%}
4  O                                                                         (0 = 0.0%) {100.0%}

Histogram: Net.SpdyStreamsAbandonedPerSession recorded 9 samples, mean = 0.0 (flags = 0x41)
0  ---------O                                                                (9 = 100.0%)
1  ... 

Histogram: Net.SpdyStreamsPerSession recorded 9 samples, mean = 1.7 (flags = 0x41)
0  O                                                                         (0 = 0.0%)
1  -------O                                                                  (7 = 77.8%) {0.0%}
2  -O                                                                        (1 = 11.1%) {77.8%}
3  ... 
6  -O                                                                        (1 = 11.1%) {88.9%}
7  ... 

Histogram: Net.TCP_Connection_Latency recorded 10 samples, mean = 39.9 (flags = 0x41)
0    ... 
5    ----O                                                                     (4 = 40.0%) {0.0%}
6    --O                                                                       (2 = 20.0%) {40.0%}
7    O                                                                         (0 = 0.0%) {60.0%}
8    -O                                                                        (1 = 10.0%) {60.0%}
9    -O                                                                        (1 = 10.0%) {70.0%}
10   ... 
164  --O                                                                       (2 = 20.0%) {80.0%}
186  ... 

Histogram: Net.TcpConnectAttempt.Latency.Success recorded 10 samples, mean = 39.7 (flags = 0x41)
0    --------O                                                                 (8 = 80.0%)
10   ... 
139  -O                                                                        (1 = 10.0%) {80.0%}
171  -O                                                                        (1 = 10.0%) {90.0%}
210  ... 

Histogram: Net.UDPSocketWinClose recorded 104 samples, mean = 0.0 (flags = 0x41)
0  ------------------------------------------------------------------------O (104 = 100.0%)
1  ... 

Histogram: Net.URLLoaderThrottle.OnReceiveResponseTime recorded 48 samples, mean = 0.2 (flags = 0x41)
0   -----------------------------------------------O                          (47 = 97.9%)
1   ... 
12  -O                                                                        (1 = 2.1%) {97.9%}
14  ... 

Histogram: Net.URLLoaderThrottleExecutionTime.BeforeWillProcessResponse recorded 242 samples, mean = 0.0 (flags = 0x41)
0  ------------------------------------------------------------------------O (242 = 100.0%)
1  ... 

Histogram: Net.URLLoaderThrottleExecutionTime.WillProcessResponse recorded 242 samples, mean = 0.0 (flags = 0x41)
0  ------------------------------------------------------------------------O (242 = 100.0%)
1  ... 

Histogram: Net.URLLoaderThrottleExecutionTime.WillRedirectRequest recorded 21 samples, mean = 0.0 (flags = 0x41)
0  ---------------------O                                                    (21 = 100.0%)
1  ... 

Histogram: Net.URLLoaderThrottleExecutionTime.WillStartRequest recorded 242 samples, mean = 0.0 (flags = 0x41)
0  ------------------------------------------------------------------------O (242 = 100.0%)
1  ... 

Histogram: Net.URLRequest.ReferrerHasInformativePath.CrossOrigin recorded 45 samples, mean = 0.0 (flags = 0x41)
0  ---------------------------------------------O                            (45 = 100.0%)
1  ... 

Histogram: Net.URLRequest.ReferrerHasInformativePath.SameOrigin recorded 8 samples, mean = 1.0 (flags = 0x41)
0  O                                                                         (0 = 0.0%)
1  --------O                                                                 (8 = 100.0%) {0.0%}
2  O                                                                         (0 = 0.0%) {100.0%}

Histogram: Net.URLRequest.ReferrerPolicyForRequest.CrossOrigin recorded 45 samples, mean = 1.1 (flags = 0x41)
0  O                                                                         (0 = 0.0%)
1  -------------------------------------------O                              (43 = 95.6%) {0.0%}
2  O                                                                         (0 = 0.0%) {95.6%}
3  --O                                                                       (2 = 4.4%) {95.6%}
4  ... 

Histogram: Net.URLRequest.ReferrerPolicyForRequest.SameOrigin recorded 8 samples, mean = 1.0 (flags = 0x41)
0  O                                                                         (0 = 0.0%)
1  --------O                                                                 (8 = 100.0%) {0.0%}
2  ... 

Histogram: Network.Mdns.Googlecast recorded 3 samples, mean = 0.0 (flags = 0x41)
0  ---O                                                                      (3 = 100.0%)
1  ... 

Histogram: NetworkService.DeletedOldCacheData recorded 1 samples, mean = 0.0 (flags = 0x41)
0  -O                                                                        (1 = 100.0%)
1  ... 

Histogram: NetworkService.GrantSandboxResult recorded 3 samples, mean = 9.0 (flags = 0x41)
0   ... 
7   -O                                                                        (1 = 33.3%) {0.0%}
8   ... 
10  --O                                                                       (2 = 66.7%) {33.3%}
11  ... 

Histogram: NetworkService.NetworkLoaderCompletionTime2.DiskCache recorded 39 samples, mean = 100.3 (flags = 0x41)
0    ... 
3    -O                                                                        (1 = 2.6%) {0.0%}
4    -O                                                                        (1 = 2.6%) {2.6%}
5    ... 
17   ----O                                                                     (4 = 10.3%) {5.1%}
20   O                                                                         (0 = 0.0%) {15.4%}
24   -O                                                                        (1 = 2.6%) {15.4%}
29   ---O                                                                      (3 = 7.7%) {17.9%}
34   O                                                                         (0 = 0.0%) {25.6%}
40   ------O                                                                   (6 = 15.4%) {25.6%}
48   -O                                                                        (1 = 2.6%) {41.0%}
57   --O                                                                       (2 = 5.1%) {43.6%}
68   -O                                                                        (1 = 2.6%) {48.7%}
81   O                                                                         (0 = 0.0%) {51.3%}
96   --O                                                                       (2 = 5.1%) {51.3%}
114  O                                                                         (0 = 0.0%) {56.4%}
135  --------------O                                                           (14 = 35.9%) {56.4%}
160  O                                                                         (0 = 0.0%) {92.3%}
190  -O                                                                        (1 = 2.6%) {92.3%}
226  O                                                                         (0 = 0.0%) {94.9%}
268  -O                                                                        (1 = 2.6%) {94.9%}
318  ... 
449  -O                                                                        (1 = 2.6%) {97.4%}
533  ... 

Histogram: NetworkService.NetworkLoaderCompletionTime2.Network recorded 11 samples, mean = 874.7 (flags = 0x41)
0     ... 
17    -O                                                                        (1 = 9.1%) {0.0%}
20    ... 
160   -O                                                                        (1 = 9.1%) {9.1%}
190   --O                                                                       (2 = 18.2%) {18.2%}
226   --O                                                                       (2 = 18.2%) {36.4%}
268   ... 
449   -O                                                                        (1 = 9.1%) {54.5%}
533   -O                                                                        (1 = 9.1%) {63.6%}
633   O                                                                         (0 = 0.0%) {72.7%}
752   -O                                                                        (1 = 9.1%) {72.7%}
894   -O                                                                        (1 = 9.1%) {81.8%}
1062  ... 
5017  -O                                                                        (1 = 9.1%) {90.9%}
5961  ... 

Histogram: NetworkService.TimeToGrantCacheAccess recorded 1 samples, mean = 24.0 (flags = 0x41)
0   ... 
24  -O                                                                        (1 = 100.0%) {0.0%}
29  ... 

Histogram: NetworkService.TimeToGrantDataAccess recorded 2 samples, mean = 2.0 (flags = 0x41)
0  O                                                                         (0 = 0.0%)
1  -O                                                                        (1 = 50.0%) {0.0%}
2  O                                                                         (0 = 0.0%) {50.0%}
3  -O                                                                        (1 = 50.0%) {50.0%}
4  ... 

Histogram: NetworkService.TimeToGrantSharedDictionaryAccess recorded 1 samples, mean = 2.0 (flags = 0x41)
0  ... 
2  -O                                                                        (1 = 100.0%) {0.0%}
3  ... 

Histogram: NetworkedProfile.Check recorded 1 samples, mean = 4.0 (flags = 0x41)
0  ... 
4  -O                                                                        (1 = 100.0%) {0.0%}
5  ... 

Histogram: NewTabPage.MostVisited.DeciScore.0.Local recorded 1 samples, mean = 477.0 (flags = 0x41)
0    ... 
448  -O                                                                        (1 = 100.0%) {0.0%}
590  ... 

Histogram: NewTabPage.MostVisited.DeciScore.1.Local recorded 1 samples, mean = 412.0 (flags = 0x41)
0    ... 
340  -O                                                                        (1 = 100.0%) {0.0%}
448  ... 

Histogram: NewTabPage.MostVisited.DeciScore.2.Local recorded 1 samples, mean = 76.0 (flags = 0x41)
0   ... 
65  -O                                                                        (1 = 100.0%) {0.0%}
86  ... 

Histogram: Notifications.UsingSystemNotificationCenter recorded 1 samples, mean = 0.0 (flags = 0x41)
0  -O                                                                        (1 = 100.0%)
1  ... 

Histogram: Notifications.Windows.GetDisplayedStatus recorded 1 samples, mean = 0.0 (flags = 0x41)
0  -O                                                                        (1 = 100.0%)
1  ... 

Histogram: Notifications.Windows.GetSettingStatusStartup recorded 1 samples, mean = 1.0 (flags = 0x41)
0  O                                                                         (0 = 0.0%)
1  -O                                                                        (1 = 100.0%) {0.0%}
2  O                                                                         (0 = 0.0%) {100.0%}

Histogram: Notifications.Windows.HistoryStatus recorded 1 samples, mean = 0.0 (flags = 0x41)
0  -O                                                                        (1 = 100.0%)
1  ... 

Histogram: Notifications.Windows.SetReadyCallbackStatus2 recorded 1 samples, mean = 3.0 (flags = 0x41)
0  ... 
3  -O                                                                        (1 = 100.0%) {0.0%}
4  ... 

Histogram: Notifications.Windows.StartMenuShortcutStatus recorded 1 samples, mean = 2.0 (flags = 0x41)
0  ... 
2  -O                                                                        (1 = 100.0%) {0.0%}
3  ... 

Histogram: OSCrypt.AppBoundEncryption.SupportLevel recorded 1 samples, mean = 4.0 (flags = 0x41)
0  ... 
4  -O                                                                        (1 = 100.0%) {0.0%}
5  ... 

Histogram: OSCrypt.AppBoundProvider.KeyRetrieval.Status recorded 1 samples, mean = 1.0 (flags = 0x41)
0  O                                                                         (0 = 0.0%)
1  -O                                                                        (1 = 100.0%) {0.0%}
2  ... 

Histogram: OSCrypt.AsyncInitialization.Result recorded 1 samples, mean = 1.0 (flags = 0x41)
0  O                                                                         (0 = 0.0%)
1  -O                                                                        (1 = 100.0%) {0.0%}
2  O                                                                         (0 = 0.0%) {100.0%}

Histogram: OSCrypt.AsyncInitialization.Time recorded 1 samples, mean = 0.0 (flags = 0x41)
0  -O                                                                        (1 = 100.0%)
1  ... 

Histogram: OSCrypt.DPAPIProvider.Status recorded 1 samples, mean = 0.0 (flags = 0x41)
0  -O                                                                        (1 = 100.0%)
1  ... 

Histogram: OSCrypt.Win.Decrypt.Result recorded 1 samples, mean = 1.0 (flags = 0x41)
0  O                                                                         (0 = 0.0%)
1  -O                                                                        (1 = 100.0%) {0.0%}
2  O                                                                         (0 = 0.0%) {100.0%}

Histogram: OSCrypt.Win.Decrypt.Time recorded 1 samples, mean = 1.0 (flags = 0x41)
0  O                                                                         (0 = 0.0%)
1  -O                                                                        (1 = 100.0%) {0.0%}
2  ... 

Histogram: Omnibox.TemplateUrl.RlzPresent recorded 146 samples, mean = 0.0 (flags = 0x41)
0  ------------------------------------------------------------------------O (146 = 100.0%)
1  ... 

Histogram: Omnibox.TemplateUrl.SearchClientPresent recorded 146 samples, mean = 0.0 (flags = 0x41)
0  ------------------------------------------------------------------------O (146 = 100.0%)
1  ... 

Histogram: OptimizationGuide.ApplyDecision.AboutThisSite recorded 1 samples, mean = 8.0 (flags = 0x41)
0  ... 
8  -O                                                                        (1 = 100.0%) {0.0%}
9  ... 

Histogram: OptimizationGuide.ApplyDecision.HistoryClusters recorded 4 samples, mean = 8.0 (flags = 0x41)
0  ... 
8  ----O                                                                     (4 = 100.0%) {0.0%}
9  ... 

Histogram: OptimizationGuide.ApplyDecision.V8CompileHints recorded 1 samples, mean = 8.0 (flags = 0x41)
0  ... 
8  -O                                                                        (1 = 100.0%) {0.0%}
9  ... 

Histogram: OptimizationGuide.HintCacheLevelDBStore.Status recorded 3 samples, mean = 1.3 (flags = 0x41)
0  -O                                                                        (1 = 33.3%)
1  -O                                                                        (1 = 33.3%) {33.3%}
2  O                                                                         (0 = 0.0%) {66.7%}
3  -O                                                                        (1 = 33.3%) {66.7%}
4  O                                                                         (0 = 0.0%) {100.0%}

Histogram: OptimizationGuide.HintsManager.HintCacheInitialized recorded 1 samples, mean = 1.0 (flags = 0x40)
0  O                                                                         (0 = 0.0%)
1  -O                                                                        (1 = 100.0%) {0.0%}
2  O                                                                         (0 = 0.0%) {100.0%}

Histogram: OptimizationGuide.LoadedHint.Result recorded 4 samples, mean = 0.0 (flags = 0x40)
0  ----O                                                                     (4 = 100.0%)
1  ... 

Histogram: OptimizationGuide.ModelExecution.FeatureCurrentlyEnabledResult.Compose recorded 1 samples, mean = 1.0 (flags = 0x41)
0  O                                                                         (0 = 0.0%)
1  -O                                                                        (1 = 100.0%) {0.0%}
2  ... 

Histogram: OptimizationGuide.ModelExecution.FeatureCurrentlyEnabledResult.HistorySearch recorded 2 samples, mean = 3.0 (flags = 0x41)
0  ... 
3  --O                                                                       (2 = 100.0%) {0.0%}
4  ... 

Histogram: OptimizationGuide.ModelExecution.FeatureCurrentlyEnabledResult.TabOrganization recorded 1 samples, mean = 3.0 (flags = 0x41)
0  ... 
3  -O                                                                        (1 = 100.0%) {0.0%}
4  ... 

Histogram: OptimizationGuide.ModelExecution.FeatureCurrentlyEnabledResult.WallpaperSearch recorded 1 samples, mean = 1.0 (flags = 0x41)
0  O                                                                         (0 = 0.0%)
1  -O                                                                        (1 = 100.0%) {0.0%}
2  ... 

Histogram: OptimizationGuide.ModelExecution.FeatureEnabledAtStartup.Compose recorded 1 samples, mean = 0.0 (flags = 0x41)
0  -O                                                                        (1 = 100.0%)
1  ... 

Histogram: OptimizationGuide.ModelExecution.FeatureEnabledAtStartup.HistorySearch recorded 1 samples, mean = 0.0 (flags = 0x41)
0  -O                                                                        (1 = 100.0%)
1  ... 

Histogram: OptimizationGuide.ModelExecution.FeatureEnabledAtStartup.TabOrganization recorded 1 samples, mean = 0.0 (flags = 0x41)
0  -O                                                                        (1 = 100.0%)
1  ... 

Histogram: OptimizationGuide.ModelExecution.FeatureEnabledAtStartup.WallpaperSearch recorded 1 samples, mean = 0.0 (flags = 0x41)
0  -O                                                                        (1 = 100.0%)
1  ... 

Histogram: OptimizationGuide.ModelExecution.OnDeviceModelInstallCriteria.AtRegistration.All recorded 1 samples, mean = 0.0 (flags = 0x41)
0  -O                                                                        (1 = 100.0%)
1  ... 

Histogram: OptimizationGuide.ModelExecution.OnDeviceModelInstallCriteria.AtRegistration.DeviceCapability recorded 1 samples, mean = 0.0 (flags = 0x41)
0  -O                                                                        (1 = 100.0%)
1  ... 

Histogram: OptimizationGuide.ModelExecution.OnDeviceModelInstallCriteria.AtRegistration.DiskSpace recorded 1 samples, mean = 1.0 (flags = 0x41)
0  O                                                                         (0 = 0.0%)
1  -O                                                                        (1 = 100.0%) {0.0%}
2  O                                                                         (0 = 0.0%) {100.0%}

Histogram: OptimizationGuide.ModelExecution.OnDeviceModelInstallCriteria.AtRegistration.EnabledByEnterprisePolicy recorded 1 samples, mean = 1.0 (flags = 0x41)
0  O                                                                         (0 = 0.0%)
1  -O                                                                        (1 = 100.0%) {0.0%}
2  O                                                                         (0 = 0.0%) {100.0%}

Histogram: OptimizationGuide.ModelExecution.OnDeviceModelInstallCriteria.AtRegistration.EnabledByFeature recorded 1 samples, mean = 0.0 (flags = 0x41)
0  -O                                                                        (1 = 100.0%)
1  ... 

Histogram: OptimizationGuide.ModelExecution.OnDeviceModelInstallCriteria.AtRegistration.FeatureUse recorded 1 samples, mean = 0.0 (flags = 0x41)
0  -O                                                                        (1 = 100.0%)
1  ... 

Histogram: OptimizationGuide.ModelExecutor.ExecutionStatus.PageVisibility recorded 4 samples, mean = 3.0 (flags = 0x41)
0  ... 
3  ----O                                                                     (4 = 100.0%) {0.0%}
4  ... 

Histogram: OptimizationGuide.ModelExecutor.ModelAvailableToLoad.PageVisibility recorded 4 samples, mean = 0.0 (flags = 0x41)
0  ----O                                                                     (4 = 100.0%)
1  ... 

Histogram: OptimizationGuide.ModelExecutor.TaskExecutionLatency.PageVisibility recorded 4 samples, mean = 328.0 (flags = 0x41)
0    ... 
280  ----O                                                                     (4 = 100.0%) {0.0%}
356  ... 

Histogram: OptimizationGuide.ModelExecutor.TaskSchedulingLatency.PageVisibility recorded 4 samples, mean = 0.8 (flags = 0x41)
0  -O                                                                        (1 = 25.0%)
1  ---O                                                                      (3 = 75.0%) {25.0%}
2  ... 

Histogram: OptimizationGuide.ModelHandler.HandlerCreated.GeolocationPermissions recorded 1 samples, mean = 1.0 (flags = 0x41)
0  O                                                                         (0 = 0.0%)
1  -O                                                                        (1 = 100.0%) {0.0%}
2  O                                                                         (0 = 0.0%) {100.0%}

Histogram: OptimizationGuide.ModelHandler.HandlerCreated.NewTabPageHistoryClustersModuleRanking recorded 1 samples, mean = 1.0 (flags = 0x41)
0  O                                                                         (0 = 0.0%)
1  -O                                                                        (1 = 100.0%) {0.0%}
2  O                                                                         (0 = 0.0%) {100.0%}

Histogram: OptimizationGuide.ModelHandler.HandlerCreated.NotificationPermissions recorded 1 samples, mean = 1.0 (flags = 0x41)
0  O                                                                         (0 = 0.0%)
1  -O                                                                        (1 = 100.0%) {0.0%}
2  O                                                                         (0 = 0.0%) {100.0%}

Histogram: OptimizationGuide.ModelHandler.HandlerCreated.OmniboxUrlScoring recorded 1 samples, mean = 1.0 (flags = 0x41)
0  O                                                                         (0 = 0.0%)
1  -O                                                                        (1 = 100.0%) {0.0%}
2  O                                                                         (0 = 0.0%) {100.0%}

Histogram: OptimizationGuide.ModelHandler.HandlerCreated.PageTopicsV2 recorded 1 samples, mean = 1.0 (flags = 0x41)
0  O                                                                         (0 = 0.0%)
1  -O                                                                        (1 = 100.0%) {0.0%}
2  O                                                                         (0 = 0.0%) {100.0%}

Histogram: OptimizationGuide.ModelHandler.HandlerCreated.PageVisibility recorded 1 samples, mean = 1.0 (flags = 0x41)
0  O                                                                         (0 = 0.0%)
1  -O                                                                        (1 = 100.0%) {0.0%}
2  O                                                                         (0 = 0.0%) {100.0%}

Histogram: OptimizationGuide.PageContentAnnotations.AnnotateVisitResultCached recorded 4 samples, mean = 0.0 (flags = 0x41)
0  ----O                                                                     (4 = 100.0%)
1  ... 

Histogram: OptimizationGuide.PageContentAnnotations.BatchRequestedSize.ContentVisibility recorded 1 samples, mean = 4.0 (flags = 0x41)
0  ... 
4  -O                                                                        (1 = 100.0%) {0.0%}
5  ... 

Histogram: OptimizationGuide.PageContentAnnotations.BatchSuccess.ContentVisibility recorded 1 samples, mean = 0.0 (flags = 0x41)
0  -O                                                                        (1 = 100.0%)
1  ... 

Histogram: OptimizationGuide.PageContentAnnotations.JobExecutionTime.ContentVisibility recorded 1 samples, mean = 330.0 (flags = 0x41)
0    ... 
280  -O                                                                        (1 = 100.0%) {0.0%}
356  ... 

Histogram: OptimizationGuide.PageContentAnnotations.JobScheduleTime.ContentVisibility recorded 1 samples, mean = 0.0 (flags = 0x41)
0  -O                                                                        (1 = 100.0%)
1  ... 

Histogram: OptimizationGuide.PageContentAnnotationsService.ContentAnnotated recorded 4 samples, mean = 0.0 (flags = 0x41)
0  ----O                                                                     (4 = 100.0%)
1  ... 

Histogram: OptimizationGuide.PredictionManager.DownloadServiceAvailabilityBlockedFetch recorded 2 samples, mean = 0.5 (flags = 0x41)
0  -O                                                                        (1 = 50.0%)
1  -O                                                                        (1 = 50.0%) {50.0%}
2  O                                                                         (0 = 0.0%) {100.0%}

Histogram: OptimizationGuide.PredictionManager.FirstModelFetchSinceServiceInit recorded 1 samples, mean = 11120.0 (flags = 0x41)
0      ... 
10165  -O                                                                        (1 = 100.0%) {0.0%}
12916  ... 

Histogram: OptimizationGuide.PredictionManager.ModelAvailableAtRegistration.ClientSidePhishing recorded 1 samples, mean = 0.0 (flags = 0x41)
0  -O                                                                        (1 = 100.0%)
1  ... 

Histogram: OptimizationGuide.PredictionManager.ModelAvailableAtRegistration.GeolocationPermissions recorded 1 samples, mean = 0.0 (flags = 0x41)
0  -O                                                                        (1 = 100.0%)
1  ... 

Histogram: OptimizationGuide.PredictionManager.ModelAvailableAtRegistration.LanguageDetection recorded 2 samples, mean = 0.0 (flags = 0x41)
0  --O                                                                       (2 = 100.0%)
1  ... 

Histogram: OptimizationGuide.PredictionManager.ModelAvailableAtRegistration.NewTabPageHistoryClustersModuleRanking recorded 1 samples, mean = 0.0 (flags = 0x41)
0  -O                                                                        (1 = 100.0%)
1  ... 

Histogram: OptimizationGuide.PredictionManager.ModelAvailableAtRegistration.NotificationPermissions recorded 1 samples, mean = 0.0 (flags = 0x41)
0  -O                                                                        (1 = 100.0%)
1  ... 

Histogram: OptimizationGuide.PredictionManager.ModelAvailableAtRegistration.OmniboxUrlScoring recorded 1 samples, mean = 0.0 (flags = 0x41)
0  -O                                                                        (1 = 100.0%)
1  ... 

Histogram: OptimizationGuide.PredictionManager.ModelAvailableAtRegistration.PageTopicsV2 recorded 1 samples, mean = 0.0 (flags = 0x41)
0  -O                                                                        (1 = 100.0%)
1  ... 

Histogram: OptimizationGuide.PredictionManager.ModelAvailableAtRegistration.PageVisibility recorded 1 samples, mean = 0.0 (flags = 0x41)
0  -O                                                                        (1 = 100.0%)
1  ... 

Histogram: OptimizationGuide.PredictionManager.ModelAvailableAtRegistration.TextSafety recorded 1 samples, mean = 0.0 (flags = 0x41)
0  -O                                                                        (1 = 100.0%)
1  ... 

Histogram: OptimizationGuide.PredictionManager.ModelAvailableAtRegistration.VisualSearchClassification recorded 1 samples, mean = 0.0 (flags = 0x41)
0  -O                                                                        (1 = 100.0%)
1  ... 

Histogram: OptimizationGuide.PredictionManager.ModelDeliveryEvents.ClientSidePhishing recorded 3 samples, mean = 6.0 (flags = 0x41)
0  ... 
3  -O                                                                        (1 = 33.3%) {0.0%}
4  ... 
7  -O                                                                        (1 = 33.3%) {33.3%}
8  -O                                                                        (1 = 33.3%) {66.7%}
9  ... 

Histogram: OptimizationGuide.PredictionManager.ModelDeliveryEvents.GeolocationPermissions recorded 3 samples, mean = 6.0 (flags = 0x41)
0  ... 
3  -O                                                                        (1 = 33.3%) {0.0%}
4  ... 
7  -O                                                                        (1 = 33.3%) {33.3%}
8  -O                                                                        (1 = 33.3%) {66.7%}
9  ... 

Histogram: OptimizationGuide.PredictionManager.ModelDeliveryEvents.LanguageDetection recorded 3 samples, mean = 6.0 (flags = 0x41)
0  ... 
3  -O                                                                        (1 = 33.3%) {0.0%}
4  ... 
7  -O                                                                        (1 = 33.3%) {33.3%}
8  -O                                                                        (1 = 33.3%) {66.7%}
9  ... 

Histogram: OptimizationGuide.PredictionManager.ModelDeliveryEvents.NewTabPageHistoryClustersModuleRanking recorded 3 samples, mean = 6.0 (flags = 0x41)
0  ... 
3  -O                                                                        (1 = 33.3%) {0.0%}
4  ... 
7  -O                                                                        (1 = 33.3%) {33.3%}
8  -O                                                                        (1 = 33.3%) {66.7%}
9  ... 

Histogram: OptimizationGuide.PredictionManager.ModelDeliveryEvents.NotificationPermissions recorded 3 samples, mean = 6.0 (flags = 0x41)
0  ... 
3  -O                                                                        (1 = 33.3%) {0.0%}
4  ... 
7  -O                                                                        (1 = 33.3%) {33.3%}
8  -O                                                                        (1 = 33.3%) {66.7%}
9  ... 

Histogram: OptimizationGuide.PredictionManager.ModelDeliveryEvents.OmniboxUrlScoring recorded 3 samples, mean = 6.0 (flags = 0x41)
0  ... 
3  -O                                                                        (1 = 33.3%) {0.0%}
4  ... 
7  -O                                                                        (1 = 33.3%) {33.3%}
8  -O                                                                        (1 = 33.3%) {66.7%}
9  ... 

Histogram: OptimizationGuide.PredictionManager.ModelDeliveryEvents.PageTopicsV2 recorded 3 samples, mean = 6.0 (flags = 0x41)
0  ... 
3  -O                                                                        (1 = 33.3%) {0.0%}
4  ... 
7  -O                                                                        (1 = 33.3%) {33.3%}
8  -O                                                                        (1 = 33.3%) {66.7%}
9  ... 

Histogram: OptimizationGuide.PredictionManager.ModelDeliveryEvents.PageVisibility recorded 3 samples, mean = 6.0 (flags = 0x41)
0  ... 
3  -O                                                                        (1 = 33.3%) {0.0%}
4  ... 
7  -O                                                                        (1 = 33.3%) {33.3%}
8  -O                                                                        (1 = 33.3%) {66.7%}
9  ... 

Histogram: OptimizationGuide.PredictionManager.ModelDeliveryEvents.TextSafety recorded 3 samples, mean = 6.0 (flags = 0x41)
0  ... 
3  -O                                                                        (1 = 33.3%) {0.0%}
4  ... 
7  -O                                                                        (1 = 33.3%) {33.3%}
8  -O                                                                        (1 = 33.3%) {66.7%}
9  ... 

Histogram: OptimizationGuide.PredictionManager.ModelDeliveryEvents.VisualSearchClassification recorded 3 samples, mean = 6.0 (flags = 0x41)
0  ... 
3  -O                                                                        (1 = 33.3%) {0.0%}
4  ... 
7  -O                                                                        (1 = 33.3%) {33.3%}
8  -O                                                                        (1 = 33.3%) {66.7%}
9  ... 

Histogram: OptimizationGuide.PredictionManager.RegistrationTimeSinceServiceInit.ClientSidePhishing recorded 1 samples, mean = 0.0 (flags = 0x41)
0  -O                                                                        (1 = 100.0%)
1  ... 

Histogram: OptimizationGuide.PredictionManager.RegistrationTimeSinceServiceInit.GeolocationPermissions recorded 1 samples, mean = 0.0 (flags = 0x41)
0  -O                                                                        (1 = 100.0%)
1  ... 

Histogram: OptimizationGuide.PredictionManager.RegistrationTimeSinceServiceInit.LanguageDetection recorded 2 samples, mean = 6.0 (flags = 0x41)
0   -O                                                                        (1 = 50.0%)
1   ... 
10  -O                                                                        (1 = 50.0%) {50.0%}
13  ... 

Histogram: OptimizationGuide.PredictionManager.RegistrationTimeSinceServiceInit.NewTabPageHistoryClustersModuleRanking recorded 1 samples, mean = 0.0 (flags = 0x41)
0  -O                                                                        (1 = 100.0%)
1  ... 

Histogram: OptimizationGuide.PredictionManager.RegistrationTimeSinceServiceInit.NotificationPermissions recorded 1 samples, mean = 0.0 (flags = 0x41)
0  -O                                                                        (1 = 100.0%)
1  ... 

Histogram: OptimizationGuide.PredictionManager.RegistrationTimeSinceServiceInit.OmniboxUrlScoring recorded 1 samples, mean = 0.0 (flags = 0x41)
0  -O                                                                        (1 = 100.0%)
1  ... 

Histogram: OptimizationGuide.PredictionManager.RegistrationTimeSinceServiceInit.PageTopicsV2 recorded 1 samples, mean = 0.0 (flags = 0x41)
0  -O                                                                        (1 = 100.0%)
1  ... 

Histogram: OptimizationGuide.PredictionManager.RegistrationTimeSinceServiceInit.PageVisibility recorded 1 samples, mean = 0.0 (flags = 0x41)
0  -O                                                                        (1 = 100.0%)
1  ... 

Histogram: OptimizationGuide.PredictionManager.RegistrationTimeSinceServiceInit.TextSafety recorded 1 samples, mean = 0.0 (flags = 0x41)
0  -O                                                                        (1 = 100.0%)
1  ... 

Histogram: OptimizationGuide.PredictionManager.RegistrationTimeSinceServiceInit.VisualSearchClassification recorded 1 samples, mean = 0.0 (flags = 0x41)
0  -O                                                                        (1 = 100.0%)
1  ... 

Histogram: OptimizationGuide.PredictionManager.StoreInitialized recorded 1 samples, mean = 1.0 (flags = 0x40)
0  O                                                                         (0 = 0.0%)
1  -O                                                                        (1 = 100.0%) {0.0%}
2  O                                                                         (0 = 0.0%) {100.0%}

Histogram: OptimizationGuide.PredictionManager.SupportedModelEngineVersion recorded 2 samples, mean = 18.0 (flags = 0x40)
0   ... 
18  --O                                                                       (2 = 100.0%) {0.0%}
19  ... 

Histogram: OptimizationGuide.PredictionModelFetcher.GetModelsResponse.NetErrorCode recorded 1 samples (flags = 0x41)
379  -O                                                                        (1 = 100.0%)

Histogram: OptimizationGuide.PredictionModelFetcher.GetModelsResponse.NetErrorCode.ClientSidePhishing recorded 1 samples (flags = 0x41)
379  -O                                                                        (1 = 100.0%)

Histogram: OptimizationGuide.PredictionModelFetcher.GetModelsResponse.NetErrorCode.GeolocationPermissions recorded 1 samples (flags = 0x41)
379  -O                                                                        (1 = 100.0%)

Histogram: OptimizationGuide.PredictionModelFetcher.GetModelsResponse.NetErrorCode.LanguageDetection recorded 1 samples (flags = 0x41)
379  -O                                                                        (1 = 100.0%)

Histogram: OptimizationGuide.PredictionModelFetcher.GetModelsResponse.NetErrorCode.NewTabPageHistoryClustersModuleRanking recorded 1 samples (flags = 0x41)
379  -O                                                                        (1 = 100.0%)

Histogram: OptimizationGuide.PredictionModelFetcher.GetModelsResponse.NetErrorCode.NotificationPermissions recorded 1 samples (flags = 0x41)
379  -O                                                                        (1 = 100.0%)

Histogram: OptimizationGuide.PredictionModelFetcher.GetModelsResponse.NetErrorCode.OmniboxUrlScoring recorded 1 samples (flags = 0x41)
379  -O                                                                        (1 = 100.0%)

Histogram: OptimizationGuide.PredictionModelFetcher.GetModelsResponse.NetErrorCode.PageTopicsV2 recorded 1 samples (flags = 0x41)
379  -O                                                                        (1 = 100.0%)

Histogram: OptimizationGuide.PredictionModelFetcher.GetModelsResponse.NetErrorCode.PageVisibility recorded 1 samples (flags = 0x41)
379  -O                                                                        (1 = 100.0%)

Histogram: OptimizationGuide.PredictionModelFetcher.GetModelsResponse.NetErrorCode.TextSafety recorded 1 samples (flags = 0x41)
379  -O                                                                        (1 = 100.0%)

Histogram: OptimizationGuide.PredictionModelFetcher.GetModelsResponse.NetErrorCode.VisualSearchClassification recorded 1 samples (flags = 0x41)
379  -O                                                                        (1 = 100.0%)

Histogram: OptimizationGuide.PredictionModelFetcher.GetModelsResponse.Status recorded 1 samples, mean = 403.0 (flags = 0x41)
0    ... 
403  -O                                                                        (1 = 100.0%) {0.0%}
404  ... 

Histogram: OptimizationGuide.PredictionModelFetcher.GetModelsResponse.Status.ClientSidePhishing recorded 1 samples, mean = 403.0 (flags = 0x41)
0    ... 
403  -O                                                                        (1 = 100.0%) {0.0%}
404  ... 

Histogram: OptimizationGuide.PredictionModelFetcher.GetModelsResponse.Status.GeolocationPermissions recorded 1 samples, mean = 403.0 (flags = 0x41)
0    ... 
403  -O                                                                        (1 = 100.0%) {0.0%}
404  ... 

Histogram: OptimizationGuide.PredictionModelFetcher.GetModelsResponse.Status.LanguageDetection recorded 1 samples, mean = 403.0 (flags = 0x41)
0    ... 
403  -O                                                                        (1 = 100.0%) {0.0%}
404  ... 

Histogram: OptimizationGuide.PredictionModelFetcher.GetModelsResponse.Status.NewTabPageHistoryClustersModuleRanking recorded 1 samples, mean = 403.0 (flags = 0x41)
0    ... 
403  -O                                                                        (1 = 100.0%) {0.0%}
404  ... 

Histogram: OptimizationGuide.PredictionModelFetcher.GetModelsResponse.Status.NotificationPermissions recorded 1 samples, mean = 403.0 (flags = 0x41)
0    ... 
403  -O                                                                        (1 = 100.0%) {0.0%}
404  ... 

Histogram: OptimizationGuide.PredictionModelFetcher.GetModelsResponse.Status.OmniboxUrlScoring recorded 1 samples, mean = 403.0 (flags = 0x41)
0    ... 
403  -O                                                                        (1 = 100.0%) {0.0%}
404  ... 

Histogram: OptimizationGuide.PredictionModelFetcher.GetModelsResponse.Status.PageTopicsV2 recorded 1 samples, mean = 403.0 (flags = 0x41)
0    ... 
403  -O                                                                        (1 = 100.0%) {0.0%}
404  ... 

Histogram: OptimizationGuide.PredictionModelFetcher.GetModelsResponse.Status.PageVisibility recorded 1 samples, mean = 403.0 (flags = 0x41)
0    ... 
403  -O                                                                        (1 = 100.0%) {0.0%}
404  ... 

Histogram: OptimizationGuide.PredictionModelFetcher.GetModelsResponse.Status.TextSafety recorded 1 samples, mean = 403.0 (flags = 0x41)
0    ... 
403  -O                                                                        (1 = 100.0%) {0.0%}
404  ... 

Histogram: OptimizationGuide.PredictionModelFetcher.GetModelsResponse.Status.VisualSearchClassification recorded 1 samples, mean = 403.0 (flags = 0x41)
0    ... 
403  -O                                                                        (1 = 100.0%) {0.0%}
404  ... 

Histogram: OptimizationGuide.ProcessingComponentAtShutdown recorded 1 samples, mean = 0.0 (flags = 0x41)
0  -O                                                                        (1 = 100.0%)
1  ... 

Histogram: OptimizationGuide.RemoteFetchingEnabled recorded 1 samples, mean = 0.0 (flags = 0x41)
0  -O                                                                        (1 = 100.0%)
1  ... 

Histogram: OriginTrials.PersistentOriginTrial.LevelDbInitSuccess recorded 1 samples, mean = 0.0 (flags = 0x41)
0  -O                                                                        (1 = 100.0%)
1  ... 

Histogram: PageActionController.ExtensionsWithPageActions recorded 1 samples, mean = 0.0 (flags = 0x41)
0  -O                                                                        (1 = 100.0%)
1  ... 

Histogram: PageContentAnnotations.AnnotateVisit.AnnotationRequestQueued recorded 4 samples, mean = 1.0 (flags = 0x40)
0  O                                                                         (0 = 0.0%)
1  ----O                                                                     (4 = 100.0%) {0.0%}
2  O                                                                         (0 = 0.0%) {100.0%}

Histogram: PageContentAnnotations.AnnotateVisit.AnnotationRequested recorded 4 samples, mean = 1.0 (flags = 0x40)
0  O                                                                         (0 = 0.0%)
1  ----O                                                                     (4 = 100.0%) {0.0%}
2  O                                                                         (0 = 0.0%) {100.0%}

Histogram: PageContentAnnotations.AnnotateVisit.BatchAnnotationStarted recorded 1 samples, mean = 1.0 (flags = 0x40)
0  O                                                                         (0 = 0.0%)
1  -O                                                                        (1 = 100.0%) {0.0%}
2  O                                                                         (0 = 0.0%) {100.0%}

Histogram: PageLoad.Clients.Ads.AllPages.NonAdNetworkBytes recorded 1 samples, mean = 129.0 (flags = 0x41)
0    ... 
108  -O                                                                        (1 = 100.0%) {0.0%}
141  ... 

Histogram: PageLoad.Clients.Ads.AllPages.PercentNetworkBytesAds recorded 1 samples, mean = 0.0 (flags = 0x41)
0  -O                                                                        (1 = 100.0%)
1  ... 

Histogram: PageLoad.Clients.Ads.AllPages.PercentTotalBytesAds recorded 1 samples, mean = 0.0 (flags = 0x41)
0  -O                                                                        (1 = 100.0%)
1  ... 

Histogram: PageLoad.Clients.Ads.AverageViewportAdDensity recorded 1 samples, mean = 0.0 (flags = 0x41)
0  -O                                                                        (1 = 100.0%)
1  ... 

Histogram: PageLoad.Clients.Ads.FrameCounts.AdFrames.Total recorded 1 samples, mean = 0.0 (flags = 0x41)
0  -O                                                                        (1 = 100.0%)
1  ... 

Histogram: PageLoad.Clients.Ads.NonVisible.FrameCounts.AdFrames.Total recorded 1 samples, mean = 0.0 (flags = 0x41)
0  -O                                                                        (1 = 100.0%)
1  ... 

Histogram: PageLoad.Clients.Ads.Visible.FrameCounts.AdFrames.Total recorded 1 samples, mean = 0.0 (flags = 0x41)
0  -O                                                                        (1 = 100.0%)
1  ... 

Histogram: PageLoad.Clients.CrossOrigin.LayoutInstability.CumulativeShiftScore recorded 1 samples, mean = 0.0 (flags = 0x41)
0  -O                                                                        (1 = 100.0%)
1  ... 

Histogram: PageLoad.Clients.CrossOrigin.LayoutInstability.CumulativeShiftScore.MainFrame recorded 1 samples, mean = 0.0 (flags = 0x41)
0  -O                                                                        (1 = 100.0%)
1  ... 

Histogram: PageLoad.Clients.Leakage2.AbandonReasonAt.LoaderStart recorded 1 samples, mean = 10.0 (flags = 0x41)
0   ... 
10  -O                                                                        (1 = 100.0%) {0.0%}
11  ... 

Histogram: PageLoad.Clients.Leakage2.LastMilestoneBeforeAbandon.NewReloadNavigation recorded 1 samples, mean = 1.0 (flags = 0x41)
0  O                                                                         (0 = 0.0%)
1  -O                                                                        (1 = 100.0%) {0.0%}
2  ... 

Histogram: PageLoad.Clients.Leakage2.LoaderStartToAbandon.NewReloadNavigation recorded 1 samples, mean = 5527.0 (flags = 0x41)
0     ... 
5349  -O                                                                        (1 = 100.0%) {0.0%}
5985  ... 

Histogram: PageLoad.Clients.Leakage2.NavigationStart recorded 2 samples, mean = 9012.0 (flags = 0x41)
0      ... 
5349   -O                                                                        (1 = 50.0%) {0.0%}
5985   ... 
11747  -O                                                                        (1 = 50.0%) {50.0%}
13144  ... 

Histogram: PageLoad.Clients.Leakage2.NavigationStartToCommitReceived recorded 1 samples, mean = 12074.0 (flags = 0x41)
0      ... 
11747  -O                                                                        (1 = 100.0%) {0.0%}
13144  ... 

Histogram: PageLoad.Clients.Leakage2.NavigationStartToCommitSent recorded 1 samples, mean = 12069.0 (flags = 0x41)
0      ... 
11747  -O                                                                        (1 = 100.0%) {0.0%}
13144  ... 

Histogram: PageLoad.Clients.Leakage2.NavigationStartToDOMContentLoaded recorded 1 samples, mean = 14009.0 (flags = 0x41)
0      ... 
13144  -O                                                                        (1 = 100.0%) {0.0%}
14707  ... 

Histogram: PageLoad.Clients.Leakage2.NavigationStartToDidCommit recorded 1 samples, mean = 12463.0 (flags = 0x41)
0      ... 
11747  -O                                                                        (1 = 100.0%) {0.0%}
13144  ... 

Histogram: PageLoad.Clients.Leakage2.NavigationStartToFirstRedirectResponseLoaderCallback recorded 1 samples, mean = 11134.0 (flags = 0x41)
0      ... 
10498  -O                                                                        (1 = 100.0%) {0.0%}
11747  ... 

Histogram: PageLoad.Clients.Leakage2.NavigationStartToFirstRedirectResponseStart recorded 1 samples, mean = 11061.0 (flags = 0x41)
0      ... 
10498  -O                                                                        (1 = 100.0%) {0.0%}
11747  ... 

Histogram: PageLoad.Clients.Leakage2.NavigationStartToFirstRedirectedRequestStart recorded 1 samples, mean = 11034.0 (flags = 0x41)
0      ... 
10498  -O                                                                        (1 = 100.0%) {0.0%}
11747  ... 

Histogram: PageLoad.Clients.Leakage2.NavigationStartToLoadStarted recorded 1 samples, mean = 15674.0 (flags = 0x41)
0      ... 
14707  -O                                                                        (1 = 100.0%) {0.0%}
16456  ... 

Histogram: PageLoad.Clients.Leakage2.NavigationStartToLoaderStart recorded 2 samples, mean = 2756.0 (flags = 0x41)
0     ... 
30    -O                                                                        (1 = 50.0%) {0.0%}
34    ... 
5349  -O                                                                        (1 = 50.0%) {50.0%}
5985  ... 

Histogram: PageLoad.Clients.Leakage2.NavigationStartToNonRedirectResponseLoaderCallback recorded 1 samples, mean = 12057.0 (flags = 0x41)
0      ... 
11747  -O                                                                        (1 = 100.0%) {0.0%}
13144  ... 

Histogram: PageLoad.Clients.Leakage2.NavigationStartToNonRedirectResponseStart recorded 1 samples, mean = 11979.0 (flags = 0x41)
0      ... 
11747  -O                                                                        (1 = 100.0%) {0.0%}
13144  ... 

Histogram: PageLoad.Clients.Leakage2.NavigationStartToNonRedirectedRequestStart recorded 1 samples, mean = 11735.0 (flags = 0x41)
0      ... 
10498  -O                                                                        (1 = 100.0%) {0.0%}
11747  ... 

Histogram: PageLoad.Clients.Leakage2.NavigationStartToParseStart recorded 1 samples, mean = 12081.0 (flags = 0x41)
0      ... 
11747  -O                                                                        (1 = 100.0%) {0.0%}
13144  ... 

Histogram: PageLoad.Clients.Leakage2.RendererProcessCreatedBeforeNav recorded 1 samples, mean = 1.0 (flags = 0x41)
0  O                                                                         (0 = 0.0%)
1  -O                                                                        (1 = 100.0%) {0.0%}
2  O                                                                         (0 = 0.0%) {100.0%}

Histogram: PageLoad.Clients.LinkPreview.Usage recorded 1 samples, mean = 0.0 (flags = 0x41)
0  -O                                                                        (1 = 100.0%)
1  ... 

Histogram: PageLoad.Clients.MultiTabLoading.WithTabCount_0.DocumentTiming.NavigationToDOMContentLoadedEventFired recorded 1 samples, mean = 14009.0 (flags = 0x41)
0      ... 
13144  -O                                                                        (1 = 100.0%) {0.0%}
14707  ... 

Histogram: PageLoad.Clients.MultiTabLoading.WithTabCount_0.DocumentTiming.NavigationToLoadEventFired recorded 1 samples, mean = 15674.0 (flags = 0x41)
0      ... 
14707  -O                                                                        (1 = 100.0%) {0.0%}
16456  ... 

Histogram: PageLoad.Clients.MultiTabLoading.With_0_OtherLoading.DocumentTiming.NavigationToDOMContentLoadedEventFired recorded 1 samples, mean = 14009.0 (flags = 0x41)
0      ... 
13144  -O                                                                        (1 = 100.0%) {0.0%}
14707  ... 

Histogram: PageLoad.Clients.MultiTabLoading.With_0_OtherLoading.DocumentTiming.NavigationToLoadEventFired recorded 1 samples, mean = 15674.0 (flags = 0x41)
0      ... 
14707  -O                                                                        (1 = 100.0%) {0.0%}
16456  ... 

Histogram: PageLoad.Clients.PerformanceManager.LoadedIdleWithoutLCP recorded 1 samples, mean = 17296.0 (flags = 0x41)
0      ... 
16411  -O                                                                        (1 = 100.0%) {0.0%}
20852  ... 

Histogram: PageLoad.Clients.PerformanceManager.LoadedIdleWithoutLCP.Foreground recorded 1 samples, mean = 17296.0 (flags = 0x41)
0      ... 
16411  -O                                                                        (1 = 100.0%) {0.0%}
20852  ... 

Histogram: PageLoad.Clients.Protocol.H2.DocumentTiming.NavigationToDOMContentLoadedEventFired recorded 1 samples, mean = 14009.0 (flags = 0x41)
0      ... 
13144  -O                                                                        (1 = 100.0%) {0.0%}
14707  ... 

Histogram: PageLoad.Clients.Protocol.H2.DocumentTiming.NavigationToLoadEventFired recorded 1 samples, mean = 15674.0 (flags = 0x41)
0      ... 
14707  -O                                                                        (1 = 100.0%) {0.0%}
16456  ... 

Histogram: PageLoad.Clients.Protocol.H2.ParseTiming.NavigationToParseStart recorded 1 samples, mean = 12081.0 (flags = 0x41)
0      ... 
11747  -O                                                                        (1 = 100.0%) {0.0%}
13144  ... 

Histogram: PageLoad.Clients.Scheme.HTTPS.ParseTiming.NavigationToParseStart recorded 1 samples, mean = 12081.0 (flags = 0x41)
0      ... 
11747  -O                                                                        (1 = 100.0%) {0.0%}
13144  ... 

Histogram: PageLoad.Clients.SubresourceLoading.DaysSinceLastVisitToOrigin recorded 1 samples, mean = 0.0 (flags = 0x40)
0  -O                                                                        (1 = 100.0%)
1  ... 

Histogram: PageLoad.Clients.SubresourceLoading.HasPreviousVisitToOrigin recorded 1 samples, mean = 1.0 (flags = 0x40)
0  O                                                                         (0 = 0.0%)
1  -O                                                                        (1 = 100.0%) {0.0%}
2  O                                                                         (0 = 0.0%) {100.0%}

Histogram: PageLoad.Clients.TPCD.CookieAccess.ThirdPartyCookieAllowMechanism3 recorded 1 samples, mean = 2.0 (flags = 0x41)
0  ... 
2  -O                                                                        (1 = 100.0%) {0.0%}
3  ... 

Histogram: PageLoad.Clients.TPCD.ThirdPartyCookieAccessBlockedByExperiment2 recorded 1 samples, mean = 0.0 (flags = 0x41)
0  -O                                                                        (1 = 100.0%)
1  ... 

Histogram: PageLoad.Clients.ThirdParty.Origins.CookieRead2 recorded 1 samples, mean = 0.0 (flags = 0x41)
0  -O                                                                        (1 = 100.0%)
1  ... 

Histogram: PageLoad.Cpu.TotalUsage recorded 1 samples, mean = 1259.0 (flags = 0x41)
0     ... 
1240  -O                                                                        (1 = 100.0%) {0.0%}
1388  ... 

Histogram: PageLoad.Cpu.TotalUsageForegrounded recorded 1 samples, mean = 1259.0 (flags = 0x41)
0     ... 
1240  -O                                                                        (1 = 100.0%) {0.0%}
1388  ... 

Histogram: PageLoad.DocumentTiming.NavigationToDOMContentLoadedEventFired recorded 1 samples, mean = 14009.0 (flags = 0x41)
0      ... 
13144  -O                                                                        (1 = 100.0%) {0.0%}
14707  ... 

Histogram: PageLoad.DocumentTiming.NavigationToLoadEventFired recorded 1 samples, mean = 15674.0 (flags = 0x41)
0      ... 
14707  -O                                                                        (1 = 100.0%) {0.0%}
16456  ... 

Histogram: PageLoad.Experimental.NavigationTiming.FinalLoaderCallbackToNavigationCommitSent recorded 1 samples, mean = 11.0 (flags = 0x41)
0   ... 
11  -O                                                                        (1 = 100.0%) {0.0%}
12  ... 

Histogram: PageLoad.Experimental.NavigationTiming.FinalRequestStartToFinalResponseStart recorded 1 samples, mean = 243.0 (flags = 0x41)
0    ... 
230  -O                                                                        (1 = 100.0%) {0.0%}
257  ... 

Histogram: PageLoad.Experimental.NavigationTiming.FinalResponseStartToFinalLoaderCallback recorded 1 samples, mean = 78.0 (flags = 0x41)
0   ... 
75  -O                                                                        (1 = 100.0%) {0.0%}
84  ... 

Histogram: PageLoad.Experimental.NavigationTiming.FirstRequestStartToFirstResponseStart recorded 1 samples, mean = 26.0 (flags = 0x41)
0   ... 
24  -O                                                                        (1 = 100.0%) {0.0%}
27  ... 

Histogram: PageLoad.Experimental.NavigationTiming.FirstResponseStartToFirstLoaderCallback recorded 1 samples, mean = 73.0 (flags = 0x41)
0   ... 
67  -O                                                                        (1 = 100.0%) {0.0%}
75  ... 

Histogram: PageLoad.Experimental.NavigationTiming.NavigationStartToFinalLoaderCallback recorded 1 samples, mean = 12057.0 (flags = 0x41)
0      ... 
11747  -O                                                                        (1 = 100.0%) {0.0%}
13144  ... 

Histogram: PageLoad.Experimental.NavigationTiming.NavigationStartToFinalRequestStart recorded 1 samples, mean = 11735.0 (flags = 0x41)
0      ... 
10498  -O                                                                        (1 = 100.0%) {0.0%}
11747  ... 

Histogram: PageLoad.Experimental.NavigationTiming.NavigationStartToFinalResponseStart recorded 1 samples, mean = 11979.0 (flags = 0x41)
0      ... 
11747  -O                                                                        (1 = 100.0%) {0.0%}
13144  ... 

Histogram: PageLoad.Experimental.NavigationTiming.NavigationStartToFirstLoaderCallback recorded 1 samples, mean = 11134.0 (flags = 0x41)
0      ... 
10498  -O                                                                        (1 = 100.0%) {0.0%}
11747  ... 

Histogram: PageLoad.Experimental.NavigationTiming.NavigationStartToFirstRequestStart recorded 1 samples, mean = 11034.0 (flags = 0x41)
0      ... 
10498  -O                                                                        (1 = 100.0%) {0.0%}
11747  ... 

Histogram: PageLoad.Experimental.NavigationTiming.NavigationStartToFirstResponseStart recorded 1 samples, mean = 11061.0 (flags = 0x41)
0      ... 
10498  -O                                                                        (1 = 100.0%) {0.0%}
11747  ... 

Histogram: PageLoad.Experimental.NavigationTiming.NavigationStartToNavigationCommitSent recorded 1 samples, mean = 12069.0 (flags = 0x41)
0      ... 
11747  -O                                                                        (1 = 100.0%) {0.0%}
13144  ... 

Histogram: PageLoad.Experimental.PageTiming.CachedResourceLoadTime. recorded 1 samples, mean = 278.0 (flags = 0x41)
0    ... 
220  -O                                                                        (1 = 100.0%) {0.0%}
280  ... 

Histogram: PageLoad.Experimental.PageTiming.CachedResourceLoadTime.font recorded 5 samples, mean = 2.0 (flags = 0x41)
0  O                                                                         (0 = 0.0%)
1  --O                                                                       (2 = 40.0%) {0.0%}
2  --O                                                                       (2 = 40.0%) {40.0%}
3  O                                                                         (0 = 0.0%) {80.0%}
4  -O                                                                        (1 = 20.0%) {80.0%}
5  ... 

Histogram: PageLoad.Experimental.PageTiming.CachedResourceLoadTime.manifest recorded 1 samples, mean = 222.0 (flags = 0x41)
0    ... 
220  -O                                                                        (1 = 100.0%) {0.0%}
280  ... 

Histogram: PageLoad.Experimental.PageTiming.CachedResourceLoadTime.script recorded 25 samples, mean = 18.8 (flags = 0x41)
0    ... 
2    --O                                                                       (2 = 8.0%) {0.0%}
3    -O                                                                        (1 = 4.0%) {8.0%}
4    --O                                                                       (2 = 8.0%) {12.0%}
5    ... 
8    ---O                                                                      (3 = 12.0%) {20.0%}
10   --------------O                                                           (14 = 56.0%) {32.0%}
13   ... 
66   -O                                                                        (1 = 4.0%) {88.0%}
84   -O                                                                        (1 = 4.0%) {92.0%}
107  -O                                                                        (1 = 4.0%) {96.0%}
136  ... 

Histogram: PageLoad.Experimental.PageTiming.CachedResourceLoadTime.style recorded 7 samples, mean = 88.6 (flags = 0x41)
0    ... 
10   -O                                                                        (1 = 14.3%) {0.0%}
13   ---O                                                                      (3 = 42.9%) {14.3%}
16   O                                                                         (0 = 0.0%) {57.1%}
20   -O                                                                        (1 = 14.3%) {57.1%}
25   -O                                                                        (1 = 14.3%) {71.4%}
32   ... 
452  -O                                                                        (1 = 14.3%) {85.7%}
574  ... 

Histogram: PageLoad.Experimental.PageTiming.CommitSentToFirstSubresourceLoadStart recorded 1 samples, mean = 938.0 (flags = 0x41)
0    ... 
885  -O                                                                        (1 = 100.0%) {0.0%}
990  ... 

Histogram: PageLoad.Experimental.PageTiming.NavigationToFirstSubresourceLoadStart recorded 1 samples, mean = 13007.0 (flags = 0x41)
0      ... 
11747  -O                                                                        (1 = 100.0%) {0.0%}
13144  ... 

Histogram: PageLoad.Experimental.PageTiming.ResourceLoadTime. recorded 6 samples, mean = 290.8 (flags = 0x41)
0    ... 
16   -O                                                                        (1 = 16.7%) {0.0%}
20   ... 
173  --O                                                                       (2 = 33.3%) {16.7%}
220  -O                                                                        (1 = 16.7%) {50.0%}
280  ... 
452  -O                                                                        (1 = 16.7%) {66.7%}
574  -O                                                                        (1 = 16.7%) {83.3%}
729  ... 

Histogram: PageLoad.Experimental.PageTiming.ResourceLoadTime.document recorded 1 samples, mean = 250.0 (flags = 0x41)
0    ... 
220  -O                                                                        (1 = 100.0%) {0.0%}
280  ... 

Histogram: PageLoad.Experimental.PageTiming.ResourceLoadTime.image recorded 1 samples, mean = 173.0 (flags = 0x41)
0    ... 
173  -O                                                                        (1 = 100.0%) {0.0%}
220  ... 

Histogram: PageLoad.Experimental.PageTiming.ResourceLoadTime.script recorded 1 samples, mean = 759.0 (flags = 0x41)
0    ... 
729  -O                                                                        (1 = 100.0%) {0.0%}
926  ... 

Histogram: PageLoad.Experimental.PageVisitFinalStatus recorded 1 samples, mean = 1.0 (flags = 0x41)
0  O                                                                         (0 = 0.0%)
1  -O                                                                        (1 = 100.0%) {0.0%}
2  ... 

Histogram: PageLoad.Experimental.PageVisitType2 recorded 1 samples, mean = 6.0 (flags = 0x41)
0  ... 
6  -O                                                                        (1 = 100.0%) {0.0%}
7  ... 

Histogram: PageLoad.Experimental.PaintTiming.FirstEligibleToPaintToFirstPaint recorded 1 samples, mean = 651.0 (flags = 0x41)
0    ... 
632  -O                                                                        (1 = 100.0%) {0.0%}
707  ... 

Histogram: PageLoad.Experimental.TotalForegroundDuration recorded 1 samples, mean = 8136837.0 (flags = 0x41)
0        ... 
3600000  -O                                                                        (1 = 100.0%) {0.0%}

Histogram: PageLoad.Experimental.TotalForegroundDuration.AllVisit recorded 1 samples, mean = 8136837.0 (flags = 0x41)
0        ... 
3600000  -O                                                                        (1 = 100.0%) {0.0%}

Histogram: PageLoad.Experimental.TotalForegroundDuration.IndependentUIVisit recorded 1 samples, mean = 8136837.0 (flags = 0x41)
0        ... 
3600000  -O                                                                        (1 = 100.0%) {0.0%}

Histogram: PageLoad.Expermental.SoftNavigations.Count recorded 1 samples, mean = 0.0 (flags = 0x41)
0  -O                                                                        (1 = 100.0%)
1  ... 

Histogram: PageLoad.Internal.PageLoadTimingStatus recorded 18 samples, mean = 0.0 (flags = 0x41)
0  ------------------O                                                       (18 = 100.0%)
1  ... 

Histogram: PageLoad.Internal.PageLoadTimingStatus.AtTimingCallbackDispatch recorded 4 samples, mean = 0.0 (flags = 0x41)
0  ----O                                                                     (4 = 100.0%)
1  ... 

Histogram: PageLoad.Internal.PageType recorded 2 samples, mean = 0.0 (flags = 0x41)
0  --O                                                                       (2 = 100.0%)
1  ... 

Histogram: PageLoad.Internal.SuppressedEventsBeforeMissingFirstPaint recorded 1 samples, mean = 0.0 (flags = 0x41)
0  -O                                                                        (1 = 100.0%)
1  ... 

Histogram: PageLoad.Internal.SuppressedEventsCountBeforePaint3 recorded 1 samples, mean = 0.0 (flags = 0x41)
0  -O                                                                        (1 = 100.0%)
1  ... 

Histogram: PageLoad.Internal.SuppressedEventsTimingBeforePaint3 recorded 1 samples, mean = 0.0 (flags = 0x41)
0  -O                                                                        (1 = 100.0%)
1  ... 

Histogram: PageLoad.Internal.SuppressedInteractionsCountBeforePaint3 recorded 1 samples, mean = 0.0 (flags = 0x41)
0  -O                                                                        (1 = 100.0%)
1  ... 

Histogram: PageLoad.LayoutInstability.CumulativeShiftScore recorded 1 samples, mean = 0.0 (flags = 0x41)
0  -O                                                                        (1 = 100.0%)
1  ... 

Histogram: PageLoad.LayoutInstability.CumulativeShiftScore.MainFrame recorded 1 samples, mean = 0.0 (flags = 0x41)
0  -O                                                                        (1 = 100.0%)
1  ... 

Histogram: PageLoad.LayoutInstability.MaxCumulativeShiftScore.SessionWindow.Gap1000ms.Max5000ms recorded 1 samples, mean = 0.0 (flags = 0x41)
0  -O                                                                        (1 = 100.0%)
1  ... 

Histogram: PageLoad.LayoutInstability.MaxCumulativeShiftScore.SessionWindow.Gap1000ms.Max5000ms2 recorded 1 samples, mean = 0.0 (flags = 0x41)
0  -O                                                                        (1 = 100.0%)
1  ... 

Histogram: PageLoad.PageTiming.ForegroundDuration recorded 1 samples, mean = 8136836.0 (flags = 0x41)
0        ... 
3600000  -O                                                                        (1 = 100.0%) {0.0%}

Histogram: PageLoad.PageTiming.ForegroundDuration.AfterPaint recorded 1 samples, mean = 8122363.0 (flags = 0x41)
0        ... 
3600000  -O                                                                        (1 = 100.0%) {0.0%}

Histogram: PageLoad.PageTiming.ForegroundDuration.NoCommit recorded 1 samples, mean = 79.0 (flags = 0x41)
0   ... 
71  -O                                                                        (1 = 100.0%) {0.0%}
81  ... 

Histogram: PageLoad.PageTiming.ForegroundDuration.WithPaint recorded 1 samples, mean = 8136836.0 (flags = 0x41)
0        ... 
3600000  -O                                                                        (1 = 100.0%) {0.0%}

Histogram: PageLoad.PaintTiming.NavigationToFirstPaint recorded 1 samples, mean = 14473.0 (flags = 0x41)
0      ... 
13144  -O                                                                        (1 = 100.0%) {0.0%}
14707  ... 

Histogram: PageLoad.ParseTiming.NavigationToParseStart recorded 1 samples, mean = 12081.0 (flags = 0x41)
0      ... 
11747  -O                                                                        (1 = 100.0%) {0.0%}
13144  ... 

Histogram: PageLoad.ParseTiming.NavigationToParseStart.LoadType.NewNavigation recorded 1 samples, mean = 12081.0 (flags = 0x41)
0      ... 
11747  -O                                                                        (1 = 100.0%) {0.0%}
13144  ... 

Histogram: PageLoad.ParseTiming.ParseBlockedOnScriptExecution recorded 1 samples, mean = 4.0 (flags = 0x41)
0  -O                                                                        (1 = 100.0%)
10 ... 

Histogram: PageLoad.ParseTiming.ParseBlockedOnScriptExecutionFromDocumentWrite recorded 1 samples, mean = 0.0 (flags = 0x41)
0  -O                                                                        (1 = 100.0%)
10 ... 

Histogram: PageLoad.ParseTiming.ParseBlockedOnScriptLoad recorded 1 samples, mean = 1705.0 (flags = 0x41)
0     ... 
1553  -O                                                                        (1 = 100.0%) {0.0%}
1738  ... 

Histogram: PaintHolding.CommitTrigger2 recorded 1 samples, mean = 3.0 (flags = 0x41)
0  ... 
3  -O                                                                        (1 = 100.0%) {0.0%}
4  ... 

Histogram: PasswordManager.AccountStore.InaccessiblePasswords3 recorded 1 samples, mean = 0.0 (flags = 0x41)
0  -O                                                                        (1 = 100.0%)
1  ... 

Histogram: PasswordManager.AccountStore.LoginDatabaseEncryptionStatus recorded 1 samples, mean = 0.0 (flags = 0x41)
0  -O                                                                        (1 = 100.0%)
1  ... 

Histogram: PasswordManager.AffiliationDatabase.DatabaseSize recorded 1 samples, mean = 52.0 (flags = 0x41)
0  -O                                                                        (1 = 100.0%)
1000... 

Histogram: PasswordManager.BubbleSuppression.AccountsInStatisticsTable2 recorded 1 samples, mean = 0.0 (flags = 0x41)
0  -O                                                                        (1 = 100.0%)
1  ... 

Histogram: PasswordManager.GetAllLogins.TimeSinceInit recorded 2 samples, mean = 30041.0 (flags = 0x41)
0      ... 
26495  --O                                                                       (2 = 100.0%) {0.0%}
33665  ... 

Histogram: PasswordManager.GetAutofillableLogins.TimeSinceInit recorded 2 samples, mean = 12148.5 (flags = 0x41)
0      ... 
10165  --O                                                                       (2 = 100.0%) {0.0%}
12916  ... 

Histogram: PasswordManager.LoginDatabaseInit2 recorded 2 samples, mean = 0.0 (flags = 0x41)
0  --O                                                                       (2 = 100.0%)
1  ... 

Histogram: PasswordManager.OnEncryptorReceived.Success recorded 2 samples, mean = 1.0 (flags = 0x41)
0  O                                                                         (0 = 0.0%)
1  --O                                                                       (2 = 100.0%) {0.0%}
2  O                                                                         (0 = 0.0%) {100.0%}

Histogram: PasswordManager.PasswordStore.InitTime recorded 2 samples, mean = 5567.5 (flags = 0x41)
0     ... 
5017  --O                                                                       (2 = 100.0%) {0.0%}
5961  ... 

Histogram: PasswordManager.PasswordStoreBackend.GetAllLoginsAsync recorded 4 samples, mean = 1.0 (flags = 0x41)
0  --O                                                                       (2 = 50.0%)
1  O                                                                         (0 = 0.0%) {50.0%}
2  --O                                                                       (2 = 50.0%) {50.0%}
3  ... 

Histogram: PasswordManager.PasswordStoreBackend.GetAllLoginsAsync.Latency recorded 2 samples, mean = 0.0 (flags = 0x41)
0  --O                                                                       (2 = 100.0%)
1  ... 

Histogram: PasswordManager.PasswordStoreBackend.GetAllLoginsAsync.Success recorded 2 samples, mean = 1.0 (flags = 0x41)
0  O                                                                         (0 = 0.0%)
1  --O                                                                       (2 = 100.0%) {0.0%}
2  O                                                                         (0 = 0.0%) {100.0%}

Histogram: PasswordManager.PasswordStoreBackend.GetAutofillableLoginsAsync recorded 4 samples, mean = 1.0 (flags = 0x41)
0  --O                                                                       (2 = 50.0%)
1  O                                                                         (0 = 0.0%) {50.0%}
2  --O                                                                       (2 = 50.0%) {50.0%}
3  ... 

Histogram: PasswordManager.PasswordStoreBackend.GetAutofillableLoginsAsync.Latency recorded 2 samples, mean = 392.0 (flags = 0x41)
0    ... 
356  --O                                                                       (2 = 100.0%) {0.0%}
452  ... 

Histogram: PasswordManager.PasswordStoreBackend.GetAutofillableLoginsAsync.Success recorded 2 samples, mean = 1.0 (flags = 0x41)
0  O                                                                         (0 = 0.0%)
1  --O                                                                       (2 = 100.0%) {0.0%}
2  O                                                                         (0 = 0.0%) {100.0%}

Histogram: PasswordManager.PasswordStoreBuiltInBackend.GetAllLoginsAsync recorded 4 samples, mean = 1.0 (flags = 0x41)
0  --O                                                                       (2 = 50.0%)
1  O                                                                         (0 = 0.0%) {50.0%}
2  --O                                                                       (2 = 50.0%) {50.0%}
3  ... 

Histogram: PasswordManager.PasswordStoreBuiltInBackend.GetAllLoginsAsync.Latency recorded 2 samples, mean = 0.0 (flags = 0x41)
0  --O                                                                       (2 = 100.0%)
1  ... 

Histogram: PasswordManager.PasswordStoreBuiltInBackend.GetAllLoginsAsync.Success recorded 2 samples, mean = 1.0 (flags = 0x41)
0  O                                                                         (0 = 0.0%)
1  --O                                                                       (2 = 100.0%) {0.0%}
2  O                                                                         (0 = 0.0%) {100.0%}

Histogram: PasswordManager.PasswordStoreBuiltInBackend.GetAutofillableLoginsAsync recorded 4 samples, mean = 1.0 (flags = 0x41)
0  --O                                                                       (2 = 50.0%)
1  O                                                                         (0 = 0.0%) {50.0%}
2  --O                                                                       (2 = 50.0%) {50.0%}
3  ... 

Histogram: PasswordManager.PasswordStoreBuiltInBackend.GetAutofillableLoginsAsync.Latency recorded 2 samples, mean = 392.0 (flags = 0x41)
0    ... 
356  --O                                                                       (2 = 100.0%) {0.0%}
452  ... 

Histogram: PasswordManager.PasswordStoreBuiltInBackend.GetAutofillableLoginsAsync.Success recorded 2 samples, mean = 1.0 (flags = 0x41)
0  O                                                                         (0 = 0.0%)
1  --O                                                                       (2 = 100.0%) {0.0%}
2  O                                                                         (0 = 0.0%) {100.0%}

Histogram: PasswordManager.ProfileStore.InaccessiblePasswords3 recorded 1 samples, mean = 0.0 (flags = 0x41)
0  -O                                                                        (1 = 100.0%)
1  ... 

Histogram: PasswordManager.ProfileStore.LoginDatabaseEncryptionStatus recorded 1 samples, mean = 0.0 (flags = 0x41)
0  -O                                                                        (1 = 100.0%)
1  ... 

Histogram: PasswordManager.SavedGaiaPasswordHashCount2 recorded 1 samples, mean = 0.0 (flags = 0x41)
0  -O                                                                        (1 = 100.0%)
1  ... 

Histogram: PasswordManager.SyncMetadataReadError2 recorded 2 samples, mean = 0.0 (flags = 0x41)
0  --O                                                                       (2 = 100.0%)
1  ... 

Histogram: PaymentRequest.IsCanMakePaymentAllowedByPref.Startup recorded 1 samples, mean = 1.0 (flags = 0x41)
0  O                                                                         (0 = 0.0%)
1  -O                                                                        (1 = 100.0%) {0.0%}
2  O                                                                         (0 = 0.0%) {100.0%}

Histogram: PerformanceManager.LoadingNotQuiescentPageCount.All recorded 271 samples, mean = 0.0 (flags = 0x41)
0  ------------------------------------------------------------------------O (271 = 100.0%)
1  ... 

Histogram: PerformanceManager.LoadingNotQuiescentPageCount.Hidden recorded 271 samples, mean = 0.0 (flags = 0x41)
0  ------------------------------------------------------------------------O (271 = 100.0%)
1  ... 

Histogram: PerformanceManager.LoadingNotQuiescentPageCount.MixedVisibility recorded 271 samples, mean = 0.0 (flags = 0x41)
0  ------------------------------------------------------------------------O (271 = 100.0%)
1  ... 

Histogram: PerformanceManager.LoadingNotQuiescentPageCount.Visible recorded 271 samples, mean = 0.0 (flags = 0x41)
0  ------------------------------------------------------------------------O (271 = 100.0%)
1  ... 

Histogram: PerformanceManager.QuiescentPageCount recorded 271 samples, mean = 1.0 (flags = 0x41)
0  O                                                                         (0 = 0.0%)
1  ------------------------------------------------------------------------O (271 = 100.0%) {0.0%}
2  ... 

Histogram: PerformanceManager.SiteDB.DatabaseInit recorded 1 samples, mean = 0.0 (flags = 0x41)
0  -O                                                                        (1 = 100.0%)
1  ... 

Histogram: PerformanceManager.SiteDB.OnDiskSize recorded 1 samples, mean = 3.0 (flags = 0x41)
0  -O                                                                        (1 = 100.0%)
1000... 

Histogram: PerformanceManager.SiteDB.WriteCompleted.WriteSiteDataIntoStore recorded 1 samples, mean = 1.0 (flags = 0x41)
0  O                                                                         (0 = 0.0%)
1  -O                                                                        (1 = 100.0%) {0.0%}
2  O                                                                         (0 = 0.0%) {100.0%}

Histogram: PerformanceManager.SiteDB.WriteScheduled.WriteSiteDataIntoStore recorded 1 samples, mean = 1.0 (flags = 0x41)
0  O                                                                         (0 = 0.0%)
1  -O                                                                        (1 = 100.0%) {0.0%}
2  O                                                                         (0 = 0.0%) {100.0%}

Histogram: PerformanceManager.TabRevisitTracker.TimeToClose2 recorded 1 samples, mean = 8136.0 (flags = 0x41)
0     ... 
7734  -O                                                                        (1 = 100.0%) {0.0%}
8138  ... 

Histogram: PerformanceManager.UserTuning.BatterySaverModeEnabledPercent recorded 1 samples, mean = 0.0 (flags = 0x41)
0  -O                                                                        (1 = 100.0%)
1  ... 

Histogram: PerformanceManager.UserTuning.MemorySaverModeEnabledPercent recorded 1 samples, mean = 0.0 (flags = 0x41)
0  -O                                                                        (1 = 100.0%)
1  ... 

Histogram: PerformanceMonitor.AverageCPU8.BrowserProcess recorded 67 samples, mean = 4753.4 (flags = 0x41)
0      ... 
814    -O                                                                        (1 = 1.5%) {0.0%}
983    O                                                                         (0 = 0.0%) {1.5%}
1187   ---O                                                                      (3 = 4.5%) {1.5%}
1433   ---------------------------------------O                                  (39 = 58.2%) {6.0%}
1730   -O                                                                        (1 = 1.5%) {64.2%}
2088   O                                                                         (0 = 0.0%) {65.7%}
2521   -O                                                                        (1 = 1.5%) {65.7%}
3043   --O                                                                       (2 = 3.0%) {67.2%}
3673   --O                                                                       (2 = 3.0%) {70.1%}
4434   -O                                                                        (1 = 1.5%) {73.1%}
5353   ... 
7801   ----O                                                                     (4 = 6.0%) {74.6%}
9417   ---O                                                                      (3 = 4.5%) {80.6%}
11368  -----O                                                                    (5 = 7.5%) {85.1%}
13724  -O                                                                        (1 = 1.5%) {92.5%}
16567  -O                                                                        (1 = 1.5%) {94.0%}
20000  ---O                                                                      (3 = 4.5%) {95.5%}

Histogram: PerformanceMonitor.AverageCPU8.GPUProcess recorded 67 samples, mean = 7.4 (flags = 0x41)
0    O                                                                         (0 = 0.0%)
1    ------------------------------------------------O                         (48 = 71.6%) {0.0%}
2    --O                                                                       (2 = 3.0%) {71.6%}
3    -O                                                                        (1 = 1.5%) {74.6%}
4    O                                                                         (0 = 0.0%) {76.1%}
5    -O                                                                        (1 = 1.5%) {76.1%}
6    --O                                                                       (2 = 3.0%) {77.6%}
7    --------O                                                                 (8 = 11.9%) {80.6%}
8    O                                                                         (0 = 0.0%) {92.5%}
10   --O                                                                       (2 = 3.0%) {92.5%}
12   -O                                                                        (1 = 1.5%) {95.5%}
15   -O                                                                        (1 = 1.5%) {97.0%}
18   ... 
317  -O                                                                        (1 = 1.5%) {98.5%}
383  ... 

Histogram: PerformanceMonitor.AverageCPU8.NetworkProcess recorded 67 samples, mean = 3.4 (flags = 0x41)
0   ... 
2   -----------------------------------O                                      (35 = 52.2%) {0.0%}
3   -------------------O                                                      (19 = 28.4%) {52.2%}
4   ----O                                                                     (4 = 6.0%) {80.6%}
5   --O                                                                       (2 = 3.0%) {86.6%}
6   --O                                                                       (2 = 3.0%) {89.6%}
7   O                                                                         (0 = 0.0%) {92.5%}
8   ----O                                                                     (4 = 6.0%) {92.5%}
10  ... 
22  -O                                                                        (1 = 1.5%) {98.5%}
27  ... 

Histogram: PerformanceMonitor.AverageCPU8.OtherProcess recorded 67 samples, mean = 0.0 (flags = 0x41)
0  -------------------------------------------------------------------O      (67 = 100.0%)
1  ... 

Histogram: PerformanceMonitor.AverageCPU8.RendererExtensionEventProcess recorded 67 samples, mean = 0.0 (flags = 0x41)
0  -------------------------------------------------------------------O      (67 = 100.0%)
1  ... 

Histogram: PerformanceMonitor.AverageCPU8.RendererExtensionPersistentProcess recorded 67 samples, mean = 0.0 (flags = 0x41)
0  -------------------------------------------------------------------O      (67 = 100.0%)
1  ... 

Histogram: PerformanceMonitor.AverageCPU8.RendererProcess recorded 67 samples, mean = 5.7 (flags = 0x41)
0    -----------------------------O                                            (29 = 43.3%)
1    --------O                                                                 (8 = 11.9%) {43.3%}
2    --O                                                                       (2 = 3.0%) {55.2%}
3    -O                                                                        (1 = 1.5%) {58.2%}
4    --O                                                                       (2 = 3.0%) {59.7%}
5    O                                                                         (0 = 0.0%) {62.7%}
6    --------O                                                                 (8 = 11.9%) {62.7%}
7    ---------O                                                                (9 = 13.4%) {74.6%}
8    --O                                                                       (2 = 3.0%) {88.1%}
10   --O                                                                       (2 = 3.0%) {91.0%}
12   ---O                                                                      (3 = 4.5%) {94.0%}
15   ... 
150  -O                                                                        (1 = 1.5%) {98.5%}
181  ... 

Histogram: PerformanceMonitor.AverageCPU8.Total recorded 67 samples, mean = 4767.0 (flags = 0x41)
0      ... 
983    -O                                                                        (1 = 1.5%) {0.0%}
1187   -O                                                                        (1 = 1.5%) {1.5%}
1433   -----------------------------------------O                                (41 = 61.2%) {3.0%}
1730   -O                                                                        (1 = 1.5%) {64.2%}
2088   O                                                                         (0 = 0.0%) {65.7%}
2521   -O                                                                        (1 = 1.5%) {65.7%}
3043   --O                                                                       (2 = 3.0%) {67.2%}
3673   --O                                                                       (2 = 3.0%) {70.1%}
4434   -O                                                                        (1 = 1.5%) {73.1%}
5353   ... 
7801   ----O                                                                     (4 = 6.0%) {74.6%}
9417   ---O                                                                      (3 = 4.5%) {80.6%}
11368  ----O                                                                     (4 = 6.0%) {85.1%}
13724  --O                                                                       (2 = 3.0%) {91.0%}
16567  -O                                                                        (1 = 1.5%) {94.0%}
20000  ---O                                                                      (3 = 4.5%) {95.5%}

Histogram: PerformanceMonitor.AverageCPU8.Total.ZeroWindow recorded 67 samples, mean = 4767.0 (flags = 0x41)
0      ... 
983    -O                                                                        (1 = 1.5%) {0.0%}
1187   -O                                                                        (1 = 1.5%) {1.5%}
1433   -----------------------------------------O                                (41 = 61.2%) {3.0%}
1730   -O                                                                        (1 = 1.5%) {64.2%}
2088   O                                                                         (0 = 0.0%) {65.7%}
2521   -O                                                                        (1 = 1.5%) {65.7%}
3043   --O                                                                       (2 = 3.0%) {67.2%}
3673   --O                                                                       (2 = 3.0%) {70.1%}
4434   -O                                                                        (1 = 1.5%) {73.1%}
5353   ... 
7801   ----O                                                                     (4 = 6.0%) {74.6%}
9417   ---O                                                                      (3 = 4.5%) {80.6%}
11368  ----O                                                                     (4 = 6.0%) {85.1%}
13724  --O                                                                       (2 = 3.0%) {91.0%}
16567  -O                                                                        (1 = 1.5%) {94.0%}
20000  ---O                                                                      (3 = 4.5%) {95.5%}

Histogram: PerformanceMonitor.AverageCPU8.UtilityProcess recorded 67 samples, mean = 0.9 (flags = 0x41)
0  -------O                                                                  (7 = 10.4%)
1  ------------------------------------------------------------O             (60 = 89.6%) {10.4%}
2  ... 

Histogram: PerformanceMonitor.HasPreciseCPUUsage recorded 9 samples, mean = 1.0 (flags = 0x41)
0  O                                                                         (0 = 0.0%)
1  ---------O                                                                (9 = 100.0%) {0.0%}
2  O                                                                         (0 = 0.0%) {100.0%}

Histogram: PerformanceMonitor.UsageScenario.LongInterval recorded 67 samples, mean = 13.0 (flags = 0x41)
0   ... 
13  -------------------------------------------------------------------O      (67 = 100.0%) {0.0%}
14  ... 

Histogram: Permissions.API.CreatedPermissionStatusObjects recorded 1 samples, mean = 0.0 (flags = 0x41)
0  -O                                                                        (1 = 100.0%)
1  ... 

Histogram: Permissions.Experimental.PrimaryMainNavigationFinished.AudioCapture.TopLevelHeaderPolicy recorded 1 samples, mean = 0.0 (flags = 0x41)
0  -O                                                                        (1 = 100.0%)
1  ... 

Histogram: Permissions.Experimental.PrimaryMainNavigationFinished.Geolocation.TopLevelHeaderPolicy recorded 1 samples, mean = 0.0 (flags = 0x41)
0  -O                                                                        (1 = 100.0%)
1  ... 

Histogram: Permissions.Experimental.PrimaryMainNavigationFinished.VideoCapture.TopLevelHeaderPolicy recorded 1 samples, mean = 0.0 (flags = 0x41)
0  -O                                                                        (1 = 100.0%)
1  ... 

Histogram: Permissions.QuietNotificationPrompts.RegularProfile.IsEnabledInPrefs recorded 1 samples, mean = 0.0 (flags = 0x41)
0  -O                                                                        (1 = 100.0%)
1  ... 

Histogram: Platform.IntelMaxMicroArchitecture recorded 1 samples, mean = 13.0 (flags = 0x41)
0   ... 
13  -O                                                                        (1 = 100.0%) {0.0%}
14  O                                                                         (0 = 0.0%) {100.0%}

Histogram: Power.BatteryDischargeGranularityIsOrdered recorded 204 samples, mean = 1.0 (flags = 0x41)
0  O                                                                         (0 = 0.0%)
1  ------------------------------------------------------------------------O (204 = 100.0%) {0.0%}
2  O                                                                         (0 = 0.0%) {100.0%}

Histogram: Power.BatteryDischargeMode5 recorded 135 samples, mean = 1.0 (flags = 0x41)
0  O                                                                         (0 = 0.0%)
1  ------------------------------------------------------------------------O (135 = 100.0%) {0.0%}
2  ... 

Histogram: Power.BatteryDischargeMode5.Initial recorded 1 samples, mean = 1.0 (flags = 0x41)
0  O                                                                         (0 = 0.0%)
1  -O                                                                        (1 = 100.0%) {0.0%}
2  ... 

Histogram: Power.BatteryDischargeMode5.Periodic recorded 134 samples, mean = 1.0 (flags = 0x41)
0  O                                                                         (0 = 0.0%)
1  ------------------------------------------------------------------------O (134 = 100.0%) {0.0%}
2  ... 

Histogram: Power.BatteryDischargeMode5.TenMinutes recorded 13 samples, mean = 1.0 (flags = 0x41)
0  O                                                                         (0 = 0.0%)
1  -------------O                                                            (13 = 100.0%) {0.0%}
2  ... 

Histogram: Power.BatteryDischargeMode5.ZeroWindow recorded 135 samples, mean = 1.0 (flags = 0x41)
0  O                                                                         (0 = 0.0%)
1  ------------------------------------------------------------------------O (135 = 100.0%) {0.0%}
2  ... 

Histogram: Power.BatteryDischargeMode5.ZeroWindow.Initial recorded 1 samples, mean = 1.0 (flags = 0x41)
0  O                                                                         (0 = 0.0%)
1  -O                                                                        (1 = 100.0%) {0.0%}
2  ... 

Histogram: Power.BatteryDischargeMode5.ZeroWindow.Periodic recorded 134 samples, mean = 1.0 (flags = 0x41)
0  O                                                                         (0 = 0.0%)
1  ------------------------------------------------------------------------O (134 = 100.0%) {0.0%}
2  ... 

Histogram: Power.HasPreciseBatteryDischargeGranularity recorded 135 samples, mean = 0.0 (flags = 0x41)
0  ------------------------------------------------------------------------O (135 = 100.0%)
1  ... 

Histogram: Prefs.JSonStore.SetValueKey recorded 23 samples (flags = 0x41)
174384190   --O                                                                       (2 = 8.7%)
372921139   --O                                                                       (2 = 8.7%)
852125461   --O                                                                       (2 = 8.7%)
1923415074  -----------O                                                              (11 = 47.8%)
1927273959  -O                                                                        (1 = 4.3%)
1936820420  --O                                                                       (2 = 8.7%)
1956100443  -O                                                                        (1 = 4.3%)
2056672062  -O                                                                        (1 = 4.3%)
2082524502  -O                                                                        (1 = 4.3%)

Histogram: Privacy.CookieControlsSetting.RegularProfile recorded 1 samples, mean = 2.0 (flags = 0x41)
0  ... 
2  -O                                                                        (1 = 100.0%) {0.0%}
3  O                                                                         (0 = 0.0%) {100.0%}

Histogram: Privacy.DIPS.BounceCategoryServer.Block3PC recorded 1 samples, mean = 0.0 (flags = 0x41)
0  -O                                                                        (1 = 100.0%)
1  ... 

Histogram: Privacy.DIPS.ClearedSitesCount.Block3PC recorded 3 samples, mean = 0.0 (flags = 0x41)
0  ---O                                                                      (3 = 100.0%)
1  ... 

Histogram: Privacy.DIPS.DIPSErrorCodes recorded 3 samples, mean = 2.0 (flags = 0x41)
0  --O                                                                       (2 = 66.7%)
1  ... 
6  -O                                                                        (1 = 33.3%) {66.7%}
7  ... 

Histogram: Privacy.DIPS.Database.Operation.FilterSitesWithProtectiveEventTime recorded 1 samples, mean = 0.0 (flags = 0x41)
0  -O                                                                        (1 = 100.0%)
1  ... 

Histogram: Privacy.DIPS.Database.Operation.GetSitesThatBouncedWithStateTime recorded 3 samples, mean = 0.0 (flags = 0x41)
0  ---O                                                                      (3 = 100.0%)
1  ... 

Histogram: Privacy.DIPS.Database.Operation.InitTime recorded 1 samples, mean = 5.0 (flags = 0x41)
0  ... 
5  -O                                                                        (1 = 100.0%) {0.0%}
6  ... 

Histogram: Privacy.DIPS.Database.Operation.ReadPopupTime recorded 1 samples, mean = 0.0 (flags = 0x41)
0  -O                                                                        (1 = 100.0%)
1  ... 

Histogram: Privacy.DIPS.Database.Operation.ReadTime recorded 3 samples, mean = 0.0 (flags = 0x41)
0  ---O                                                                      (3 = 100.0%)
1  ... 

Histogram: Privacy.DIPS.Database.Operation.RemoveRowsTime recorded 1 samples, mean = 5.0 (flags = 0x41)
0  ... 
5  -O                                                                        (1 = 100.0%) {0.0%}
6  ... 

Histogram: Privacy.DIPS.Database.Operation.WriteTime recorded 1 samples, mean = 19.0 (flags = 0x41)
0   ... 
17  -O                                                                        (1 = 100.0%) {0.0%}
20  ... 

Histogram: Privacy.DIPS.DatabaseEntryCount recorded 1 samples, mean = 1.0 (flags = 0x41)
0  O                                                                         (0 = 0.0%)
1  -O                                                                        (1 = 100.0%) {0.0%}
2  ... 

Histogram: Privacy.DIPS.DatabaseHealthMetricsTime recorded 1 samples, mean = 0.0 (flags = 0x41)
0  -O                                                                        (1 = 100.0%)
1  ... 

Histogram: Privacy.DIPS.DatabaseInit recorded 1 samples, mean = 1.0 (flags = 0x41)
0  O                                                                         (0 = 0.0%)
1  -O                                                                        (1 = 100.0%) {0.0%}
2  ... 

Histogram: Privacy.DIPS.DatabaseSize recorded 1 samples, mean = 36.0 (flags = 0x41)
0  -O                                                                        (1 = 100.0%)
1000... 

Histogram: Privacy.DoNotTrackSetting2 recorded 1 samples, mean = 0.0 (flags = 0x41)
0  -O                                                                        (1 = 100.0%)
1  ... 

Histogram: Privacy.ThirdPartyCookieBlockingSetting.RegularProfile recorded 1 samples, mean = 0.0 (flags = 0x41)
0  -O                                                                        (1 = 100.0%)
1  ... 

Histogram: PrivacyBudget.Identifiability.FinchConfigValidationResult recorded 1 samples, mean = 1.0 (flags = 0x41)
0  O                                                                         (0 = 0.0%)
1  -O                                                                        (1 = 100.0%) {0.0%}
2  O                                                                         (0 = 0.0%) {100.0%}

Histogram: PrivacyBudget.Identifiability.RecordedSample recorded 91 samples, mean = 0.0 (flags = 0x41)
0  ------------------------------------------------------------------------O (91 = 100.0%)
1  ... 

Histogram: PrivacySandbox.NoticeRequirement.IsVariationCountryEmpty recorded 3 samples, mean = 1.0 (flags = 0x41)
0  O                                                                         (0 = 0.0%)
1  ---O                                                                      (3 = 100.0%) {0.0%}
2  O                                                                         (0 = 0.0%) {100.0%}

Histogram: PrivacySandbox.NoticeRequirement.IsVariationServiceReady recorded 3 samples, mean = 1.0 (flags = 0x41)
0  O                                                                         (0 = 0.0%)
1  ---O                                                                      (3 = 100.0%) {0.0%}
2  O                                                                         (0 = 0.0%) {100.0%}

Histogram: PrivacySandbox.TrackingProtection.OnboardingStartup.State recorded 1 samples, mean = 0.0 (flags = 0x41)
0  -O                                                                        (1 = 100.0%)
1  ... 

Histogram: PrivacySandbox.TrackingProtection.SilentOnboardingStartup.State recorded 1 samples, mean = 0.0 (flags = 0x41)
0  -O                                                                        (1 = 100.0%)
1  ... 

Histogram: Profile.AppCount recorded 1 samples, mean = 0.0 (flags = 0x41)
0  -O                                                                        (1 = 100.0%)
1  ... 

Histogram: Profile.BookmarksSize recorded 1 samples, mean = 0.0 (flags = 0x41)
0  -O                                                                        (1 = 100.0%)
1  ... 

Histogram: Profile.CookiesSize recorded 1 samples, mean = 0.0 (flags = 0x41)
0  -O                                                                        (1 = 100.0%)
1  ... 

Histogram: Profile.Destroyer.OffTheRecord recorded 1 samples, mean = 1.0 (flags = 0x41)
0  O                                                                         (0 = 0.0%)
1  -O                                                                        (1 = 100.0%) {0.0%}
2  ... 

Histogram: Profile.DidDestroyProfileBeforeShutdown recorded 1 samples, mean = 0.0 (flags = 0x41)
0  -O                                                                        (1 = 100.0%)
1  ... 

Histogram: Profile.ExtensionSize recorded 1 samples, mean = 0.0 (flags = 0x41)
0  -O                                                                        (1 = 100.0%)
1  ... 

Histogram: Profile.FaviconsSize recorded 1 samples, mean = 0.0 (flags = 0x41)
0  -O                                                                        (1 = 100.0%)
1  ... 

Histogram: Profile.HistorySize recorded 1 samples, mean = 0.0 (flags = 0x41)
0  -O                                                                        (1 = 100.0%)
1  ... 

Histogram: Profile.KeepAliveLeakAtShutdown recorded 2 samples, mean = 3.5 (flags = 0x41)
0  -O                                                                        (1 = 50.0%)
1  ... 
7  -O                                                                        (1 = 50.0%) {50.0%}
8  ... 

Histogram: Profile.LiveProfileCount recorded 4 samples, mean = 1.0 (flags = 0x41)
0  O                                                                         (0 = 0.0%)
1  ----O                                                                     (4 = 100.0%) {0.0%}
2  ... 

Histogram: Profile.TopSitesSize recorded 1 samples, mean = 0.0 (flags = 0x41)
0  -O                                                                        (1 = 100.0%)
1  ... 

Histogram: Profile.TotalHistorySize recorded 1 samples, mean = 0.0 (flags = 0x41)
0  -O                                                                        (1 = 100.0%)
1  ... 

Histogram: Profile.TotalSize recorded 1 samples, mean = 0.0 (flags = 0x41)
0  -O                                                                        (1 = 100.0%)
1  ... 

Histogram: Profile.TotalSizeRecursive recorded 1 samples, mean = 13.0 (flags = 0x41)
0   ... 
12  -O                                                                        (1 = 100.0%) {0.0%}
14  ... 

Histogram: Profile.TriggeredReset recorded 1 samples, mean = 0.0 (flags = 0x41)
0  -O                                                                        (1 = 100.0%)
1  ... 

Histogram: Profile.VisitedLinksSize recorded 1 samples, mean = 0.0 (flags = 0x41)
0  -O                                                                        (1 = 100.0%)
1  ... 

Histogram: Profile.WebDataSize recorded 1 samples, mean = 0.0 (flags = 0x41)
0  -O                                                                        (1 = 100.0%)
1  ... 

Histogram: Profile.ZombieProfileCount recorded 4 samples, mean = 0.0 (flags = 0x41)
0  ----O                                                                     (4 = 100.0%)
1  ... 

Histogram: ProfilePicker.StartupMode.CreateInitialProfile recorded 1 samples, mean = 0.0 (flags = 0x41)
0  -O                                                                        (1 = 100.0%)
1  ... 

Histogram: ProfilePicker.StartupMode.GetStartupProfile recorded 1 samples, mean = 0.0 (flags = 0x41)
0  -O                                                                        (1 = 100.0%)
1  ... 

Histogram: ProfilePicker.StartupReason.GetStartupProfile recorded 1 samples, mean = 27.0 (flags = 0x41)
0   ... 
27  -O                                                                        (1 = 100.0%) {0.0%}
28  ... 

Histogram: ProtoDB.DestroySuccess.DownloadDB recorded 3 samples, mean = 1.0 (flags = 0x41)
0  O                                                                         (0 = 0.0%)
1  ---O                                                                      (3 = 100.0%) {0.0%}
2  O                                                                         (0 = 0.0%) {100.0%}

Histogram: ProtoDB.DestroySuccess.DownloadService recorded 1 samples, mean = 1.0 (flags = 0x41)
0  O                                                                         (0 = 0.0%)
1  -O                                                                        (1 = 100.0%) {0.0%}
2  O                                                                         (0 = 0.0%) {100.0%}

Histogram: ProtoDB.DestroySuccess.PreviewsHintCacheStore recorded 1 samples, mean = 1.0 (flags = 0x41)
0  O                                                                         (0 = 0.0%)
1  -O                                                                        (1 = 100.0%) {0.0%}
2  O                                                                         (0 = 0.0%) {100.0%}

Histogram: ProtoDB.InitStatus.BudgetManager recorded 1 samples, mean = 4.0 (flags = 0x41)
0  ... 
4  -O                                                                        (1 = 100.0%) {0.0%}
5  ... 

Histogram: ProtoDB.InitStatus.CartDatabase recorded 1 samples, mean = 4.0 (flags = 0x41)
0  ... 
4  -O                                                                        (1 = 100.0%) {0.0%}
5  ... 

Histogram: ProtoDB.InitStatus.ClientCertificatesDatabase recorded 1 samples, mean = 4.0 (flags = 0x41)
0  ... 
4  -O                                                                        (1 = 100.0%) {0.0%}
5  ... 

Histogram: ProtoDB.InitStatus.CommerceParcelTrackingDatabase recorded 1 samples, mean = 4.0 (flags = 0x41)
0  ... 
4  -O                                                                        (1 = 100.0%) {0.0%}
5  ... 

Histogram: ProtoDB.InitStatus.CommerceSubscriptionDatabase recorded 1 samples, mean = 4.0 (flags = 0x41)
0  ... 
4  -O                                                                        (1 = 100.0%) {0.0%}
5  ... 

Histogram: ProtoDB.InitStatus.CouponDatabase recorded 1 samples, mean = 4.0 (flags = 0x41)
0  ... 
4  -O                                                                        (1 = 100.0%) {0.0%}
5  ... 

Histogram: ProtoDB.InitStatus.DiscountsDatabase recorded 1 samples, mean = 4.0 (flags = 0x41)
0  ... 
4  -O                                                                        (1 = 100.0%) {0.0%}
5  ... 

Histogram: ProtoDB.InitStatus.DownloadDB recorded 3 samples, mean = 4.0 (flags = 0x41)
0  ... 
4  ---O                                                                      (3 = 100.0%) {0.0%}
5  ... 

Histogram: ProtoDB.InitStatus.DownloadService recorded 2 samples, mean = 4.0 (flags = 0x41)
0  ... 
4  --O                                                                       (2 = 100.0%) {0.0%}
5  ... 

Histogram: ProtoDB.InitStatus.FeatureEngagementTrackerAvailabilityStore recorded 1 samples, mean = 4.0 (flags = 0x41)
0  ... 
4  -O                                                                        (1 = 100.0%) {0.0%}
5  ... 

Histogram: ProtoDB.InitStatus.FeatureEngagementTrackerEventStore recorded 1 samples, mean = 4.0 (flags = 0x41)
0  ... 
4  -O                                                                        (1 = 100.0%) {0.0%}
5  ... 

Histogram: ProtoDB.InitStatus.Metadata recorded 4 samples, mean = 5.0 (flags = 0x41)
0  ... 
5  ----O                                                                     (4 = 100.0%) {0.0%}
6  O                                                                         (0 = 0.0%) {100.0%}

Histogram: ProtoDB.InitStatus.PersistentOriginTrials recorded 1 samples, mean = 4.0 (flags = 0x41)
0  ... 
4  -O                                                                        (1 = 100.0%) {0.0%}
5  ... 

Histogram: ProtoDB.InitStatus.PreviewsHintCacheStore recorded 1 samples, mean = 4.0 (flags = 0x41)
0  ... 
4  -O                                                                        (1 = 100.0%) {0.0%}
5  ... 

Histogram: ProtoDB.InitStatus.SegmentInfoDatabase recorded 1 samples, mean = 4.0 (flags = 0x41)
0  ... 
4  -O                                                                        (1 = 100.0%) {0.0%}
5  ... 

Histogram: ProtoDB.InitStatus.SignalDatabase recorded 1 samples, mean = 4.0 (flags = 0x41)
0  ... 
4  -O                                                                        (1 = 100.0%) {0.0%}
5  ... 

Histogram: ProtoDB.InitStatus.SignalStorageConfigDatabase recorded 1 samples, mean = 4.0 (flags = 0x41)
0  ... 
4  -O                                                                        (1 = 100.0%) {0.0%}
5  ... 

Histogram: ProtoDB.InitStatus.StrikeService recorded 4 samples, mean = 4.0 (flags = 0x41)
0  ... 
4  ----O                                                                     (4 = 100.0%) {0.0%}
5  ... 

Histogram: ProtoDB.SharedDbInitStatus recorded 77 samples, mean = 9.4 (flags = 0x41)
0   ---------------------------O                                              (27 = 35.1%)
1   ... 
3   -----------------------O                                                  (23 = 29.9%) {35.1%}
4   ... 
24  -----------------------O                                                  (23 = 29.9%) {64.9%}
25  O                                                                         (0 = 0.0%) {94.8%}
26  ----O                                                                     (4 = 5.2%) {94.8%}
27  ... 

Histogram: Quota.AvailableDiskSpace recorded 7 samples, mean = 349200.2 (flags = 0x41)
0       ... 
303278  -------O                                                                  (7 = 100.0%) {0.0%}
353788  ... 

Histogram: Quota.AvailableDiskSpace2 recorded 2 samples, mean = 349066.0 (flags = 0x41)
0       ... 
303278  --O                                                                       (2 = 100.0%) {0.0%}
353788  ... 

Histogram: Quota.EvictedBucketsPerHour recorded 2 samples, mean = 0.0 (flags = 0x41)
0  --O                                                                       (2 = 100.0%)
1  ... 

Histogram: Quota.EvictionRoundsPerHour recorded 2 samples, mean = 2.0 (flags = 0x41)
0  ... 
2  --O                                                                       (2 = 100.0%) {0.0%}
3  ... 

Histogram: Quota.GlobalTemporaryPoolSize recorded 5 samples, mean = 761311.0 (flags = 0x41)
0       ... 
655169  -----O                                                                    (5 = 100.0%) {0.0%}
764286  ... 

Histogram: Quota.GlobalUsageOfTemporaryStorage recorded 2 samples, mean = 0.0 (flags = 0x41)
0  --O                                                                       (2 = 100.0%)
1  ... 

Histogram: Quota.PercentDiskAvailable recorded 7 samples, mean = 36.0 (flags = 0x41)
0   ... 
36  -------O                                                                  (7 = 100.0%) {0.0%}
37  ... 

Histogram: Quota.PercentDiskAvailable2 recorded 2 samples, mean = 36.0 (flags = 0x41)
0   ... 
36  --O                                                                       (2 = 100.0%) {0.0%}
37  ... 

Histogram: Quota.PercentUsedForTemporaryStorage2 recorded 2 samples, mean = 0.0 (flags = 0x41)
0  --O                                                                       (2 = 100.0%)
1  ... 

Histogram: Quota.SkippedEvictionRoundsPerHour recorded 2 samples, mean = 2.0 (flags = 0x41)
0  ... 
2  --O                                                                       (2 = 100.0%) {0.0%}
3  ... 

Histogram: Quota.StorageKeyNonceCount recorded 2 samples, mean = 0.0 (flags = 0x41)
0  --O                                                                       (2 = 100.0%)
1  ... 

Histogram: Quota.TotalBucketCount recorded 2 samples, mean = 0.0 (flags = 0x41)
0  --O                                                                       (2 = 100.0%)
1  ... 

Histogram: Quota.TotalDiskSpace recorded 7 samples, mean = 951638.0 (flags = 0x41)
0       ... 
891576  -------O                                                                  (7 = 100.0%) {0.0%}
1040066 ... 

Histogram: Quota.TotalDiskSpaceIsZero recorded 5 samples, mean = 0.0 (flags = 0x41)
0  -----O                                                                    (5 = 100.0%)
1  ... 

Histogram: Renderer.Core.Timing.Performance.SwapsPerPerformanceEntryInsertion recorded 55 samples, mean = 0.9 (flags = 0x41)
0   -----------------------------------------O                                (41 = 74.5%)
1   ---O                                                                      (3 = 5.5%) {74.5%}
2   ---O                                                                      (3 = 5.5%) {80.0%}
3   -----O                                                                    (5 = 9.1%) {85.5%}
4   O                                                                         (0 = 0.0%) {94.5%}
5   -O                                                                        (1 = 1.8%) {94.5%}
6   ... 
9   -O                                                                        (1 = 1.8%) {96.4%}
10  O                                                                         (0 = 0.0%) {98.2%}
11  -O                                                                        (1 = 1.8%) {98.2%}
12  ... 

Histogram: Renderer.CriticalFonts.BlockingResourcesLoadTime recorded 1 samples, mean = 13797.0 (flags = 0x41)
0      ... 
10000  -O                                                                        (1 = 100.0%) {0.0%}

Histogram: Renderer.CriticalFonts.CriticalFontDelay recorded 1 samples, mean = 0.0 (flags = 0x41)
0  -O                                                                        (1 = 100.0%)
1  ... 

Histogram: Renderer.CriticalFonts.PreloadedFontsLoadTime recorded 1 samples, mean = 13039.0 (flags = 0x41)
0      ... 
10000  -O                                                                        (1 = 100.0%) {0.0%}

Histogram: Renderer.Font.PrimaryFont.DomContentLoaded recorded 1 samples, mean = 0.0 (flags = 0x41)
0  -O                                                                        (1 = 100.0%)
1  ... 

Histogram: Renderer.Font.PrimaryFont.DomContentLoaded.Style recorded 1 samples, mean = 0.0 (flags = 0x41)
0  -O                                                                        (1 = 100.0%)
1  ... 

Histogram: Renderer.Font.SystemFallback.DomContentLoaded recorded 1 samples, mean = 0.0 (flags = 0x41)
0  -O                                                                        (1 = 100.0%)
1  ... 

Histogram: Renderer.Layout.TextWrapBalance recorded 4 samples, mean = 0.0 (flags = 0x41)
0  ----O                                                                     (4 = 100.0%)
1  ... 

Histogram: Renderer.ProcessLifetime3 recorded 3 samples, mean = 5421092.5 (flags = 0x41)
0        ... 
7186     -O                                                                        (1 = 33.3%) {0.0%}
8070     ... 
7563386  --O                                                                       (2 = 66.7%) {33.3%}
8493517  ... 

Histogram: Renderer.ProcessLifetime3.Empty recorded 1 samples, mean = 8124398.0 (flags = 0x41)
0        ... 
7563386  -O                                                                        (1 = 100.0%) {0.0%}
8493517  ... 

Histogram: Renderer.ProcessLifetime3.MainFrame recorded 1 samples, mean = 8131360.0 (flags = 0x41)
0        ... 
7563386  -O                                                                        (1 = 100.0%) {0.0%}
8493517  ... 

Histogram: Renderer.ProcessLifetime3.Speculative recorded 1 samples, mean = 7519.0 (flags = 0x41)
0     ... 
7186  -O                                                                        (1 = 100.0%) {0.0%}
8070  ... 

Histogram: Renderer.ReduceSubresourceResponseIPC.DidNotifyBrowser recorded 47 samples, mean = 1.0 (flags = 0x41)
0  O                                                                         (0 = 0.0%)
1  -----------------------------------------------O                          (47 = 100.0%) {0.0%}
2  O                                                                         (0 = 0.0%) {100.0%}

Histogram: Renderer4.GpuRasterizationEnabled recorded 1 samples, mean = 1.0 (flags = 0x41)
0  O                                                                         (0 = 0.0%)
1  -O                                                                        (1 = 100.0%) {0.0%}
2  O                                                                         (0 = 0.0%) {100.0%}

Histogram: RendererScheduler.RendererMainThreadLoad5 recorded 16273 samples, mean = 0.0 (flags = 0x41)
0    ------------------------------------------------------------------------O (16258 = 99.9%)
1    O                                                                         (2 = 0.0%) {99.9%}
2    O                                                                         (1 = 0.0%) {99.9%}
3    ... 
5    O                                                                         (1 = 0.0%) {99.9%}
6    O                                                                         (1 = 0.0%) {99.9%}
7    ... 
23   O                                                                         (1 = 0.0%) {99.9%}
24   O                                                                         (1 = 0.0%) {99.9%}
25   ... 
50   O                                                                         (1 = 0.0%) {100.0%}
51   ... 
54   O                                                                         (1 = 0.0%) {100.0%}
55   ... 
98   O                                                                         (1 = 0.0%) {100.0%}
99   O                                                                         (0 = 0.0%) {100.0%}
100  O                                                                         (5 = 0.0%) {100.0%}
101  O                                                                         (0 = 0.0%) {100.0%}

Histogram: RendererScheduler.RendererMainThreadLoad5.Background recorded 8130 samples, mean = 0.0 (flags = 0x41)
0  ------------------------------------------------------------------------O (8130 = 100.0%)
1  ... 

Histogram: RendererScheduler.RendererMainThreadLoad5.Background.AfterFifthMinute recorded 7825 samples, mean = 0.0 (flags = 0x41)
0  ------------------------------------------------------------------------O (7825 = 100.0%)
1  ... 

Histogram: RendererScheduler.RendererMainThreadLoad5.Background.AfterFirstMinute recorded 8065 samples, mean = 0.0 (flags = 0x41)
0  ------------------------------------------------------------------------O (8065 = 100.0%)
1  ... 

Histogram: RendererScheduler.RendererMainThreadLoad5.Background.AfterTenthMinute recorded 7525 samples, mean = 0.0 (flags = 0x41)
0  ------------------------------------------------------------------------O (7525 = 100.0%)
1  ... 

Histogram: RendererScheduler.RendererMainThreadLoad5.Foreground recorded 12 samples, mean = 46.2 (flags = 0x41)
0    -----O                                                                    (5 = 41.7%)
1    ... 
5    -O                                                                        (1 = 8.3%) {41.7%}
6    ... 
50   -O                                                                        (1 = 8.3%) {50.0%}
51   ... 
100  -----O                                                                    (5 = 41.7%) {58.3%}
101  O                                                                         (0 = 0.0%) {100.0%}

Histogram: RendererScheduler.RendererMainThreadLoad5.Foreground.AfterFirstMinute recorded 8065 samples, mean = 0.0 (flags = 0x41)
0  ------------------------------------------------------------------------O (8065 = 100.0%)
1  ... 

Histogram: ReportingAndNEL.NumberOfLoadedNELPolicies recorded 1 samples, mean = 0.0 (flags = 0x41)
0  -O                                                                        (1 = 100.0%)
1  ... 

Histogram: ReportingAndNEL.NumberOfLoadedNELPolicies2 recorded 1 samples, mean = 0.0 (flags = 0x41)
0  -O                                                                        (1 = 100.0%)
1  ... 

Histogram: ReportingAndNEL.TimeInitializeDB recorded 1 samples, mean = 4.0 (flags = 0x41)
0  ... 
4  -O                                                                        (1 = 100.0%) {0.0%}
5  ... 

Histogram: ResourceScheduler.RequestQueuingDuration.Priority1 recorded 3 samples, mean = 0.0 (flags = 0x41)
0  ---O                                                                      (3 = 100.0%)
1  ... 

Histogram: ResourceScheduler.RequestQueuingDuration.Priority2 recorded 29 samples, mean = 0.0 (flags = 0x41)
0  -----------------------------O                                            (29 = 100.0%)
1  ... 

Histogram: ResourceScheduler.RequestQueuingDuration.Priority3 recorded 1 samples, mean = 0.0 (flags = 0x41)
0  -O                                                                        (1 = 100.0%)
1  ... 

Histogram: ResourceScheduler.RequestQueuingDuration.Priority4 recorded 7 samples, mean = 0.0 (flags = 0x41)
0  -------O                                                                  (7 = 100.0%)
1  ... 

Histogram: ResourceScheduler.RequestQueuingDuration.Priority5 recorded 13 samples, mean = 0.0 (flags = 0x41)
0  -------------O                                                            (13 = 100.0%)
1  ... 

Histogram: SBClientPhishing.Classifier.Event recorded 2 samples, mean = 1.0 (flags = 0x41)
0  O                                                                         (0 = 0.0%)
1  --O                                                                       (2 = 100.0%) {0.0%}
2  ... 

Histogram: SBClientPhishing.HighConfidenceAllowlistCheckDuration recorded 1 samples, mean = 546.0 (flags = 0x41)
0    ... 
452  -O                                                                        (1 = 100.0%) {0.0%}
574  ... 

Histogram: SBClientPhishing.ImageEmbedder.Event recorded 2 samples, mean = 1.0 (flags = 0x41)
0  O                                                                         (0 = 0.0%)
1  --O                                                                       (2 = 100.0%) {0.0%}
2  ... 

Histogram: SBClientPhishing.LoadReportTimesFromPrefAtServiceCreationSuccessful recorded 1 samples, mean = 1.0 (flags = 0x41)
0  O                                                                         (0 = 0.0%)
1  -O                                                                        (1 = 100.0%) {0.0%}
2  O                                                                         (0 = 0.0%) {100.0%}

Histogram: SBClientPhishing.MatchHighConfidenceAllowlist recorded 1 samples, mean = 3.0 (flags = 0x41)
0  ... 
3  -O                                                                        (1 = 100.0%) {0.0%}
4  O                                                                         (0 = 0.0%) {100.0%}

Histogram: SBClientPhishing.MatchHighConfidenceAllowlist.TriggerModel recorded 1 samples, mean = 3.0 (flags = 0x41)
0  ... 
3  -O                                                                        (1 = 100.0%) {0.0%}
4  O                                                                         (0 = 0.0%) {100.0%}

Histogram: SBClientPhishing.PreClassificationCheckResult recorded 1 samples, mean = 3.0 (flags = 0x41)
0  ... 
3  -O                                                                        (1 = 100.0%) {0.0%}
4  ... 

Histogram: SBIRS.DroppedIncident recorded 2 samples, mean = 1.0 (flags = 0x41)
0  O                                                                         (0 = 0.0%)
1  --O                                                                       (2 = 100.0%) {0.0%}
2  ... 

Histogram: SBIRS.ReceivedIncident recorded 2 samples, mean = 1.0 (flags = 0x41)
0  O                                                                         (0 = 0.0%)
1  --O                                                                       (2 = 100.0%) {0.0%}
2  ... 

Histogram: SSL.Experimental.SubresourceResponse recorded 47 samples, mean = 0.0 (flags = 0x41)
0  -----------------------------------------------O                          (47 = 100.0%)
1  ... 

Histogram: SafeBrowsing.AsyncCheck.CommittedNavigationIdsSize recorded 5 samples, mean = 1.6 (flags = 0x41)
0  -O                                                                        (1 = 20.0%)
1  -O                                                                        (1 = 20.0%) {20.0%}
2  --O                                                                       (2 = 40.0%) {40.0%}
3  -O                                                                        (1 = 20.0%) {80.0%}
4  ... 

Histogram: SafeBrowsing.BrowserThrottle.CheckerOnIOLifetime recorded 1 samples, mean = 6576.0 (flags = 0x41)
0     ... 
6296  -O                                                                        (1 = 100.0%) {0.0%}
8000  ... 

Histogram: SafeBrowsing.BrowserThrottle.IntervalBetweenStartAndProcess recorded 1 samples, mean = 6576.0 (flags = 0x41)
0     ... 
5961  -O                                                                        (1 = 100.0%) {0.0%}
7083  ... 

Histogram: SafeBrowsing.BrowserThrottle.IntervalBetweenStartAndProcess.FromNetwork recorded 1 samples, mean = 6576.0 (flags = 0x41)
0     ... 
5961  -O                                                                        (1 = 100.0%) {0.0%}
7083  ... 

Histogram: SafeBrowsing.BrowserThrottle.IsCheckCompletedOnProcessResponse recorded 1 samples, mean = 1.0 (flags = 0x41)
0  O                                                                         (0 = 0.0%)
1  -O                                                                        (1 = 100.0%) {0.0%}
2  O                                                                         (0 = 0.0%) {100.0%}

Histogram: SafeBrowsing.BrowserThrottle.RequestDestination recorded 1 samples, mean = 3.0 (flags = 0x41)
0  ... 
3  -O                                                                        (1 = 100.0%) {0.0%}
4  ... 

Histogram: SafeBrowsing.BrowserThrottle.RequestDestination.Checked recorded 1 samples, mean = 3.0 (flags = 0x41)
0  ... 
3  -O                                                                        (1 = 100.0%) {0.0%}
4  ... 

Histogram: SafeBrowsing.BrowserThrottle.TotalDelay2.FromNetwork recorded 1 samples, mean = 0.0 (flags = 0x41)
0  -O                                                                        (1 = 100.0%)
1  ... 

Histogram: SafeBrowsing.BrowserThrottle.TotalDelay2.HashPrefixDatabaseCheck recorded 2 samples, mean = 0.0 (flags = 0x41)
0  --O                                                                       (2 = 100.0%)
1  ... 

Histogram: SafeBrowsing.BrowserThrottle.WillProcessResponseCount recorded 1 samples, mean = 1.0 (flags = 0x41)
0  O                                                                         (0 = 0.0%)
1  -O                                                                        (1 = 100.0%) {0.0%}
2  ... 

Histogram: SafeBrowsing.CheckBrowseUrl.HasLocalMatch recorded 2 samples, mean = 1.0 (flags = 0x41)
0  O                                                                         (0 = 0.0%)
1  --O                                                                       (2 = 100.0%) {0.0%}
2  O                                                                         (0 = 0.0%) {100.0%}

Histogram: SafeBrowsing.CheckUrl.Action recorded 2 samples, mean = 0.0 (flags = 0x41)
0  --O                                                                       (2 = 100.0%)
1  ... 

Histogram: SafeBrowsing.CheckUrl.FirstRequestThreatType2 recorded 1 samples, mean = 1.0 (flags = 0x41)
0  O                                                                         (0 = 0.0%)
1  -O                                                                        (1 = 100.0%) {0.0%}
2  ... 

Histogram: SafeBrowsing.CheckUrl.FirstRequestThreatType2.LocalPVer4 recorded 1 samples, mean = 1.0 (flags = 0x41)
0  O                                                                         (0 = 0.0%)
1  -O                                                                        (1 = 100.0%) {0.0%}
2  ... 

Histogram: SafeBrowsing.CheckUrl.FirstRequestTimedOut recorded 1 samples, mean = 0.0 (flags = 0x41)
0  -O                                                                        (1 = 100.0%)
1  ... 

Histogram: SafeBrowsing.CheckUrl.FirstRequestTimedOut.LocalPVer4 recorded 1 samples, mean = 0.0 (flags = 0x41)
0  -O                                                                        (1 = 100.0%)
1  ... 

Histogram: SafeBrowsing.CheckUrl.IsDocumentCheckPrefetch recorded 2 samples, mean = 0.0 (flags = 0x41)
0  --O                                                                       (2 = 100.0%)
1  ... 

Histogram: SafeBrowsing.CheckUrl.TimeTaken.HashDatabase recorded 2 samples, mean = 2457.0 (flags = 0x41)
0     ... 
268   -O                                                                        (1 = 50.0%) {0.0%}
318   ... 
4222  -O                                                                        (1 = 50.0%) {50.0%}
5017  ... 

Histogram: SafeBrowsing.CheckUrl.Timeout recorded 2 samples, mean = 0.0 (flags = 0x41)
0  --O                                                                       (2 = 100.0%)
1  ... 

Histogram: SafeBrowsing.CheckUrl.UrlScheme recorded 2 samples, mean = 10.0 (flags = 0x41)
0   ... 
10  --O                                                                       (2 = 100.0%) {0.0%}
11  ... 

Histogram: SafeBrowsing.ClientSidePhishingDetection.AllowlistMatchResult recorded 1 samples, mean = 1.0 (flags = 0x41)
0  O                                                                         (0 = 0.0%)
1  -O                                                                        (1 = 100.0%) {0.0%}
2  ... 

Histogram: SafeBrowsing.FileTypeUpdate.ResourceBundleResult recorded 1 samples (flags = 0x41)
1  -O                                                                        (1 = 100.0%)

Histogram: SafeBrowsing.FileTypeUpdate.ResourceBundleVersion recorded 1 samples (flags = 0x41)
66  -O                                                                        (1 = 100.0%)

Histogram: SafeBrowsing.HPRT.Cache.FullHashCount recorded 6 samples, mean = 0.0 (flags = 0x41)
0  ------O                                                                   (6 = 100.0%)
1  ... 

Histogram: SafeBrowsing.HPRT.Cache.HashPrefixCount recorded 6 samples, mean = 0.0 (flags = 0x41)
0  ------O                                                                   (6 = 100.0%)
1  ... 

Histogram: SafeBrowsing.HPRT.Ineligible.FeatureOff recorded 1 samples, mean = 0.0 (flags = 0x41)
0  -O                                                                        (1 = 100.0%)
1  ... 

Histogram: SafeBrowsing.HPRT.Ineligible.IneligibleForLocation recorded 1 samples, mean = 0.0 (flags = 0x41)
0  -O                                                                        (1 = 100.0%)
1  ... 

Histogram: SafeBrowsing.HPRT.Ineligible.IneligibleForSessionOrLocation recorded 1 samples, mean = 1.0 (flags = 0x41)
0  O                                                                         (0 = 0.0%)
1  -O                                                                        (1 = 100.0%) {0.0%}
2  O                                                                         (0 = 0.0%) {100.0%}

Histogram: SafeBrowsing.HPRT.Ineligible.NoGoogleChromeBranding recorded 1 samples, mean = 1.0 (flags = 0x41)
0  O                                                                         (0 = 0.0%)
1  -O                                                                        (1 = 100.0%) {0.0%}
2  O                                                                         (0 = 0.0%) {100.0%}

Histogram: SafeBrowsing.HPRT.Ineligible.NotAllowedByPolicy recorded 1 samples, mean = 0.0 (flags = 0x41)
0  -O                                                                        (1 = 100.0%)
1  ... 

Histogram: SafeBrowsing.HPRT.Ineligible.NotStandardProtection recorded 1 samples, mean = 0.0 (flags = 0x41)
0  -O                                                                        (1 = 100.0%)
1  ... 

Histogram: SafeBrowsing.HPRT.Ineligible.OffTheRecord recorded 1 samples, mean = 0.0 (flags = 0x41)
0  -O                                                                        (1 = 100.0%)
1  ... 

Histogram: SafeBrowsing.HasCookieAtStartup2 recorded 1 samples, mean = 0.0 (flags = 0x41)
0  -O                                                                        (1 = 100.0%)
1  ... 

Histogram: SafeBrowsing.PageLoadToken.TokenCount recorded 6 samples, mean = 0.0 (flags = 0x41)
0  ------O                                                                   (6 = 100.0%)
1  ... 

Histogram: SafeBrowsing.Pref.Enhanced recorded 1 samples, mean = 0.0 (flags = 0x41)
0  -O                                                                        (1 = 100.0%)
1  ... 

Histogram: SafeBrowsing.Pref.Enhanced.RegularProfile recorded 1 samples, mean = 0.0 (flags = 0x41)
0  -O                                                                        (1 = 100.0%)
1  ... 

Histogram: SafeBrowsing.Pref.Extended recorded 1 samples, mean = 0.0 (flags = 0x41)
0  -O                                                                        (1 = 100.0%)
1  ... 

Histogram: SafeBrowsing.Pref.General recorded 1 samples, mean = 1.0 (flags = 0x41)
0  O                                                                         (0 = 0.0%)
1  -O                                                                        (1 = 100.0%) {0.0%}
2  O                                                                         (0 = 0.0%) {100.0%}

Histogram: SafeBrowsing.RT.CacheManager.CleanUpTime recorded 6 samples, mean = 0.0 (flags = 0x41)
0  ------O                                                                   (6 = 100.0%)
1  ... 

Histogram: SafeBrowsing.RT.CanCheckDatabase recorded 2 samples, mean = 1.0 (flags = 0x41)
0  O                                                                         (0 = 0.0%)
1  --O                                                                       (2 = 100.0%) {0.0%}
2  O                                                                         (0 = 0.0%) {100.0%}

Histogram: SafeBrowsing.RT.ConsumerVersionReason recorded 2 samples, mean = 1.0 (flags = 0x41)
0  -O                                                                        (1 = 50.0%)
1  O                                                                         (0 = 0.0%) {50.0%}
2  -O                                                                        (1 = 50.0%) {50.0%}
3  ... 

Histogram: SafeBrowsing.RendererThrottle.IsCheckCompletedOnProcessResponse recorded 47 samples, mean = 1.0 (flags = 0x41)
0  O                                                                         (0 = 0.0%)
1  -----------------------------------------------O                          (47 = 100.0%) {0.0%}
2  O                                                                         (0 = 0.0%) {100.0%}

Histogram: SafeBrowsing.RendererThrottle.RequestDestination recorded 47 samples, mean = 10.5 (flags = 0x41)
0   -------O                                                                  (7 = 14.9%)
1   ... 
5   -----O                                                                    (5 = 10.6%) {14.9%}
6   ... 
8   -O                                                                        (1 = 2.1%) {25.5%}
9   -O                                                                        (1 = 2.1%) {27.7%}
10  ... 
13  --------------------------O                                               (26 = 55.3%) {29.8%}
14  ... 
16  -------O                                                                  (7 = 14.9%) {85.1%}
17  ... 

Histogram: SafeBrowsing.V4Database.Size recorded 1 samples, mean = 0.0 (flags = 0x41)
0  -O                                                                        (1 = 100.0%)
1  ... 

Histogram: SafeBrowsing.V4Database.Size.ChromeExtMalware recorded 1 samples, mean = 0.0 (flags = 0x41)
0  -O                                                                        (1 = 100.0%)
1  ... 

Histogram: SafeBrowsing.V4Database.Size.UrlBilling recorded 1 samples, mean = 0.0 (flags = 0x41)
0  -O                                                                        (1 = 100.0%)
1  ... 

Histogram: SafeBrowsing.V4Database.Size.UrlCsdDownloadAllowlist recorded 1 samples, mean = 0.0 (flags = 0x41)
0  -O                                                                        (1 = 100.0%)
1  ... 

Histogram: SafeBrowsing.V4Database.Size.UrlMalBin recorded 1 samples, mean = 0.0 (flags = 0x41)
0  -O                                                                        (1 = 100.0%)
1  ... 

Histogram: SafeBrowsing.V4Database.Size.UrlMalware recorded 1 samples, mean = 0.0 (flags = 0x41)
0  -O                                                                        (1 = 100.0%)
1  ... 

Histogram: SafeBrowsing.V4Database.Size.UrlSoceng recorded 1 samples, mean = 0.0 (flags = 0x41)
0  -O                                                                        (1 = 100.0%)
1  ... 

Histogram: SafeBrowsing.V4Database.Size.UrlUws recorded 1 samples, mean = 0.0 (flags = 0x41)
0  -O                                                                        (1 = 100.0%)
1  ... 

Histogram: SafeBrowsing.V4Database.SizeLinear recorded 1 samples, mean = 0.0 (flags = 0x41)
0  -O                                                                        (1 = 100.0%)
1  ... 

Histogram: SafeBrowsing.V4Database.SizeLinear.ChromeExtMalware recorded 1 samples, mean = 0.0 (flags = 0x41)
0  -O                                                                        (1 = 100.0%)
1  ... 

Histogram: SafeBrowsing.V4Database.SizeLinear.UrlMalBin recorded 1 samples, mean = 0.0 (flags = 0x41)
0  -O                                                                        (1 = 100.0%)
1  ... 

Histogram: SafeBrowsing.V4Database.SizeLinear.UrlSoceng recorded 1 samples, mean = 0.0 (flags = 0x41)
0  -O                                                                        (1 = 100.0%)
1  ... 

Histogram: SafeBrowsing.V4DatabaseInitializationTime recorded 1 samples, mean = 5575.0 (flags = 0x41)
0     ... 
5017  -O                                                                        (1 = 100.0%) {0.0%}
5961  ... 

Histogram: SafeBrowsing.V4Store.IsStoreValid recorded 7 samples, mean = 0.0 (flags = 0x41)
0  -------O                                                                  (7 = 100.0%)
1  ... 

Histogram: SafeBrowsing.V4Store.IsStoreValid.ChromeExtMalware recorded 1 samples, mean = 0.0 (flags = 0x41)
0  -O                                                                        (1 = 100.0%)
1  ... 

Histogram: SafeBrowsing.V4Store.IsStoreValid.UrlBilling recorded 1 samples, mean = 0.0 (flags = 0x41)
0  -O                                                                        (1 = 100.0%)
1  ... 

Histogram: SafeBrowsing.V4Store.IsStoreValid.UrlCsdDownloadAllowlist recorded 1 samples, mean = 0.0 (flags = 0x41)
0  -O                                                                        (1 = 100.0%)
1  ... 

Histogram: SafeBrowsing.V4Store.IsStoreValid.UrlMalBin recorded 1 samples, mean = 0.0 (flags = 0x41)
0  -O                                                                        (1 = 100.0%)
1  ... 

Histogram: SafeBrowsing.V4Store.IsStoreValid.UrlMalware recorded 1 samples, mean = 0.0 (flags = 0x41)
0  -O                                                                        (1 = 100.0%)
1  ... 

Histogram: SafeBrowsing.V4Store.IsStoreValid.UrlSoceng recorded 1 samples, mean = 0.0 (flags = 0x41)
0  -O                                                                        (1 = 100.0%)
1  ... 

Histogram: SafeBrowsing.V4Store.IsStoreValid.UrlUws recorded 1 samples, mean = 0.0 (flags = 0x41)
0  -O                                                                        (1 = 100.0%)
1  ... 

Histogram: SafeBrowsing.V4Store.ReadyOnStartup recorded 7 samples, mean = 0.0 (flags = 0x41)
0  -------O                                                                  (7 = 100.0%)
1  ... 

Histogram: SafeBrowsing.V4StoreRead.Result recorded 7 samples, mean = 2.0 (flags = 0x41)
0  ... 
2  -------O                                                                  (7 = 100.0%) {0.0%}
3  ... 

Histogram: Scheduler.Experimental.Renderer.UkmRecordingStatus recorded 1 samples, mean = 0.0 (flags = 0x41)
0  -O                                                                        (1 = 100.0%)
1  ... 

Histogram: Scheduling.MessagePumpTimeKeeper.BrowserIO recorded 0 samples (flags = 0x41)
0 ... 

Histogram: Scheduling.MessagePumpTimeKeeper.BrowserUI recorded 0 samples (flags = 0x41)
0 ... 

Histogram: Scheduling.ThreadController.ActiveIntervalDuration.Any.BrowserUI recorded 14 samples, mean = 0.0 (flags = 0x41)
0  --------------O                                                           (14 = 100.0%)
1  ... 

Histogram: Scheduling.ThreadController.ActiveIntervalDuration.Any.Other recorded 116 samples, mean = 2.4 (flags = 0x41)
0    ------------------------------------------------------------------------O (110 = 94.8%)
1    -O                                                                        (1 = 0.9%) {94.8%}
2    -O                                                                        (1 = 0.9%) {95.7%}
3    O                                                                         (0 = 0.0%) {96.6%}
4    -O                                                                        (1 = 0.9%) {96.6%}
5    -O                                                                        (1 = 0.9%) {97.4%}
6    -O                                                                        (1 = 0.9%) {98.3%}
7    ... 
226  -O                                                                        (1 = 0.9%) {99.1%}
268  ... 

Histogram: Scheduling.ThreadController.ActiveIntervalDuration.Medium.Other recorded 5 samples, mean = 3.6 (flags = 0x41)
0  O                                                                         (0 = 0.0%)
1  -O                                                                        (1 = 20.0%) {0.0%}
2  -O                                                                        (1 = 20.0%) {20.0%}
3  O                                                                         (0 = 0.0%) {40.0%}
4  -O                                                                        (1 = 20.0%) {40.0%}
5  -O                                                                        (1 = 20.0%) {60.0%}
6  -O                                                                        (1 = 20.0%) {80.0%}
7  ... 

Histogram: Scheduling.ThreadController.ActiveIntervalDuration.Short.BrowserUI recorded 14 samples, mean = 2.8 (flags = 0x41)
0  O                                                                         (0 = 0.0%)
1  -O                                                                        (1 = 7.1%) {0.0%}
2  --------O                                                                 (8 = 57.1%) {7.1%}
3  -O                                                                        (1 = 7.1%) {64.3%}
4  --O                                                                       (2 = 14.3%) {71.4%}
5  -O                                                                        (1 = 7.1%) {85.7%}
6  -O                                                                        (1 = 7.1%) {92.9%}
7  ... 

Histogram: Scheduling.ThreadController.ActiveIntervalDuration.Short.Other recorded 110 samples, mean = 107.1 (flags = 0x41)
0    ... 
6    -O                                                                        (1 = 0.9%) {0.0%}
7    -O                                                                        (1 = 0.9%) {0.9%}
8    O                                                                         (0 = 0.0%) {1.8%}
9    -O                                                                        (1 = 0.9%) {1.8%}
10   -------O                                                                  (7 = 6.4%) {2.7%}
11   -----O                                                                    (5 = 4.5%) {9.1%}
12   ----O                                                                     (4 = 3.6%) {13.6%}
13   --O                                                                       (2 = 1.8%) {17.3%}
14   ----O                                                                     (4 = 3.6%) {19.1%}
15   -O                                                                        (1 = 0.9%) {22.7%}
16   -O                                                                        (1 = 0.9%) {23.6%}
17   --O                                                                       (2 = 1.8%) {24.5%}
18   -O                                                                        (1 = 0.9%) {26.4%}
19   --O                                                                       (2 = 1.8%) {27.3%}
20   ---O                                                                      (3 = 2.7%) {29.1%}
21   ... 
26   -O                                                                        (1 = 0.9%) {31.8%}
27   -O                                                                        (1 = 0.9%) {32.7%}
28   -O                                                                        (1 = 0.9%) {33.6%}
29   --O                                                                       (2 = 1.8%) {34.5%}
31   O                                                                         (0 = 0.0%) {36.4%}
33   --O                                                                       (2 = 1.8%) {36.4%}
35   ---O                                                                      (3 = 2.7%) {38.2%}
37   --O                                                                       (2 = 1.8%) {40.9%}
39   -O                                                                        (1 = 0.9%) {42.7%}
41   O                                                                         (0 = 0.0%) {43.6%}
43   -O                                                                        (1 = 0.9%) {43.6%}
45   O                                                                         (0 = 0.0%) {44.5%}
47   --O                                                                       (2 = 1.8%) {44.5%}
49   O                                                                         (0 = 0.0%) {46.4%}
52   ---O                                                                      (3 = 2.7%) {46.4%}
55   O                                                                         (0 = 0.0%) {49.1%}
58   ----O                                                                     (4 = 3.6%) {49.1%}
61   O                                                                         (0 = 0.0%) {52.7%}
64   ---O                                                                      (3 = 2.7%) {52.7%}
67   -O                                                                        (1 = 0.9%) {55.5%}
70   -O                                                                        (1 = 0.9%) {56.4%}
74   -O                                                                        (1 = 0.9%) {57.3%}
78   -----O                                                                    (5 = 4.5%) {58.2%}
82   --O                                                                       (2 = 1.8%) {62.7%}
86   O                                                                         (0 = 0.0%) {64.5%}
90   ----O                                                                     (4 = 3.6%) {64.5%}
95   -O                                                                        (1 = 0.9%) {68.2%}
100  ... 
116  -O                                                                        (1 = 0.9%) {69.1%}
122  -O                                                                        (1 = 0.9%) {70.0%}
128  -O                                                                        (1 = 0.9%) {70.9%}
135  O                                                                         (0 = 0.0%) {71.8%}
142  -O                                                                        (1 = 0.9%) {71.8%}
149  -O                                                                        (1 = 0.9%) {72.7%}
157  -O                                                                        (1 = 0.9%) {73.6%}
165  -O                                                                        (1 = 0.9%) {74.5%}
173  --O                                                                       (2 = 1.8%) {75.5%}
182  ... 
201  -O                                                                        (1 = 0.9%) {77.3%}
211  -----O                                                                    (5 = 4.5%) {78.2%}
222  O                                                                         (0 = 0.0%) {82.7%}
233  --O                                                                       (2 = 1.8%) {82.7%}
245  -----O                                                                    (5 = 4.5%) {84.5%}
258  ---O                                                                      (3 = 2.7%) {89.1%}
271  -O                                                                        (1 = 0.9%) {91.8%}
285  -O                                                                        (1 = 0.9%) {92.7%}
300  -O                                                                        (1 = 0.9%) {93.6%}
315  -O                                                                        (1 = 0.9%) {94.5%}
331  ... 
366  -O                                                                        (1 = 0.9%) {95.5%}
385  ... 
448  -O                                                                        (1 = 0.9%) {96.4%}
471  ... 
520  -O                                                                        (1 = 0.9%) {97.3%}
547  O                                                                         (0 = 0.0%) {98.2%}
575  --O                                                                       (2 = 1.8%) {98.2%}
605  ... 

Histogram: Scheduling.ThreadController.ActiveIntervalOffCpuDuration.Any.BrowserUI recorded 14 samples, mean = 0.0 (flags = 0x41)
0  --------------O                                                           (14 = 100.0%)
1  ... 

Histogram: Scheduling.ThreadController.ActiveIntervalOffCpuDuration.Any.Other recorded 116 samples, mean = 0.1 (flags = 0x41)
0   ------------------------------------------------------------------------O (115 = 99.1%)
1   ... 
12  -O                                                                        (1 = 0.9%) {99.1%}
14  ... 

Histogram: Scheduling.ThreadController.ActiveIntervalOffCpuDuration.Medium.Other recorded 5 samples, mean = 0.0 (flags = 0x41)
0  -----O                                                                    (5 = 100.0%)
1  ... 

Histogram: Scheduling.ThreadController.ActiveIntervalOffCpuDuration.Short.BrowserUI recorded 14 samples, mean = 1.4 (flags = 0x41)
0  ---O                                                                      (3 = 21.4%)
1  ------O                                                                   (6 = 42.9%) {21.4%}
2  --O                                                                       (2 = 14.3%) {64.3%}
3  --O                                                                       (2 = 14.3%) {78.6%}
4  -O                                                                        (1 = 7.1%) {92.9%}
5  ... 

Histogram: Scheduling.ThreadController.ActiveIntervalOffCpuDuration.Short.Other recorded 110 samples, mean = 27.1 (flags = 0x41)
0    --O                                                                       (2 = 1.8%)
1    -------------------------------------O                                    (37 = 33.6%) {1.8%}
2    --------------------------O                                               (26 = 23.6%) {35.5%}
3    -----------O                                                              (11 = 10.0%) {59.1%}
4    ----O                                                                     (4 = 3.6%) {69.1%}
5    O                                                                         (0 = 0.0%) {72.7%}
6    -O                                                                        (1 = 0.9%) {72.7%}
7    O                                                                         (0 = 0.0%) {73.6%}
8    -O                                                                        (1 = 0.9%) {73.6%}
9    O                                                                         (0 = 0.0%) {74.5%}
10   -O                                                                        (1 = 0.9%) {74.5%}
11   -O                                                                        (1 = 0.9%) {75.5%}
12   O                                                                         (0 = 0.0%) {76.4%}
13   -O                                                                        (1 = 0.9%) {76.4%}
14   O                                                                         (0 = 0.0%) {77.3%}
15   -O                                                                        (1 = 0.9%) {77.3%}
16   ... 
21   -O                                                                        (1 = 0.9%) {78.2%}
22   O                                                                         (0 = 0.0%) {79.1%}
23   --O                                                                       (2 = 1.8%) {79.1%}
24   ... 
27   -O                                                                        (1 = 0.9%) {80.9%}
28   ... 
31   --O                                                                       (2 = 1.8%) {81.8%}
33   -O                                                                        (1 = 0.9%) {83.6%}
35   ... 
39   -O                                                                        (1 = 0.9%) {84.5%}
41   --O                                                                       (2 = 1.8%) {85.5%}
43   ... 
47   --O                                                                       (2 = 1.8%) {87.3%}
49   O                                                                         (0 = 0.0%) {89.1%}
52   -O                                                                        (1 = 0.9%) {89.1%}
55   -O                                                                        (1 = 0.9%) {90.0%}
58   ... 
78   -O                                                                        (1 = 0.9%) {90.9%}
82   ... 
95   -O                                                                        (1 = 0.9%) {91.8%}
100  ... 
122  -O                                                                        (1 = 0.9%) {92.7%}
128  -O                                                                        (1 = 0.9%) {93.6%}
135  ... 
157  -O                                                                        (1 = 0.9%) {94.5%}
165  ... 
182  -O                                                                        (1 = 0.9%) {95.5%}
191  ... 
258  -O                                                                        (1 = 0.9%) {96.4%}
271  O                                                                         (0 = 0.0%) {97.3%}
285  -O                                                                        (1 = 0.9%) {97.3%}
300  ... 
331  -O                                                                        (1 = 0.9%) {98.2%}
348  ... 
575  -O                                                                        (1 = 0.9%) {99.1%}
605  ... 

Histogram: Scheduling.ThreadController.ActiveIntervalOnCpuDuration.Any.BrowserUI recorded 14 samples, mean = 0.0 (flags = 0x41)
0  --------------O                                                           (14 = 100.0%)
1  ... 

Histogram: Scheduling.ThreadController.ActiveIntervalOnCpuDuration.Any.Other recorded 116 samples, mean = 2.2 (flags = 0x41)
0    ------------------------------------------------------------------------O (110 = 94.8%)
1    -O                                                                        (2 = 1.7%) {94.8%}
2    ... 
4    -O                                                                        (1 = 0.9%) {96.6%}
5    -O                                                                        (1 = 0.9%) {97.4%}
6    -O                                                                        (1 = 0.9%) {98.3%}
7    ... 
226  -O                                                                        (1 = 0.9%) {99.1%}
268  ... 

Histogram: Scheduling.ThreadController.ActiveIntervalOnCpuDuration.Medium.Other recorded 5 samples, mean = 3.4 (flags = 0x41)
0  O                                                                         (0 = 0.0%)
1  --O                                                                       (2 = 40.0%) {0.0%}
2  ... 
4  -O                                                                        (1 = 20.0%) {40.0%}
5  -O                                                                        (1 = 20.0%) {60.0%}
6  -O                                                                        (1 = 20.0%) {80.0%}
7  ... 

Histogram: Scheduling.ThreadController.ActiveIntervalOnCpuDuration.Short.BrowserUI recorded 14 samples, mean = 1.4 (flags = 0x41)
0  O                                                                         (0 = 0.0%)
1  ---------O                                                                (9 = 64.3%) {0.0%}
2  -----O                                                                    (5 = 35.7%) {64.3%}
3  ... 

Histogram: Scheduling.ThreadController.ActiveIntervalOnCpuDuration.Short.Other recorded 110 samples, mean = 80.1 (flags = 0x41)
0    ---O                                                                      (3 = 2.7%)
1    ... 
5    -O                                                                        (1 = 0.9%) {2.7%}
6    -O                                                                        (1 = 0.9%) {3.6%}
7    O                                                                         (0 = 0.0%) {4.5%}
8    ---O                                                                      (3 = 2.7%) {4.5%}
9    -------O                                                                  (7 = 6.4%) {7.3%}
10   ---O                                                                      (3 = 2.7%) {13.6%}
11   ------O                                                                   (6 = 5.5%) {16.4%}
12   ----O                                                                     (4 = 3.6%) {21.8%}
13   ---O                                                                      (3 = 2.7%) {25.5%}
14   ... 
16   ----O                                                                     (4 = 3.6%) {28.2%}
17   --O                                                                       (2 = 1.8%) {31.8%}
18   --O                                                                       (2 = 1.8%) {33.6%}
19   -O                                                                        (1 = 0.9%) {35.5%}
20   ... 
23   -O                                                                        (1 = 0.9%) {36.4%}
24   O                                                                         (0 = 0.0%) {37.3%}
25   -O                                                                        (1 = 0.9%) {37.3%}
26   O                                                                         (0 = 0.0%) {38.2%}
27   -O                                                                        (1 = 0.9%) {38.2%}
28   O                                                                         (0 = 0.0%) {39.1%}
29   --O                                                                       (2 = 1.8%) {39.1%}
31   --O                                                                       (2 = 1.8%) {40.9%}
33   -O                                                                        (1 = 0.9%) {42.7%}
35   --O                                                                       (2 = 1.8%) {43.6%}
37   -O                                                                        (1 = 0.9%) {45.5%}
39   O                                                                         (0 = 0.0%) {46.4%}
41   -O                                                                        (1 = 0.9%) {46.4%}
43   ... 
47   --O                                                                       (2 = 1.8%) {47.3%}
49   O                                                                         (0 = 0.0%) {49.1%}
52   ----O                                                                     (4 = 3.6%) {49.1%}
55   ----O                                                                     (4 = 3.6%) {52.7%}
58   O                                                                         (0 = 0.0%) {56.4%}
61   -O                                                                        (1 = 0.9%) {56.4%}
64   -O                                                                        (1 = 0.9%) {57.3%}
67   --O                                                                       (2 = 1.8%) {58.2%}
70   --O                                                                       (2 = 1.8%) {60.0%}
74   ----O                                                                     (4 = 3.6%) {61.8%}
78   --O                                                                       (2 = 1.8%) {65.5%}
82   O                                                                         (0 = 0.0%) {67.3%}
86   --O                                                                       (2 = 1.8%) {67.3%}
90   --O                                                                       (2 = 1.8%) {69.1%}
95   -O                                                                        (1 = 0.9%) {70.9%}
100  ... 
110  --O                                                                       (2 = 1.8%) {71.8%}
116  ... 
128  ---O                                                                      (3 = 2.7%) {73.6%}
135  O                                                                         (0 = 0.0%) {76.4%}
142  --O                                                                       (2 = 1.8%) {76.4%}
149  -O                                                                        (1 = 0.9%) {78.2%}
157  ---O                                                                      (3 = 2.7%) {79.1%}
165  O                                                                         (0 = 0.0%) {81.8%}
173  -O                                                                        (1 = 0.9%) {81.8%}
182  --O                                                                       (2 = 1.8%) {82.7%}
191  ---O                                                                      (3 = 2.7%) {84.5%}
201  ----O                                                                     (4 = 3.6%) {87.3%}
211  -----O                                                                    (5 = 4.5%) {90.9%}
222  -O                                                                        (1 = 0.9%) {95.5%}
233  -O                                                                        (1 = 0.9%) {96.4%}
245  -O                                                                        (1 = 0.9%) {97.3%}
258  O                                                                         (0 = 0.0%) {98.2%}
271  -O                                                                        (1 = 0.9%) {98.2%}
285  ... 
520  -O                                                                        (1 = 0.9%) {99.1%}
547  ... 

Histogram: Scheduling.ThreadController.ActiveIntervalOnCpuPercentage..Other recorded 1 samples, mean = 94.0 (flags = 0x41)
0   ... 
94  -O                                                                        (1 = 100.0%) {0.0%}
95  ... 

Histogram: Scheduling.ThreadController.ActiveIntervalOnCpuPercentage.Any.BrowserUI recorded 14 samples, mean = 55.8 (flags = 0x41)
0    ... 
25   -O                                                                        (1 = 7.1%) {0.0%}
26   ... 
33   --O                                                                       (2 = 14.3%) {7.1%}
34   ... 
40   -O                                                                        (1 = 7.1%) {21.4%}
41   ... 
50   -------O                                                                  (7 = 50.0%) {28.6%}
51   ... 
100  ---O                                                                      (3 = 21.4%) {78.6%}
101  O                                                                         (0 = 0.0%) {100.0%}

Histogram: Scheduling.ThreadController.ActiveIntervalOnCpuPercentage.Any.Other recorded 116 samples, mean = 86.1 (flags = 0x41)
0    ---O                                                                      (3 = 2.6%)
1    ... 
36   -O                                                                        (1 = 0.9%) {2.6%}
37   ... 
41   -O                                                                        (1 = 0.9%) {3.4%}
42   ... 
57   -O                                                                        (1 = 0.9%) {4.3%}
58   O                                                                         (0 = 0.0%) {5.2%}
59   -O                                                                        (1 = 0.9%) {5.2%}
60   --O                                                                       (2 = 1.7%) {6.0%}
61   O                                                                         (0 = 0.0%) {7.8%}
62   --O                                                                       (2 = 1.7%) {7.8%}
63   ... 
72   -O                                                                        (1 = 0.9%) {9.5%}
73   O                                                                         (0 = 0.0%) {10.3%}
74   -O                                                                        (1 = 0.9%) {10.3%}
75   O                                                                         (0 = 0.0%) {11.2%}
76   -O                                                                        (1 = 0.9%) {11.2%}
77   O                                                                         (0 = 0.0%) {12.1%}
78   -O                                                                        (1 = 0.9%) {12.1%}
79   --O                                                                       (2 = 1.7%) {12.9%}
80   ---O                                                                      (3 = 2.6%) {14.7%}
81   ----O                                                                     (4 = 3.4%) {17.2%}
82   ----O                                                                     (4 = 3.4%) {20.7%}
83   --O                                                                       (2 = 1.7%) {24.1%}
84   ---O                                                                      (3 = 2.6%) {25.9%}
85   --------O                                                                 (8 = 6.9%) {28.4%}
86   ---O                                                                      (3 = 2.6%) {35.3%}
87   --O                                                                       (2 = 1.7%) {37.9%}
88   --O                                                                       (2 = 1.7%) {39.7%}
89   -O                                                                        (1 = 0.9%) {41.4%}
90   -------O                                                                  (7 = 6.0%) {42.2%}
91   ---O                                                                      (3 = 2.6%) {48.3%}
92   --O                                                                       (2 = 1.7%) {50.9%}
93   --O                                                                       (2 = 1.7%) {52.6%}
94   --------O                                                                 (8 = 6.9%) {54.3%}
95   ---O                                                                      (3 = 2.6%) {61.2%}
96   ----------O                                                               (10 = 8.6%) {63.8%}
97   -----------O                                                              (11 = 9.5%) {72.4%}
98   -------------O                                                            (13 = 11.2%) {81.9%}
99   ------O                                                                   (6 = 5.2%) {93.1%}
100  --O                                                                       (2 = 1.7%) {98.3%}
101  O                                                                         (0 = 0.0%) {100.0%}

Histogram: Scheduling.ThreadController.ActiveIntervalOnCpuPercentage.Medium.Other recorded 5 samples, mean = 96.0 (flags = 0x41)
0   ... 
94  ---O                                                                      (3 = 60.0%) {0.0%}
95  ... 
99  --O                                                                       (2 = 40.0%) {60.0%}
100 ... 

Histogram: Scheduling.ThreadController.ActiveIntervalOnCpuPercentage.Short.BrowserUI recorded 14 samples, mean = 55.8 (flags = 0x41)
0    ... 
25   -O                                                                        (1 = 7.1%) {0.0%}
26   ... 
33   --O                                                                       (2 = 14.3%) {7.1%}
34   ... 
40   -O                                                                        (1 = 7.1%) {21.4%}
41   ... 
50   -------O                                                                  (7 = 50.0%) {28.6%}
51   ... 
100  ---O                                                                      (3 = 21.4%) {78.6%}
101  O                                                                         (0 = 0.0%) {100.0%}

Histogram: Scheduling.ThreadController.ActiveIntervalOnCpuPercentage.Short.Other recorded 110 samples, mean = 85.6 (flags = 0x41)
0    ---O                                                                      (3 = 2.7%)
1    ... 
36   -O                                                                        (1 = 0.9%) {2.7%}
37   ... 
41   -O                                                                        (1 = 0.9%) {3.6%}
42   ... 
57   -O                                                                        (1 = 0.9%) {4.5%}
58   O                                                                         (0 = 0.0%) {5.5%}
59   -O                                                                        (1 = 0.9%) {5.5%}
60   --O                                                                       (2 = 1.8%) {6.4%}
61   O                                                                         (0 = 0.0%) {8.2%}
62   --O                                                                       (2 = 1.8%) {8.2%}
63   ... 
72   -O                                                                        (1 = 0.9%) {10.0%}
73   O                                                                         (0 = 0.0%) {10.9%}
74   -O                                                                        (1 = 0.9%) {10.9%}
75   O                                                                         (0 = 0.0%) {11.8%}
76   -O                                                                        (1 = 0.9%) {11.8%}
77   O                                                                         (0 = 0.0%) {12.7%}
78   -O                                                                        (1 = 0.9%) {12.7%}
79   --O                                                                       (2 = 1.8%) {13.6%}
80   ---O                                                                      (3 = 2.7%) {15.5%}
81   ----O                                                                     (4 = 3.6%) {18.2%}
82   ----O                                                                     (4 = 3.6%) {21.8%}
83   --O                                                                       (2 = 1.8%) {25.5%}
84   ---O                                                                      (3 = 2.7%) {27.3%}
85   --------O                                                                 (8 = 7.3%) {30.0%}
86   ---O                                                                      (3 = 2.7%) {37.3%}
87   --O                                                                       (2 = 1.8%) {40.0%}
88   --O                                                                       (2 = 1.8%) {41.8%}
89   -O                                                                        (1 = 0.9%) {43.6%}
90   -------O                                                                  (7 = 6.4%) {44.5%}
91   ---O                                                                      (3 = 2.7%) {50.9%}
92   --O                                                                       (2 = 1.8%) {53.6%}
93   --O                                                                       (2 = 1.8%) {55.5%}
94   ----O                                                                     (4 = 3.6%) {57.3%}
95   ---O                                                                      (3 = 2.7%) {60.9%}
96   ----------O                                                               (10 = 9.1%) {63.6%}
97   -----------O                                                              (11 = 10.0%) {72.7%}
98   -------------O                                                            (13 = 11.8%) {82.7%}
99   ----O                                                                     (4 = 3.6%) {94.5%}
100  --O                                                                       (2 = 1.8%) {98.2%}
101  O                                                                         (0 = 0.0%) {100.0%}

Histogram: Scheduling.ThreadController.IdleDuration.Any.BrowserUI recorded 14 samples, mean = 0.0 (flags = 0x41)
0  --------------O                                                           (14 = 100.0%)
1  ... 

Histogram: Scheduling.ThreadController.IdleDuration.Any.Other recorded 81 samples, mean = 775.2 (flags = 0x41)
0      ---------------------O                                                    (21 = 25.9%)
1      -O                                                                        (1 = 1.2%) {25.9%}
2      ... 
7      -O                                                                        (1 = 1.2%) {27.2%}
8      O                                                                         (0 = 0.0%) {28.4%}
10     -O                                                                        (1 = 1.2%) {28.4%}
12     O                                                                         (0 = 0.0%) {29.6%}
14     -O                                                                        (1 = 1.2%) {29.6%}
17     ... 
29     -O                                                                        (1 = 1.2%) {30.9%}
34     O                                                                         (0 = 0.0%) {32.1%}
40     -O                                                                        (1 = 1.2%) {32.1%}
48     O                                                                         (0 = 0.0%) {33.3%}
57     -O                                                                        (1 = 1.2%) {33.3%}
68     O                                                                         (0 = 0.0%) {34.6%}
81     ----------O                                                               (10 = 12.3%) {34.6%}
96     ------------------O                                                       (18 = 22.2%) {46.9%}
114    ... 
318    -O                                                                        (1 = 1.2%) {69.1%}
378    ... 
633    -O                                                                        (1 = 1.2%) {70.4%}
752    O                                                                         (0 = 0.0%) {71.6%}
894    ------------O                                                             (12 = 14.8%) {71.6%}
1062   -O                                                                        (1 = 1.2%) {86.4%}
1262   -O                                                                        (1 = 1.2%) {87.7%}
1500   ... 
2990   -O                                                                        (1 = 1.2%) {88.9%}
3553   ------O                                                                   (6 = 7.4%) {90.1%}
4222   O                                                                         (0 = 0.0%) {97.5%}
5017   -O                                                                        (1 = 1.2%) {97.5%}
5961   ... 
10000  -O                                                                        (1 = 1.2%) {98.8%}

Histogram: Scheduling.ThreadController.IdleDuration.Medium.Other recorded 18 samples, mean = 66.4 (flags = 0x41)
0   O                                                                         (0 = 0.0%)
1   -O                                                                        (1 = 5.6%) {0.0%}
2   ... 
7   -O                                                                        (1 = 5.6%) {5.6%}
8   ... 
10  -O                                                                        (1 = 5.6%) {11.1%}
11  ... 
16  -O                                                                        (1 = 5.6%) {16.7%}
17  ... 
31  -O                                                                        (1 = 5.6%) {22.2%}
32  ... 
46  -O                                                                        (1 = 5.6%) {27.8%}
47  ... 
65  -O                                                                        (1 = 5.6%) {33.3%}
66  ... 
91  ----O                                                                     (4 = 22.2%) {38.9%}
92  --O                                                                       (2 = 11.1%) {61.1%}
93  --O                                                                       (2 = 11.1%) {72.2%}
94  -O                                                                        (1 = 5.6%) {83.3%}
95  -O                                                                        (1 = 5.6%) {88.9%}
96  O                                                                         (0 = 0.0%) {94.4%}
97  -O                                                                        (1 = 5.6%) {94.4%}
98  ... 

Histogram: Scheduling.ThreadController.IdleDuration.Short.BrowserUI recorded 14 samples, mean = 24.9 (flags = 0x41)
0    ... 
7    ----O                                                                     (4 = 28.6%) {0.0%}
8    O                                                                         (0 = 0.0%) {28.6%}
9    -O                                                                        (1 = 7.1%) {28.6%}
10   -O                                                                        (1 = 7.1%) {35.7%}
11   O                                                                         (0 = 0.0%) {42.9%}
12   -O                                                                        (1 = 7.1%) {42.9%}
13   --O                                                                       (2 = 14.3%) {50.0%}
14   -O                                                                        (1 = 7.1%) {64.3%}
15   ... 
17   -O                                                                        (1 = 7.1%) {71.4%}
18   O                                                                         (0 = 0.0%) {78.6%}
19   -O                                                                        (1 = 7.1%) {78.6%}
20   -O                                                                        (1 = 7.1%) {85.7%}
21   ... 
191  -O                                                                        (1 = 7.1%) {92.9%}
201  ... 

Histogram: Scheduling.ThreadController.IdleDuration.Short.Other recorded 21 samples, mean = 172.1 (flags = 0x41)
0    ... 
26   -O                                                                        (1 = 4.8%) {0.0%}
27   ... 
29   --O                                                                       (2 = 9.5%) {4.8%}
31   -O                                                                        (1 = 4.8%) {14.3%}
33   ... 
39   -O                                                                        (1 = 4.8%) {19.0%}
41   O                                                                         (0 = 0.0%) {23.8%}
43   -O                                                                        (1 = 4.8%) {23.8%}
45   ... 
49   --O                                                                       (2 = 9.5%) {28.6%}
52   O                                                                         (0 = 0.0%) {38.1%}
55   -O                                                                        (1 = 4.8%) {38.1%}
58   ... 
86   -O                                                                        (1 = 4.8%) {42.9%}
90   ... 
116  -O                                                                        (1 = 4.8%) {47.6%}
122  ... 
157  -O                                                                        (1 = 4.8%) {52.4%}
165  O                                                                         (0 = 0.0%) {57.1%}
173  -O                                                                        (1 = 4.8%) {57.1%}
182  ... 
211  -O                                                                        (1 = 4.8%) {61.9%}
222  -O                                                                        (1 = 4.8%) {66.7%}
233  ---O                                                                      (3 = 14.3%) {71.4%}
245  ... 
348  -O                                                                        (1 = 4.8%) {85.7%}
366  ... 
426  -O                                                                        (1 = 4.8%) {90.5%}
448  ... 
739  -O                                                                        (1 = 4.8%) {95.2%}
777  ... 

Histogram: Search.ChoiceReprompt recorded 1 samples, mean = 6.0 (flags = 0x41)
0  ... 
6  -O                                                                        (1 = 100.0%) {0.0%}
7  O                                                                         (0 = 0.0%) {100.0%}

Histogram: Search.SearchProviderOverrideStatus recorded 1 samples, mean = 0.0 (flags = 0x41)
0  -O                                                                        (1 = 100.0%)
1  ... 

Histogram: Security.GwpAsan.Activated.Malloc.Browser recorded 1 samples, mean = 1.0 (flags = 0x41)
0  O                                                                         (0 = 0.0%)
1  -O                                                                        (1 = 100.0%) {0.0%}
2  O                                                                         (0 = 0.0%) {100.0%}

Histogram: Security.GwpAsan.Activated.PartitionAlloc.Browser recorded 1 samples, mean = 0.0 (flags = 0x41)
0  -O                                                                        (1 = 100.0%)
1  ... 

Histogram: Security.GwpAsan.AllocatorOom.Malloc.Browser recorded 0 samples (flags = 0x41)
0 ... 

Histogram: Security.HttpsFirstMode.SettingEnabledAtStartup recorded 1 samples, mean = 0.0 (flags = 0x41)
0  -O                                                                        (1 = 100.0%)
1  ... 

Histogram: Security.JSONParser.ChromiumExtensionUsage recorded 1 samples, mean = 1.0 (flags = 0x41)
0  O                                                                         (0 = 0.0%)
1  -O                                                                        (1 = 100.0%) {0.0%}
2  ... 

Histogram: Security.JSONParser.ParsingTime recorded 17 samples, mean = 83.2 (flags = 0x41)
0    -O                                                                        (1 = 5.9%)
1    ... 
4    -O                                                                        (1 = 5.9%) {5.9%}
5    --O                                                                       (2 = 11.8%) {11.8%}
7    -O                                                                        (1 = 5.9%) {23.5%}
9    O                                                                         (0 = 0.0%) {29.4%}
12   -O                                                                        (1 = 5.9%) {29.4%}
16   O                                                                         (0 = 0.0%) {35.3%}
21   -O                                                                        (1 = 5.9%) {35.3%}
28   -O                                                                        (1 = 5.9%) {41.2%}
37   -O                                                                        (1 = 5.9%) {47.1%}
49   --O                                                                       (2 = 11.8%) {52.9%}
65   --O                                                                       (2 = 11.8%) {64.7%}
86   -O                                                                        (1 = 5.9%) {76.5%}
113  -O                                                                        (1 = 5.9%) {82.4%}
149  O                                                                         (0 = 0.0%) {88.2%}
196  -O                                                                        (1 = 5.9%) {88.2%}
258  ... 
448  -O                                                                        (1 = 5.9%) {94.1%}
590  ... 

Histogram: Security.NavigationRequestSecurityLevel recorded 2 samples, mean = 1.0 (flags = 0x41)
0  O                                                                         (0 = 0.0%)
1  --O                                                                       (2 = 100.0%) {0.0%}
2  ... 

Histogram: Security.PageEndReason.SECURE recorded 1 samples, mean = 6.0 (flags = 0x41)
0  ... 
6  -O                                                                        (1 = 100.0%) {0.0%}
7  ... 

Histogram: Security.PageEndReason.SafetyTip_None recorded 1 samples, mean = 6.0 (flags = 0x41)
0  ... 
6  -O                                                                        (1 = 100.0%) {0.0%}
7  ... 

Histogram: Security.PrivateNetworkAccess.CheckResult recorded 49 samples, mean = 2.5 (flags = 0x41)
0   ----O                                                                     (4 = 8.2%)
1   --------------------------------------O                                   (38 = 77.6%) {8.2%}
2   ... 
12  -------O                                                                  (7 = 14.3%) {85.7%}
13  O                                                                         (0 = 0.0%) {100.0%}

Histogram: Security.SCTAuditing.NumPersistedReportsLoaded recorded 1 samples, mean = 0.0 (flags = 0x41)
0  -O                                                                        (1 = 100.0%)
1  ... 

Histogram: Security.SafetyTips.GetReputationStatusWithEngagedSitesTime recorded 1 samples, mean = 0.0 (flags = 0x41)
0  -O                                                                        (1 = 100.0%)
1  ... 

Histogram: Security.SafetyTips.ReputationCheckComplete.DidFinishNavigation recorded 1 samples, mean = 1.0 (flags = 0x41)
0  O                                                                         (0 = 0.0%)
1  -O                                                                        (1 = 100.0%) {0.0%}
2  ... 

Histogram: Security.SafetyTips.SafetyTipShown recorded 1 samples, mean = 1.0 (flags = 0x41)
0  O                                                                         (0 = 0.0%)
1  -O                                                                        (1 = 100.0%) {0.0%}
2  ... 

Histogram: Security.SafetyTips.StatusWithInitiator.Unknown recorded 1 samples, mean = 1.0 (flags = 0x41)
0  O                                                                         (0 = 0.0%)
1  -O                                                                        (1 = 100.0%) {0.0%}
2  ... 

Histogram: Security.SecurityLevel.OnCommit recorded 1 samples, mean = 3.0 (flags = 0x41)
0  ... 
3  -O                                                                        (1 = 100.0%) {0.0%}
4  ... 

Histogram: Security.SecurityLevel.OnComplete recorded 1 samples, mean = 3.0 (flags = 0x41)
0  ... 
3  -O                                                                        (1 = 100.0%) {0.0%}
4  ... 

Histogram: Security.SiteEngagement.SECURE recorded 1 samples, mean = 25.0 (flags = 0x41)
0   ... 
25  -O                                                                        (1 = 100.0%) {0.0%}
26  ... 

Histogram: Security.SiteEngagement.SafetyTip_None recorded 1 samples, mean = 25.0 (flags = 0x41)
0   ... 
25  -O                                                                        (1 = 100.0%) {0.0%}
26  ... 

Histogram: Security.TimeOnPage2.SECURE recorded 1 samples, mean = 8131358.0 (flags = 0x41)
0        ... 
3600000  -O                                                                        (1 = 100.0%) {0.0%}

Histogram: Security.TimeOnPage2.SafetyTip_None recorded 1 samples, mean = 8131358.0 (flags = 0x41)
0        ... 
3600000  -O                                                                        (1 = 100.0%) {0.0%}

Histogram: SegmentationPlatform.Database.UpdateUrlForUkmSource recorded 6 samples, mean = 1.7 (flags = 0x41)
0  ----O                                                                     (4 = 66.7%)
1  ... 
4  -O                                                                        (1 = 16.7%) {66.7%}
5  O                                                                         (0 = 0.0%) {83.3%}
6  -O                                                                        (1 = 16.7%) {83.3%}
7  ... 

Histogram: SegmentationPlatform.Init.ProcessCreationToServiceCreationLatency recorded 1 samples, mean = 32118784.0 (flags = 0x41)
0       ... 
180000  -O                                                                        (1 = 100.0%) {0.0%}

Histogram: SegmentationPlatform.SelectionFailedReason.ChromeLowUserEngagement recorded 2 samples, mean = 13.5 (flags = 0x41)
0   ... 
10  -O                                                                        (1 = 50.0%) {0.0%}
11  ... 
17  -O                                                                        (1 = 50.0%) {50.0%}
18  ... 

Histogram: SegmentationPlatform.SelectionFailedReason.ComposePromotion recorded 2 samples, mean = 13.5 (flags = 0x41)
0   ... 
10  -O                                                                        (1 = 50.0%) {0.0%}
11  ... 
17  -O                                                                        (1 = 50.0%) {50.0%}
18  ... 

Histogram: SegmentationPlatform.SelectionFailedReason.CrossDeviceUser recorded 2 samples, mean = 13.5 (flags = 0x41)
0   ... 
10  -O                                                                        (1 = 50.0%) {0.0%}
11  ... 
17  -O                                                                        (1 = 50.0%) {50.0%}
18  ... 

Histogram: SegmentationPlatform.SelectionFailedReason.DatabaseApiClients recorded 2 samples, mean = 13.5 (flags = 0x41)
0   ... 
10  -O                                                                        (1 = 50.0%) {0.0%}
11  ... 
17  -O                                                                        (1 = 50.0%) {50.0%}
18  ... 

Histogram: SegmentationPlatform.SelectionFailedReason.DeviceSwitcher recorded 2 samples, mean = 13.5 (flags = 0x41)
0   ... 
10  -O                                                                        (1 = 50.0%) {0.0%}
11  ... 
17  -O                                                                        (1 = 50.0%) {50.0%}
18  ... 

Histogram: SegmentationPlatform.SelectionFailedReason.PasswordManagerUser recorded 2 samples, mean = 13.5 (flags = 0x41)
0   ... 
10  -O                                                                        (1 = 50.0%) {0.0%}
11  ... 
17  -O                                                                        (1 = 50.0%) {50.0%}
18  ... 

Histogram: SegmentationPlatform.SelectionFailedReason.ResumeHeavyUser recorded 2 samples, mean = 13.5 (flags = 0x41)
0   ... 
10  -O                                                                        (1 = 50.0%) {0.0%}
11  ... 
17  -O                                                                        (1 = 50.0%) {50.0%}
18  ... 

Histogram: SegmentationPlatform.SelectionFailedReason.SearchUser recorded 2 samples, mean = 13.5 (flags = 0x41)
0   ... 
10  -O                                                                        (1 = 50.0%) {0.0%}
11  ... 
17  -O                                                                        (1 = 50.0%) {50.0%}
18  ... 

Histogram: SegmentationPlatform.SelectionFailedReason.ShoppingUser recorded 2 samples, mean = 13.5 (flags = 0x41)
0   ... 
10  -O                                                                        (1 = 50.0%) {0.0%}
11  ... 
17  -O                                                                        (1 = 50.0%) {50.0%}
18  ... 

Histogram: SegmentationPlatform.SelectionFailedReason.URLVisitResumptionRanker recorded 2 samples, mean = 13.5 (flags = 0x41)
0   ... 
10  -O                                                                        (1 = 50.0%) {0.0%}
11  ... 
17  -O                                                                        (1 = 50.0%) {50.0%}
18  ... 

Histogram: SegmentationPlatform.SelectionFailedReason.WebAppInstallationPromo recorded 2 samples, mean = 13.5 (flags = 0x41)
0   ... 
10  -O                                                                        (1 = 50.0%) {0.0%}
11  ... 
17  -O                                                                        (1 = 50.0%) {50.0%}
18  ... 

Histogram: SegmentationPlatform.SyncSessions.TabsCountAtStartup recorded 1 samples, mean = 0.0 (flags = 0x41)
0  -O                                                                        (1 = 100.0%)
1  ... 

Histogram: SegmentationPlatform.UkmDatabase.InitTime recorded 1 samples, mean = 5.0 (flags = 0x41)
0  ... 
5  -O                                                                        (1 = 100.0%) {0.0%}
6  ... 

Histogram: ServiceWorker.FindRegistrationForClientUrl.IsCalledForNavigation recorded 5 samples, mean = 0.2 (flags = 0x41)
0  ----O                                                                     (4 = 80.0%)
1  -O                                                                        (1 = 20.0%) {80.0%}
2  O                                                                         (0 = 0.0%) {100.0%}

Histogram: ServiceWorker.FindRegistrationForClientUrl.SkippedMojoCall.OnNavigation recorded 1 samples, mean = 0.0 (flags = 0x41)
0  -O                                                                        (1 = 100.0%)
1  ... 

Histogram: ServiceWorker.OnBrowserStartup.SkipServiceWorkerOnFirstNavigation recorded 1 samples, mean = 0.0 (flags = 0x41)
0  -O                                                                        (1 = 100.0%)
1  ... 

Histogram: ServiceWorker.RegisteredStorageKeyCount recorded 1 samples, mean = 0.0 (flags = 0x41)
0  -O                                                                        (1 = 100.0%)
1  ... 

Histogram: ServiceWorker.SkipCallingFindRegistrationForClientUrl recorded 1 samples, mean = 1.0 (flags = 0x41)
0  O                                                                         (0 = 0.0%)
1  -O                                                                        (1 = 100.0%) {0.0%}
2  O                                                                         (0 = 0.0%) {100.0%}

Histogram: ServiceWorker.Storage.ReadInitialDataFromDB.Time recorded 1 samples, mean = 0.0 (flags = 0x41)
0  -O                                                                        (1 = 100.0%)
1  ... 

Histogram: ServiceWorker.Storage.RegisteredStorageKeyCacheInitialization.Time recorded 1 samples, mean = 5587.0 (flags = 0x41)
0     ... 
4955  -O                                                                        (1 = 100.0%) {0.0%}
6296  ... 

Histogram: SessionRestore.UnrecoverableWriteErrorCount recorded 1 samples, mean = 0.0 (flags = 0x41)
0  -O                                                                        (1 = 100.0%)
1  ... 

Histogram: SessionStorageContext.CommitResult recorded 2 samples, mean = 0.0 (flags = 0x41)
0  --O                                                                       (2 = 100.0%)
1  ... 

Histogram: Settings.AdvancedSpellcheck.OnStartup2 recorded 1 samples, mean = 0.0 (flags = 0x41)
0  -O                                                                        (1 = 100.0%)
1  ... 

Histogram: Settings.AutocompleteSearches.OnStartup2 recorded 1 samples, mean = 1.0 (flags = 0x41)
0  O                                                                         (0 = 0.0%)
1  -O                                                                        (1 = 100.0%) {0.0%}
2  O                                                                         (0 = 0.0%) {100.0%}

Histogram: Settings.FingerprintingProtection.Enabled recorded 1 samples, mean = 0.0 (flags = 0x41)
0  -O                                                                        (1 = 100.0%)
1  ... 

Histogram: Settings.FirstPartySets.State recorded 1 samples, mean = 0.0 (flags = 0x41)
0  -O                                                                        (1 = 100.0%)
1  ... 

Histogram: Settings.IpProtection.Enabled recorded 1 samples, mean = 0.0 (flags = 0x41)
0  -O                                                                        (1 = 100.0%)
1  ... 

Histogram: Settings.PreloadStatus.OnStartup3 recorded 1 samples, mean = 1.0 (flags = 0x41)
0  O                                                                         (0 = 0.0%)
1  -O                                                                        (1 = 100.0%) {0.0%}
2  ... 

Histogram: Settings.PrivacySandbox.AdMeasurement.Enabled recorded 1 samples, mean = 0.0 (flags = 0x41)
0  -O                                                                        (1 = 100.0%)
1  ... 

Histogram: Settings.PrivacySandbox.Fledge.Enabled recorded 1 samples, mean = 0.0 (flags = 0x41)
0  -O                                                                        (1 = 100.0%)
1  ... 

Histogram: Settings.PrivacySandbox.Topics.Enabled recorded 1 samples, mean = 0.0 (flags = 0x41)
0  -O                                                                        (1 = 100.0%)
1  ... 

Histogram: Settings.ShowHomeButton2 recorded 1 samples, mean = 0.0 (flags = 0x41)
0  -O                                                                        (1 = 100.0%)
1  ... 

Histogram: Settings.StartupPageLoadSettings2 recorded 1 samples, mean = 5.0 (flags = 0x41)
0  ... 
5  -O                                                                        (1 = 100.0%) {0.0%}
6  ... 

Histogram: Settings.TrackedPreferenceChanged.FromRegistry recorded 2 samples, mean = 10.0 (flags = 0x41)
0   ... 
5   -O                                                                        (1 = 50.0%) {0.0%}
6   ... 
15  -O                                                                        (1 = 50.0%) {50.0%}
16  ... 

Histogram: Settings.TrackedPreferenceUnchanged recorded 18 samples, mean = 14.5 (flags = 0x41)
0   -O                                                                        (1 = 5.6%)
1   -O                                                                        (1 = 5.6%) {5.6%}
2   -O                                                                        (1 = 5.6%) {11.1%}
3   -O                                                                        (1 = 5.6%) {16.7%}
4   -O                                                                        (1 = 5.6%) {22.2%}
5   -O                                                                        (1 = 5.6%) {27.8%}
6   -O                                                                        (1 = 5.6%) {33.3%}
7   -O                                                                        (1 = 5.6%) {38.9%}
8   ... 
11  -O                                                                        (1 = 5.6%) {44.4%}
12  ... 
14  -O                                                                        (1 = 5.6%) {50.0%}
15  -O                                                                        (1 = 5.6%) {55.6%}
16  ... 
18  -O                                                                        (1 = 5.6%) {61.1%}
19  ... 
23  -O                                                                        (1 = 5.6%) {66.7%}
24  -O                                                                        (1 = 5.6%) {72.2%}
25  ... 
29  -O                                                                        (1 = 5.6%) {77.8%}
30  ... 
32  -O                                                                        (1 = 5.6%) {83.3%}
33  -O                                                                        (1 = 5.6%) {88.9%}
34  -O                                                                        (1 = 5.6%) {94.4%}
35  O                                                                         (0 = 0.0%) {100.0%}

Histogram: Settings.TrackedPreferenceUnchanged.FromRegistry recorded 16 samples, mean = 15.1 (flags = 0x41)
0   -O                                                                        (1 = 6.2%)
1   -O                                                                        (1 = 6.2%) {6.2%}
2   -O                                                                        (1 = 6.2%) {12.5%}
3   -O                                                                        (1 = 6.2%) {18.8%}
4   -O                                                                        (1 = 6.2%) {25.0%}
5   O                                                                         (0 = 0.0%) {31.2%}
6   -O                                                                        (1 = 6.2%) {31.2%}
7   -O                                                                        (1 = 6.2%) {37.5%}
8   ... 
11  -O                                                                        (1 = 6.2%) {43.8%}
12  ... 
14  -O                                                                        (1 = 6.2%) {50.0%}
15  ... 
18  -O                                                                        (1 = 6.2%) {56.2%}
19  ... 
23  -O                                                                        (1 = 6.2%) {62.5%}
24  -O                                                                        (1 = 6.2%) {68.8%}
25  ... 
29  -O                                                                        (1 = 6.2%) {75.0%}
30  ... 
32  -O                                                                        (1 = 6.2%) {81.2%}
33  -O                                                                        (1 = 6.2%) {87.5%}
34  -O                                                                        (1 = 6.2%) {93.8%}
35  O                                                                         (0 = 0.0%) {100.0%}

Histogram: Settings.TrackingProtection.Enabled recorded 1 samples, mean = 0.0 (flags = 0x41)
0  -O                                                                        (1 = 100.0%)
1  ... 

Histogram: SharedDictionary.TimeInitializeDB recorded 1 samples, mean = 4.0 (flags = 0x41)
0  ... 
4  -O                                                                        (1 = 100.0%) {0.0%}
5  ... 

Histogram: Signin.APIKeyMatchesFeatureOnStartup recorded 3 samples, mean = 0.0 (flags = 0x41)
0  ---O                                                                      (3 = 100.0%)
1  ... 

Histogram: Signin.AccountTracker.CountOfLoadedAccounts recorded 1 samples, mean = 0.0 (flags = 0x41)
0  -O                                                                        (1 = 100.0%)
1  ... 

Histogram: Signin.ExplicitSigninMigration recorded 1 samples, mean = 0.0 (flags = 0x41)
0  -O                                                                        (1 = 100.0%)
1  ... 

Histogram: Signin.HadPreviousSyncAccount.SignedOutOnProfileLoad recorded 1 samples, mean = 0.0 (flags = 0x41)
0  -O                                                                        (1 = 100.0%)
1  ... 

Histogram: Signin.HadPreviousSyncAccount.SyncOffOnProfileLoad recorded 1 samples, mean = 0.0 (flags = 0x41)
0  -O                                                                        (1 = 100.0%)
1  ... 

Histogram: Signin.ListAccountsFailure recorded 1 samples, mean = 0.0 (flags = 0x41)
0  -O                                                                        (1 = 100.0%)
1  ... 

Histogram: Signin.PAMInitialize.PrimaryAccountPrefs recorded 1 samples, mean = 2.0 (flags = 0x41)
0  ... 
2  -O                                                                        (1 = 100.0%) {0.0%}
3  ... 

Histogram: Signin.SigninAllowed recorded 1 samples, mean = 0.0 (flags = 0x41)
0  -O                                                                        (1 = 100.0%)
1  ... 

Histogram: Signin.TokenTable.GetAllTokensSqlStatementValidity recorded 1 samples, mean = 1.0 (flags = 0x41)
0  O                                                                         (0 = 0.0%)
1  -O                                                                        (1 = 100.0%) {0.0%}
2  O                                                                         (0 = 0.0%) {100.0%}

Histogram: SimpleCache.App.CacheSizeOnInit recorded 1 samples, mean = 0.0 (flags = 0x41)
0  -O                                                                        (1 = 100.0%)
1000... 

Histogram: SimpleCache.App.ConsistencyResult recorded 1 samples, mean = 0.0 (flags = 0x41)
0  -O                                                                        (1 = 100.0%)
1  ... 

Histogram: SimpleCache.App.CreationToIndex recorded 1 samples, mean = 15.0 (flags = 0x41)
0   ... 
14  -O                                                                        (1 = 100.0%) {0.0%}
17  ... 

Histogram: SimpleCache.App.IndexFileStateOnLoad recorded 1 samples, mean = 2.0 (flags = 0x41)
0  ... 
2  -O                                                                        (1 = 100.0%) {0.0%}
3  ... 

Histogram: SimpleCache.App.IndexInitializeMethod recorded 1 samples, mean = 1.0 (flags = 0x41)
0  O                                                                         (0 = 0.0%)
1  -O                                                                        (1 = 100.0%) {0.0%}
2  ... 

Histogram: SimpleCache.App.IndexNumEntriesOnInit recorded 1 samples, mean = 0.0 (flags = 0x41)
0  -O                                                                        (1 = 100.0%)
1  ... 

Histogram: SimpleCache.App.MaxCacheSizeOnInit recorded 1 samples, mean = 0.0 (flags = 0x41)
0  -O                                                                        (1 = 100.0%)
1000... 

Histogram: SimpleCache.Code.CacheSizeOnInit recorded 1 samples, mean = 2339.0 (flags = 0x41)
0     ... 
2174  -O                                                                        (1 = 100.0%) {0.0%}
2475  ... 

Histogram: SimpleCache.Code.ConsistencyResult recorded 1 samples, mean = 0.0 (flags = 0x41)
0  -O                                                                        (1 = 100.0%)
1  ... 

Histogram: SimpleCache.Code.CreationToIndex recorded 1 samples, mean = 14.0 (flags = 0x41)
0   ... 
14  -O                                                                        (1 = 100.0%) {0.0%}
17  ... 

Histogram: SimpleCache.Code.DiskCloseLatency recorded 28 samples, mean = 0.0 (flags = 0x41)
0  ----------------------------O                                             (28 = 100.0%)
1  ... 

Histogram: SimpleCache.Code.DiskCreateLatency recorded 1 samples, mean = 0.0 (flags = 0x40)
0  -O                                                                        (1 = 100.0%)
1  ... 

Histogram: SimpleCache.Code.DiskDoomLatency recorded 1 samples, mean = 0.0 (flags = 0x41)
0  -O                                                                        (1 = 100.0%)
1  ... 

Histogram: SimpleCache.Code.DiskOpenLatency recorded 27 samples, mean = 16.6 (flags = 0x41)
0   ... 
8   ----O                                                                     (4 = 14.8%) {0.0%}
10  ---O                                                                      (3 = 11.1%) {14.8%}
12  --O                                                                       (2 = 7.4%) {25.9%}
14  -------O                                                                  (7 = 25.9%) {33.3%}
17  ---O                                                                      (3 = 11.1%) {59.3%}
20  -----O                                                                    (5 = 18.5%) {70.4%}
24  O                                                                         (0 = 0.0%) {88.9%}
29  ---O                                                                      (3 = 11.1%) {88.9%}
34  ... 

Histogram: SimpleCache.Code.EntryCreationTime recorded 28 samples, mean = 17.5 (flags = 0x41)
0   -O                                                                        (1 = 3.6%)
1   ... 
8   ----O                                                                     (4 = 14.3%) {3.6%}
10  --O                                                                       (2 = 7.1%) {17.9%}
12  -O                                                                        (1 = 3.6%) {25.0%}
14  ---O                                                                      (3 = 10.7%) {28.6%}
17  -------O                                                                  (7 = 25.0%) {39.3%}
20  ------O                                                                   (6 = 21.4%) {64.3%}
24  -O                                                                        (1 = 3.6%) {85.7%}
29  ---O                                                                      (3 = 10.7%) {89.3%}
34  ... 

Histogram: SimpleCache.Code.HeaderSize recorded 3 samples, mean = 36.0 (flags = 0x41)
0   ... 
34  ---O                                                                      (3 = 100.0%) {0.0%}
40  ... 

Histogram: SimpleCache.Code.IndexFileStateOnLoad recorded 1 samples, mean = 2.0 (flags = 0x41)
0  ... 
2  -O                                                                        (1 = 100.0%) {0.0%}
3  ... 

Histogram: SimpleCache.Code.IndexInitializeMethod recorded 1 samples, mean = 1.0 (flags = 0x41)
0  O                                                                         (0 = 0.0%)
1  -O                                                                        (1 = 100.0%) {0.0%}
2  ... 

Histogram: SimpleCache.Code.IndexNumEntriesOnInit recorded 1 samples, mean = 98.0 (flags = 0x41)
0   ... 
95  -O                                                                        (1 = 100.0%) {0.0%}
119 ... 

Histogram: SimpleCache.Code.MaxCacheSizeOnInit recorded 1 samples, mean = 327680.0 (flags = 0x41)
0       ... 
297881  -O                                                                        (1 = 100.0%) {0.0%}
339058  ... 

Histogram: SimpleCache.Code.OpenEntryIndexState recorded 33 samples, mean = 1.8 (flags = 0x41)
0  O                                                                         (0 = 0.0%)
1  ------O                                                                   (6 = 18.2%) {0.0%}
2  ---------------------------O                                              (27 = 81.8%) {18.2%}
3  O                                                                         (0 = 0.0%) {100.0%}

Histogram: SimpleCache.Code.SyncCheckEOFResult recorded 35 samples, mean = 0.0 (flags = 0x40)
0  -----------------------------------O                                      (35 = 100.0%)
1  ... 

Histogram: SimpleCache.Code.SyncCloseResult recorded 28 samples, mean = 0.0 (flags = 0x40)
0  ----------------------------O                                             (28 = 100.0%)
1  ... 

Histogram: SimpleCache.Code.SyncOpenPrefetchMode recorded 27 samples, mean = 0.0 (flags = 0x41)
0  ---------------------------O                                              (27 = 100.0%)
1  ... 

Histogram: SimpleCache.Code.SyncOpenResult recorded 27 samples, mean = 0.0 (flags = 0x40)
0  ---------------------------O                                              (27 = 100.0%)
1  ... 

Histogram: SiteEngagementService.EngagementScore recorded 1 samples, mean = 26.0 (flags = 0x41)
0   ... 
26  -O                                                                        (1 = 100.0%) {0.0%}
28  ... 

Histogram: SiteEngagementService.EngagementType recorded 1 samples, mean = 0.0 (flags = 0x41)
0  -O                                                                        (1 = 100.0%)
1  ... 

Histogram: SiteEngagementService.MeanEngagement recorded 1 samples, mean = 26.0 (flags = 0x41)
0   ... 
26  -O                                                                        (1 = 100.0%) {0.0%}
28  ... 

Histogram: SiteEngagementService.MedianEngagement recorded 1 samples, mean = 26.0 (flags = 0x41)
0   ... 
26  -O                                                                        (1 = 100.0%) {0.0%}
28  ... 

Histogram: SiteEngagementService.OriginsEngaged recorded 1 samples, mean = 1.0 (flags = 0x41)
0  O                                                                         (0 = 0.0%)
1  -O                                                                        (1 = 100.0%) {0.0%}
2  ... 

Histogram: SiteIsolatedCodeCache.JS.Behaviour recorded 34 samples, mean = 0.5 (flags = 0x41)
0  -------------------------O                                                (25 = 73.5%)
1  -----O                                                                    (5 = 14.7%) {73.5%}
2  -O                                                                        (1 = 2.9%) {88.2%}
3  --O                                                                       (2 = 5.9%) {91.2%}
4  -O                                                                        (1 = 2.9%) {97.1%}
5  ... 

Histogram: SiteIsolatedCodeCache.JS.FetchCodeCache recorded 21 samples, mean = 22.8 (flags = 0x41)
0   ... 
10  -O                                                                        (1 = 4.8%) {0.0%}
12  ... 
17  -------O                                                                  (7 = 33.3%) {4.8%}
20  ------O                                                                   (6 = 28.6%) {38.1%}
24  --O                                                                       (2 = 9.5%) {66.7%}
29  -----O                                                                    (5 = 23.8%) {76.2%}
34  ... 

Histogram: SiteIsolatedCodeCache.JS.Hit recorded 26 samples, mean = 0.8 (flags = 0x41)
0  -----O                                                                    (5 = 19.2%)
1  ---------------------O                                                    (21 = 80.8%) {19.2%}
2  O                                                                         (0 = 0.0%) {100.0%}

Histogram: SiteIsolatedCodeCache.JS.PotentialMemoryBackedCodeCacheHit recorded 26 samples, mean = 0.0 (flags = 0x41)
0  --------------------------O                                               (26 = 100.0%)
1  ... 

Histogram: SiteIsolatedCodeCache.JS.PotentialMemoryBackedCodeCacheSize2 recorded 27 samples, mean = 1204480.0 (flags = 0x41)
0       ... 
977583  ---------------------------O                                              (27 = 100.0%) {0.0%}
1404020 ... 

Histogram: SiteIsolatedCodeCache.WASM.Behaviour recorded 6 samples, mean = 1.0 (flags = 0x41)
0  O                                                                         (0 = 0.0%)
1  ------O                                                                   (6 = 100.0%) {0.0%}
2  ... 

Histogram: SiteIsolation.BrowsingInstance.MaxCountPerProcess recorded 3 samples, mean = 0.7 (flags = 0x41)
0  -O                                                                        (1 = 33.3%)
1  --O                                                                       (2 = 66.7%) {33.3%}
2  ... 

Histogram: SiteIsolation.NewProcessUsedForNavigationWhenSameSiteProcessExists recorded 1 samples, mean = 0.0 (flags = 0x41)
0  -O                                                                        (1 = 100.0%)
1  ... 

Histogram: SiteIsolation.ProcessPerSiteWithMainFrameThreshold.IsDevToolsUser recorded 1 samples, mean = 0.0 (flags = 0x41)
0  -O                                                                        (1 = 100.0%)
1  ... 

Histogram: Skia.SubmitRenderPasses recorded 16 samples, mean = 0.8 (flags = 0x41)
0  -----------O                                                              (11 = 68.8%)
1  --O                                                                       (2 = 12.5%) {68.8%}
2  -O                                                                        (1 = 6.2%) {81.2%}
3  O                                                                         (0 = 0.0%) {87.5%}
4  --O                                                                       (2 = 12.5%) {87.5%}
5  ... 

Histogram: Sql.Statement.Affiliation.VMSteps recorded 15 samples, mean = 15.5 (flags = 0x41)
0   ... 
3   ----O                                                                     (4 = 26.7%) {0.0%}
4   O                                                                         (0 = 0.0%) {26.7%}
5   -O                                                                        (1 = 6.7%) {26.7%}
6   -O                                                                        (1 = 6.7%) {33.3%}
7   ... 
12  -----O                                                                    (5 = 33.3%) {40.0%}
14  ... 
20  -O                                                                        (1 = 6.7%) {73.3%}
24  O                                                                         (0 = 0.0%) {80.0%}
29  -O                                                                        (1 = 6.7%) {80.0%}
34  O                                                                         (0 = 0.0%) {86.7%}
40  -O                                                                        (1 = 6.7%) {86.7%}
48  -O                                                                        (1 = 6.7%) {93.3%}
57  ... 

Histogram: Sql.Statement.BrowsingTopics.VMSteps recorded 12 samples, mean = 8.0 (flags = 0x41)
0   ... 
3   ----O                                                                     (4 = 33.3%) {0.0%}
4   O                                                                         (0 = 0.0%) {33.3%}
5   -O                                                                        (1 = 8.3%) {33.3%}
6   ... 
8   --O                                                                       (2 = 16.7%) {41.7%}
10  O                                                                         (0 = 0.0%) {58.3%}
12  -----O                                                                    (5 = 41.7%) {58.3%}
14  ... 

Histogram: Sql.Statement.Cookie.VMSteps recorded 32 samples, mean = 20.8 (flags = 0x41)
0   ... 
3   ------O                                                                   (6 = 18.8%) {0.0%}
4   O                                                                         (0 = 0.0%) {18.8%}
5   --O                                                                       (2 = 6.2%) {18.8%}
6   O                                                                         (0 = 0.0%) {25.0%}
7   -O                                                                        (1 = 3.1%) {25.0%}
8   O                                                                         (0 = 0.0%) {28.1%}
10  -O                                                                        (1 = 3.1%) {28.1%}
12  ----------O                                                               (10 = 31.2%) {31.2%}
14  ... 
20  --O                                                                       (2 = 6.2%) {62.5%}
24  ----O                                                                     (4 = 12.5%) {68.8%}
29  O                                                                         (0 = 0.0%) {81.2%}
34  -O                                                                        (1 = 3.1%) {81.2%}
40  ... 
57  -----O                                                                    (5 = 15.6%) {84.4%}
68  ... 

Histogram: Sql.Statement.DIPS.VMSteps recorded 36 samples, mean = 13.6 (flags = 0x41)
0   ... 
3   --O                                                                       (2 = 5.6%) {0.0%}
4   O                                                                         (0 = 0.0%) {5.6%}
5   -O                                                                        (1 = 2.8%) {5.6%}
6   ... 
8   ------O                                                                   (6 = 16.7%) {8.3%}
10  -O                                                                        (1 = 2.8%) {25.0%}
12  -------------O                                                            (13 = 36.1%) {27.8%}
14  --O                                                                       (2 = 5.6%) {63.9%}
17  -----O                                                                    (5 = 13.9%) {69.4%}
20  -----O                                                                    (5 = 13.9%) {83.3%}
24  -O                                                                        (1 = 2.8%) {97.2%}
29  ... 

Histogram: Sql.Statement.FirstPartySets.VMSteps recorded 31 samples, mean = 9.2 (flags = 0x41)
0   ... 
3   ----------O                                                               (10 = 32.3%) {0.0%}
4   O                                                                         (0 = 0.0%) {32.3%}
5   -O                                                                        (1 = 3.2%) {32.3%}
6   ... 
8   ----O                                                                     (4 = 12.9%) {35.5%}
10  ---O                                                                      (3 = 9.7%) {48.4%}
12  -----------O                                                              (11 = 35.5%) {58.1%}
14  ... 
20  -O                                                                        (1 = 3.2%) {93.5%}
24  -O                                                                        (1 = 3.2%) {96.8%}
29  ... 

Histogram: Sql.Statement.History.VMSteps recorded 197 samples, mean = 22.1 (flags = 0x41)
0    ... 
3    --------O                                                                 (8 = 4.1%) {0.0%}
4    O                                                                         (0 = 0.0%) {4.1%}
5    -O                                                                        (1 = 0.5%) {4.1%}
6    --O                                                                       (2 = 1.0%) {4.6%}
7    O                                                                         (0 = 0.0%) {5.6%}
8    ----O                                                                     (4 = 2.0%) {5.6%}
10   ----O                                                                     (4 = 2.0%) {7.6%}
12   -----------------------------------------------------------O              (59 = 29.9%) {9.6%}
14   ---O                                                                      (3 = 1.5%) {39.6%}
17   ----------------------------------------O                                 (40 = 20.3%) {41.1%}
20   ---------------------------------------------------O                      (51 = 25.9%) {61.4%}
24   --------O                                                                 (8 = 4.1%) {87.3%}
29   ---O                                                                      (3 = 1.5%) {91.4%}
34   -O                                                                        (1 = 0.5%) {92.9%}
40   O                                                                         (0 = 0.0%) {93.4%}
48   -O                                                                        (1 = 0.5%) {93.4%}
57   -O                                                                        (1 = 0.5%) {93.9%}
68   -----O                                                                    (5 = 2.5%) {94.4%}
81   -O                                                                        (1 = 0.5%) {97.0%}
96   -O                                                                        (1 = 0.5%) {97.5%}
114  O                                                                         (0 = 0.0%) {98.0%}
135  ---O                                                                      (3 = 1.5%) {98.0%}
160  O                                                                         (0 = 0.0%) {99.5%}
190  -O                                                                        (1 = 0.5%) {99.5%}
226  ... 

Histogram: Sql.Statement.OptOutBlacklist.VMSteps recorded 4 samples, mean = 10.8 (flags = 0x41)
0   ... 
5   -O                                                                        (1 = 25.0%) {0.0%}
6   O                                                                         (0 = 0.0%) {25.0%}
7   -O                                                                        (1 = 25.0%) {25.0%}
8   O                                                                         (0 = 0.0%) {50.0%}
10  -O                                                                        (1 = 25.0%) {50.0%}
12  ... 
20  -O                                                                        (1 = 25.0%) {75.0%}
24  ... 

Histogram: Sql.Statement.Passwords.VMSteps recorded 51 samples, mean = 24.6 (flags = 0x41)
0   ... 
3   ----O                                                                     (4 = 7.8%) {0.0%}
4   O                                                                         (0 = 0.0%) {7.8%}
5   --O                                                                       (2 = 3.9%) {7.8%}
6   ------O                                                                   (6 = 11.8%) {11.8%}
7   ----O                                                                     (4 = 7.8%) {23.5%}
8   ---O                                                                      (3 = 5.9%) {31.4%}
10  O                                                                         (0 = 0.0%) {37.3%}
12  ------------O                                                             (12 = 23.5%) {37.3%}
14  --O                                                                       (2 = 3.9%) {60.8%}
17  O                                                                         (0 = 0.0%) {64.7%}
20  --O                                                                       (2 = 3.9%) {64.7%}
24  ... 
34  --O                                                                       (2 = 3.9%) {68.6%}
40  ----O                                                                     (4 = 7.8%) {72.5%}
48  O                                                                         (0 = 0.0%) {80.4%}
57  ----O                                                                     (4 = 7.8%) {80.4%}
68  ------O                                                                   (6 = 11.8%) {88.2%}
81  ... 

Histogram: Sql.Statement.Predictor.VMSteps recorded 15 samples, mean = 15.4 (flags = 0x41)
0   ... 
3   --O                                                                       (2 = 13.3%) {0.0%}
4   O                                                                         (0 = 0.0%) {13.3%}
5   -O                                                                        (1 = 6.7%) {13.3%}
6   ---O                                                                      (3 = 20.0%) {20.0%}
7   O                                                                         (0 = 0.0%) {40.0%}
8   -O                                                                        (1 = 6.7%) {40.0%}
10  --O                                                                       (2 = 13.3%) {46.7%}
12  -O                                                                        (1 = 6.7%) {60.0%}
14  -O                                                                        (1 = 6.7%) {66.7%}
17  ... 
24  -O                                                                        (1 = 6.7%) {73.3%}
29  -O                                                                        (1 = 6.7%) {80.0%}
34  O                                                                         (0 = 0.0%) {86.7%}
40  -O                                                                        (1 = 6.7%) {86.7%}
48  -O                                                                        (1 = 6.7%) {93.3%}
57  ... 

Histogram: Sql.Statement.Quota.VMSteps recorded 22 samples, mean = 8.5 (flags = 0x41)
0   ... 
3   ----O                                                                     (4 = 18.2%) {0.0%}
4   O                                                                         (0 = 0.0%) {18.2%}
5   -O                                                                        (1 = 4.5%) {18.2%}
6   --O                                                                       (2 = 9.1%) {22.7%}
7   O                                                                         (0 = 0.0%) {31.8%}
8   -----O                                                                    (5 = 22.7%) {31.8%}
10  --O                                                                       (2 = 9.1%) {54.5%}
12  --------O                                                                 (8 = 36.4%) {63.6%}
14  ... 

Histogram: Sql.Statement.ReportingAndNEL.VMSteps recorded 12 samples, mean = 13.8 (flags = 0x41)
0   ... 
3   --O                                                                       (2 = 16.7%) {0.0%}
4   O                                                                         (0 = 0.0%) {16.7%}
5   -O                                                                        (1 = 8.3%) {16.7%}
6   -O                                                                        (1 = 8.3%) {25.0%}
7   ... 
12  -----O                                                                    (5 = 41.7%) {33.3%}
14  ... 
20  -O                                                                        (1 = 8.3%) {75.0%}
24  O                                                                         (0 = 0.0%) {83.3%}
29  -O                                                                        (1 = 8.3%) {83.3%}
34  -O                                                                        (1 = 8.3%) {91.7%}
40  ... 

Histogram: Sql.Statement.SharedDictionary.VMSteps recorded 20 samples, mean = 9.1 (flags = 0x41)
0   ... 
3   --------O                                                                 (8 = 40.0%) {0.0%}
4   O                                                                         (0 = 0.0%) {40.0%}
5   -O                                                                        (1 = 5.0%) {40.0%}
6   ... 
8   -O                                                                        (1 = 5.0%) {45.0%}
10  O                                                                         (0 = 0.0%) {50.0%}
12  -------O                                                                  (7 = 35.0%) {50.0%}
14  O                                                                         (0 = 0.0%) {85.0%}
17  --O                                                                       (2 = 10.0%) {85.0%}
20  -O                                                                        (1 = 5.0%) {95.0%}
24  ... 

Histogram: Sql.Statement.SharedStorage.VMSteps recorded 3 samples, mean = 7.7 (flags = 0x41)
0   ... 
5   -O                                                                        (1 = 33.3%) {0.0%}
6   ... 
8   -O                                                                        (1 = 33.3%) {33.3%}
10  -O                                                                        (1 = 33.3%) {66.7%}
12  ... 

Histogram: Sql.Statement.Thumbnail.VMSteps recorded 24 samples, mean = 11.7 (flags = 0x41)
0   ... 
3   --------O                                                                 (8 = 33.3%) {0.0%}
4   O                                                                         (0 = 0.0%) {33.3%}
5   -O                                                                        (1 = 4.2%) {33.3%}
6   ... 
8   -O                                                                        (1 = 4.2%) {37.5%}
10  O                                                                         (0 = 0.0%) {41.7%}
12  ----------O                                                               (10 = 41.7%) {41.7%}
14  ... 
20  -O                                                                        (1 = 4.2%) {83.3%}
24  O                                                                         (0 = 0.0%) {87.5%}
29  ---O                                                                      (3 = 12.5%) {87.5%}
34  ... 

Histogram: Sql.Statement.TopSites.VMSteps recorded 13 samples, mean = 13.5 (flags = 0x41)
0   ... 
3   --O                                                                       (2 = 15.4%) {0.0%}
4   O                                                                         (0 = 0.0%) {15.4%}
5   -O                                                                        (1 = 7.7%) {15.4%}
6   ... 
12  ---------O                                                                (9 = 69.2%) {23.1%}
14  ... 
48  -O                                                                        (1 = 7.7%) {92.3%}
57  ... 

Histogram: Sql.Statement.TrustTokens.VMSteps recorded 16 samples, mean = 14.1 (flags = 0x41)
0   ... 
3   --O                                                                       (2 = 12.5%) {0.0%}
4   O                                                                         (0 = 0.0%) {12.5%}
5   -O                                                                        (1 = 6.2%) {12.5%}
6   ---O                                                                      (3 = 18.8%) {18.8%}
7   ... 
10  -O                                                                        (1 = 6.2%) {37.5%}
12  -----O                                                                    (5 = 31.2%) {43.8%}
14  ... 
20  -O                                                                        (1 = 6.2%) {75.0%}
24  O                                                                         (0 = 0.0%) {81.2%}
29  -O                                                                        (1 = 6.2%) {81.2%}
34  --O                                                                       (2 = 12.5%) {87.5%}
40  ... 

Histogram: Sql.Statement.UKMMetrics.VMSteps recorded 30 samples, mean = 13.1 (flags = 0x41)
0   ... 
3   -----O                                                                    (5 = 16.7%) {0.0%}
4   O                                                                         (0 = 0.0%) {16.7%}
5   -O                                                                        (1 = 3.3%) {16.7%}
6   ... 
8   --------O                                                                 (8 = 26.7%) {20.0%}
10  O                                                                         (0 = 0.0%) {46.7%}
12  ------O                                                                   (6 = 20.0%) {46.7%}
14  ... 
20  --------O                                                                 (8 = 26.7%) {66.7%}
24  O                                                                         (0 = 0.0%) {93.3%}
29  -O                                                                        (1 = 3.3%) {93.3%}
34  O                                                                         (0 = 0.0%) {96.7%}
40  -O                                                                        (1 = 3.3%) {96.7%}
48  ... 

Histogram: Sql.Statement.Web.VMSteps recorded 116 samples, mean = 53.1 (flags = 0x41)
0    ... 
3    --------O                                                                 (8 = 6.9%) {0.0%}
4    -O                                                                        (1 = 0.9%) {6.9%}
5    -O                                                                        (1 = 0.9%) {7.8%}
6    ------------O                                                             (12 = 10.3%) {8.6%}
7    ----------O                                                               (10 = 8.6%) {19.0%}
8    ------O                                                                   (6 = 5.2%) {27.6%}
10   ---------O                                                                (9 = 7.8%) {32.8%}
12   --------------O                                                           (14 = 12.1%) {40.5%}
14   -O                                                                        (1 = 0.9%) {52.6%}
17   ---O                                                                      (3 = 2.6%) {53.4%}
20   -O                                                                        (1 = 0.9%) {56.0%}
24   -O                                                                        (1 = 0.9%) {56.9%}
29   --O                                                                       (2 = 1.7%) {57.8%}
34   --O                                                                       (2 = 1.7%) {59.5%}
40   --O                                                                       (2 = 1.7%) {61.2%}
48   ---O                                                                      (3 = 2.6%) {62.9%}
57   ----O                                                                     (4 = 3.4%) {65.5%}
68   ----O                                                                     (4 = 3.4%) {69.0%}
81   --O                                                                       (2 = 1.7%) {72.4%}
96   -------O                                                                  (7 = 6.0%) {74.1%}
114  -----O                                                                    (5 = 4.3%) {80.2%}
135  -------O                                                                  (7 = 6.0%) {84.5%}
160  -----O                                                                    (5 = 4.3%) {90.5%}
190  ------O                                                                   (6 = 5.2%) {94.8%}
226  ... 

Histogram: Sql.vfs.SyncTime recorded 59 samples, mean = 0.3 (flags = 0x41)
0  ------------------------------------------O                               (42 = 71.2%)
1  -----------------O                                                        (17 = 28.8%) {71.2%}
2  ... 

Histogram: Stability.Counts2 recorded 8 samples, mean = 24.2 (flags = 0x43)
0   ... 
2   -O                                                                        (1 = 12.5%) {0.0%}
3   ... 
15  -O                                                                        (1 = 12.5%) {12.5%}
16  ... 
26  ---O                                                                      (3 = 37.5%) {25.0%}
27  ... 
33  ---O                                                                      (3 = 37.5%) {62.5%}
34  O                                                                         (0 = 0.0%) {100.0%}

Histogram: Stability.Experimental.PageLoads recorded 1 samples, mean = 17.0 (flags = 0x41)
0   ... 
17  -O                                                                        (1 = 100.0%) {0.0%}
18  O                                                                         (0 = 0.0%) {100.0%}

Histogram: Startup.AfterStartupTaskCount recorded 1 samples, mean = 2.0 (flags = 0x41)
0  ... 
2  -O                                                                        (1 = 100.0%) {0.0%}
3  ... 

Histogram: Startup.AfterStartupTaskDelayedUntilTime recorded 1 samples, mean = 23529.0 (flags = 0x41)
0      ... 
20614  -O                                                                        (1 = 100.0%) {0.0%}
27929  ... 

Histogram: Startup.BrowserMainRunnerImplInitializeLongTime recorded 1 samples, mean = 168.0 (flags = 0x41)
0    ... 
158  -O                                                                        (1 = 100.0%) {0.0%}
182  ... 

Histogram: Startup.BrowserMessageLoopFirstIdle recorded 1 samples, mean = 8137134.0 (flags = 0x41)
0        ... 
3600000  -O                                                                        (1 = 100.0%) {0.0%}

Histogram: Startup.BrowserMessageLoopStartTime recorded 1 samples, mean = 231.0 (flags = 0x41)
0    ... 
210  -O                                                                        (1 = 100.0%) {0.0%}
242  ... 

Histogram: Startup.CreateFirstProfile recorded 1 samples, mean = 117.0 (flags = 0x41)
0   ... 
87  -O                                                                        (1 = 100.0%) {0.0%}
118 ... 

Histogram: Startup.FirstWebContents.FinishReason recorded 1 samples, mean = 6.0 (flags = 0x41)
0  ... 
6  -O                                                                        (1 = 100.0%) {0.0%}
7  ... 

Histogram: Startup.LoadTime.ApplicationStartToChromeMain recorded 1 samples, mean = 0.0 (flags = 0x41)
0  -O                                                                        (1 = 100.0%)
1  ... 

Histogram: Startup.LoadTime.ProcessCreateToApplicationStart recorded 1 samples, mean = 12182.0 (flags = 0x41)
0      ... 
11230  -O                                                                        (1 = 100.0%) {0.0%}
15215  ... 

Histogram: Startup.LoadTime.RecordedProcessCreation recorded 1 samples, mean = 1.0 (flags = 0x1)
0  O                                                                         (0 = 0.0%)
1  -O                                                                        (1 = 100.0%) {0.0%}
2  O                                                                         (0 = 0.0%) {100.0%}

Histogram: Startup.PreMainMessageLoopRunImplLongTime recorded 1 samples, mean = 126.0 (flags = 0x41)
0    ... 
119  -O                                                                        (1 = 100.0%) {0.0%}
137  ... 

Histogram: Startup.Temperature recorded 1 samples, mean = 3.0 (flags = 0x41)
0  ... 
3  -O                                                                        (1 = 100.0%) {0.0%}
4  O                                                                         (0 = 0.0%) {100.0%}

Histogram: Storage.Blob.CreateDirectoryResult recorded 1 samples, mean = 0.0 (flags = 0x41)
0  -O                                                                        (1 = 100.0%)
1  ... 

Histogram: Storage.SessionStorage.RendererAreaCacheHit recorded 2 samples, mean = 1.0 (flags = 0x41)
0  -O                                                                        (1 = 50.0%)
1  O                                                                         (0 = 0.0%) {50.0%}
2  -O                                                                        (1 = 50.0%) {50.0%}
3  O                                                                         (0 = 0.0%) {100.0%}

Histogram: Storage.SharedStorage.Database.Timing.OpenImpl recorded 1 samples, mean = 3.0 (flags = 0x41)
0  ... 
3  -O                                                                        (1 = 100.0%) {0.0%}
4  ... 

Histogram: Storage.SharedStorage.OnShutdown.NumSqlErrors recorded 1 samples, mean = 0.0 (flags = 0x41)
0  -O                                                                        (1 = 100.0%)
1  ... 

Histogram: Storage.SharedStorage.OnShutdown.RecoveryFromInitFailureAttempted recorded 1 samples, mean = 0.0 (flags = 0x41)
0  -O                                                                        (1 = 100.0%)
1  ... 

Histogram: Storage.SharedStorage.OnShutdown.RecoveryOnDiskAttempted recorded 1 samples, mean = 0.0 (flags = 0x41)
0  -O                                                                        (1 = 100.0%)
1  ... 

Histogram: Storage.SharedStorage.Worklet.NumPerPage recorded 1 samples, mean = 0.0 (flags = 0x41)
0  -O                                                                        (1 = 100.0%)
1  ... 

Histogram: Storage.SharedStorage.Worklet.SelectURL.CallsPerPage recorded 1 samples, mean = 0.0 (flags = 0x41)
0  -O                                                                        (1 = 100.0%)
1  ... 

Histogram: Style.InvalidationTime recorded 3 samples, mean = 55.7 (flags = 0x41)
0   ... 
40  -O                                                                        (1 = 33.3%) {0.0%}
55  --O                                                                       (2 = 66.7%) {33.3%}
76  ... 

Histogram: Style.RebuildLayoutTreeTime recorded 9 samples, mean = 396.1 (flags = 0x41)
0     ... 
11    -O                                                                        (1 = 11.1%) {0.0%}
15    ... 
40    --O                                                                       (2 = 22.2%) {11.1%}
55    ---O                                                                      (3 = 33.3%) {33.3%}
76    --O                                                                       (2 = 22.2%) {66.7%}
105   ... 
2786  -O                                                                        (1 = 11.1%) {88.9%}
3865  ... 

Histogram: Style.RecalcTime recorded 11 samples, mean = 2162.6 (flags = 0x41)
0     ... 
2     -O                                                                        (1 = 9.1%) {0.0%}
3     ... 
40    -O                                                                        (1 = 9.1%) {9.1%}
55    -O                                                                        (1 = 9.1%) {18.2%}
76    ... 
146   -O                                                                        (1 = 9.1%) {27.3%}
203   O                                                                         (0 = 0.0%) {36.4%}
282   --O                                                                       (2 = 18.2%) {36.4%}
391   ... 
2008  --O                                                                       (2 = 18.2%) {54.5%}
2786  -O                                                                        (1 = 9.1%) {72.7%}
3865  O                                                                         (0 = 0.0%) {81.8%}
5362  -O                                                                        (1 = 9.1%) {81.8%}
7439  -O                                                                        (1 = 9.1%) {90.9%}
10321 ... 

Histogram: SubresourceFilter.MainFrameLoad.RulesetIsAvailableAnyActivationLevel recorded 1 samples, mean = 0.0 (flags = 0x41)
0  -O                                                                        (1 = 100.0%)
1  ... 

Histogram: SubresourceFilter.PageLoad.ActivationDecision recorded 1 samples, mean = 1.0 (flags = 0x41)
0  O                                                                         (0 = 0.0%)
1  -O                                                                        (1 = 100.0%) {0.0%}
2  ... 

Histogram: SubresourceFilter.PageLoad.ActivationList recorded 1 samples, mean = 0.0 (flags = 0x41)
0  -O                                                                        (1 = 100.0%)
1  ... 

Histogram: SubresourceFilter.PageLoad.ActivationState recorded 2 samples, mean = 0.0 (flags = 0x41)
0  --O                                                                       (2 = 100.0%)
1  ... 

Histogram: SubresourceFilter.PageLoad.SafeBrowsingDelay recorded 1 samples, mean = 0.0 (flags = 0x41)
0  -O                                                                        (1 = 100.0%)
1  ... 

Histogram: SubresourceFilter.SafeBrowsing.TotalCheckTime recorded 3 samples, mean = 0.0 (flags = 0x41)
0  ---O                                                                      (3 = 100.0%)
1  ... 

Histogram: Sync.ModelTypeErrorSite.DEVICE_INFO recorded 1 samples, mean = 0.0 (flags = 0x41)
0  -O                                                                        (1 = 100.0%)
1  ... 

Histogram: Sync.ModelTypeErrorSite.READING_LIST recorded 2 samples, mean = 0.0 (flags = 0x41)
0  --O                                                                       (2 = 100.0%)
1  ... 

Histogram: Sync.ModelTypeErrorSite.SEND_TAB_TO_SELF recorded 1 samples, mean = 0.0 (flags = 0x41)
0  -O                                                                        (1 = 100.0%)
1  ... 

Histogram: Sync.ModelTypeErrorSite.WEB_APP recorded 1 samples, mean = 0.0 (flags = 0x41)
0  -O                                                                        (1 = 100.0%)
1  ... 

Histogram: Sync.ModelTypeStoreBackendError.Init recorded 1 samples, mean = 5.0 (flags = 0x41)
0  ... 
5  -O                                                                        (1 = 100.0%) {0.0%}
6  O                                                                         (0 = 0.0%) {100.0%}

Histogram: Sync.ModelTypeStoreBackendInitializationSuccess recorded 1 samples, mean = 0.0 (flags = 0x41)
0  -O                                                                        (1 = 100.0%)
1  ... 

Histogram: Sync.PassphraseType2 recorded 1 samples, mean = 0.0 (flags = 0x41)
0  -O                                                                        (1 = 100.0%)
1  ... 

Histogram: Sync.SyncToSigninMigrationDecision recorded 1 samples, mean = 1.0 (flags = 0x41)
0  O                                                                         (0 = 0.0%)
1  -O                                                                        (1 = 100.0%) {0.0%}
2  ... 

Histogram: Sync.TrustedVaultFileReadStatus recorded 1 samples, mean = 0.0 (flags = 0x41)
0  -O                                                                        (1 = 100.0%)
1  ... 

Histogram: Sync.TrustedVaultFileWriteSuccess recorded 1 samples, mean = 1.0 (flags = 0x41)
0  O                                                                         (0 = 0.0%)
1  -O                                                                        (1 = 100.0%) {0.0%}
2  O                                                                         (0 = 0.0%) {100.0%}

Histogram: TabGroups.CollapsedGroupCountPerLoad recorded 1 samples, mean = 0.0 (flags = 0x41)
0  -O                                                                        (1 = 100.0%)
1  ... 

Histogram: TabGroups.UserCustomizedGroupCountPerLoad recorded 1 samples, mean = 0.0 (flags = 0x41)
0  -O                                                                        (1 = 100.0%)
1  ... 

Histogram: TabGroups.UserGroupCountPerLoad recorded 1 samples, mean = 0.0 (flags = 0x41)
0  -O                                                                        (1 = 100.0%)
1  ... 

Histogram: TabGroups.UserPinnedTabCountPerLoad recorded 1 samples, mean = 0.0 (flags = 0x41)
0  -O                                                                        (1 = 100.0%)
1  ... 

Histogram: Tabs.NewNavigationWithSameOriginTab recorded 1 samples, mean = 0.0 (flags = 0x41)
0  -O                                                                        (1 = 100.0%)
1  ... 

Histogram: Tabs.TabCount recorded 27 samples, mean = 0.0 (flags = 0x41)
0  ---------------------------O                                              (27 = 100.0%)
1  ... 

Histogram: Tabs.TabCount.PluggedIn recorded 27 samples, mean = 0.0 (flags = 0x41)
0  ---------------------------O                                              (27 = 100.0%)
1  ... 

Histogram: Tabs.TabCountPerLoad recorded 1 samples, mean = 0.0 (flags = 0x41)
0  -O                                                                        (1 = 100.0%)
1  ... 

Histogram: Tabs.WindowCount recorded 27 samples, mean = 0.0 (flags = 0x41)
0  ---------------------------O                                              (27 = 100.0%)
1  ... 

Histogram: Tabs.WindowCount.PluggedIn recorded 27 samples, mean = 0.0 (flags = 0x41)
0  ---------------------------O                                              (27 = 100.0%)
1  ... 

Histogram: ThirdPartyModules.InputMethodEditorsCount recorded 1 samples, mean = 0.0 (flags = 0x41)
0  -O                                                                        (1 = 100.0%)
1  ... 

Histogram: ThreadPool.UnnecessaryWakeup.Browser.Background recorded 3 samples, mean = 1.0 (flags = 0x41)
0  O                                                                         (0 = 0.0%)
1  ---O                                                                      (3 = 100.0%) {0.0%}
2  O                                                                         (0 = 0.0%) {100.0%}

Histogram: ThreadPool.UnnecessaryWakeup.Browser.Foreground recorded 81 samples, mean = 1.0 (flags = 0x41)
0  O                                                                         (0 = 0.0%)
1  ------------------------------------------------------------------------O (81 = 100.0%) {0.0%}
2  O                                                                         (0 = 0.0%) {100.0%}

Histogram: ThreadPool.UnnecessaryWakeup.ContentChild.Foreground recorded 22 samples, mean = 1.0 (flags = 0x41)
0  O                                                                         (0 = 0.0%)
1  ----------------------O                                                   (22 = 100.0%) {0.0%}
2  O                                                                         (0 = 0.0%) {100.0%}

Histogram: ThreadPool.UnnecessaryWakeup.GPU.Foreground recorded 2 samples, mean = 1.0 (flags = 0x41)
0  O                                                                         (0 = 0.0%)
1  --O                                                                       (2 = 100.0%) {0.0%}
2  O                                                                         (0 = 0.0%) {100.0%}

Histogram: ThreadPool.UnnecessaryWakeup.Renderer.Foreground recorded 91 samples, mean = 1.0 (flags = 0x41)
0  O                                                                         (0 = 0.0%)
1  ------------------------------------------------------------------------O (91 = 100.0%) {0.0%}
2  O                                                                         (0 = 0.0%) {100.0%}

Histogram: Translate.ApplicationStart.AlwaysTranslateLanguage.Count recorded 1 samples, mean = 0.0 (flags = 0x41)
0  -O                                                                        (1 = 100.0%)
1  ... 

Histogram: Translate.ApplicationStart.NeverTranslateLanguage recorded 1 samples (flags = 0x41)
-74147910-O                                                                        (1 = 100.0%)

Histogram: Translate.ApplicationStart.NeverTranslateLanguage.Count recorded 1 samples, mean = 1.0 (flags = 0x41)
0  O                                                                         (0 = 0.0%)
1  -O                                                                        (1 = 100.0%) {0.0%}
2  ... 

Histogram: Translate.ApplicationStart.NeverTranslateSite.Count recorded 1 samples, mean = 0.0 (flags = 0x41)
0  -O                                                                        (1 = 100.0%)
1  ... 

Histogram: Translate.LanguageDetection.LanguageVerification recorded 1 samples, mean = 2.0 (flags = 0x41)
0  ... 
2  -O                                                                        (1 = 100.0%) {0.0%}
3  ... 

Histogram: Translate.LanguageDeterminedDuration recorded 1 samples, mean = 1553.0 (flags = 0x41)
0     ... 
1340  -O                                                                        (1 = 100.0%) {0.0%}
1816  ... 

Histogram: Translate.PageLoad.FinalSourceLanguage recorded 1 samples (flags = 0x41)
-74147910-O                                                                        (1 = 100.0%)

Histogram: Translate.PageLoad.FinalState recorded 1 samples, mean = 1.0 (flags = 0x41)
0  O                                                                         (0 = 0.0%)
1  -O                                                                        (1 = 100.0%) {0.0%}
2  ... 

Histogram: Translate.PageLoad.FinalTargetLanguage recorded 1 samples (flags = 0x41)
-74147910-O                                                                        (1 = 100.0%)

Histogram: Translate.PageLoad.InitialSourceLanguage recorded 1 samples (flags = 0x41)
-74147910-O                                                                        (1 = 100.0%)

Histogram: Translate.PageLoad.InitialState recorded 1 samples, mean = 1.0 (flags = 0x41)
0  O                                                                         (0 = 0.0%)
1  -O                                                                        (1 = 100.0%) {0.0%}
2  ... 

Histogram: Translate.PageLoad.InitialTargetLanguage recorded 1 samples (flags = 0x41)
-74147910-O                                                                        (1 = 100.0%)

Histogram: Translate.PageLoad.InitialTargetLanguage.Origin recorded 1 samples, mean = 1.0 (flags = 0x41)
0  O                                                                         (0 = 0.0%)
1  -O                                                                        (1 = 100.0%) {0.0%}
2  ... 

Histogram: Translate.PageLoad.IsInitialSourceLanguageInUsersContentLanguages recorded 1 samples, mean = 1.0 (flags = 0x41)
0  O                                                                         (0 = 0.0%)
1  -O                                                                        (1 = 100.0%) {0.0%}
2  O                                                                         (0 = 0.0%) {100.0%}

Histogram: Translate.PageLoad.NumReversions recorded 1 samples, mean = 0.0 (flags = 0x41)
0  -O                                                                        (1 = 100.0%)
1  ... 

Histogram: Translate.PageLoad.NumTargetLanguageChanges recorded 1 samples, mean = 0.0 (flags = 0x41)
0  -O                                                                        (1 = 100.0%)
1  ... 

Histogram: Translate.PageLoad.NumTranslations recorded 1 samples, mean = 0.0 (flags = 0x41)
0  -O                                                                        (1 = 100.0%)
1  ... 

Histogram: Translate.PageLoad.Ranker.Decision recorded 1 samples, mean = 1.0 (flags = 0x41)
0  O                                                                         (0 = 0.0%)
1  -O                                                                        (1 = 100.0%) {0.0%}
2  ... 

Histogram: Translate.PageLoad.Ranker.Version recorded 1 samples (flags = 0x41)
0  -O                                                                        (1 = 100.0%)

Histogram: Translate.PageLoad.TriggerDecision recorded 1 samples, mean = 4.0 (flags = 0x41)
0  ... 
4  -O                                                                        (1 = 100.0%) {0.0%}
5  ... 

Histogram: Translate.Ranker.Model.Status2 recorded 2 samples, mean = 6.5 (flags = 0x41)
0  ... 
6  -O                                                                        (1 = 50.0%) {0.0%}
7  -O                                                                        (1 = 50.0%) {50.0%}
8  O                                                                         (0 = 0.0%) {100.0%}

Histogram: UI.DeviceScale recorded 1 samples (flags = 0x41)
150  -O                                                                        (1 = 100.0%)

Histogram: UKM.Entries.Dropped recorded 240 samples, mean = 1.0 (flags = 0x41)
0  O                                                                         (0 = 0.0%)
1  ------------------------------------------------------------------------O (240 = 100.0%) {0.0%}
2  ... 

Histogram: UKM.Entries.Dropped.ByEntryHash recorded 240 samples (flags = 0x41)
58315124    -O                                                                        (1 = 0.4%)
181657211   --O                                                                       (2 = 0.8%)
189164898   -O                                                                        (1 = 0.4%)
251237400   -O                                                                        (1 = 0.4%)
270025173   -O                                                                        (1 = 0.4%)
277070773   -O                                                                        (1 = 0.4%)
385121421   -O                                                                        (1 = 0.4%)
480593958   -----O                                                                    (5 = 2.1%)
532600439   ---O                                                                      (3 = 1.2%)
575234402   -O                                                                        (1 = 0.4%)
624513781   -O                                                                        (1 = 0.4%)
654949485   --------------O                                                           (14 = 5.8%)
661477988   -O                                                                        (1 = 0.4%)
705322609   ---O                                                                      (3 = 1.2%)
805578149   -O                                                                        (1 = 0.4%)
810755299   -O                                                                        (1 = 0.4%)
828084724   -------------------------------------------------------------------O      (67 = 27.9%)
854760832   -O                                                                        (1 = 0.4%)
888761441   -O                                                                        (1 = 0.4%)
902138984   -------O                                                                  (7 = 2.9%)
986870865   ----O                                                                     (4 = 1.7%)
1004547038  -O                                                                        (1 = 0.4%)
1035062417  -O                                                                        (1 = 0.4%)
1078164680  --O                                                                       (2 = 0.8%)
1149114043  -O                                                                        (1 = 0.4%)
1262170432  -------O                                                                  (7 = 2.9%)
1321082436  --O                                                                       (2 = 0.8%)
1350795912  -O                                                                        (1 = 0.4%)
1354891390  -O                                                                        (1 = 0.4%)
1404242571  -------------------------------------------------------------------O      (67 = 27.9%)
1545548559  -O                                                                        (1 = 0.4%)
1548358279  -O                                                                        (1 = 0.4%)
1576109827  -O                                                                        (1 = 0.4%)
1604233346  -------O                                                                  (7 = 2.9%)
1607081943  -O                                                                        (1 = 0.4%)
1645426679  -----O                                                                    (5 = 2.1%)
1663717192  -O                                                                        (1 = 0.4%)
1767609109  -----------O                                                              (11 = 4.6%)
1790338714  -O                                                                        (1 = 0.4%)
1832900131  ----O                                                                     (4 = 1.7%)
1866365893  -O                                                                        (1 = 0.4%)
1871083634  -O                                                                        (1 = 0.4%)
1982793904  -O                                                                        (1 = 0.4%)
2037740339  --O                                                                       (2 = 0.8%)
2066033668  -O                                                                        (1 = 0.4%)

Histogram: UKM.PersistentLogRecall.Status recorded 1 samples, mean = 1.0 (flags = 0x41)
0  O                                                                         (0 = 0.0%)
1  -O                                                                        (1 = 100.0%) {0.0%}
2  ... 

Histogram: UKM.Sources.Dropped recorded 7 samples, mean = 1.0 (flags = 0x41)
0  O                                                                         (0 = 0.0%)
1  -------O                                                                  (7 = 100.0%) {0.0%}
2  ... 

Histogram: UKM.WebDXFeatureSets.Dropped recorded 2 samples, mean = 1.0 (flags = 0x41)
0  O                                                                         (0 = 0.0%)
1  --O                                                                       (2 = 100.0%) {0.0%}
2  ... 

Histogram: UMA.ChildProcess.Ping.Periodic recorded 36 samples, mean = 1.0 (flags = 0x41)
0  ------------O                                                             (12 = 33.3%)
1  ------------O                                                             (12 = 33.3%) {33.3%}
2  ------------O                                                             (12 = 33.3%) {66.7%}
3  O                                                                         (0 = 0.0%) {100.0%}

Histogram: UMA.ChildProcess.Ping.SharedMemorySetUp recorded 22 samples, mean = 1.0 (flags = 0x41)
0  --------O                                                                 (8 = 36.4%)
1  -------O                                                                  (7 = 31.8%) {36.4%}
2  -------O                                                                  (7 = 31.8%) {68.2%}
3  O                                                                         (0 = 0.0%) {100.0%}

Histogram: UMA.CleanExitBeaconConsistency3 recorded 1 samples, mean = 0.0 (flags = 0x41)
0  -O                                                                        (1 = 100.0%)
1  ... 

Histogram: UMA.EntropySourceType recorded 1 samples, mean = 1.0 (flags = 0x41)
0  O                                                                         (0 = 0.0%)
1  -O                                                                        (1 = 100.0%) {0.0%}
2  ... 

Histogram: UMA.LocalHistogram recorded 9 samples, mean = 1.0 (flags = 0x40)
0  O                                                                         (0 = 0.0%)
1  ---------O                                                                (9 = 100.0%) {0.0%}
2  O                                                                         (0 = 0.0%) {100.0%}

Histogram: UMA.MachineIdState recorded 1 samples, mean = 3.0 (flags = 0x41)
0  ... 
3  -O                                                                        (1 = 100.0%) {0.0%}
4  O                                                                         (0 = 0.0%) {100.0%}

Histogram: UMA.MetricsService.Initialize.Time recorded 1 samples, mean = 39.0 (flags = 0x41)
0   ... 
37  -O                                                                        (1 = 100.0%) {0.0%}
49  ... 

Histogram: UMA.MetricsService.PendingOngoingLogOnDisable recorded 1 samples, mean = 0.0 (flags = 0x41)
0  -O                                                                        (1 = 100.0%)
1  ... 

Histogram: UMA.PersistentAllocator.BrowserMetrics.Errors recorded 0 samples (flags = 0x41)
0 ... 

Histogram: UMA.PersistentAllocator.BrowserMetrics.UsedPct recorded 0 samples (flags = 0x41)
0 ... 

Histogram: UMA.PersistentAllocator.EarlyHistograms.BrowserMetrics recorded 1 samples, mean = 1.0 (flags = 0x41)
0  O                                                                         (0 = 0.0%)
1  -O                                                                        (1 = 100.0%) {0.0%}
2  ... 

Histogram: UMA.PersistentAllocator.EarlyHistograms.GpuMetrics recorded 1 samples, mean = 25.0 (flags = 0x41)
0   ... 
25  -O                                                                        (1 = 100.0%) {0.0%}
26  ... 

Histogram: UMA.PersistentAllocator.EarlyHistograms.RendererMetrics recorded 3 samples, mean = 30.3 (flags = 0x41)
0   ... 
30  ---O                                                                      (3 = 100.0%) {0.0%}
32  ... 

Histogram: UMA.PersistentAllocator.EarlyHistograms.UtilityMetrics recorded 3 samples, mean = 7.0 (flags = 0x41)
0  ... 
7  ---O                                                                      (3 = 100.0%) {0.0%}
8  ... 

Histogram: UMA.PersistentAllocator.FieldTrialAllocator.Errors recorded 0 samples (flags = 0x41)
0 ... 

Histogram: UMA.PersistentAllocator.FieldTrialAllocator.UsedPct recorded 8 samples, mean = 0.0 (flags = 0x41)
0  --------O                                                                 (8 = 100.0%)
1  ... 

Histogram: UMA.PersistentHistograms.InitResult recorded 1 samples, mean = 2.0 (flags = 0x41)
0  ... 
2  -O                                                                        (1 = 100.0%) {0.0%}
3  ... 

Histogram: UMA.Pseudo.PageLoad.LayoutInstability.CumulativeShiftScore recorded 1 samples, mean = 0.0 (flags = 0x41)
0  -O                                                                        (1 = 100.0%)
1  ... 

Histogram: UMA.Pseudo.PageLoad.LayoutInstability.MaxCumulativeShiftScore.SessionWindow.Gap1000ms.Max5000ms2 recorded 1 samples, mean = 0.0 (flags = 0x41)
0  -O                                                                        (1 = 100.0%)
1  ... 

Histogram: UnifiedConsent.MakeSearchesAndBrowsingBetter.OnProfileLoad recorded 1 samples, mean = 0.0 (flags = 0x41)
0  -O                                                                        (1 = 100.0%)
1  ... 

Histogram: V8.CollectSourcePositions recorded 4 samples, mean = 141.0 (flags = 0x41)
0    ... 
65   -O                                                                        (1 = 25.0%) {0.0%}
86   O                                                                         (0 = 0.0%) {25.0%}
113  -O                                                                        (1 = 25.0%) {25.0%}
149  --O                                                                       (2 = 50.0%) {50.0%}
196  ... 

Histogram: V8.CompileDeserializeMicroSeconds recorded 20 samples, mean = 6.2 (flags = 0x41)
0   O                                                                         (0 = 0.0%)
1   --O                                                                       (2 = 10.0%) {0.0%}
2   O                                                                         (0 = 0.0%) {10.0%}
3   ---O                                                                      (3 = 15.0%) {10.0%}
4   ---O                                                                      (3 = 15.0%) {25.0%}
5   -----O                                                                    (5 = 25.0%) {40.0%}
7   ----O                                                                     (4 = 20.0%) {65.0%}
9   --O                                                                       (2 = 10.0%) {85.0%}
12  O                                                                         (0 = 0.0%) {95.0%}
16  -O                                                                        (1 = 5.0%) {95.0%}
21  ... 

Histogram: V8.CompileLazyMicroSeconds recorded 5 samples, mean = 6910.6 (flags = 0x41)
0      ... 
55     -O                                                                        (1 = 20.0%) {0.0%}
76     ... 
1447   -O                                                                        (1 = 20.0%) {20.0%}
2008   O                                                                         (0 = 0.0%) {40.0%}
2786   -O                                                                        (1 = 20.0%) {40.0%}
3865   O                                                                         (0 = 0.0%) {60.0%}
5362   -O                                                                        (1 = 20.0%) {60.0%}
7439   ... 
19866  -O                                                                        (1 = 20.0%) {80.0%}
27562  ... 

Histogram: V8.CompileMicroSeconds recorded 22 samples, mean = 36.0 (flags = 0x41)
0    O                                                                         (0 = 0.0%)
1    -----O                                                                    (5 = 22.7%) {0.0%}
2    -----O                                                                    (5 = 22.7%) {22.7%}
3    --O                                                                       (2 = 9.1%) {45.5%}
4    ... 
12   -O                                                                        (1 = 4.5%) {54.5%}
16   O                                                                         (0 = 0.0%) {59.1%}
21   ---O                                                                      (3 = 13.6%) {59.1%}
28   -O                                                                        (1 = 4.5%) {72.7%}
37   -O                                                                        (1 = 4.5%) {77.3%}
49   -O                                                                        (1 = 4.5%) {81.8%}
65   O                                                                         (0 = 0.0%) {86.4%}
86   -O                                                                        (1 = 4.5%) {86.4%}
113  ... 
196  --O                                                                       (2 = 9.1%) {90.9%}
258  ... 

Histogram: V8.CompileScript.CacheBehaviour recorded 48 samples, mean = 5.1 (flags = 0x41)
0   ... 
2   --------------------O                                                     (20 = 41.7%) {0.0%}
3   O                                                                         (0 = 0.0%) {41.7%}
4   ----------------O                                                         (16 = 33.3%) {41.7%}
5   ... 
8   --O                                                                       (2 = 4.2%) {75.0%}
9   ... 
12  ------O                                                                   (6 = 12.5%) {79.2%}
13  ----O                                                                     (4 = 8.3%) {91.7%}
14  ... 

Histogram: V8.CompileScriptMicroSeconds recorded 48 samples, mean = 51.2 (flags = 0x41)
0    O                                                                         (0 = 0.0%)
1    -O                                                                        (1 = 2.1%) {0.0%}
2    -O                                                                        (1 = 2.1%) {2.1%}
3    -O                                                                        (1 = 2.1%) {4.2%}
4    ----O                                                                     (4 = 8.3%) {6.2%}
5    ----O                                                                     (4 = 8.3%) {14.6%}
7    -----O                                                                    (5 = 10.4%) {22.9%}
9    --------O                                                                 (8 = 16.7%) {33.3%}
12   ------O                                                                   (6 = 12.5%) {50.0%}
16   -O                                                                        (1 = 2.1%) {62.5%}
21   ------O                                                                   (6 = 12.5%) {64.6%}
28   O                                                                         (0 = 0.0%) {77.1%}
37   ---O                                                                      (3 = 6.2%) {77.1%}
49   O                                                                         (0 = 0.0%) {83.3%}
65   -O                                                                        (1 = 2.1%) {83.3%}
86   O                                                                         (0 = 0.0%) {85.4%}
113  --O                                                                       (2 = 4.2%) {85.4%}
149  ---O                                                                      (3 = 6.2%) {89.6%}
196  ... 
448  --O                                                                       (2 = 4.2%) {95.8%}
590  ... 

Histogram: V8.CompileScriptMicroSeconds.BackgroundThread recorded 6 samples, mean = 4919.7 (flags = 0x41)
0      ... 
196    -O                                                                        (1 = 16.7%) {0.0%}
258    O                                                                         (0 = 0.0%) {16.7%}
340    --O                                                                       (2 = 33.3%) {16.7%}
448    ... 
1023   -O                                                                        (1 = 16.7%) {50.0%}
1347   ... 
2336   -O                                                                        (1 = 16.7%) {66.7%}
3077   ... 
21156  -O                                                                        (1 = 16.7%) {83.3%}
27864  ... 

Histogram: V8.CompileScriptMicroSeconds.ConsumeCache recorded 20 samples, mean = 9.1 (flags = 0x41)
0   ... 
2   --O                                                                       (2 = 10.0%) {0.0%}
3   -O                                                                        (1 = 5.0%) {10.0%}
4   --O                                                                       (2 = 10.0%) {15.0%}
5   ----O                                                                     (4 = 20.0%) {25.0%}
7   ----O                                                                     (4 = 20.0%) {45.0%}
9   --O                                                                       (2 = 10.0%) {65.0%}
12  --O                                                                       (2 = 10.0%) {75.0%}
16  -O                                                                        (1 = 5.0%) {85.0%}
21  --O                                                                       (2 = 10.0%) {90.0%}
28  ... 

Histogram: V8.CompileScriptMicroSeconds.ConsumeCache.BackgroundThread recorded 20 samples, mean = 329.4 (flags = 0x41)
0     ... 
12    -O                                                                        (1 = 5.0%) {0.0%}
16    O                                                                         (0 = 0.0%) {5.0%}
21    ---O                                                                      (3 = 15.0%) {5.0%}
28    -O                                                                        (1 = 5.0%) {20.0%}
37    --O                                                                       (2 = 10.0%) {25.0%}
49    ---O                                                                      (3 = 15.0%) {35.0%}
65    -O                                                                        (1 = 5.0%) {50.0%}
86    ---O                                                                      (3 = 15.0%) {55.0%}
113   ----O                                                                     (4 = 20.0%) {70.0%}
149   -O                                                                        (1 = 5.0%) {90.0%}
196   ... 
4053  -O                                                                        (1 = 5.0%) {95.0%}
5338  ... 

Histogram: V8.CompileScriptMicroSeconds.NoCache.InlineScript recorded 16 samples, mean = 48.1 (flags = 0x41)
0    ... 
4    -O                                                                        (1 = 6.2%) {0.0%}
5    O                                                                         (0 = 0.0%) {6.2%}
7    -O                                                                        (1 = 6.2%) {6.2%}
9    --O                                                                       (2 = 12.5%) {12.5%}
12   ---O                                                                      (3 = 18.8%) {25.0%}
16   -O                                                                        (1 = 6.2%) {43.8%}
21   ---O                                                                      (3 = 18.8%) {50.0%}
28   O                                                                         (0 = 0.0%) {68.8%}
37   -O                                                                        (1 = 6.2%) {68.8%}
49   O                                                                         (0 = 0.0%) {75.0%}
65   -O                                                                        (1 = 6.2%) {75.0%}
86   O                                                                         (0 = 0.0%) {81.2%}
113  -O                                                                        (1 = 6.2%) {81.2%}
149  --O                                                                       (2 = 12.5%) {87.5%}
196  ... 

Histogram: V8.CompileScriptMicroSeconds.NoCache.Other recorded 6 samples, mean = 247.2 (flags = 0x41)
0    ... 
37   --O                                                                       (2 = 33.3%) {0.0%}
49   ... 
113  -O                                                                        (1 = 16.7%) {33.3%}
149  -O                                                                        (1 = 16.7%) {50.0%}
196  ... 
448  --O                                                                       (2 = 33.3%) {66.7%}
590  ... 

Histogram: V8.CompileScriptMicroSeconds.StreamingFinalization recorded 6 samples, mean = 13.2 (flags = 0x41)
0   ... 
5   -O                                                                        (1 = 16.7%) {0.0%}
7   O                                                                         (0 = 0.0%) {16.7%}
9   --O                                                                       (2 = 33.3%) {16.7%}
12  --O                                                                       (2 = 33.3%) {50.0%}
16  O                                                                         (0 = 0.0%) {83.3%}
21  -O                                                                        (1 = 16.7%) {83.3%}
28  ... 

Histogram: V8.ErrorsThrownPerContext recorded 1 samples, mean = 0.0 (flags = 0x41)
0  -O                                                                        (1 = 100.0%)
1  ... 

Histogram: V8.GC.Cycle.CollectionRate.Full recorded 2 samples, mean = 92.0 (flags = 0x41)
0   ... 
80  --O                                                                       (2 = 100.0%) {0.0%}
100 O                                                                         (0 = 0.0%) {100.0%}

Histogram: V8.GC.Cycle.CollectionRate.Full.Cpp recorded 2 samples, mean = 76.5 (flags = 0x41)
0   ... 
51  -O                                                                        (1 = 50.0%) {0.0%}
64  O                                                                         (0 = 0.0%) {50.0%}
80  -O                                                                        (1 = 50.0%) {50.0%}
100 O                                                                         (0 = 0.0%) {100.0%}

Histogram: V8.GC.Cycle.CollectionRate.Young recorded 17 samples, mean = 27.9 (flags = 0x41)
0   -O                                                                        (1 = 5.9%)
1   ... 
5   -O                                                                        (1 = 5.9%) {5.9%}
6   ... 
11  -O                                                                        (1 = 5.9%) {11.8%}
14  -O                                                                        (1 = 5.9%) {17.6%}
17  ---O                                                                      (3 = 17.6%) {23.5%}
21  -O                                                                        (1 = 5.9%) {41.2%}
26  ---O                                                                      (3 = 17.6%) {47.1%}
33  --O                                                                       (2 = 11.8%) {64.7%}
41  --O                                                                       (2 = 11.8%) {76.5%}
51  --O                                                                       (2 = 11.8%) {88.2%}
64  ... 

Histogram: V8.GC.Cycle.CollectionWeight.Full recorded 2 samples, mean = 0.0 (flags = 0x41)
0  --O                                                                       (2 = 100.0%)
1  ... 

Histogram: V8.GC.Cycle.CollectionWeight.Full.Cpp recorded 2 samples, mean = 0.0 (flags = 0x41)
0  --O                                                                       (2 = 100.0%)
1  ... 

Histogram: V8.GC.Cycle.CollectionWeight.MainThread.Full recorded 2 samples, mean = 0.0 (flags = 0x41)
0  --O                                                                       (2 = 100.0%)
1  ... 

Histogram: V8.GC.Cycle.CollectionWeight.MainThread.Full.Cpp recorded 2 samples, mean = 0.0 (flags = 0x41)
0  --O                                                                       (2 = 100.0%)
1  ... 

Histogram: V8.GC.Cycle.Efficiency.Full recorded 2 samples, mean = 25.5 (flags = 0x41)
0   ... 
2   -O                                                                        (1 = 50.0%) {0.0%}
3   ... 
48  -O                                                                        (1 = 50.0%) {50.0%}
65  ... 

Histogram: V8.GC.Cycle.Efficiency.Full.Cpp recorded 2 samples, mean = 230.5 (flags = 0x41)
0    ... 
2    -O                                                                        (1 = 50.0%) {0.0%}
3    ... 
411  -O                                                                        (1 = 50.0%) {50.0%}
559  ... 

Histogram: V8.GC.Cycle.Efficiency.MainThread.Full recorded 2 samples, mean = 279.0 (flags = 0x41)
0    ... 
7    -O                                                                        (1 = 50.0%) {0.0%}
10   ... 
411  -O                                                                        (1 = 50.0%) {50.0%}
559  ... 

Histogram: V8.GC.Cycle.Efficiency.MainThread.Full.Cpp recorded 2 samples, mean = 441.0 (flags = 0x41)
0    ... 
3    -O                                                                        (1 = 50.0%) {0.0%}
4    ... 
760  -O                                                                        (1 = 50.0%) {50.0%}
1034 ... 

Histogram: V8.GC.Cycle.Efficiency.MainThread.Young recorded 17 samples, mean = 1977.8 (flags = 0x41)
0     ... 
302   -O                                                                        (1 = 5.9%) {0.0%}
411   ---O                                                                      (3 = 17.6%) {5.9%}
559   -O                                                                        (1 = 5.9%) {23.5%}
760   --O                                                                       (2 = 11.8%) {29.4%}
1034  --O                                                                       (2 = 11.8%) {41.2%}
1407  --O                                                                       (2 = 11.8%) {52.9%}
1914  ---O                                                                      (3 = 17.6%) {64.7%}
2604  -O                                                                        (1 = 5.9%) {82.4%}
3542  O                                                                         (0 = 0.0%) {88.2%}
4818  -O                                                                        (1 = 5.9%) {88.2%}
6554  -O                                                                        (1 = 5.9%) {94.1%}
8915  ... 

Histogram: V8.GC.Cycle.Efficiency.Young recorded 17 samples, mean = 1349.9 (flags = 0x41)
0     ... 
163   -O                                                                        (1 = 5.9%) {0.0%}
222   -O                                                                        (1 = 5.9%) {5.9%}
302   -O                                                                        (1 = 5.9%) {11.8%}
411   ----O                                                                     (4 = 23.5%) {17.6%}
559   ---O                                                                      (3 = 17.6%) {41.2%}
760   ---O                                                                      (3 = 17.6%) {58.8%}
1034  -O                                                                        (1 = 5.9%) {76.5%}
1407  -O                                                                        (1 = 5.9%) {82.4%}
1914  ... 
3542  -O                                                                        (1 = 5.9%) {88.2%}
4818  O                                                                         (0 = 0.0%) {94.1%}
6554  -O                                                                        (1 = 5.9%) {94.1%}
8915  ... 

Histogram: V8.GC.Cycle.Full recorded 2 samples, mean = 49.5 (flags = 0x41)
0   ... 
40  -O                                                                        (1 = 50.0%) {0.0%}
48  -O                                                                        (1 = 50.0%) {50.0%}
57  ... 

Histogram: V8.GC.Cycle.Full.Compact recorded 2 samples, mean = 8.0 (flags = 0x41)
0   ... 
2   -O                                                                        (1 = 50.0%) {0.0%}
3   ... 
14  -O                                                                        (1 = 50.0%) {50.0%}
17  ... 

Histogram: V8.GC.Cycle.Full.Compact.Cpp recorded 2 samples, mean = 0.5 (flags = 0x41)
0  -O                                                                        (1 = 50.0%)
1  -O                                                                        (1 = 50.0%) {50.0%}
2  ... 

Histogram: V8.GC.Cycle.Full.Cpp recorded 2 samples, mean = 8.0 (flags = 0x41)
0  ... 
7  -O                                                                        (1 = 50.0%) {0.0%}
8  -O                                                                        (1 = 50.0%) {50.0%}
10 ... 

Histogram: V8.GC.Cycle.Full.Mark recorded 2 samples, mean = 33.0 (flags = 0x41)
0   ... 
29  -O                                                                        (1 = 50.0%) {0.0%}
34  -O                                                                        (1 = 50.0%) {50.0%}
40  ... 

Histogram: V8.GC.Cycle.Full.Mark.Cpp recorded 2 samples, mean = 4.5 (flags = 0x41)
0  ... 
4  -O                                                                        (1 = 50.0%) {0.0%}
5  -O                                                                        (1 = 50.0%) {50.0%}
6  ... 

Histogram: V8.GC.Cycle.Full.Sweep recorded 2 samples, mean = 5.0 (flags = 0x41)
0  ... 
5  --O                                                                       (2 = 100.0%) {0.0%}
6  ... 

Histogram: V8.GC.Cycle.Full.Sweep.Cpp recorded 2 samples, mean = 2.0 (flags = 0x41)
0  O                                                                         (0 = 0.0%)
1  -O                                                                        (1 = 50.0%) {0.0%}
2  O                                                                         (0 = 0.0%) {50.0%}
3  -O                                                                        (1 = 50.0%) {50.0%}
4  ... 

Histogram: V8.GC.Cycle.Full.Weak recorded 2 samples, mean = 0.0 (flags = 0x41)
0  --O                                                                       (2 = 100.0%)
1  ... 

Histogram: V8.GC.Cycle.Full.Weak.Cpp recorded 2 samples, mean = 0.0 (flags = 0x41)
0  --O                                                                       (2 = 100.0%)
1  ... 

Histogram: V8.GC.Cycle.MainThread.Full recorded 2 samples, mean = 8.5 (flags = 0x41)
0   ... 
3   -O                                                                        (1 = 50.0%) {0.0%}
4   ... 
14  -O                                                                        (1 = 50.0%) {50.0%}
17  ... 

Histogram: V8.GC.Cycle.MainThread.Full.Atomic recorded 2 samples, mean = 6.5 (flags = 0x41)
0   ... 
3   -O                                                                        (1 = 50.0%) {0.0%}
4   ... 
10  -O                                                                        (1 = 50.0%) {50.0%}
12  ... 

Histogram: V8.GC.Cycle.MainThread.Full.Atomic.Compact recorded 2 samples, mean = 2.5 (flags = 0x41)
0  O                                                                         (0 = 0.0%)
1  -O                                                                        (1 = 50.0%) {0.0%}
2  ... 
4  -O                                                                        (1 = 50.0%) {50.0%}
5  ... 

Histogram: V8.GC.Cycle.MainThread.Full.Atomic.Compact.Cpp recorded 2 samples, mean = 0.5 (flags = 0x41)
0  -O                                                                        (1 = 50.0%)
1  -O                                                                        (1 = 50.0%) {50.0%}
2  ... 

Histogram: V8.GC.Cycle.MainThread.Full.Atomic.Cpp recorded 2 samples, mean = 1.0 (flags = 0x41)
0  -O                                                                        (1 = 50.0%)
1  O                                                                         (0 = 0.0%) {50.0%}
2  -O                                                                        (1 = 50.0%) {50.0%}
3  ... 

Histogram: V8.GC.Cycle.MainThread.Full.Atomic.Mark recorded 2 samples, mean = 1.0 (flags = 0x41)
0  O                                                                         (0 = 0.0%)
1  --O                                                                       (2 = 100.0%) {0.0%}
2  ... 

Histogram: V8.GC.Cycle.MainThread.Full.Atomic.Mark.Cpp recorded 2 samples, mean = 0.0 (flags = 0x41)
0  --O                                                                       (2 = 100.0%)
1  ... 

Histogram: V8.GC.Cycle.MainThread.Full.Atomic.Sweep recorded 2 samples, mean = 0.0 (flags = 0x41)
0  --O                                                                       (2 = 100.0%)
1  ... 

Histogram: V8.GC.Cycle.MainThread.Full.Atomic.Sweep.Cpp recorded 2 samples, mean = 0.0 (flags = 0x41)
0  --O                                                                       (2 = 100.0%)
1  ... 

Histogram: V8.GC.Cycle.MainThread.Full.Atomic.Weak recorded 2 samples, mean = 0.0 (flags = 0x41)
0  --O                                                                       (2 = 100.0%)
1  ... 

Histogram: V8.GC.Cycle.MainThread.Full.Atomic.Weak.Cpp recorded 2 samples, mean = 0.0 (flags = 0x41)
0  --O                                                                       (2 = 100.0%)
1  ... 

Histogram: V8.GC.Cycle.MainThread.Full.Compact recorded 2 samples, mean = 2.5 (flags = 0x41)
0  O                                                                         (0 = 0.0%)
1  -O                                                                        (1 = 50.0%) {0.0%}
2  ... 
4  -O                                                                        (1 = 50.0%) {50.0%}
5  ... 

Histogram: V8.GC.Cycle.MainThread.Full.Compact.Cpp recorded 2 samples, mean = 0.5 (flags = 0x41)
0  -O                                                                        (1 = 50.0%)
1  -O                                                                        (1 = 50.0%) {50.0%}
2  ... 

Histogram: V8.GC.Cycle.MainThread.Full.Cpp recorded 2 samples, mean = 4.5 (flags = 0x41)
0  ... 
4  -O                                                                        (1 = 50.0%) {0.0%}
5  -O                                                                        (1 = 50.0%) {50.0%}
6  ... 

Histogram: V8.GC.Cycle.MainThread.Full.Incremental.Mark recorded 2 samples, mean = 2.0 (flags = 0x41)
0  -O                                                                        (1 = 50.0%)
1  ... 
4  -O                                                                        (1 = 50.0%) {50.0%}
5  ... 

Histogram: V8.GC.Cycle.MainThread.Full.Incremental.Mark.Cpp recorded 2 samples, mean = 2.0 (flags = 0x41)
0  O                                                                         (0 = 0.0%)
1  -O                                                                        (1 = 50.0%) {0.0%}
2  O                                                                         (0 = 0.0%) {50.0%}
3  -O                                                                        (1 = 50.0%) {50.0%}
4  ... 

Histogram: V8.GC.Cycle.MainThread.Full.Incremental.Mark.StartStop recorded 2 samples, mean = 7.0 (flags = 0x41)
0  ... 
7  --O                                                                       (2 = 100.0%) {0.0%}
8  ... 

Histogram: V8.GC.Cycle.MainThread.Full.Incremental.Sweep recorded 2 samples, mean = 0.0 (flags = 0x41)
0  --O                                                                       (2 = 100.0%)
1  ... 

Histogram: V8.GC.Cycle.MainThread.Full.Incremental.Sweep.Cpp recorded 2 samples, mean = 1.0 (flags = 0x41)
0  -O                                                                        (1 = 50.0%)
1  O                                                                         (0 = 0.0%) {50.0%}
2  -O                                                                        (1 = 50.0%) {50.0%}
3  ... 

Histogram: V8.GC.Cycle.MainThread.Full.Mark recorded 2 samples, mean = 3.0 (flags = 0x41)
0  O                                                                         (0 = 0.0%)
1  -O                                                                        (1 = 50.0%) {0.0%}
2  ... 
5  -O                                                                        (1 = 50.0%) {50.0%}
6  ... 

Histogram: V8.GC.Cycle.MainThread.Full.Mark.Cpp recorded 2 samples, mean = 2.0 (flags = 0x41)
0  O                                                                         (0 = 0.0%)
1  -O                                                                        (1 = 50.0%) {0.0%}
2  O                                                                         (0 = 0.0%) {50.0%}
3  -O                                                                        (1 = 50.0%) {50.0%}
4  ... 

Histogram: V8.GC.Cycle.MainThread.Full.Sweep recorded 2 samples, mean = 0.0 (flags = 0x41)
0  --O                                                                       (2 = 100.0%)
1  ... 

Histogram: V8.GC.Cycle.MainThread.Full.Sweep.Cpp recorded 2 samples, mean = 1.0 (flags = 0x41)
0  -O                                                                        (1 = 50.0%)
1  O                                                                         (0 = 0.0%) {50.0%}
2  -O                                                                        (1 = 50.0%) {50.0%}
3  ... 

Histogram: V8.GC.Cycle.MainThread.Full.Weak recorded 2 samples, mean = 0.0 (flags = 0x41)
0  --O                                                                       (2 = 100.0%)
1  ... 

Histogram: V8.GC.Cycle.MainThread.Full.Weak.Cpp recorded 2 samples, mean = 0.0 (flags = 0x41)
0  --O                                                                       (2 = 100.0%)
1  ... 

Histogram: V8.GC.Cycle.MainThread.Young recorded 17 samples, mean = 0.4 (flags = 0x41)
0  -----------O                                                              (11 = 64.7%)
1  ------O                                                                   (6 = 35.3%) {64.7%}
2  ... 

Histogram: V8.GC.Cycle.Memory.Freed.Full recorded 2 samples, mean = 4804.0 (flags = 0x41)
0     ... 
1034  -O                                                                        (1 = 50.0%) {0.0%}
1407  ... 
6554  -O                                                                        (1 = 50.0%) {50.0%}
8915  ... 

Histogram: V8.GC.Cycle.Memory.Freed.Full.Cpp recorded 2 samples, mean = 2048.0 (flags = 0x41)
0     ... 
1914  --O                                                                       (2 = 100.0%) {0.0%}
2604  ... 

Histogram: V8.GC.Cycle.Objects.After.Full recorded 2 samples, mean = 12414.5 (flags = 0x41)
0      ... 
12127  --O                                                                       (2 = 100.0%) {0.0%}
16496  ... 

Histogram: V8.GC.Cycle.Objects.After.Full.Cpp recorded 2 samples, mean = 5196.0 (flags = 0x41)
0     ... 
4818  --O                                                                       (2 = 100.0%) {0.0%}
6554  ... 

Histogram: V8.GC.Cycle.Objects.Before.Full recorded 2 samples, mean = 13560.0 (flags = 0x41)
0      ... 
12127  --O                                                                       (2 = 100.0%) {0.0%}
16496  ... 

Histogram: V8.GC.Cycle.Objects.Before.Full.Cpp recorded 2 samples, mean = 7390.5 (flags = 0x41)
0     ... 
4818  -O                                                                        (1 = 50.0%) {0.0%}
6554  O                                                                         (0 = 0.0%) {50.0%}
8915  -O                                                                        (1 = 50.0%) {50.0%}
12127 ... 

Histogram: V8.GC.Cycle.Objects.Freed.Full recorded 2 samples, mean = 1145.0 (flags = 0x41)
0     ... 
88    -O                                                                        (1 = 50.0%) {0.0%}
120   ... 
1914  -O                                                                        (1 = 50.0%) {50.0%}
2604  ... 

Histogram: V8.GC.Cycle.Objects.Freed.Full.Cpp recorded 2 samples, mean = 2194.0 (flags = 0x41)
0     ... 
14    -O                                                                        (1 = 50.0%) {0.0%}
19    ... 
3542  -O                                                                        (1 = 50.0%) {50.0%}
4818  ... 

Histogram: V8.GC.Cycle.Reason.Full recorded 2 samples, mean = 9.0 (flags = 0x41)
0  ... 
9  --O                                                                       (2 = 100.0%) {0.0%}
10 ... 

Histogram: V8.GC.Cycle.Reason.Young recorded 17 samples, mean = 2.9 (flags = 0x41)
0   O                                                                         (0 = 0.0%)
1   --------------O                                                           (14 = 82.4%) {0.0%}
2   ... 
12  ---O                                                                      (3 = 17.6%) {82.4%}
13  ... 

Histogram: V8.GC.Cycle.Young recorded 17 samples, mean = 1.1 (flags = 0x41)
0  -----O                                                                    (5 = 29.4%)
1  --------O                                                                 (8 = 47.1%) {29.4%}
2  ---O                                                                      (3 = 17.6%) {76.5%}
3  O                                                                         (0 = 0.0%) {94.1%}
4  -O                                                                        (1 = 5.9%) {94.1%}
5  ... 

Histogram: V8.GC.Event.MainThread.Full.Finalize.Incremental.ReduceMemory recorded 2 samples, mean = 6.5 (flags = 0x41)
0   ... 
3   -O                                                                        (1 = 50.0%) {0.0%}
4   ... 
10  -O                                                                        (1 = 50.0%) {50.0%}
12  ... 

Histogram: V8.GC.Event.MainThread.Full.Finalize.Incremental.ReduceMemory.Foreground recorded 2 samples, mean = 6.5 (flags = 0x41)
0   ... 
3   -O                                                                        (1 = 50.0%) {0.0%}
4   ... 
10  -O                                                                        (1 = 50.0%) {50.0%}
12  ... 

Histogram: V8.GC.Event.MainThread.Full.Finalize.Incremental.Regular recorded 1 samples, mean = 3.0 (flags = 0x41)
0  ... 
3  -O                                                                        (1 = 100.0%) {0.0%}
4  ... 

Histogram: V8.GC.Event.MainThread.Full.Finalize.Incremental.Regular.Foreground recorded 1 samples, mean = 3.0 (flags = 0x41)
0  ... 
3  -O                                                                        (1 = 100.0%) {0.0%}
4  ... 

Histogram: V8.GC.Event.MainThread.Full.Incremental.Mark recorded 96 samples, mean = 0.0 (flags = 0x41)
0  ------------------------------------------------------------------------O (96 = 100.0%)
1  ... 

Histogram: V8.GC.Event.MainThread.Full.Incremental.Mark.Cpp recorded 101 samples, mean = 0.0 (flags = 0x41)
0  ------------------------------------------------------------------------O (100 = 99.0%)
1  -O                                                                        (1 = 1.0%) {99.0%}
2  ... 

Histogram: V8.GC.Event.MainThread.Full.Incremental.Sweep.Cpp recorded 259 samples, mean = 0.0 (flags = 0x41)
0  ------------------------------------------------------------------------O (258 = 99.6%)
1  O                                                                         (0 = 0.0%) {99.6%}
2  O                                                                         (1 = 0.4%) {99.6%}
3  ... 

Histogram: V8.GC.TimeToSafepoint recorded 23 samples, mean = 7.2 (flags = 0x41)
0   ----------O                                                               (10 = 43.5%)
1   ---------O                                                                (9 = 39.1%) {43.5%}
2   -O                                                                        (1 = 4.3%) {82.6%}
3   ... 
40  --O                                                                       (2 = 8.7%) {87.0%}
55  -O                                                                        (1 = 4.3%) {95.7%}
76  ... 

Histogram: V8.GCFinalizeMC.Clear recorded 1 samples, mean = 0.0 (flags = 0x41)
0  -O                                                                        (1 = 100.0%)
1  ... 

Histogram: V8.GCFinalizeMC.Epilogue recorded 1 samples, mean = 0.0 (flags = 0x41)
0  -O                                                                        (1 = 100.0%)
1  ... 

Histogram: V8.GCFinalizeMC.Evacuate recorded 1 samples, mean = 1.0 (flags = 0x41)
0  O                                                                         (0 = 0.0%)
1  -O                                                                        (1 = 100.0%) {0.0%}
2  ... 

Histogram: V8.GCFinalizeMC.Finish recorded 1 samples, mean = 0.0 (flags = 0x41)
0  -O                                                                        (1 = 100.0%)
1  ... 

Histogram: V8.GCFinalizeMC.Mark recorded 1 samples, mean = 1.0 (flags = 0x41)
0  O                                                                         (0 = 0.0%)
1  -O                                                                        (1 = 100.0%) {0.0%}
2  ... 

Histogram: V8.GCFinalizeMC.Prologue recorded 1 samples, mean = 0.0 (flags = 0x41)
0  -O                                                                        (1 = 100.0%)
1  ... 

Histogram: V8.GCFinalizeMC.Sweep recorded 1 samples, mean = 0.0 (flags = 0x41)
0  -O                                                                        (1 = 100.0%)
1  ... 

Histogram: V8.GCIncrementalMarking recorded 103 samples, mean = 0.0 (flags = 0x41)
0  ------------------------------------------------------------------------O (101 = 98.1%)
1  -O                                                                        (2 = 1.9%) {98.1%}
2  ... 

Histogram: V8.GCIncrementalMarkingReason recorded 3 samples, mean = 12.0 (flags = 0x41)
0   ... 
2   -O                                                                        (1 = 33.3%) {0.0%}
3   ... 
17  --O                                                                       (2 = 66.7%) {33.3%}
18  ... 

Histogram: V8.GCIncrementalMarkingStart recorded 3 samples, mean = 0.0 (flags = 0x41)
0  ---O                                                                      (3 = 100.0%)
1  ... 

Histogram: V8.GCIncrementalMarkingSum recorded 1 samples, mean = 0.0 (flags = 0x41)
0  -O                                                                        (1 = 100.0%)
1  ... 

Histogram: V8.GCMarkCompactReason recorded 2 samples, mean = 9.0 (flags = 0x41)
0  ... 
9  --O                                                                       (2 = 100.0%) {0.0%}
10 ... 

Histogram: V8.GCScavenger.ScavengeMain recorded 17 samples, mean = 0.0 (flags = 0x41)
0  -----------------O                                                        (17 = 100.0%)
1  ... 

Histogram: V8.GCScavenger.ScavengeRoots recorded 17 samples, mean = 0.1 (flags = 0x41)
0  ----------------O                                                         (16 = 94.1%)
1  -O                                                                        (1 = 5.9%) {94.1%}
2  ... 

Histogram: V8.JSDispatchTableEntriesCount recorded 3 samples, mean = 0.0 (flags = 0x41)
0  ---O                                                                      (3 = 100.0%)
1  ... 

Histogram: V8.LocalWindowProxy.CreateContextTime recorded 4 samples, mean = 1.2 (flags = 0x41)
0  --O                                                                       (2 = 50.0%)
1  O                                                                         (0 = 0.0%) {50.0%}
2  -O                                                                        (1 = 25.0%) {50.0%}
3  -O                                                                        (1 = 25.0%) {75.0%}
4  ... 

Histogram: V8.LocalWindowProxy.InitializeTime recorded 4 samples, mean = 2.2 (flags = 0x41)
0  O                                                                         (0 = 0.0%)
1  --O                                                                       (2 = 50.0%) {0.0%}
2  O                                                                         (0 = 0.0%) {50.0%}
3  -O                                                                        (1 = 25.0%) {50.0%}
4  -O                                                                        (1 = 25.0%) {75.0%}
5  ... 

Histogram: V8.MaglevOptimizeExecute recorded 186 samples, mean = 316.8 (flags = 0x41)
0     ... 
13    -O                                                                        (1 = 0.5%) {0.0%}
16    ---O                                                                      (3 = 1.6%) {0.5%}
20    ----O                                                                     (4 = 2.2%) {2.2%}
25    ----O                                                                     (4 = 2.2%) {4.3%}
31    ---O                                                                      (3 = 1.6%) {6.5%}
39    -----O                                                                    (5 = 2.7%) {8.1%}
49    ------O                                                                   (6 = 3.2%) {10.8%}
61    -----O                                                                    (5 = 2.7%) {14.0%}
76    ---------O                                                                (9 = 4.8%) {16.7%}
95    -------------O                                                            (13 = 7.0%) {21.5%}
119   -----------------------O                                                  (23 = 12.4%) {28.5%}
149   -----------------O                                                        (17 = 9.1%) {40.9%}
186   --------------------O                                                     (20 = 10.8%) {50.0%}
233   ---------------O                                                          (15 = 8.1%) {60.8%}
292   --------------O                                                           (14 = 7.5%) {68.8%}
365   ----------O                                                               (10 = 5.4%) {76.3%}
457   ---------O                                                                (9 = 4.8%) {81.7%}
572   --------O                                                                 (8 = 4.3%) {86.6%}
716   -------O                                                                  (7 = 3.8%) {90.9%}
896   ----O                                                                     (4 = 2.2%) {94.6%}
1122  O                                                                         (0 = 0.0%) {96.8%}
1404  -O                                                                        (1 = 0.5%) {96.8%}
1757  ---O                                                                      (3 = 1.6%) {97.3%}
2199  O                                                                         (0 = 0.0%) {98.9%}
2753  --O                                                                       (2 = 1.1%) {98.9%}
3446  ... 

Histogram: V8.MaglevOptimizeFinalize recorded 186 samples, mean = 6.2 (flags = 0x41)
0   --------------------O                                                     (20 = 10.8%)
1   --------------------O                                                     (20 = 10.8%) {10.8%}
2   -------------------O                                                      (19 = 10.2%) {21.5%}
3   ---------O                                                                (9 = 4.8%) {31.7%}
4   -----------------O                                                        (17 = 9.1%) {36.6%}
5   -------------------------O                                                (25 = 13.4%) {45.7%}
6   -----------------------O                                                  (23 = 12.4%) {59.1%}
8   -----------O                                                              (11 = 5.9%) {71.5%}
10  -----------------O                                                        (17 = 9.1%) {77.4%}
13  ------------O                                                             (12 = 6.5%) {86.6%}
16  ------O                                                                   (6 = 3.2%) {93.0%}
20  ---O                                                                      (3 = 1.6%) {96.2%}
25  --O                                                                       (2 = 1.1%) {97.8%}
31  --O                                                                       (2 = 1.1%) {98.9%}
39  ... 

Histogram: V8.MaglevOptimizePrepare recorded 186 samples, mean = 0.1 (flags = 0x41)
0  ------------------------------------------------------------------------O (162 = 87.1%)
1  ----------O                                                               (22 = 11.8%) {87.1%}
2  -O                                                                        (2 = 1.1%) {98.9%}
3  ... 

Histogram: V8.MaglevOptimizeTotalTime recorded 186 samples, mean = 568.0 (flags = 0x41)
0      ... 
21     -O                                                                        (1 = 0.5%) {0.0%}
28     -O                                                                        (1 = 0.5%) {0.5%}
37     -O                                                                        (1 = 0.5%) {1.1%}
49     -O                                                                        (1 = 0.5%) {1.6%}
65     -----O                                                                    (5 = 2.7%) {2.2%}
86     -----O                                                                    (5 = 2.7%) {4.8%}
113    -------------------O                                                      (19 = 10.2%) {7.5%}
149    -------------------O                                                      (19 = 10.2%) {17.7%}
196    ------------------------------------O                                     (36 = 19.4%) {28.0%}
258    -------------------------O                                                (25 = 13.4%) {47.3%}
340    ---------------O                                                          (15 = 8.1%) {60.8%}
448    ------------------O                                                       (18 = 9.7%) {68.8%}
590    --------------O                                                           (14 = 7.5%) {78.5%}
777    ---------O                                                                (9 = 4.8%) {86.0%}
1023   ----O                                                                     (4 = 2.2%) {90.9%}
1347   --O                                                                       (2 = 1.1%) {93.0%}
1774   --------O                                                                 (8 = 4.3%) {94.1%}
2336   O                                                                         (0 = 0.0%) {98.4%}
3077   -O                                                                        (1 = 0.5%) {98.4%}
4053   ... 
9260   -O                                                                        (1 = 0.5%) {98.9%}
12196  -O                                                                        (1 = 0.5%) {99.5%}
16063  ... 

Histogram: V8.MemoryExternalFragmentationCodeSpace recorded 20 samples, mean = 44.9 (flags = 0x41)
0   ... 
11  -O                                                                        (1 = 5.0%) {0.0%}
12  --O                                                                       (2 = 10.0%) {5.0%}
13  ... 
23  -O                                                                        (1 = 5.0%) {15.0%}
24  ... 
26  -O                                                                        (1 = 5.0%) {20.0%}
27  ... 
30  -O                                                                        (1 = 5.0%) {25.0%}
31  -O                                                                        (1 = 5.0%) {30.0%}
32  -O                                                                        (1 = 5.0%) {35.0%}
33  ... 
35  -O                                                                        (1 = 5.0%) {40.0%}
36  --O                                                                       (2 = 10.0%) {45.0%}
37  ... 
39  -O                                                                        (1 = 5.0%) {55.0%}
40  ... 
63  -O                                                                        (1 = 5.0%) {60.0%}
64  ... 
66  -O                                                                        (1 = 5.0%) {65.0%}
67  -O                                                                        (1 = 5.0%) {70.0%}
68  -O                                                                        (1 = 5.0%) {75.0%}
69  ... 
72  --O                                                                       (2 = 10.0%) {80.0%}
73  ... 
79  -O                                                                        (1 = 5.0%) {90.0%}
80  ... 
88  -O                                                                        (1 = 5.0%) {95.0%}
89  ... 

Histogram: V8.MemoryExternalFragmentationLoSpace recorded 20 samples, mean = 1.8 (flags = 0x41)
0  O                                                                         (0 = 0.0%)
1  ------------O                                                             (12 = 60.0%) {0.0%}
2  O                                                                         (0 = 0.0%) {60.0%}
3  --------O                                                                 (8 = 40.0%) {60.0%}
4  ... 

Histogram: V8.MemoryExternalFragmentationOldSpace recorded 20 samples, mean = 7.4 (flags = 0x41)
0   ... 
3   -O                                                                        (1 = 5.0%) {0.0%}
4   ---O                                                                      (3 = 15.0%) {5.0%}
5   ----O                                                                     (4 = 20.0%) {20.0%}
6   -O                                                                        (1 = 5.0%) {40.0%}
7   ----O                                                                     (4 = 20.0%) {45.0%}
8   O                                                                         (0 = 0.0%) {65.0%}
9   --O                                                                       (2 = 10.0%) {65.0%}
10  -O                                                                        (1 = 5.0%) {75.0%}
11  --O                                                                       (2 = 10.0%) {80.0%}
12  O                                                                         (0 = 0.0%) {90.0%}
13  -O                                                                        (1 = 5.0%) {90.0%}
14  ... 
17  -O                                                                        (1 = 5.0%) {95.0%}
18  ... 

Histogram: V8.MemoryExternalFragmentationTotal recorded 20 samples, mean = 32.9 (flags = 0x41)
0   ... 
12  -O                                                                        (1 = 5.0%) {0.0%}
13  O                                                                         (0 = 0.0%) {5.0%}
14  -O                                                                        (1 = 5.0%) {5.0%}
15  ... 
24  -O                                                                        (1 = 5.0%) {10.0%}
25  ... 
27  -O                                                                        (1 = 5.0%) {15.0%}
28  -O                                                                        (1 = 5.0%) {20.0%}
29  -O                                                                        (1 = 5.0%) {25.0%}
30  O                                                                         (0 = 0.0%) {30.0%}
31  ---O                                                                      (3 = 15.0%) {30.0%}
32  O                                                                         (0 = 0.0%) {45.0%}
33  -O                                                                        (1 = 5.0%) {45.0%}
34  ... 
36  -O                                                                        (1 = 5.0%) {50.0%}
37  O                                                                         (0 = 0.0%) {55.0%}
38  -O                                                                        (1 = 5.0%) {55.0%}
39  ------O                                                                   (6 = 30.0%) {60.0%}
40  ... 
45  --O                                                                       (2 = 10.0%) {90.0%}
46  ... 

Histogram: V8.MemoryHeapSampleCodeSpaceCommitted recorded 20 samples, mean = 896.0 (flags = 0x41)
0     --------------O                                                           (14 = 70.0%)
1000  -O                                                                        (1 = 5.0%) {70.0%}
1138  ... 
1474  ----O                                                                     (4 = 20.0%) {75.0%}
1678  O                                                                         (0 = 0.0%) {95.0%}
1910  -O                                                                        (1 = 5.0%) {95.0%}
2174  ... 

Histogram: V8.MemoryHeapSampleMaximumCommitted recorded 20 samples, mean = 13312.8 (flags = 0x41)
0      ... 
3649   -O                                                                        (1 = 5.0%) {0.0%}
4153   O                                                                         (0 = 0.0%) {5.0%}
4727   -O                                                                        (1 = 5.0%) {5.0%}
5380   ... 
6971   ----O                                                                     (4 = 20.0%) {10.0%}
7935   --O                                                                       (2 = 10.0%) {30.0%}
9032   O                                                                         (0 = 0.0%) {40.0%}
10281  -O                                                                        (1 = 5.0%) {40.0%}
11702  ----O                                                                     (4 = 20.0%) {45.0%}
13320  -O                                                                        (1 = 5.0%) {65.0%}
15161  -O                                                                        (1 = 5.0%) {70.0%}
17257  O                                                                         (0 = 0.0%) {75.0%}
19642  -O                                                                        (1 = 5.0%) {75.0%}
22357  ----O                                                                     (4 = 20.0%) {80.0%}
25447  ... 

Histogram: V8.MemoryHeapSampleTotalCommitted recorded 20 samples, mean = 12153.2 (flags = 0x41)
0      ... 
3649   -O                                                                        (1 = 5.0%) {0.0%}
4153   O                                                                         (0 = 0.0%) {5.0%}
4727   -O                                                                        (1 = 5.0%) {5.0%}
5380   O                                                                         (0 = 0.0%) {10.0%}
6124   --O                                                                       (2 = 10.0%) {10.0%}
6971   ---O                                                                      (3 = 15.0%) {20.0%}
7935   -O                                                                        (1 = 5.0%) {35.0%}
9032   O                                                                         (0 = 0.0%) {40.0%}
10281  -O                                                                        (1 = 5.0%) {40.0%}
11702  ----O                                                                     (4 = 20.0%) {45.0%}
13320  ---O                                                                      (3 = 15.0%) {65.0%}
15161  -O                                                                        (1 = 5.0%) {80.0%}
17257  O                                                                         (0 = 0.0%) {85.0%}
19642  -O                                                                        (1 = 5.0%) {85.0%}
22357  --O                                                                       (2 = 10.0%) {90.0%}
25447  ... 

Histogram: V8.MemoryHeapSampleTotalUsed recorded 20 samples, mean = 7970.2 (flags = 0x41)
0      ... 
2475   -O                                                                        (1 = 5.0%) {0.0%}
2817   O                                                                         (0 = 0.0%) {5.0%}
3206   -O                                                                        (1 = 5.0%) {5.0%}
3649   O                                                                         (0 = 0.0%) {10.0%}
4153   --O                                                                       (2 = 10.0%) {10.0%}
4727   ---O                                                                      (3 = 15.0%) {20.0%}
5380   -O                                                                        (1 = 5.0%) {35.0%}
6124   O                                                                         (0 = 0.0%) {40.0%}
6971   --O                                                                       (2 = 10.0%) {40.0%}
7935   ---O                                                                      (3 = 15.0%) {50.0%}
9032   -O                                                                        (1 = 5.0%) {65.0%}
10281  --O                                                                       (2 = 10.0%) {70.0%}
11702  ---O                                                                      (3 = 15.0%) {80.0%}
13320  -O                                                                        (1 = 5.0%) {95.0%}
15161  ... 

Histogram: V8.RegExpBacktracks recorded 261 samples, mean = 1.7 (flags = 0x41)
0    ------O                                                                   (18 = 6.9%)
1    ------------------------------------------------------------------------O (229 = 87.7%) {6.9%}
2    --O                                                                       (5 = 1.9%) {94.6%}
3    -O                                                                        (4 = 1.5%) {96.6%}
4    -O                                                                        (3 = 1.1%) {98.1%}
6    O                                                                         (0 = 0.0%) {99.2%}
9    O                                                                         (1 = 0.4%) {99.2%}
13   ... 
127  O                                                                         (1 = 0.4%) {99.6%}
185  ... 

Histogram: V8.SandboxedCodePointersCount recorded 3 samples, mean = 1175.7 (flags = 0x41)
0     ... 
1136  ---O                                                                      (3 = 100.0%) {0.0%}
1321  ... 

Histogram: V8.SandboxedCppHeapPointersCount recorded 3 samples, mean = 5581.3 (flags = 0x41)
0     ... 
320   -O                                                                        (1 = 33.3%) {0.0%}
380   ... 
7152  --O                                                                       (2 = 66.7%) {33.3%}
8499  ... 

Histogram: V8.SandboxedExternalPointersCount recorded 23 samples, mean = 1900.8 (flags = 0x41)
0      --------O                                                                 (8 = 34.8%)
1      ... 
3      --O                                                                       (2 = 8.7%) {34.8%}
4      ... 
17     -O                                                                        (1 = 4.3%) {43.5%}
20     ... 
34     --O                                                                       (2 = 8.7%) {47.8%}
40     -O                                                                        (1 = 4.3%) {56.5%}
48     -O                                                                        (1 = 4.3%) {60.9%}
57     O                                                                         (0 = 0.0%) {65.2%}
68     -O                                                                        (1 = 4.3%) {65.2%}
81     ... 
758    --O                                                                       (2 = 8.7%) {69.6%}
901    -O                                                                        (1 = 4.3%) {78.3%}
1071   ... 
1798   -O                                                                        (1 = 4.3%) {82.6%}
2137   ... 
12002  ---O                                                                      (3 = 13.0%) {87.0%}
14263  ... 

Histogram: V8.SandboxedTrustedPointersCount recorded 3 samples, mean = 3952.0 (flags = 0x41)
0     ... 
3799  ---O                                                                      (3 = 100.0%) {0.0%}
4418  ... 

Histogram: V8.SnapshotDeserializeContextMicroSeconds recorded 6 samples, mean = 594.2 (flags = 0x41)
0     ... 
258   -O                                                                        (1 = 16.7%) {0.0%}
340   -O                                                                        (1 = 16.7%) {16.7%}
448   --O                                                                       (2 = 33.3%) {33.3%}
590   O                                                                         (0 = 0.0%) {66.7%}
777   -O                                                                        (1 = 16.7%) {66.7%}
1023  -O                                                                        (1 = 16.7%) {83.3%}
1347  ... 

Histogram: V8.TurboFan1KTicks recorded 27 samples, mean = 19.4 (flags = 0x41)
0    O                                                                         (0 = 0.0%)
1    ---O                                                                      (3 = 11.1%) {0.0%}
2    -O                                                                        (1 = 3.7%) {11.1%}
3    --O                                                                       (2 = 7.4%) {14.8%}
4    -O                                                                        (1 = 3.7%) {22.2%}
5    ----O                                                                     (4 = 14.8%) {25.9%}
6    -O                                                                        (1 = 3.7%) {40.7%}
7    -O                                                                        (1 = 3.7%) {44.4%}
8    O                                                                         (0 = 0.0%) {48.1%}
9    --O                                                                       (2 = 7.4%) {48.1%}
10   ... 
12   -O                                                                        (1 = 3.7%) {55.6%}
13   O                                                                         (0 = 0.0%) {59.3%}
14   --O                                                                       (2 = 7.4%) {59.3%}
15   -O                                                                        (1 = 3.7%) {66.7%}
16   ... 
21   -O                                                                        (1 = 3.7%) {70.4%}
22   --O                                                                       (2 = 7.4%) {74.1%}
23   ... 
31   -O                                                                        (1 = 3.7%) {81.5%}
33   -O                                                                        (1 = 3.7%) {85.2%}
35   ... 
45   -O                                                                        (1 = 3.7%) {88.9%}
47   ... 
92   -O                                                                        (1 = 3.7%) {92.6%}
97   ... 
129  -O                                                                        (1 = 3.7%) {96.3%}
135  ... 

Histogram: V8.TurboFanOptimizeConcurrentTotalTime recorded 24 samples, mean = 12109.2 (flags = 0x41)
0       ... 
391     ---O                                                                      (3 = 12.5%) {0.0%}
542     --O                                                                       (2 = 8.3%) {12.5%}
752     --O                                                                       (2 = 8.3%) {20.8%}
1043    -----O                                                                    (5 = 20.8%) {29.2%}
1447    ---O                                                                      (3 = 12.5%) {50.0%}
2008    --O                                                                       (2 = 8.3%) {62.5%}
2786    --O                                                                       (2 = 8.3%) {70.8%}
3865    --O                                                                       (2 = 8.3%) {79.2%}
5362    O                                                                         (0 = 0.0%) {87.5%}
7439    -O                                                                        (1 = 4.2%) {87.5%}
10321   -O                                                                        (1 = 4.2%) {91.7%}
14319   ... 
196583  -O                                                                        (1 = 4.2%) {95.8%}
272741  ... 

Histogram: V8.TurboFanOptimizeExecute recorded 24 samples, mean = 2245.8 (flags = 0x41)
0     ... 
258   -O                                                                        (1 = 4.2%) {0.0%}
340   --O                                                                       (2 = 8.3%) {4.2%}
448   O                                                                         (0 = 0.0%) {12.5%}
590   ---O                                                                      (3 = 12.5%) {12.5%}
777   -O                                                                        (1 = 4.2%) {25.0%}
1023  -----O                                                                    (5 = 20.8%) {29.2%}
1347  -O                                                                        (1 = 4.2%) {50.0%}
1774  ----O                                                                     (4 = 16.7%) {54.2%}
2336  ---O                                                                      (3 = 12.5%) {70.8%}
3077  --O                                                                       (2 = 8.3%) {83.3%}
4053  ... 
7031  -O                                                                        (1 = 4.2%) {91.7%}
9260  -O                                                                        (1 = 4.2%) {95.8%}
12196 ... 

Histogram: V8.TurboFanOptimizeFinalize recorded 24 samples, mean = 24.2 (flags = 0x41)
0   ... 
2   -O                                                                        (1 = 4.2%) {0.0%}
3   O                                                                         (0 = 0.0%) {4.2%}
4   -O                                                                        (1 = 4.2%) {4.2%}
5   O                                                                         (0 = 0.0%) {8.3%}
7   ---O                                                                      (3 = 12.5%) {8.3%}
9   ---O                                                                      (3 = 12.5%) {20.8%}
12  -O                                                                        (1 = 4.2%) {33.3%}
16  ---O                                                                      (3 = 12.5%) {37.5%}
21  ------O                                                                   (6 = 25.0%) {50.0%}
28  -O                                                                        (1 = 4.2%) {75.0%}
37  --O                                                                       (2 = 8.3%) {79.2%}
49  -O                                                                        (1 = 4.2%) {87.5%}
65  -O                                                                        (1 = 4.2%) {91.7%}
86  -O                                                                        (1 = 4.2%) {95.8%}
113 ... 

Histogram: V8.TurboFanOptimizeForOnStackReplacementExecute recorded 3 samples, mean = 7724.3 (flags = 0x41)
0      ... 
3077   -O                                                                        (1 = 33.3%) {0.0%}
4053   O                                                                         (0 = 0.0%) {33.3%}
5338   -O                                                                        (1 = 33.3%) {33.3%}
7031   ... 
12196  -O                                                                        (1 = 33.3%) {66.7%}
16063  ... 

Histogram: V8.TurboFanOptimizeForOnStackReplacementFinalize recorded 3 samples, mean = 52.7 (flags = 0x41)
0   ... 
28  -O                                                                        (1 = 33.3%) {0.0%}
37  O                                                                         (0 = 0.0%) {33.3%}
49  -O                                                                        (1 = 33.3%) {33.3%}
65  -O                                                                        (1 = 33.3%) {66.7%}
86  ... 

Histogram: V8.TurboFanOptimizeForOnStackReplacementPrepare recorded 3 samples, mean = 20.7 (flags = 0x41)
0   ... 
5   -O                                                                        (1 = 33.3%) {0.0%}
7   O                                                                         (0 = 0.0%) {33.3%}
9   -O                                                                        (1 = 33.3%) {33.3%}
12  ... 
37  -O                                                                        (1 = 33.3%) {66.7%}
49  ... 

Histogram: V8.TurboFanOptimizeForOnStackReplacementTotalTime recorded 3 samples, mean = 7918.3 (flags = 0x41)
0      ... 
3865   -O                                                                        (1 = 33.3%) {0.0%}
5362   -O                                                                        (1 = 33.3%) {33.3%}
7439   O                                                                         (0 = 0.0%) {66.7%}
10321  -O                                                                        (1 = 33.3%) {66.7%}
14319  ... 

Histogram: V8.TurboFanOptimizePrepare recorded 24 samples, mean = 6.0 (flags = 0x41)
0   ... 
2   -O                                                                        (1 = 4.2%) {0.0%}
3   ----O                                                                     (4 = 16.7%) {4.2%}
4   ----O                                                                     (4 = 16.7%) {20.8%}
5   ---------O                                                                (9 = 37.5%) {37.5%}
7   --O                                                                       (2 = 8.3%) {75.0%}
9   --O                                                                       (2 = 8.3%) {83.3%}
12  -O                                                                        (1 = 4.2%) {91.7%}
16  -O                                                                        (1 = 4.2%) {95.8%}
21  ... 

Histogram: V8.TurboFanOptimizeTotalBackground recorded 24 samples, mean = 2245.8 (flags = 0x41)
0      ... 
282    --O                                                                       (2 = 8.3%) {0.0%}
391    -O                                                                        (1 = 4.2%) {8.3%}
542    --O                                                                       (2 = 8.3%) {12.5%}
752    --O                                                                       (2 = 8.3%) {20.8%}
1043   ------O                                                                   (6 = 25.0%) {29.2%}
1447   --O                                                                       (2 = 8.3%) {54.2%}
2008   ----O                                                                     (4 = 16.7%) {62.5%}
2786   ---O                                                                      (3 = 12.5%) {79.2%}
3865   ... 
7439   -O                                                                        (1 = 4.2%) {91.7%}
10321  -O                                                                        (1 = 4.2%) {95.8%}
14319  ... 

Histogram: V8.TurboFanOptimizeTotalForeground recorded 24 samples, mean = 30.2 (flags = 0x41)
0   ... 
6   --O                                                                       (2 = 8.3%) {0.0%}
8   -O                                                                        (1 = 4.2%) {8.3%}
11  ----O                                                                     (4 = 16.7%) {12.5%}
15  --O                                                                       (2 = 8.3%) {29.2%}
21  ------O                                                                   (6 = 25.0%) {37.5%}
29  ----O                                                                     (4 = 16.7%) {62.5%}
40  --O                                                                       (2 = 8.3%) {79.2%}
55  --O                                                                       (2 = 8.3%) {87.5%}
76  -O                                                                        (1 = 4.2%) {95.8%}
105 ... 

Histogram: V8.TurboFanOptimizeTotalTime recorded 24 samples, mean = 12109.2 (flags = 0x41)
0       ... 
391     ---O                                                                      (3 = 12.5%) {0.0%}
542     --O                                                                       (2 = 8.3%) {12.5%}
752     --O                                                                       (2 = 8.3%) {20.8%}
1043    -----O                                                                    (5 = 20.8%) {29.2%}
1447    ---O                                                                      (3 = 12.5%) {50.0%}
2008    --O                                                                       (2 = 8.3%) {62.5%}
2786    --O                                                                       (2 = 8.3%) {70.8%}
3865    --O                                                                       (2 = 8.3%) {79.2%}
5362    O                                                                         (0 = 0.0%) {87.5%}
7439    -O                                                                        (1 = 4.2%) {87.5%}
10321   -O                                                                        (1 = 4.2%) {91.7%}
14319   ... 
196583  -O                                                                        (1 = 4.2%) {95.8%}
272741  ... 

Histogram: Variations.ExtendedSafeMode.BeaconFileStateAtStartup recorded 1 samples, mean = 0.0 (flags = 0x41)
0  -O                                                                        (1 = 100.0%)
1  ... 

Histogram: Variations.ExtendedSafeMode.BeaconFileWrite recorded 2 samples, mean = 1.0 (flags = 0x41)
0  O                                                                         (0 = 0.0%)
1  --O                                                                       (2 = 100.0%) {0.0%}
2  O                                                                         (0 = 0.0%) {100.0%}

Histogram: Variations.ForcedFieldTrialsAtStartupForInternalsPage recorded 1 samples, mean = 0.0 (flags = 0x41)
0  -O                                                                        (1 = 100.0%)
1  ... 

Histogram: Variations.Headers.ExperimentCount recorded 92 samples, mean = 1.0 (flags = 0x41)
0  O                                                                         (0 = 0.0%)
1  ------------------------------------------------------------------------O (92 = 100.0%) {0.0%}
2  ... 

Histogram: Variations.Headers.HasLowEntropySourceValue recorded 92 samples, mean = 1.0 (flags = 0x41)
0  O                                                                         (0 = 0.0%)
1  ------------------------------------------------------------------------O (92 = 100.0%) {0.0%}
2  O                                                                         (0 = 0.0%) {100.0%}

Histogram: Variations.Headers.RequestContextCategory recorded 49 samples, mean = 3.8 (flags = 0x41)
0  --O                                                                       (2 = 4.1%)
1  ... 
4  -----------------------------------------------O                          (47 = 95.9%) {4.1%}
5  ... 

Histogram: Variations.Headers.URLValidationResult.Append recorded 49 samples, mean = 2.0 (flags = 0x41)
0  ... 
2  ------------------------------------------------O                         (48 = 98.0%) {0.0%}
3  -O                                                                        (1 = 2.0%) {98.0%}
4  ... 

Histogram: Variations.Headers.URLValidationResult.Remove recorded 3 samples, mean = 2.0 (flags = 0x41)
0  ... 
2  ---O                                                                      (3 = 100.0%) {0.0%}
3  ... 

Histogram: Variations.Limits.VariationKeySize.Default recorded 23 samples, mean = 0.0 (flags = 0x41)
0  -----------------------O                                                  (23 = 100.0%)
1  ... 

Histogram: Variations.LoadPermanentConsistencyCountryResult recorded 1 samples, mean = 0.0 (flags = 0x41)
0  -O                                                                        (1 = 100.0%)
1  ... 

Histogram: Variations.PolicyRestriction recorded 1 samples, mean = 0.0 (flags = 0x41)
0  -O                                                                        (1 = 100.0%)
1  ... 

Histogram: Variations.SafeMode.Streak.Crashes recorded 1 samples (flags = 0x41)
0  -O                                                                        (1 = 100.0%)

Histogram: Variations.SafeMode.Streak.FetchFailures recorded 1 samples (flags = 0x41)
0  -O                                                                        (1 = 100.0%)

Histogram: Variations.SeedLoadResult recorded 1 samples, mean = 1.0 (flags = 0x41)
0  O                                                                         (0 = 0.0%)
1  -O                                                                        (1 = 100.0%) {0.0%}
2  ... 

Histogram: Variations.SeedUsage recorded 1 samples, mean = 2.0 (flags = 0x41)
0  ... 
2  -O                                                                        (1 = 100.0%) {0.0%}
3  ... 

Histogram: Variations.UserChannel recorded 1 samples (flags = 0x41)
-1 -O                                                                        (1 = 100.0%)

Histogram: Views.Browser.NumColorProvidersInitializedDuringOnNativeThemeUpdated recorded 3 samples, mean = 0.0 (flags = 0x41)
0  ---O                                                                      (3 = 100.0%)
1  ... 

Histogram: Views.Browser.TimeSpentInitializingColorProvider recorded 3 samples, mean = 1.3 (flags = 0x41)
0  O                                                                         (0 = 0.0%)
1  --O                                                                       (2 = 66.7%) {0.0%}
2  -O                                                                        (1 = 33.3%) {66.7%}
3  ... 

Histogram: Views.Browser.TimeSpentProcessingOnNativeThemeUpdatedEvent recorded 3 samples, mean = 0.0 (flags = 0x41)
0  ---O                                                                      (3 = 100.0%)
1  ... 

Histogram: Views.ColorProviderCacheSize recorded 3 samples, mean = 2.0 (flags = 0x41)
0  O                                                                         (0 = 0.0%)
1  -O                                                                        (1 = 33.3%) {0.0%}
2  -O                                                                        (1 = 33.3%) {33.3%}
3  -O                                                                        (1 = 33.3%) {66.7%}
4  ... 

Histogram: Viz.FrameSinkVideoCapturer.CaptureDuration recorded 2 samples, mean = 27.5 (flags = 0x41)
0   ... 
5   -O                                                                        (1 = 50.0%) {0.0%}
6   ... 
47  -O                                                                        (1 = 50.0%) {50.0%}
53  ... 

Histogram: Viz.FrameSinkVideoCapturer.CaptureSucceeded recorded 2 samples, mean = 1.0 (flags = 0x41)
0  O                                                                         (0 = 0.0%)
1  --O                                                                       (2 = 100.0%) {0.0%}
2  O                                                                         (0 = 0.0%) {100.0%}

Histogram: Viz.FrameSinkVideoCapturer.FrameResurrected recorded 2 samples, mean = 0.0 (flags = 0x41)
0  --O                                                                       (2 = 100.0%)
1  ... 

Histogram: Viz.FrameSinkVideoCapturer.RGBA.CaptureDuration recorded 2 samples, mean = 27.5 (flags = 0x41)
0   ... 
5   -O                                                                        (1 = 50.0%) {0.0%}
6   ... 
47  -O                                                                        (1 = 50.0%) {50.0%}
53  ... 

Histogram: Viz.FrameSinkVideoCapturer.RGBA.CaptureSucceeded recorded 2 samples, mean = 1.0 (flags = 0x41)
0  O                                                                         (0 = 0.0%)
1  --O                                                                       (2 = 100.0%) {0.0%}
2  O                                                                         (0 = 0.0%) {100.0%}

Histogram: Viz.FrameSinkVideoCapturer.ReserveFrameDuration recorded 2 samples, mean = 21.0 (flags = 0x41)
0   -O                                                                        (1 = 50.0%)
1   ... 
42  -O                                                                        (1 = 50.0%) {50.0%}
46  ... 

Histogram: Viz.FrameSinkVideoCapturer.TotalDuration recorded 2 samples, mean = 27.5 (flags = 0x41)
0   ... 
5   -O                                                                        (1 = 50.0%) {0.0%}
6   ... 
47  -O                                                                        (1 = 50.0%) {50.0%}
53  ... 

Histogram: WebAuthentication.Windows.KeyCredentialManagerSupported recorded 1 samples, mean = 0.0 (flags = 0x41)
0  -O                                                                        (1 = 100.0%)
1  ... 

Histogram: WebContentsObserver.DOMContentLoaded recorded 3 samples, mean = 0.0 (flags = 0x41)
0  ---O                                                                      (3 = 100.0%)
1  ... 

Histogram: WebContentsObserver.DidChangeVisibleSecurityState recorded 2 samples, mean = 0.0 (flags = 0x41)
0  --O                                                                       (2 = 100.0%)
1  ... 

Histogram: WebContentsObserver.DidFinishLoad recorded 3 samples, mean = 0.0 (flags = 0x41)
0  ---O                                                                      (3 = 100.0%)
1  ... 

Histogram: WebContentsObserver.DidFinishNavigation recorded 5 samples, mean = 0.2 (flags = 0x41)
0  ----O                                                                     (4 = 80.0%)
1  -O                                                                        (1 = 20.0%) {80.0%}
2  ... 

Histogram: WebContentsObserver.DidFirstVisuallyNonEmptyPaint recorded 1 samples, mean = 0.0 (flags = 0x41)
0  -O                                                                        (1 = 100.0%)
1  ... 

Histogram: WebContentsObserver.DidRedirectNavigation recorded 1 samples, mean = 0.0 (flags = 0x41)
0  -O                                                                        (1 = 100.0%)
1  ... 

Histogram: WebContentsObserver.DidStartLoading recorded 1 samples, mean = 0.0 (flags = 0x41)
0  -O                                                                        (1 = 100.0%)
1  ... 

Histogram: WebContentsObserver.DidStartNavigation recorded 5 samples, mean = 0.0 (flags = 0x41)
0  -----O                                                                    (5 = 100.0%)
1  ... 

Histogram: WebContentsObserver.DidStartNavigation.MainFrame recorded 3 samples, mean = 0.0 (flags = 0x41)
0  ---O                                                                      (3 = 100.0%)
1  ... 

Histogram: WebContentsObserver.DidStartNavigation.Subframe recorded 2 samples, mean = 0.0 (flags = 0x41)
0  --O                                                                       (2 = 100.0%)
1  ... 

Histogram: WebContentsObserver.DidStopLoading recorded 1 samples, mean = 0.0 (flags = 0x41)
0  -O                                                                        (1 = 100.0%)
1  ... 

Histogram: WebContentsObserver.DidUpdateNavigationHandleTiming recorded 5 samples, mean = 0.0 (flags = 0x41)
0  -----O                                                                    (5 = 100.0%)
1  ... 

Histogram: WebContentsObserver.LoadProgressChanged recorded 10 samples, mean = 0.0 (flags = 0x41)
0  ----------O                                                               (10 = 100.0%)
1  ... 

Histogram: WebContentsObserver.NavigationEntryChanged recorded 3 samples, mean = 0.0 (flags = 0x41)
0  ---O                                                                      (3 = 100.0%)
1  ... 

Histogram: WebContentsObserver.NavigationEntryCommitted recorded 2 samples, mean = 0.0 (flags = 0x41)
0  --O                                                                       (2 = 100.0%)
1  ... 

Histogram: WebContentsObserver.PrimaryMainDocumentElementAvailable recorded 1 samples, mean = 0.0 (flags = 0x41)
0  -O                                                                        (1 = 100.0%)
1  ... 

Histogram: WebContentsObserver.RenderFrameCreated recorded 4 samples, mean = 0.0 (flags = 0x41)
0  ----O                                                                     (4 = 100.0%)
1  ... 

Histogram: WebContentsObserver.RenderFrameDeleted recorded 4 samples, mean = 0.5 (flags = 0x41)
0  --O                                                                       (2 = 50.0%)
1  --O                                                                       (2 = 50.0%) {50.0%}
2  ... 

Histogram: WebContentsObserver.RenderViewReady recorded 2 samples, mean = 0.0 (flags = 0x41)
0  --O                                                                       (2 = 100.0%)
1  ... 

Histogram: WebContentsObserver.TitleWasSet recorded 1 samples, mean = 0.0 (flags = 0x41)
0  -O                                                                        (1 = 100.0%)
1  ... 

Histogram: WebCore.Scripts.Async.NotStreamingReason recorded 20 samples, mean = 9.0 (flags = 0x41)
0  ... 
9  --------------------O                                                     (20 = 100.0%) {0.0%}
10 ... 

Histogram: WebCore.Scripts.Async.StartedStreaming recorded 26 samples, mean = 0.2 (flags = 0x41)
0  --------------------O                                                     (20 = 76.9%)
1  ------O                                                                   (6 = 23.1%) {76.9%}
2  O                                                                         (0 = 0.0%) {100.0%}

Histogram: WebCore.Scripts.Other.NotStreamingReason recorded 17 samples, mean = 11.0 (flags = 0x41)
0   ... 
11  -----------------O                                                        (17 = 100.0%) {0.0%}
12  ... 

Histogram: WebCore.Scripts.Other.StartedStreaming recorded 17 samples, mean = 0.0 (flags = 0x41)
0  -----------------O                                                        (17 = 100.0%)
1  ... 

Histogram: WebCore.Scripts.V8CodeCacheMetadata.Get recorded 49 samples, mean = 4.1 (flags = 0x41)
0  ---------O                                                                (9 = 18.4%)
1  ... 
5  ----------------------------------------O                                 (40 = 81.6%) {18.4%}
6  O                                                                         (0 = 0.0%) {100.0%}

Histogram: WebCore.Scripts.V8CodeCacheMetadata.Set recorded 3 samples, mean = 0.0 (flags = 0x41)
0  ---O                                                                      (3 = 100.0%)
1  ... 

Histogram: WebCore.Scripts.V8CompileHintsStatus recorded 44 samples, mean = 8.6 (flags = 0x41)
0   ... 
6   --------------------O                                                     (20 = 45.5%) {0.0%}
7   ... 
10  ------O                                                                   (6 = 13.6%) {45.5%}
11  ------------------O                                                       (18 = 40.9%) {59.1%}
12  ... 

Histogram: WebCore.Scripts.V8CrowdsourcedCompileHints.ModelQuality recorded 1 samples, mean = 0.0 (flags = 0x41)
0  -O                                                                        (1 = 100.0%)
1  ... 

Histogram: WebDatabase.InitResult recorded 2 samples, mean = 0.0 (flags = 0x41)
0  --O                                                                       (2 = 100.0%)
1  ... 

Histogram: WebFont.CacheHit recorded 5 samples, mean = 1.4 (flags = 0x41)
0  O                                                                         (0 = 0.0%)
1  ----O                                                                     (4 = 80.0%) {0.0%}
2  O                                                                         (0 = 0.0%) {80.0%}
3  -O                                                                        (1 = 20.0%) {80.0%}
4  O                                                                         (0 = 0.0%) {100.0%}

Histogram: WebFont.Clients.RenderBlockingFonts.ExpiredFonts recorded 1 samples, mean = 1.0 (flags = 0x41)
0  O                                                                         (0 = 0.0%)
1  -O                                                                        (1 = 100.0%) {0.0%}
2  O                                                                         (0 = 0.0%) {100.0%}

Histogram: WebFont.HadBlankText recorded 1 samples, mean = 0.0 (flags = 0x41)
0  -O                                                                        (1 = 100.0%)
1  ... 

Histogram: WebFont.LocalFontUsed recorded 1 samples, mean = 1.0 (flags = 0x41)
0  O                                                                         (0 = 0.0%)
1  -O                                                                        (1 = 100.0%) {0.0%}
2  O                                                                         (0 = 0.0%) {100.0%}

Histogram: Windows.AcLayersLoaded recorded 1 samples, mean = 0.0 (flags = 0x41)
0  -O                                                                        (1 = 100.0%)
1  ... 

Histogram: Windows.CetAvailable recorded 1 samples, mean = 1.0 (flags = 0x41)
0  O                                                                         (0 = 0.0%)
1  -O                                                                        (1 = 100.0%) {0.0%}
2  O                                                                         (0 = 0.0%) {100.0%}

Histogram: Windows.CetEnabled recorded 1 samples, mean = 0.0 (flags = 0x41)
0  -O                                                                        (1 = 100.0%)
1  ... 

Histogram: Windows.DisplayIdFromDeviceId recorded 47 samples, mean = 3.0 (flags = 0x41)
0  ... 
3  -----------------------------------------------O                          (47 = 100.0%) {0.0%}
4  O                                                                         (0 = 0.0%) {100.0%}

Histogram: Windows.DisplayIdFromDeviceKey recorded 47 samples, mean = 3.0 (flags = 0x41)
0  ... 
3  -----------------------------------------------O                          (47 = 100.0%) {0.0%}
4  O                                                                         (0 = 0.0%) {100.0%}

Histogram: Windows.Enclave.SGX.Available recorded 1 samples, mean = 0.0 (flags = 0x41)
0  -O                                                                        (1 = 100.0%)
1  ... 

Histogram: Windows.Enclave.SGX2.Available recorded 1 samples, mean = 0.0 (flags = 0x41)
0  -O                                                                        (1 = 100.0%)
1  ... 

Histogram: Windows.Enclave.VBS.Available recorded 1 samples, mean = 1.0 (flags = 0x41)
0  O                                                                         (0 = 0.0%)
1  -O                                                                        (1 = 100.0%) {0.0%}
2  O                                                                         (0 = 0.0%) {100.0%}

Histogram: Windows.Enclave.VBSBasic.Available recorded 1 samples, mean = 0.0 (flags = 0x41)
0  -O                                                                        (1 = 100.0%)
1  ... 

Histogram: Windows.HasHighResolutionTimeTicks recorded 1 samples, mean = 1.0 (flags = 0x41)
0  O                                                                         (0 = 0.0%)
1  -O                                                                        (1 = 100.0%) {0.0%}
2  O                                                                         (0 = 0.0%) {100.0%}

Histogram: Windows.HasThreadTicks recorded 1 samples, mean = 1.0 (flags = 0x41)
0  O                                                                         (0 = 0.0%)
1  -O                                                                        (1 = 100.0%) {0.0%}
2  O                                                                         (0 = 0.0%) {100.0%}

Histogram: Windows.HighResolutionTimerUsage recorded 78 samples, mean = 0.0 (flags = 0x41)
0  ------------------------------------------------------------------------O (78 = 100.0%)
1  ... 

Histogram: Windows.HypervPresent recorded 1 samples, mean = 1.0 (flags = 0x41)
0  O                                                                         (0 = 0.0%)
1  -O                                                                        (1 = 100.0%) {0.0%}
2  O                                                                         (0 = 0.0%) {100.0%}

Histogram: Windows.LegacyDisplayIdAlgorithm recorded 98 samples, mean = 0.0 (flags = 0x41)
0  ------------------------------------------------------------------------O (98 = 100.0%)
1  ... 

Histogram: Windows.ParallelDllLoadingEnabled recorded 1 samples, mean = 1.0 (flags = 0x41)
0  O                                                                         (0 = 0.0%)
1  -O                                                                        (1 = 100.0%) {0.0%}
2  O                                                                         (0 = 0.0%) {100.0%}

Histogram: Windows.PatchLevel recorded 1 samples (flags = 0x41)
1717052075  -O                                                                        (1 = 100.0%)

Histogram: Windows.PatchLevelKernel32 recorded 1 samples (flags = 0x41)
1710498475  -O                                                                        (1 = 100.0%)

Histogram: Windows.ProcessorFamily recorded 1 samples (flags = 0x41)
107  -O                                                                        (1 = 100.0%)

Histogram: Windows.ProcessorVirtualizationFirmwareEnabled recorded 1 samples, mean = 1.0 (flags = 0x41)
0  O                                                                         (0 = 0.0%)
1  -O                                                                        (1 = 100.0%) {0.0%}
2  O                                                                         (0 = 0.0%) {100.0%}


