[4864:9656:0720/235706.965:WARNING:chrome_main_delegate.cc(745)] This is Chrome version 128.0.6613.138 (not a warning)
[4864:26972:0720/235707.054:ERROR:google_update_settings.cc(265)] Failed opening key Software\Chromium to set usagestats; result: 5
[4864:9656:0720/235707.112:WARNING:account_consistency_mode_manager.cc(77)] Desktop Identity Consistency cannot be enabled as no OAuth client ID and client secret have been configured.
[4864:15076:0720/235714.287:WARNING:leveldb_database.cc(141)] Unable to open C:\Users\onigi\OneDrive\ドキュメント\GitHub\RaylaFeat\Saved\webcache_6613\Default\shared_proto_db\metadata: IO error: C:\Users\onigi\OneDrive\ドキュメント\GitHub\RaylaFeat\Saved\webcache_6613\Default\shared_proto_db\metadata/MANIFEST-000001: Unable to create sequential file (ChromeMethodBFE: 7::NewSequentialFile::1)
[4864:15076:0720/235714.290:WARNING:leveldb_database.cc(141)] Unable to open C:\Users\onigi\OneDrive\ドキュメント\GitHub\RaylaFeat\Saved\webcache_6613\Default\shared_proto_db\metadata: IO error: C:\Users\onigi\OneDrive\ドキュメント\GitHub\RaylaFeat\Saved\webcache_6613\Default\shared_proto_db\metadata/MANIFEST-000001: Unable to create sequential file (ChromeMethodBFE: 7::NewSequentialFile::1)
[4864:15076:0720/235714.295:WARNING:leveldb_database.cc(141)] Unable to open C:\Users\onigi\OneDrive\ドキュメント\GitHub\RaylaFeat\Saved\webcache_6613\Default\shared_proto_db\metadata: IO error: C:\Users\onigi\OneDrive\ドキュメント\GitHub\RaylaFeat\Saved\webcache_6613\Default\shared_proto_db\metadata/MANIFEST-000001: Unable to create sequential file (ChromeMethodBFE: 7::NewSequentialFile::1)
[4864:15076:0720/235714.298:WARNING:leveldb_database.cc(141)] Unable to open C:\Users\onigi\OneDrive\ドキュメント\GitHub\RaylaFeat\Saved\webcache_6613\Default\shared_proto_db\metadata: IO error: C:\Users\onigi\OneDrive\ドキュメント\GitHub\RaylaFeat\Saved\webcache_6613\Default\shared_proto_db\metadata/MANIFEST-000001: Unable to create sequential file (ChromeMethodBFE: 7::NewSequentialFile::1)
[4864:2272:0720/235720.557:WARNING:value_store_frontend.cc(47)] Reading ahfgeienlihckogmohjhadlkjgocpleb.alarms from  failed: IO error: .../MANIFEST-000001: Unable to create sequential file (ChromeMethodBFE: 7::NewSequentialFile::1)
[4864:2272:0720/235720.560:WARNING:value_store_frontend.cc(47)] Reading mhjfbmdgcfjbbpaeojofohoefgiehjai.alarms from  failed: IO error: .../MANIFEST-000001: Unable to create sequential file (ChromeMethodBFE: 7::NewSequentialFile::1)
[22636:29308:0720/235721.597:VERBOSE1:video_capture_oracle.cc(91)] Capture size auto-throttling is now enabled.
[29568:29600:0720/235721.598:WARNING:frame_impl.cc(430)] virtual CefFrameImpl::SendProcessMessage sent to detached frame 5-0A5B561B72ED3FBC82EC6267B5E80093 will be ignored
[22636:29308:0720/235721.598:VERBOSE1:video_capture_oracle.cc(120)] Capture size auto-throttling is now disabled.
[22636:29308:0720/235721.598:VERBOSE1:capture_resolution_chooser.cc(205)] Recomputed snapped frame sizes: 2x2
[22636:29308:0720/235721.598:VERBOSE1:capture_resolution_chooser.cc(157)] Recomputed capture size from 640x360 to 2x2 (100% of ideal size)
[22636:29308:0720/235723.524:VERBOSE1:capture_resolution_chooser.cc(205)] Recomputed snapped frame sizes: 2x2
[4864:26984:0720/235748.116:VERBOSE1:media_stream_manager.cc(1533)] MSPL::OnSpeedLimitChange({this=00005554001B6D40}, {new_limit=40})
[4864:26984:0720/235749.103:VERBOSE1:media_stream_manager.cc(1533)] MSPL::OnSpeedLimitChange({this=00005554001B6D40}, {new_limit=37})
[4864:26984:0720/235750.090:VERBOSE1:media_stream_manager.cc(1533)] MSPL::OnSpeedLimitChange({this=00005554001B6D40}, {new_limit=35})
[4864:26984:0720/235751.133:VERBOSE1:media_stream_manager.cc(1533)] MSPL::OnSpeedLimitChange({this=00005554001B6D40}, {new_limit=36})
[4864:26984:0720/235752.096:VERBOSE1:media_stream_manager.cc(1533)] MSPL::OnSpeedLimitChange({this=00005554001B6D40}, {new_limit=37})
[4864:26984:0720/235753.124:VERBOSE1:media_stream_manager.cc(1533)] MSPL::OnSpeedLimitChange({this=00005554001B6D40}, {new_limit=39})
[4864:26984:0720/235754.118:VERBOSE1:media_stream_manager.cc(1533)] MSPL::OnSpeedLimitChange({this=00005554001B6D40}, {new_limit=41})
[4864:26984:0720/235756.383:VERBOSE1:media_stream_manager.cc(1533)] MSPL::OnSpeedLimitChange({this=00005554001B6D40}, {new_limit=43})
[4864:26984:0720/235757.383:VERBOSE1:media_stream_manager.cc(1533)] MSPL::OnSpeedLimitChange({this=00005554001B6D40}, {new_limit=45})
[4864:26984:0720/235758.383:VERBOSE1:media_stream_manager.cc(1533)] MSPL::OnSpeedLimitChange({this=00005554001B6D40}, {new_limit=48})
[4864:26984:0720/235759.379:VERBOSE1:media_stream_manager.cc(1533)] MSPL::OnSpeedLimitChange({this=00005554001B6D40}, {new_limit=100})
[4864:9656:0720/235800.389:WARNING:page_discarding_helper.cc(138)] Discarding multiple pages with target (kb): 0
[4864:26984:0720/235809.381:VERBOSE1:media_stream_manager.cc(1533)] MSPL::OnSpeedLimitChange({this=00005554001B6D40}, {new_limit=75})
[4864:26984:0720/235810.384:VERBOSE1:media_stream_manager.cc(1533)] MSPL::OnSpeedLimitChange({this=00005554001B6D40}, {new_limit=78})
[4864:26984:0720/235811.383:VERBOSE1:media_stream_manager.cc(1533)] MSPL::OnSpeedLimitChange({this=00005554001B6D40}, {new_limit=76})
[4864:26984:0720/235812.382:VERBOSE1:media_stream_manager.cc(1533)] MSPL::OnSpeedLimitChange({this=00005554001B6D40}, {new_limit=78})
[4864:26984:0720/235813.383:VERBOSE1:media_stream_manager.cc(1533)] MSPL::OnSpeedLimitChange({this=00005554001B6D40}, {new_limit=100})
[8636:27008:0720/235820.052:VERBOSE1:tls_handshaker.cc(105)] TlsClient: Continuing handshake
[8636:27008:0720/235820.065:VERBOSE1:tls_handshaker.cc(105)] TlsClient: Continuing handshake
[8636:27008:0720/235820.065:VERBOSE1:tls_handshaker.cc(105)] TlsClient: Continuing handshake
[8636:27008:0720/235820.066:VERBOSE1:tls_handshaker.cc(105)] TlsClient: Continuing handshake
[8636:27008:0720/235820.066:VERBOSE1:tls_handshaker.cc(105)] TlsClient: Continuing handshake
[8636:27008:0720/235820.066:VERBOSE1:tls_handshaker.cc(105)] TlsClient: Continuing handshake
[8636:27008:0720/235820.067:VERBOSE1:tls_client_handshaker.cc(528)] Client: handshake finished
[8636:27008:0720/235920.099:VERBOSE1:tls_handshaker.cc(105)] TlsClient: Continuing handshake
[8636:27008:0720/235920.102:VERBOSE1:tls_handshaker.cc(126)] TlsClient: SSL_do_handshake returned when entering early data. After retry, rv=-1, SSL_in_early_data=1
[8636:27008:0720/235920.117:VERBOSE1:tls_handshaker.cc(105)] TlsClient: Continuing handshake
[8636:27008:0720/235920.117:VERBOSE1:tls_handshaker.cc(105)] TlsClient: Continuing handshake
[8636:27008:0720/235920.117:VERBOSE1:tls_client_handshaker.cc(528)] Client: handshake finished
[4864:26984:0720/235956.393:VERBOSE1:media_stream_manager.cc(1533)] MSPL::OnSpeedLimitChange({this=00005554001B6D40}, {new_limit=85})
[4864:26984:0720/235959.393:VERBOSE1:media_stream_manager.cc(1533)] MSPL::OnSpeedLimitChange({this=00005554001B6D40}, {new_limit=100})
[4864:26984:0721/000017.398:VERBOSE1:media_stream_manager.cc(1533)] MSPL::OnSpeedLimitChange({this=00005554001B6D40}, {new_limit=82})
[4864:26984:0721/000020.396:VERBOSE1:media_stream_manager.cc(1533)] MSPL::OnSpeedLimitChange({this=00005554001B6D40}, {new_limit=100})
[4864:9656:0721/000035.249:VERBOSE1:device_event_log_impl.cc(198)] [00:00:35.249] Display: EVENT: screen_win.cc:893 Displays updated, count: 1
[4864:9656:0721/000035.249:VERBOSE1:device_event_log_impl.cc(198)] [00:00:35.249] Display: EVENT: screen_win.cc:895 Display[797136454] bounds=[0,0 1280x800], workarea=[0,0 1280x752], scale=1.5, rotation=0, panel_rotation=0 external detected
[4864:26984:0721/000042.214:VERBOSE1:media_stream_manager.cc(1533)] MSPL::OnSpeedLimitChange({this=00005554001B6D40}, {new_limit=73})
[4864:26984:0721/000043.235:VERBOSE1:media_stream_manager.cc(1533)] MSPL::OnSpeedLimitChange({this=00005554001B6D40}, {new_limit=70})
[4864:26984:0721/000044.249:VERBOSE1:media_stream_manager.cc(1533)] MSPL::OnSpeedLimitChange({this=00005554001B6D40}, {new_limit=66})
[4864:26984:0721/000045.239:VERBOSE1:media_stream_manager.cc(1533)] MSPL::OnSpeedLimitChange({this=00005554001B6D40}, {new_limit=64})
[4864:26984:0721/000046.222:VERBOSE1:media_stream_manager.cc(1533)] MSPL::OnSpeedLimitChange({this=00005554001B6D40}, {new_limit=63})
[4864:26984:0721/000047.284:VERBOSE1:media_stream_manager.cc(1533)] MSPL::OnSpeedLimitChange({this=00005554001B6D40}, {new_limit=62})
[4864:26984:0721/000048.284:VERBOSE1:media_stream_manager.cc(1533)] MSPL::OnSpeedLimitChange({this=00005554001B6D40}, {new_limit=63})
[4864:26984:0721/000049.282:VERBOSE1:media_stream_manager.cc(1533)] MSPL::OnSpeedLimitChange({this=00005554001B6D40}, {new_limit=66})
[4864:26984:0721/000050.284:VERBOSE1:media_stream_manager.cc(1533)] MSPL::OnSpeedLimitChange({this=00005554001B6D40}, {new_limit=67})
[4864:26984:0721/000051.285:VERBOSE1:media_stream_manager.cc(1533)] MSPL::OnSpeedLimitChange({this=00005554001B6D40}, {new_limit=68})
[4864:26984:0721/000052.288:VERBOSE1:media_stream_manager.cc(1533)] MSPL::OnSpeedLimitChange({this=00005554001B6D40}, {new_limit=70})
[4864:26984:0721/000053.286:VERBOSE1:media_stream_manager.cc(1533)] MSPL::OnSpeedLimitChange({this=00005554001B6D40}, {new_limit=71})
[4864:26984:0721/000054.285:VERBOSE1:media_stream_manager.cc(1533)] MSPL::OnSpeedLimitChange({this=00005554001B6D40}, {new_limit=75})
[4864:26984:0721/000055.285:VERBOSE1:media_stream_manager.cc(1533)] MSPL::OnSpeedLimitChange({this=00005554001B6D40}, {new_limit=76})
[4864:26984:0721/000056.286:VERBOSE1:media_stream_manager.cc(1533)] MSPL::OnSpeedLimitChange({this=00005554001B6D40}, {new_limit=100})
[4864:26984:0721/000106.286:VERBOSE1:media_stream_manager.cc(1533)] MSPL::OnSpeedLimitChange({this=00005554001B6D40}, {new_limit=83})
[4864:26984:0721/000109.286:VERBOSE1:media_stream_manager.cc(1533)] MSPL::OnSpeedLimitChange({this=00005554001B6D40}, {new_limit=84})
[4864:26984:0721/000110.285:VERBOSE1:media_stream_manager.cc(1533)] MSPL::OnSpeedLimitChange({this=00005554001B6D40}, {new_limit=100})
[4864:9656:0721/000118.685:VERBOSE1:device_event_log_impl.cc(198)] [00:01:18.684] Display: EVENT: screen_win.cc:893 Displays updated, count: 1
[4864:9656:0721/000118.685:VERBOSE1:device_event_log_impl.cc(198)] [00:01:18.684] Display: EVENT: screen_win.cc:895 Display[797136454] bounds=[0,0 1280x800], workarea=[0,0 1280x752], scale=1.5, rotation=0, panel_rotation=0 external detected
[4864:26984:0721/000120.251:VERBOSE1:media_stream_manager.cc(1533)] MSPL::OnSpeedLimitChange({this=00005554001B6D40}, {new_limit=85})
[4864:26984:0721/000121.282:VERBOSE1:media_stream_manager.cc(1533)] MSPL::OnSpeedLimitChange({this=00005554001B6D40}, {new_limit=83})
[4864:26984:0721/000122.246:VERBOSE1:media_stream_manager.cc(1533)] MSPL::OnSpeedLimitChange({this=00005554001B6D40}, {new_limit=82})
[4864:26984:0721/000123.256:VERBOSE1:media_stream_manager.cc(1533)] MSPL::OnSpeedLimitChange({this=00005554001B6D40}, {new_limit=81})
[4864:26984:0721/000124.263:VERBOSE1:media_stream_manager.cc(1533)] MSPL::OnSpeedLimitChange({this=00005554001B6D40}, {new_limit=79})
[4864:26984:0721/000126.283:VERBOSE1:media_stream_manager.cc(1533)] MSPL::OnSpeedLimitChange({this=00005554001B6D40}, {new_limit=76})
[4864:26984:0721/000127.359:VERBOSE1:media_stream_manager.cc(1533)] MSPL::OnSpeedLimitChange({this=00005554001B6D40}, {new_limit=75})
[4864:26984:0721/000128.259:VERBOSE1:media_stream_manager.cc(1533)] MSPL::OnSpeedLimitChange({this=00005554001B6D40}, {new_limit=100})
[4864:9656:0721/000143.574:VERBOSE1:device_event_log_impl.cc(198)] [00:01:43.573] Display: EVENT: screen_win.cc:893 Displays updated, count: 1
[4864:9656:0721/000143.574:VERBOSE1:device_event_log_impl.cc(198)] [00:01:43.573] Display: EVENT: screen_win.cc:895 Display[797136454] bounds=[0,0 1280x800], workarea=[0,0 1280x752], scale=1.5, rotation=0, panel_rotation=0 external detected
[4864:9656:0721/000143.595:VERBOSE1:device_event_log_impl.cc(198)] [00:01:43.595] Display: EVENT: screen_win.cc:893 Displays updated, count: 1
[4864:9656:0721/000143.595:VERBOSE1:device_event_log_impl.cc(198)] [00:01:43.595] Display: EVENT: screen_win.cc:895 Display[797136454] bounds=[0,0 1280x800], workarea=[0,0 1280x752], scale=1.5, rotation=0, panel_rotation=0 external detected
[4864:9656:0721/000159.022:VERBOSE1:device_event_log_impl.cc(198)] [00:01:59.021] Display: EVENT: screen_win.cc:893 Displays updated, count: 1
[4864:9656:0721/000159.022:VERBOSE1:device_event_log_impl.cc(198)] [00:01:59.021] Display: EVENT: screen_win.cc:895 Display[797136454] bounds=[0,0 1280x800], workarea=[0,0 1280x752], scale=1.5, rotation=0, panel_rotation=0 external detected
[4864:26984:0721/000217.294:VERBOSE1:media_stream_manager.cc(1533)] MSPL::OnSpeedLimitChange({this=00005554001B6D40}, {new_limit=73})
[4864:26984:0721/000218.288:VERBOSE1:media_stream_manager.cc(1533)] MSPL::OnSpeedLimitChange({this=00005554001B6D40}, {new_limit=72})
[4864:26984:0721/000219.318:VERBOSE1:media_stream_manager.cc(1533)] MSPL::OnSpeedLimitChange({this=00005554001B6D40}, {new_limit=70})
[4864:26984:0721/000220.300:VERBOSE1:media_stream_manager.cc(1533)] MSPL::OnSpeedLimitChange({this=00005554001B6D40}, {new_limit=68})
[4864:26984:0721/000221.565:VERBOSE1:media_stream_manager.cc(1533)] MSPL::OnSpeedLimitChange({this=00005554001B6D40}, {new_limit=67})
[4864:26984:0721/000222.562:VERBOSE1:media_stream_manager.cc(1533)] MSPL::OnSpeedLimitChange({this=00005554001B6D40}, {new_limit=68})
[4864:26984:0721/000223.563:VERBOSE1:media_stream_manager.cc(1533)] MSPL::OnSpeedLimitChange({this=00005554001B6D40}, {new_limit=70})
[4864:26984:0721/000224.564:VERBOSE1:media_stream_manager.cc(1533)] MSPL::OnSpeedLimitChange({this=00005554001B6D40}, {new_limit=69})
[4864:26984:0721/000225.565:VERBOSE1:media_stream_manager.cc(1533)] MSPL::OnSpeedLimitChange({this=00005554001B6D40}, {new_limit=70})
[4864:26984:0721/000226.564:VERBOSE1:media_stream_manager.cc(1533)] MSPL::OnSpeedLimitChange({this=00005554001B6D40}, {new_limit=72})
[4864:26984:0721/000229.566:VERBOSE1:media_stream_manager.cc(1533)] MSPL::OnSpeedLimitChange({this=00005554001B6D40}, {new_limit=75})
[4864:26984:0721/000230.565:VERBOSE1:media_stream_manager.cc(1533)] MSPL::OnSpeedLimitChange({this=00005554001B6D40}, {new_limit=77})
[4864:26984:0721/000231.565:VERBOSE1:media_stream_manager.cc(1533)] MSPL::OnSpeedLimitChange({this=00005554001B6D40}, {new_limit=76})
[4864:26984:0721/000233.566:VERBOSE1:media_stream_manager.cc(1533)] MSPL::OnSpeedLimitChange({this=00005554001B6D40}, {new_limit=74})
[4864:26984:0721/000234.569:VERBOSE1:media_stream_manager.cc(1533)] MSPL::OnSpeedLimitChange({this=00005554001B6D40}, {new_limit=75})
[4864:26984:0721/000235.566:VERBOSE1:media_stream_manager.cc(1533)] MSPL::OnSpeedLimitChange({this=00005554001B6D40}, {new_limit=74})
[4864:26984:0721/000236.566:VERBOSE1:media_stream_manager.cc(1533)] MSPL::OnSpeedLimitChange({this=00005554001B6D40}, {new_limit=75})
[4864:26984:0721/000237.566:VERBOSE1:media_stream_manager.cc(1533)] MSPL::OnSpeedLimitChange({this=00005554001B6D40}, {new_limit=100})
[4864:9656:0721/000244.593:VERBOSE1:device_event_log_impl.cc(198)] [00:02:44.593] Display: EVENT: screen_win.cc:893 Displays updated, count: 1
[4864:9656:0721/000244.593:VERBOSE1:device_event_log_impl.cc(198)] [00:02:44.594] Display: EVENT: screen_win.cc:895 Display[797136454] bounds=[0,0 1280x800], workarea=[0,0 1280x752], scale=1.5, rotation=0, panel_rotation=0 external detected
[4864:26984:0721/000300.627:VERBOSE1:media_stream_manager.cc(1533)] MSPL::OnSpeedLimitChange({this=00005554001B6D40}, {new_limit=79})
[4864:26984:0721/000301.630:VERBOSE1:media_stream_manager.cc(1533)] MSPL::OnSpeedLimitChange({this=00005554001B6D40}, {new_limit=78})
[4864:26984:0721/000302.629:VERBOSE1:media_stream_manager.cc(1533)] MSPL::OnSpeedLimitChange({this=00005554001B6D40}, {new_limit=77})
[4864:26984:0721/000303.628:VERBOSE1:media_stream_manager.cc(1533)] MSPL::OnSpeedLimitChange({this=00005554001B6D40}, {new_limit=76})
[4864:26984:0721/000304.629:VERBOSE1:media_stream_manager.cc(1533)] MSPL::OnSpeedLimitChange({this=00005554001B6D40}, {new_limit=77})
[4864:26984:0721/000305.627:VERBOSE1:media_stream_manager.cc(1533)] MSPL::OnSpeedLimitChange({this=00005554001B6D40}, {new_limit=79})
[4864:26984:0721/000308.631:VERBOSE1:media_stream_manager.cc(1533)] MSPL::OnSpeedLimitChange({this=00005554001B6D40}, {new_limit=80})
[4864:26984:0721/000309.629:VERBOSE1:media_stream_manager.cc(1533)] MSPL::OnSpeedLimitChange({this=00005554001B6D40}, {new_limit=81})
[4864:26984:0721/000310.632:VERBOSE1:media_stream_manager.cc(1533)] MSPL::OnSpeedLimitChange({this=00005554001B6D40}, {new_limit=79})
[4864:26984:0721/000312.631:VERBOSE1:media_stream_manager.cc(1533)] MSPL::OnSpeedLimitChange({this=00005554001B6D40}, {new_limit=80})
[4864:26984:0721/000313.631:VERBOSE1:media_stream_manager.cc(1533)] MSPL::OnSpeedLimitChange({this=00005554001B6D40}, {new_limit=81})
[4864:26984:0721/000315.633:VERBOSE1:media_stream_manager.cc(1533)] MSPL::OnSpeedLimitChange({this=00005554001B6D40}, {new_limit=80})
[4864:26984:0721/000316.632:VERBOSE1:media_stream_manager.cc(1533)] MSPL::OnSpeedLimitChange({this=00005554001B6D40}, {new_limit=79})
[4864:26984:0721/000317.631:VERBOSE1:media_stream_manager.cc(1533)] MSPL::OnSpeedLimitChange({this=00005554001B6D40}, {new_limit=78})
[4864:26984:0721/000320.631:VERBOSE1:media_stream_manager.cc(1533)] MSPL::OnSpeedLimitChange({this=00005554001B6D40}, {new_limit=80})
[4864:9656:0721/000322.397:VERBOSE1:device_event_log_impl.cc(198)] [00:03:22.397] Display: EVENT: screen_win.cc:893 Displays updated, count: 1
[4864:9656:0721/000322.397:VERBOSE1:device_event_log_impl.cc(198)] [00:03:22.397] Display: EVENT: screen_win.cc:895 Display[797136454] bounds=[0,0 1280x800], workarea=[0,0 1280x752], scale=1.5, rotation=0, panel_rotation=0 external detected
[4864:26984:0721/000323.337:VERBOSE1:media_stream_manager.cc(1533)] MSPL::OnSpeedLimitChange({this=00005554001B6D40}, {new_limit=78})
[4864:26984:0721/000324.340:VERBOSE1:media_stream_manager.cc(1533)] MSPL::OnSpeedLimitChange({this=00005554001B6D40}, {new_limit=79})
[4864:26984:0721/000325.328:VERBOSE1:media_stream_manager.cc(1533)] MSPL::OnSpeedLimitChange({this=00005554001B6D40}, {new_limit=77})
[4864:26984:0721/000326.330:VERBOSE1:media_stream_manager.cc(1533)] MSPL::OnSpeedLimitChange({this=00005554001B6D40}, {new_limit=76})
[4864:26984:0721/000327.333:VERBOSE1:media_stream_manager.cc(1533)] MSPL::OnSpeedLimitChange({this=00005554001B6D40}, {new_limit=77})
[4864:26984:0721/000332.385:VERBOSE1:media_stream_manager.cc(1533)] MSPL::OnSpeedLimitChange({this=00005554001B6D40}, {new_limit=76})
[4864:26984:0721/000333.380:VERBOSE1:media_stream_manager.cc(1533)] MSPL::OnSpeedLimitChange({this=00005554001B6D40}, {new_limit=78})
[4864:26984:0721/000334.379:VERBOSE1:media_stream_manager.cc(1533)] MSPL::OnSpeedLimitChange({this=00005554001B6D40}, {new_limit=77})
[4864:26984:0721/000335.379:VERBOSE1:media_stream_manager.cc(1533)] MSPL::OnSpeedLimitChange({this=00005554001B6D40}, {new_limit=100})
[4864:9656:0721/000336.484:VERBOSE1:device_event_log_impl.cc(198)] [00:03:36.484] Display: EVENT: screen_win.cc:893 Displays updated, count: 1
[4864:9656:0721/000336.484:VERBOSE1:device_event_log_impl.cc(198)] [00:03:36.484] Display: EVENT: screen_win.cc:895 Display[797136454] bounds=[0,0 1280x800], workarea=[0,0 1280x752], scale=1.5, rotation=0, panel_rotation=0 external detected
[4864:26984:0721/000345.358:VERBOSE1:media_stream_manager.cc(1533)] MSPL::OnSpeedLimitChange({this=00005554001B6D40}, {new_limit=75})
[4864:26984:0721/000346.360:VERBOSE1:media_stream_manager.cc(1533)] MSPL::OnSpeedLimitChange({this=00005554001B6D40}, {new_limit=74})
[4864:26984:0721/000347.386:VERBOSE1:media_stream_manager.cc(1533)] MSPL::OnSpeedLimitChange({this=00005554001B6D40}, {new_limit=75})
[4864:26984:0721/000348.363:VERBOSE1:media_stream_manager.cc(1533)] MSPL::OnSpeedLimitChange({this=00005554001B6D40}, {new_limit=74})
[4864:26984:0721/000349.356:VERBOSE1:media_stream_manager.cc(1533)] MSPL::OnSpeedLimitChange({this=00005554001B6D40}, {new_limit=73})
[4864:26984:0721/000350.356:VERBOSE1:media_stream_manager.cc(1533)] MSPL::OnSpeedLimitChange({this=00005554001B6D40}, {new_limit=71})
[4864:26984:0721/000352.363:VERBOSE1:media_stream_manager.cc(1533)] MSPL::OnSpeedLimitChange({this=00005554001B6D40}, {new_limit=100})
[4864:26984:0721/000402.373:VERBOSE1:media_stream_manager.cc(1533)] MSPL::OnSpeedLimitChange({this=00005554001B6D40}, {new_limit=76})
[4864:26984:0721/000405.479:VERBOSE1:media_stream_manager.cc(1533)] MSPL::OnSpeedLimitChange({this=00005554001B6D40}, {new_limit=77})
[4864:26984:0721/000406.630:VERBOSE1:media_stream_manager.cc(1533)] MSPL::OnSpeedLimitChange({this=00005554001B6D40}, {new_limit=74})
[4864:26984:0721/000408.626:VERBOSE1:media_stream_manager.cc(1533)] MSPL::OnSpeedLimitChange({this=00005554001B6D40}, {new_limit=100})
[4864:9656:0721/000412.013:VERBOSE1:device_event_log_impl.cc(198)] [00:04:12.013] Display: EVENT: screen_win.cc:893 Displays updated, count: 1
[4864:9656:0721/000412.013:VERBOSE1:device_event_log_impl.cc(198)] [00:04:12.013] Display: EVENT: screen_win.cc:895 Display[797136454] bounds=[0,0 1280x800], workarea=[0,0 1280x752], scale=1.5, rotation=0, panel_rotation=0 external detected
[4864:26984:0721/000450.712:VERBOSE1:media_stream_manager.cc(1533)] MSPL::OnSpeedLimitChange({this=00005554001B6D40}, {new_limit=84})
[4864:26984:0721/000453.712:VERBOSE1:media_stream_manager.cc(1533)] MSPL::OnSpeedLimitChange({this=00005554001B6D40}, {new_limit=83})
[4864:26984:0721/000456.713:VERBOSE1:media_stream_manager.cc(1533)] MSPL::OnSpeedLimitChange({this=00005554001B6D40}, {new_limit=84})
[4864:26984:0721/000502.715:VERBOSE1:media_stream_manager.cc(1533)] MSPL::OnSpeedLimitChange({this=00005554001B6D40}, {new_limit=100})
[4864:9656:0721/000528.558:VERBOSE1:device_event_log_impl.cc(198)] [00:05:28.558] Display: EVENT: screen_win.cc:893 Displays updated, count: 1
[4864:9656:0721/000528.558:VERBOSE1:device_event_log_impl.cc(198)] [00:05:28.558] Display: EVENT: screen_win.cc:895 Display[797136454] bounds=[0,0 1280x800], workarea=[0,0 1280x752], scale=1.5, rotation=0, panel_rotation=0 external detected
[4864:9656:0721/000544.024:VERBOSE1:device_event_log_impl.cc(198)] [00:05:44.024] Display: EVENT: screen_win.cc:893 Displays updated, count: 1
[4864:9656:0721/000544.024:VERBOSE1:device_event_log_impl.cc(198)] [00:05:44.024] Display: EVENT: screen_win.cc:895 Display[797136454] bounds=[0,0 1280x800], workarea=[0,0 1280x752], scale=1.5, rotation=0, panel_rotation=0 external detected
[4864:9656:0721/000554.441:VERBOSE1:device_event_log_impl.cc(198)] [00:05:54.441] Display: EVENT: screen_win.cc:893 Displays updated, count: 1
[4864:9656:0721/000554.441:VERBOSE1:device_event_log_impl.cc(198)] [00:05:54.441] Display: EVENT: screen_win.cc:895 Display[797136454] bounds=[0,0 1280x800], workarea=[0,0 1280x752], scale=1.5, rotation=0, panel_rotation=0 external detected
[4864:26984:0721/000607.602:VERBOSE1:media_stream_manager.cc(1533)] MSPL::OnSpeedLimitChange({this=00005554001B6D40}, {new_limit=83})
[4864:26984:0721/000609.466:VERBOSE1:media_stream_manager.cc(1533)] MSPL::OnSpeedLimitChange({this=00005554001B6D40}, {new_limit=82})
[4864:26984:0721/000611.467:VERBOSE1:media_stream_manager.cc(1533)] MSPL::OnSpeedLimitChange({this=00005554001B6D40}, {new_limit=83})
[4864:26984:0721/000612.546:VERBOSE1:media_stream_manager.cc(1533)] MSPL::OnSpeedLimitChange({this=00005554001B6D40}, {new_limit=100})
[4864:9656:0721/000635.077:VERBOSE1:device_event_log_impl.cc(198)] [00:06:35.077] Display: EVENT: screen_win.cc:893 Displays updated, count: 1
[4864:9656:0721/000635.077:VERBOSE1:device_event_log_impl.cc(198)] [00:06:35.077] Display: EVENT: screen_win.cc:895 Display[797136454] bounds=[0,0 1280x800], workarea=[0,0 1280x752], scale=1.5, rotation=0, panel_rotation=0 external detected
[4864:26984:0721/000650.492:VERBOSE1:media_stream_manager.cc(1533)] MSPL::OnSpeedLimitChange({this=00005554001B6D40}, {new_limit=85})
[4864:26984:0721/000655.517:VERBOSE1:media_stream_manager.cc(1533)] MSPL::OnSpeedLimitChange({this=00005554001B6D40}, {new_limit=84})
[4864:26984:0721/000656.518:VERBOSE1:media_stream_manager.cc(1533)] MSPL::OnSpeedLimitChange({this=00005554001B6D40}, {new_limit=85})
[4864:26984:0721/000658.499:VERBOSE1:media_stream_manager.cc(1533)] MSPL::OnSpeedLimitChange({this=00005554001B6D40}, {new_limit=84})
[4864:26984:0721/000700.495:VERBOSE1:media_stream_manager.cc(1533)] MSPL::OnSpeedLimitChange({this=00005554001B6D40}, {new_limit=83})
[4864:26984:0721/000702.495:VERBOSE1:media_stream_manager.cc(1533)] MSPL::OnSpeedLimitChange({this=00005554001B6D40}, {new_limit=84})
[4864:26984:0721/000703.499:VERBOSE1:media_stream_manager.cc(1533)] MSPL::OnSpeedLimitChange({this=00005554001B6D40}, {new_limit=100})
[4864:9656:0721/000733.892:VERBOSE1:device_event_log_impl.cc(198)] [00:07:33.891] Display: EVENT: screen_win.cc:893 Displays updated, count: 1
[4864:9656:0721/000733.892:VERBOSE1:device_event_log_impl.cc(198)] [00:07:33.892] Display: EVENT: screen_win.cc:895 Display[797136454] bounds=[0,0 1280x800], workarea=[0,0 1280x752], scale=1.5, rotation=0, panel_rotation=0 external detected
[4864:26984:0721/000742.551:VERBOSE1:media_stream_manager.cc(1533)] MSPL::OnSpeedLimitChange({this=00005554001B6D40}, {new_limit=77})
[4864:26984:0721/000743.536:VERBOSE1:media_stream_manager.cc(1533)] MSPL::OnSpeedLimitChange({this=00005554001B6D40}, {new_limit=76})
[4864:26984:0721/000747.565:VERBOSE1:media_stream_manager.cc(1533)] MSPL::OnSpeedLimitChange({this=00005554001B6D40}, {new_limit=75})
[4864:26984:0721/000748.783:VERBOSE1:media_stream_manager.cc(1533)] MSPL::OnSpeedLimitChange({this=00005554001B6D40}, {new_limit=100})
[4864:9656:0721/000928.612:VERBOSE1:device_event_log_impl.cc(198)] [00:09:28.613] Display: EVENT: screen_win.cc:893 Displays updated, count: 1
[4864:9656:0721/000928.613:VERBOSE1:device_event_log_impl.cc(198)] [00:09:28.613] Display: EVENT: screen_win.cc:895 Display[797136454] bounds=[0,0 1280x800], workarea=[0,0 1280x752], scale=1.5, rotation=0, panel_rotation=0 external detected
[4864:9656:0721/001107.715:VERBOSE1:device_event_log_impl.cc(198)] [00:11:07.715] Display: EVENT: screen_win.cc:893 Displays updated, count: 1
[4864:9656:0721/001107.715:VERBOSE1:device_event_log_impl.cc(198)] [00:11:07.715] Display: EVENT: screen_win.cc:895 Display[797136454] bounds=[0,0 1280x800], workarea=[0,0 1280x752], scale=1.5, rotation=0, panel_rotation=0 external detected
[4864:26984:0721/001117.719:VERBOSE1:media_stream_manager.cc(1533)] MSPL::OnSpeedLimitChange({this=00005554001B6D40}, {new_limit=82})
[4864:26984:0721/001118.739:VERBOSE1:media_stream_manager.cc(1533)] MSPL::OnSpeedLimitChange({this=00005554001B6D40}, {new_limit=100})
[4864:9656:0721/001134.925:VERBOSE1:device_event_log_impl.cc(198)] [00:11:34.925] Display: EVENT: screen_win.cc:893 Displays updated, count: 1
[4864:9656:0721/001134.926:VERBOSE1:device_event_log_impl.cc(198)] [00:11:34.926] Display: EVENT: screen_win.cc:895 Display[797136454] bounds=[0,0 1280x800], workarea=[0,0 1280x752], scale=1.5, rotation=0, panel_rotation=0 external detected
[4864:26984:0721/001148.748:VERBOSE1:media_stream_manager.cc(1533)] MSPL::OnSpeedLimitChange({this=00005554001B6D40}, {new_limit=80})
[4864:26984:0721/001149.751:VERBOSE1:media_stream_manager.cc(1533)] MSPL::OnSpeedLimitChange({this=00005554001B6D40}, {new_limit=79})
[4864:26984:0721/001150.759:VERBOSE1:media_stream_manager.cc(1533)] MSPL::OnSpeedLimitChange({this=00005554001B6D40}, {new_limit=80})
[4864:26984:0721/001151.762:VERBOSE1:media_stream_manager.cc(1533)] MSPL::OnSpeedLimitChange({this=00005554001B6D40}, {new_limit=100})
[4864:9656:0721/001212.280:VERBOSE1:device_event_log_impl.cc(198)] [00:12:12.280] Display: EVENT: screen_win.cc:893 Displays updated, count: 1
[4864:9656:0721/001212.280:VERBOSE1:device_event_log_impl.cc(198)] [00:12:12.280] Display: EVENT: screen_win.cc:895 Display[797136454] bounds=[0,0 1280x800], workarea=[0,0 1280x752], scale=1.5, rotation=0, panel_rotation=0 external detected
[4864:9656:0721/001401.217:VERBOSE1:device_event_log_impl.cc(198)] [00:14:01.217] Display: EVENT: screen_win.cc:893 Displays updated, count: 1
[4864:9656:0721/001401.217:VERBOSE1:device_event_log_impl.cc(198)] [00:14:01.217] Display: EVENT: screen_win.cc:895 Display[797136454] bounds=[0,0 1280x800], workarea=[0,0 1280x752], scale=1.5, rotation=0, panel_rotation=0 external detected
[4864:26984:0721/001413.888:VERBOSE1:media_stream_manager.cc(1533)] MSPL::OnSpeedLimitChange({this=00005554001B6D40}, {new_limit=77})
[4864:26984:0721/001414.873:VERBOSE1:media_stream_manager.cc(1533)] MSPL::OnSpeedLimitChange({this=00005554001B6D40}, {new_limit=74})
[4864:26984:0721/001415.884:VERBOSE1:media_stream_manager.cc(1533)] MSPL::OnSpeedLimitChange({this=00005554001B6D40}, {new_limit=73})
[4864:26984:0721/001416.865:VERBOSE1:media_stream_manager.cc(1533)] MSPL::OnSpeedLimitChange({this=00005554001B6D40}, {new_limit=72})
[4864:26984:0721/001417.880:VERBOSE1:media_stream_manager.cc(1533)] MSPL::OnSpeedLimitChange({this=00005554001B6D40}, {new_limit=70})
[4864:26984:0721/001418.870:VERBOSE1:media_stream_manager.cc(1533)] MSPL::OnSpeedLimitChange({this=00005554001B6D40}, {new_limit=100})
[4864:9656:0721/001443.827:VERBOSE1:device_event_log_impl.cc(198)] [00:14:43.827] Display: EVENT: screen_win.cc:893 Displays updated, count: 1
[4864:9656:0721/001443.827:VERBOSE1:device_event_log_impl.cc(198)] [00:14:43.827] Display: EVENT: screen_win.cc:895 Display[797136454] bounds=[0,0 1280x800], workarea=[0,0 1280x752], scale=1.5, rotation=0, panel_rotation=0 external detected
[4864:9656:0721/001509.326:VERBOSE1:device_event_log_impl.cc(198)] [00:15:09.326] Display: EVENT: screen_win.cc:893 Displays updated, count: 1
[4864:9656:0721/001509.326:VERBOSE1:device_event_log_impl.cc(198)] [00:15:09.327] Display: EVENT: screen_win.cc:895 Display[797136454] bounds=[0,0 1280x800], workarea=[0,0 1280x752], scale=1.5, rotation=0, panel_rotation=0 external detected
[4864:9656:0721/001537.067:VERBOSE1:device_event_log_impl.cc(198)] [00:15:37.067] Display: EVENT: screen_win.cc:893 Displays updated, count: 1
[4864:9656:0721/001537.067:VERBOSE1:device_event_log_impl.cc(198)] [00:15:37.067] Display: EVENT: screen_win.cc:895 Display[797136454] bounds=[0,0 1280x800], workarea=[0,0 1280x752], scale=1.5, rotation=0, panel_rotation=0 external detected
[4864:9656:0721/001541.597:VERBOSE1:device_event_log_impl.cc(198)] [00:15:41.597] Display: EVENT: screen_win.cc:893 Displays updated, count: 1
[4864:9656:0721/001541.597:VERBOSE1:device_event_log_impl.cc(198)] [00:15:41.597] Display: EVENT: screen_win.cc:895 Display[797136454] bounds=[0,0 1280x800], workarea=[0,0 1280x752], scale=1.5, rotation=0, panel_rotation=0 external detected
[4864:9656:0721/001634.565:VERBOSE1:device_event_log_impl.cc(198)] [00:16:34.565] Display: EVENT: screen_win.cc:893 Displays updated, count: 1
[4864:9656:0721/001634.565:VERBOSE1:device_event_log_impl.cc(198)] [00:16:34.565] Display: EVENT: screen_win.cc:895 Display[797136454] bounds=[0,0 1280x800], workarea=[0,0 1280x752], scale=1.5, rotation=0, panel_rotation=0 external detected
[4864:9656:0721/001709.565:VERBOSE1:device_event_log_impl.cc(198)] [00:17:09.566] Display: EVENT: screen_win.cc:893 Displays updated, count: 1
[4864:9656:0721/001709.565:VERBOSE1:device_event_log_impl.cc(198)] [00:17:09.566] Display: EVENT: screen_win.cc:895 Display[797136454] bounds=[0,0 1280x800], workarea=[0,0 1280x752], scale=1.5, rotation=0, panel_rotation=0 external detected
[4864:9656:0721/001711.780:VERBOSE1:device_event_log_impl.cc(198)] [00:17:11.780] Display: EVENT: screen_win.cc:893 Displays updated, count: 1
[4864:9656:0721/001711.780:VERBOSE1:device_event_log_impl.cc(198)] [00:17:11.780] Display: EVENT: screen_win.cc:895 Display[797136454] bounds=[0,0 1280x800], workarea=[0,0 1280x752], scale=1.5, rotation=0, panel_rotation=0 external detected
[4864:26984:0721/001722.051:VERBOSE1:media_stream_manager.cc(1533)] MSPL::OnSpeedLimitChange({this=00005554001B6D40}, {new_limit=85})
[4864:26984:0721/001725.059:VERBOSE1:media_stream_manager.cc(1533)] MSPL::OnSpeedLimitChange({this=00005554001B6D40}, {new_limit=84})
[4864:26984:0721/001727.243:VERBOSE1:media_stream_manager.cc(1533)] MSPL::OnSpeedLimitChange({this=00005554001B6D40}, {new_limit=100})
[4864:9656:0721/001745.147:VERBOSE1:device_event_log_impl.cc(198)] [00:17:45.147] Display: EVENT: screen_win.cc:893 Displays updated, count: 1
[4864:9656:0721/001745.147:VERBOSE1:device_event_log_impl.cc(198)] [00:17:45.147] Display: EVENT: screen_win.cc:895 Display[797136454] bounds=[0,0 1280x800], workarea=[0,0 1280x752], scale=1.5, rotation=0, panel_rotation=0 external detected
[4864:9656:0721/001758.750:VERBOSE1:device_event_log_impl.cc(198)] [00:17:58.749] Display: EVENT: screen_win.cc:893 Displays updated, count: 1
[4864:9656:0721/001758.750:VERBOSE1:device_event_log_impl.cc(198)] [00:17:58.750] Display: EVENT: screen_win.cc:895 Display[797136454] bounds=[0,0 1280x800], workarea=[0,0 1280x752], scale=1.5, rotation=0, panel_rotation=0 external detected
[4864:9656:0721/001814.215:VERBOSE1:device_event_log_impl.cc(198)] [00:18:14.214] Display: EVENT: screen_win.cc:893 Displays updated, count: 1
[4864:9656:0721/001814.215:VERBOSE1:device_event_log_impl.cc(198)] [00:18:14.215] Display: EVENT: screen_win.cc:895 Display[797136454] bounds=[0,0 1280x800], workarea=[0,0 1280x752], scale=1.5, rotation=0, panel_rotation=0 external detected
[4864:9656:0721/001826.952:VERBOSE1:device_event_log_impl.cc(198)] [00:18:26.952] Display: EVENT: screen_win.cc:893 Displays updated, count: 1
[4864:9656:0721/001826.953:VERBOSE1:device_event_log_impl.cc(198)] [00:18:26.952] Display: EVENT: screen_win.cc:895 Display[797136454] bounds=[0,0 1280x800], workarea=[0,0 1280x752], scale=1.5, rotation=0, panel_rotation=0 external detected
[4864:9656:0721/001833.759:VERBOSE1:device_event_log_impl.cc(198)] [00:18:33.760] Display: EVENT: screen_win.cc:893 Displays updated, count: 1
[4864:9656:0721/001833.759:VERBOSE1:device_event_log_impl.cc(198)] [00:18:33.760] Display: EVENT: screen_win.cc:895 Display[797136454] bounds=[0,0 1280x800], workarea=[0,0 1280x752], scale=1.5, rotation=0, panel_rotation=0 external detected
[4864:9656:0721/001917.080:VERBOSE1:device_event_log_impl.cc(198)] [00:19:17.080] Display: EVENT: screen_win.cc:893 Displays updated, count: 1
[4864:9656:0721/001917.081:VERBOSE1:device_event_log_impl.cc(198)] [00:19:17.080] Display: EVENT: screen_win.cc:895 Display[797136454] bounds=[0,0 1280x800], workarea=[0,0 1280x752], scale=1.5, rotation=0, panel_rotation=0 external detected
[4864:9656:0721/002047.889:VERBOSE1:device_event_log_impl.cc(198)] [00:20:47.887] Display: EVENT: screen_win.cc:893 Displays updated, count: 1
[4864:9656:0721/002047.889:VERBOSE1:device_event_log_impl.cc(198)] [00:20:47.888] Display: EVENT: screen_win.cc:895 Display[797136454] bounds=[0,0 1280x800], workarea=[0,0 1280x752], scale=1.5, rotation=0, panel_rotation=0 external detected
[4864:9656:0721/002111.346:VERBOSE1:device_event_log_impl.cc(198)] [00:21:11.346] Display: EVENT: screen_win.cc:893 Displays updated, count: 1
[4864:9656:0721/002111.346:VERBOSE1:device_event_log_impl.cc(198)] [00:21:11.347] Display: EVENT: screen_win.cc:895 Display[797136454] bounds=[0,0 1280x800], workarea=[0,0 1280x752], scale=1.5, rotation=0, panel_rotation=0 external detected
[4864:9656:0721/002118.479:VERBOSE1:device_event_log_impl.cc(198)] [00:21:18.479] Display: EVENT: screen_win.cc:893 Displays updated, count: 1
[4864:9656:0721/002118.481:VERBOSE1:device_event_log_impl.cc(198)] [00:21:18.480] Display: EVENT: screen_win.cc:895 Display[797136454] bounds=[0,0 1280x800], workarea=[0,0 1280x752], scale=1.5, rotation=0, panel_rotation=0 external detected
[4864:9656:0721/002127.656:VERBOSE1:device_event_log_impl.cc(198)] [00:21:27.655] Display: EVENT: screen_win.cc:893 Displays updated, count: 1
[4864:9656:0721/002127.656:VERBOSE1:device_event_log_impl.cc(198)] [00:21:27.655] Display: EVENT: screen_win.cc:895 Display[797136454] bounds=[0,0 1280x800], workarea=[0,0 1280x752], scale=1.5, rotation=0, panel_rotation=0 external detected
[4864:26984:0721/002150.261:VERBOSE1:media_stream_manager.cc(1533)] MSPL::OnSpeedLimitChange({this=00005554001B6D40}, {new_limit=79})
[4864:26984:0721/002152.302:VERBOSE1:media_stream_manager.cc(1533)] MSPL::OnSpeedLimitChange({this=00005554001B6D40}, {new_limit=100})
[4864:9656:0721/002155.262:VERBOSE1:device_event_log_impl.cc(198)] [00:21:55.262] Display: EVENT: screen_win.cc:893 Displays updated, count: 1
[4864:9656:0721/002155.262:VERBOSE1:device_event_log_impl.cc(198)] [00:21:55.262] Display: EVENT: screen_win.cc:895 Display[797136454] bounds=[0,0 1280x800], workarea=[0,0 1280x752], scale=1.5, rotation=0, panel_rotation=0 external detected
[4864:26984:0721/002207.308:VERBOSE1:media_stream_manager.cc(1533)] MSPL::OnSpeedLimitChange({this=00005554001B6D40}, {new_limit=76})
[4864:26984:0721/002208.269:VERBOSE1:media_stream_manager.cc(1533)] MSPL::OnSpeedLimitChange({this=00005554001B6D40}, {new_limit=75})
[4864:26984:0721/002209.286:VERBOSE1:media_stream_manager.cc(1533)] MSPL::OnSpeedLimitChange({this=00005554001B6D40}, {new_limit=100})
[4864:26984:0721/002221.380:VERBOSE1:media_stream_manager.cc(1533)] MSPL::OnSpeedLimitChange({this=00005554001B6D40}, {new_limit=76})
[4864:26984:0721/002222.317:VERBOSE1:media_stream_manager.cc(1533)] MSPL::OnSpeedLimitChange({this=00005554001B6D40}, {new_limit=77})
[4864:26984:0721/002225.309:VERBOSE1:media_stream_manager.cc(1533)] MSPL::OnSpeedLimitChange({this=00005554001B6D40}, {new_limit=76})
[4864:26984:0721/002226.311:VERBOSE1:media_stream_manager.cc(1533)] MSPL::OnSpeedLimitChange({this=00005554001B6D40}, {new_limit=100})
[4864:9656:0721/002237.787:VERBOSE1:device_event_log_impl.cc(198)] [00:22:37.787] Display: EVENT: screen_win.cc:893 Displays updated, count: 1
[4864:9656:0721/002237.787:VERBOSE1:device_event_log_impl.cc(198)] [00:22:37.787] Display: EVENT: screen_win.cc:895 Display[797136454] bounds=[0,0 1280x800], workarea=[0,0 1280x752], scale=1.5, rotation=0, panel_rotation=0 external detected
[4864:26984:0721/002247.321:VERBOSE1:media_stream_manager.cc(1533)] MSPL::OnSpeedLimitChange({this=00005554001B6D40}, {new_limit=79})
[4864:26984:0721/002248.327:VERBOSE1:media_stream_manager.cc(1533)] MSPL::OnSpeedLimitChange({this=00005554001B6D40}, {new_limit=78})
[4864:26984:0721/002249.318:VERBOSE1:media_stream_manager.cc(1533)] MSPL::OnSpeedLimitChange({this=00005554001B6D40}, {new_limit=79})
[4864:26984:0721/002251.317:VERBOSE1:media_stream_manager.cc(1533)] MSPL::OnSpeedLimitChange({this=00005554001B6D40}, {new_limit=76})
[4864:26984:0721/002252.340:VERBOSE1:media_stream_manager.cc(1533)] MSPL::OnSpeedLimitChange({this=00005554001B6D40}, {new_limit=78})
[4864:26984:0721/002253.341:VERBOSE1:media_stream_manager.cc(1533)] MSPL::OnSpeedLimitChange({this=00005554001B6D40}, {new_limit=76})
[4864:26984:0721/002254.347:VERBOSE1:media_stream_manager.cc(1533)] MSPL::OnSpeedLimitChange({this=00005554001B6D40}, {new_limit=74})
[4864:26984:0721/002255.334:VERBOSE1:media_stream_manager.cc(1533)] MSPL::OnSpeedLimitChange({this=00005554001B6D40}, {new_limit=72})
[4864:26984:0721/002256.345:VERBOSE1:media_stream_manager.cc(1533)] MSPL::OnSpeedLimitChange({this=00005554001B6D40}, {new_limit=74})
[4864:26984:0721/002257.349:VERBOSE1:media_stream_manager.cc(1533)] MSPL::OnSpeedLimitChange({this=00005554001B6D40}, {new_limit=73})
[4864:26984:0721/002258.337:VERBOSE1:media_stream_manager.cc(1533)] MSPL::OnSpeedLimitChange({this=00005554001B6D40}, {new_limit=72})
[4864:26984:0721/002259.324:VERBOSE1:media_stream_manager.cc(1533)] MSPL::OnSpeedLimitChange({this=00005554001B6D40}, {new_limit=71})
[4864:26984:0721/002300.347:VERBOSE1:media_stream_manager.cc(1533)] MSPL::OnSpeedLimitChange({this=00005554001B6D40}, {new_limit=72})
[4864:26984:0721/002301.336:VERBOSE1:media_stream_manager.cc(1533)] MSPL::OnSpeedLimitChange({this=00005554001B6D40}, {new_limit=74})
[4864:26984:0721/002302.353:VERBOSE1:media_stream_manager.cc(1533)] MSPL::OnSpeedLimitChange({this=00005554001B6D40}, {new_limit=72})
[4864:26984:0721/002303.319:VERBOSE1:media_stream_manager.cc(1533)] MSPL::OnSpeedLimitChange({this=00005554001B6D40}, {new_limit=74})
[4864:26984:0721/002304.335:VERBOSE1:media_stream_manager.cc(1533)] MSPL::OnSpeedLimitChange({this=00005554001B6D40}, {new_limit=76})
[4864:26984:0721/002306.324:VERBOSE1:media_stream_manager.cc(1533)] MSPL::OnSpeedLimitChange({this=00005554001B6D40}, {new_limit=74})
[4864:26984:0721/002307.360:VERBOSE1:media_stream_manager.cc(1533)] MSPL::OnSpeedLimitChange({this=00005554001B6D40}, {new_limit=73})
[4864:26984:0721/002308.343:VERBOSE1:media_stream_manager.cc(1533)] MSPL::OnSpeedLimitChange({this=00005554001B6D40}, {new_limit=72})
[4864:26984:0721/002309.359:VERBOSE1:media_stream_manager.cc(1533)] MSPL::OnSpeedLimitChange({this=00005554001B6D40}, {new_limit=69})
[4864:26984:0721/002310.329:VERBOSE1:media_stream_manager.cc(1533)] MSPL::OnSpeedLimitChange({this=00005554001B6D40}, {new_limit=66})
[4864:26984:0721/002311.331:VERBOSE1:media_stream_manager.cc(1533)] MSPL::OnSpeedLimitChange({this=00005554001B6D40}, {new_limit=64})
[4864:26984:0721/002312.331:VERBOSE1:media_stream_manager.cc(1533)] MSPL::OnSpeedLimitChange({this=00005554001B6D40}, {new_limit=66})
[4864:26984:0721/002313.359:VERBOSE1:media_stream_manager.cc(1533)] MSPL::OnSpeedLimitChange({this=00005554001B6D40}, {new_limit=64})
[4864:26984:0721/002314.355:VERBOSE1:media_stream_manager.cc(1533)] MSPL::OnSpeedLimitChange({this=00005554001B6D40}, {new_limit=63})
[4864:26984:0721/002315.338:VERBOSE1:media_stream_manager.cc(1533)] MSPL::OnSpeedLimitChange({this=00005554001B6D40}, {new_limit=61})
[4864:26984:0721/002316.332:VERBOSE1:media_stream_manager.cc(1533)] MSPL::OnSpeedLimitChange({this=00005554001B6D40}, {new_limit=62})
[4864:26984:0721/002317.343:VERBOSE1:media_stream_manager.cc(1533)] MSPL::OnSpeedLimitChange({this=00005554001B6D40}, {new_limit=63})
[4864:26984:0721/002318.365:VERBOSE1:media_stream_manager.cc(1533)] MSPL::OnSpeedLimitChange({this=00005554001B6D40}, {new_limit=64})
[4864:26984:0721/002319.349:VERBOSE1:media_stream_manager.cc(1533)] MSPL::OnSpeedLimitChange({this=00005554001B6D40}, {new_limit=66})
[4864:26984:0721/002320.521:VERBOSE1:media_stream_manager.cc(1533)] MSPL::OnSpeedLimitChange({this=00005554001B6D40}, {new_limit=100})
[4864:26984:0721/002413.533:VERBOSE1:media_stream_manager.cc(1533)] MSPL::OnSpeedLimitChange({this=00005554001B6D40}, {new_limit=81})
[4864:26984:0721/002415.530:VERBOSE1:media_stream_manager.cc(1533)] MSPL::OnSpeedLimitChange({this=00005554001B6D40}, {new_limit=82})
[4864:26984:0721/002417.535:VERBOSE1:media_stream_manager.cc(1533)] MSPL::OnSpeedLimitChange({this=00005554001B6D40}, {new_limit=81})
[4864:26984:0721/002420.533:VERBOSE1:media_stream_manager.cc(1533)] MSPL::OnSpeedLimitChange({this=00005554001B6D40}, {new_limit=80})
[4864:26984:0721/002423.536:VERBOSE1:media_stream_manager.cc(1533)] MSPL::OnSpeedLimitChange({this=00005554001B6D40}, {new_limit=79})
[4864:26984:0721/002424.538:VERBOSE1:media_stream_manager.cc(1533)] MSPL::OnSpeedLimitChange({this=00005554001B6D40}, {new_limit=80})
[4864:26984:0721/002425.535:VERBOSE1:media_stream_manager.cc(1533)] MSPL::OnSpeedLimitChange({this=00005554001B6D40}, {new_limit=79})
[4864:9656:0721/002425.880:VERBOSE1:device_event_log_impl.cc(198)] [00:24:25.879] Display: EVENT: screen_win.cc:893 Displays updated, count: 1
[4864:9656:0721/002425.880:VERBOSE1:device_event_log_impl.cc(198)] [00:24:25.879] Display: EVENT: screen_win.cc:895 Display[797136454] bounds=[0,0 1280x800], workarea=[0,0 1280x752], scale=1.5, rotation=0, panel_rotation=0 external detected
[4864:26984:0721/002427.405:VERBOSE1:media_stream_manager.cc(1533)] MSPL::OnSpeedLimitChange({this=00005554001B6D40}, {new_limit=76})
[4864:26984:0721/002428.418:VERBOSE1:media_stream_manager.cc(1533)] MSPL::OnSpeedLimitChange({this=00005554001B6D40}, {new_limit=77})
[4864:26984:0721/002429.425:VERBOSE1:media_stream_manager.cc(1533)] MSPL::OnSpeedLimitChange({this=00005554001B6D40}, {new_limit=75})
[4864:26984:0721/002430.403:VERBOSE1:media_stream_manager.cc(1533)] MSPL::OnSpeedLimitChange({this=00005554001B6D40}, {new_limit=74})
[4864:26984:0721/002431.485:VERBOSE1:media_stream_manager.cc(1533)] MSPL::OnSpeedLimitChange({this=00005554001B6D40}, {new_limit=72})
[4864:26984:0721/002432.405:VERBOSE1:media_stream_manager.cc(1533)] MSPL::OnSpeedLimitChange({this=00005554001B6D40}, {new_limit=70})
[4864:26984:0721/002433.412:VERBOSE1:media_stream_manager.cc(1533)] MSPL::OnSpeedLimitChange({this=00005554001B6D40}, {new_limit=69})
[4864:26984:0721/002434.400:VERBOSE1:media_stream_manager.cc(1533)] MSPL::OnSpeedLimitChange({this=00005554001B6D40}, {new_limit=67})
[4864:26984:0721/002435.398:VERBOSE1:media_stream_manager.cc(1533)] MSPL::OnSpeedLimitChange({this=00005554001B6D40}, {new_limit=63})
[4864:26984:0721/002436.689:VERBOSE1:media_stream_manager.cc(1533)] MSPL::OnSpeedLimitChange({this=00005554001B6D40}, {new_limit=64})
[4864:9656:0721/002437.082:VERBOSE1:device_event_log_impl.cc(198)] [00:24:37.081] Display: EVENT: screen_win.cc:893 Displays updated, count: 1
[4864:9656:0721/002437.082:VERBOSE1:device_event_log_impl.cc(198)] [00:24:37.081] Display: EVENT: screen_win.cc:895 Display[797136454] bounds=[0,0 1280x800], workarea=[0,0 1280x752], scale=1.5, rotation=0, panel_rotation=0 external detected
[4864:26984:0721/002437.401:VERBOSE1:media_stream_manager.cc(1533)] MSPL::OnSpeedLimitChange({this=00005554001B6D40}, {new_limit=65})
[4864:26984:0721/002438.425:VERBOSE1:media_stream_manager.cc(1533)] MSPL::OnSpeedLimitChange({this=00005554001B6D40}, {new_limit=63})
[4864:26984:0721/002440.431:VERBOSE1:media_stream_manager.cc(1533)] MSPL::OnSpeedLimitChange({this=00005554001B6D40}, {new_limit=61})
[4864:26984:0721/002444.435:VERBOSE1:media_stream_manager.cc(1533)] MSPL::OnSpeedLimitChange({this=00005554001B6D40}, {new_limit=62})
[4864:26984:0721/002445.429:VERBOSE1:media_stream_manager.cc(1533)] MSPL::OnSpeedLimitChange({this=00005554001B6D40}, {new_limit=64})
[4864:26984:0721/002446.433:VERBOSE1:media_stream_manager.cc(1533)] MSPL::OnSpeedLimitChange({this=00005554001B6D40}, {new_limit=62})
[4864:26984:0721/002449.855:VERBOSE1:media_stream_manager.cc(1533)] MSPL::OnSpeedLimitChange({this=00005554001B6D40}, {new_limit=64})
[4864:26984:0721/002449.855:VERBOSE1:media_stream_manager.cc(1533)] MSPL::OnSpeedLimitChange({this=00005554001B6D40}, {new_limit=66})
[4864:26984:0721/002451.424:VERBOSE1:media_stream_manager.cc(1533)] MSPL::OnSpeedLimitChange({this=00005554001B6D40}, {new_limit=65})
[4864:26984:0721/002452.435:VERBOSE1:media_stream_manager.cc(1533)] MSPL::OnSpeedLimitChange({this=00005554001B6D40}, {new_limit=68})
[4864:26984:0721/002453.443:VERBOSE1:media_stream_manager.cc(1533)] MSPL::OnSpeedLimitChange({this=00005554001B6D40}, {new_limit=69})
[4864:26984:0721/002454.435:VERBOSE1:media_stream_manager.cc(1533)] MSPL::OnSpeedLimitChange({this=00005554001B6D40}, {new_limit=71})
[4864:26984:0721/002455.434:VERBOSE1:media_stream_manager.cc(1533)] MSPL::OnSpeedLimitChange({this=00005554001B6D40}, {new_limit=72})
[4864:26984:0721/002456.436:VERBOSE1:media_stream_manager.cc(1533)] MSPL::OnSpeedLimitChange({this=00005554001B6D40}, {new_limit=74})
[4864:26984:0721/002459.438:VERBOSE1:media_stream_manager.cc(1533)] MSPL::OnSpeedLimitChange({this=00005554001B6D40}, {new_limit=75})
[4864:26984:0721/002500.438:VERBOSE1:media_stream_manager.cc(1533)] MSPL::OnSpeedLimitChange({this=00005554001B6D40}, {new_limit=77})
[4864:26984:0721/002501.435:VERBOSE1:media_stream_manager.cc(1533)] MSPL::OnSpeedLimitChange({this=00005554001B6D40}, {new_limit=78})
[4864:26984:0721/002503.435:VERBOSE1:media_stream_manager.cc(1533)] MSPL::OnSpeedLimitChange({this=00005554001B6D40}, {new_limit=79})
[4864:26984:0721/002504.435:VERBOSE1:media_stream_manager.cc(1533)] MSPL::OnSpeedLimitChange({this=00005554001B6D40}, {new_limit=80})
[4864:26984:0721/002505.438:VERBOSE1:media_stream_manager.cc(1533)] MSPL::OnSpeedLimitChange({this=00005554001B6D40}, {new_limit=81})
[4864:26984:0721/002506.436:VERBOSE1:media_stream_manager.cc(1533)] MSPL::OnSpeedLimitChange({this=00005554001B6D40}, {new_limit=82})
[4864:26984:0721/002508.436:VERBOSE1:media_stream_manager.cc(1533)] MSPL::OnSpeedLimitChange({this=00005554001B6D40}, {new_limit=83})
[4864:26984:0721/002509.436:VERBOSE1:media_stream_manager.cc(1533)] MSPL::OnSpeedLimitChange({this=00005554001B6D40}, {new_limit=84})
[4864:26984:0721/002510.435:VERBOSE1:media_stream_manager.cc(1533)] MSPL::OnSpeedLimitChange({this=00005554001B6D40}, {new_limit=85})
[4864:26984:0721/002511.436:VERBOSE1:media_stream_manager.cc(1533)] MSPL::OnSpeedLimitChange({this=00005554001B6D40}, {new_limit=87})
[4864:9656:0721/002514.373:VERBOSE1:device_event_log_impl.cc(198)] [00:25:14.372] Display: EVENT: screen_win.cc:893 Displays updated, count: 1
[4864:9656:0721/002514.373:VERBOSE1:device_event_log_impl.cc(198)] [00:25:14.372] Display: EVENT: screen_win.cc:895 Display[797136454] bounds=[0,0 1280x800], workarea=[0,0 1280x752], scale=1.5, rotation=0, panel_rotation=0 external detected
[4864:26984:0721/002514.437:VERBOSE1:media_stream_manager.cc(1533)] MSPL::OnSpeedLimitChange({this=00005554001B6D40}, {new_limit=86})
[4864:26984:0721/002515.448:VERBOSE1:media_stream_manager.cc(1533)] MSPL::OnSpeedLimitChange({this=00005554001B6D40}, {new_limit=84})
[4864:26984:0721/002516.430:VERBOSE1:media_stream_manager.cc(1533)] MSPL::OnSpeedLimitChange({this=00005554001B6D40}, {new_limit=83})
[4864:26984:0721/002517.417:VERBOSE1:media_stream_manager.cc(1533)] MSPL::OnSpeedLimitChange({this=00005554001B6D40}, {new_limit=81})
[4864:26984:0721/002518.454:VERBOSE1:media_stream_manager.cc(1533)] MSPL::OnSpeedLimitChange({this=00005554001B6D40}, {new_limit=78})
[4864:26984:0721/002519.427:VERBOSE1:media_stream_manager.cc(1533)] MSPL::OnSpeedLimitChange({this=00005554001B6D40}, {new_limit=75})
[4864:26984:0721/002520.434:VERBOSE1:media_stream_manager.cc(1533)] MSPL::OnSpeedLimitChange({this=00005554001B6D40}, {new_limit=74})
[4864:26984:0721/002521.421:VERBOSE1:media_stream_manager.cc(1533)] MSPL::OnSpeedLimitChange({this=00005554001B6D40}, {new_limit=72})
[4864:26984:0721/002522.423:VERBOSE1:media_stream_manager.cc(1533)] MSPL::OnSpeedLimitChange({this=00005554001B6D40}, {new_limit=69})
[4864:26984:0721/002523.422:VERBOSE1:media_stream_manager.cc(1533)] MSPL::OnSpeedLimitChange({this=00005554001B6D40}, {new_limit=67})
[4864:26984:0721/002524.431:VERBOSE1:media_stream_manager.cc(1533)] MSPL::OnSpeedLimitChange({this=00005554001B6D40}, {new_limit=68})
[4864:26984:0721/002525.460:VERBOSE1:media_stream_manager.cc(1533)] MSPL::OnSpeedLimitChange({this=00005554001B6D40}, {new_limit=67})
[4864:26984:0721/002526.441:VERBOSE1:media_stream_manager.cc(1533)] MSPL::OnSpeedLimitChange({this=00005554001B6D40}, {new_limit=68})
[4864:26984:0721/002527.698:VERBOSE1:media_stream_manager.cc(1533)] MSPL::OnSpeedLimitChange({this=00005554001B6D40}, {new_limit=70})
[4864:9656:0721/002529.407:VERBOSE1:device_event_log_impl.cc(198)] [00:25:29.407] Display: EVENT: screen_win.cc:893 Displays updated, count: 1
[4864:9656:0721/002529.407:VERBOSE1:device_event_log_impl.cc(198)] [00:25:29.407] Display: EVENT: screen_win.cc:895 Display[797136454] bounds=[0,0 1280x800], workarea=[0,0 1280x752], scale=1.5, rotation=0, panel_rotation=0 external detected
[4864:26984:0721/002529.698:VERBOSE1:media_stream_manager.cc(1533)] MSPL::OnSpeedLimitChange({this=00005554001B6D40}, {new_limit=71})
[4864:26984:0721/002530.431:VERBOSE1:media_stream_manager.cc(1533)] MSPL::OnSpeedLimitChange({this=00005554001B6D40}, {new_limit=72})
[4864:26984:0721/002531.749:VERBOSE1:media_stream_manager.cc(1533)] MSPL::OnSpeedLimitChange({this=00005554001B6D40}, {new_limit=73})
[4864:26984:0721/002532.749:VERBOSE1:media_stream_manager.cc(1533)] MSPL::OnSpeedLimitChange({this=00005554001B6D40}, {new_limit=77})
[4864:26984:0721/002533.748:VERBOSE1:media_stream_manager.cc(1533)] MSPL::OnSpeedLimitChange({this=00005554001B6D40}, {new_limit=100})
[4864:9656:0721/002546.782:VERBOSE1:device_event_log_impl.cc(198)] [00:25:46.783] Display: EVENT: screen_win.cc:893 Displays updated, count: 1
[4864:9656:0721/002546.784:VERBOSE1:device_event_log_impl.cc(198)] [00:25:46.783] Display: EVENT: screen_win.cc:895 Display[797136454] bounds=[0,0 1280x800], workarea=[0,0 1280x752], scale=1.5, rotation=0, panel_rotation=0 external detected
[4864:26984:0721/002550.479:VERBOSE1:media_stream_manager.cc(1533)] MSPL::OnSpeedLimitChange({this=00005554001B6D40}, {new_limit=73})
[4864:26984:0721/002551.473:VERBOSE1:media_stream_manager.cc(1533)] MSPL::OnSpeedLimitChange({this=00005554001B6D40}, {new_limit=70})
[4864:26984:0721/002552.458:VERBOSE1:media_stream_manager.cc(1533)] MSPL::OnSpeedLimitChange({this=00005554001B6D40}, {new_limit=68})
[4864:26984:0721/002553.450:VERBOSE1:media_stream_manager.cc(1533)] MSPL::OnSpeedLimitChange({this=00005554001B6D40}, {new_limit=66})
[4864:26984:0721/002554.490:VERBOSE1:media_stream_manager.cc(1533)] MSPL::OnSpeedLimitChange({this=00005554001B6D40}, {new_limit=65})
[4864:26984:0721/002555.465:VERBOSE1:media_stream_manager.cc(1533)] MSPL::OnSpeedLimitChange({this=00005554001B6D40}, {new_limit=62})
[4864:26984:0721/002556.455:VERBOSE1:media_stream_manager.cc(1533)] MSPL::OnSpeedLimitChange({this=00005554001B6D40}, {new_limit=59})
[4864:26984:0721/002557.476:VERBOSE1:media_stream_manager.cc(1533)] MSPL::OnSpeedLimitChange({this=00005554001B6D40}, {new_limit=58})
[4864:26984:0721/002558.475:VERBOSE1:media_stream_manager.cc(1533)] MSPL::OnSpeedLimitChange({this=00005554001B6D40}, {new_limit=59})
[4864:26984:0721/002559.453:VERBOSE1:media_stream_manager.cc(1533)] MSPL::OnSpeedLimitChange({this=00005554001B6D40}, {new_limit=60})
[4864:26984:0721/002602.488:VERBOSE1:media_stream_manager.cc(1533)] MSPL::OnSpeedLimitChange({this=00005554001B6D40}, {new_limit=57})
[4864:26984:0721/002604.474:VERBOSE1:media_stream_manager.cc(1533)] MSPL::OnSpeedLimitChange({this=00005554001B6D40}, {new_limit=55})
[4864:26984:0721/002605.756:VERBOSE1:media_stream_manager.cc(1533)] MSPL::OnSpeedLimitChange({this=00005554001B6D40}, {new_limit=57})
[4864:26984:0721/002606.759:VERBOSE1:media_stream_manager.cc(1533)] MSPL::OnSpeedLimitChange({this=00005554001B6D40}, {new_limit=58})
[4864:26984:0721/002607.757:VERBOSE1:media_stream_manager.cc(1533)] MSPL::OnSpeedLimitChange({this=00005554001B6D40}, {new_limit=61})
[4864:26984:0721/002608.756:VERBOSE1:media_stream_manager.cc(1533)] MSPL::OnSpeedLimitChange({this=00005554001B6D40}, {new_limit=62})
[4864:26984:0721/002609.759:VERBOSE1:media_stream_manager.cc(1533)] MSPL::OnSpeedLimitChange({this=00005554001B6D40}, {new_limit=63})
[4864:26984:0721/002610.757:VERBOSE1:media_stream_manager.cc(1533)] MSPL::OnSpeedLimitChange({this=00005554001B6D40}, {new_limit=64})
[4864:26984:0721/002611.758:VERBOSE1:media_stream_manager.cc(1533)] MSPL::OnSpeedLimitChange({this=00005554001B6D40}, {new_limit=67})
[4864:26984:0721/002612.758:VERBOSE1:media_stream_manager.cc(1533)] MSPL::OnSpeedLimitChange({this=00005554001B6D40}, {new_limit=71})
[4864:26984:0721/002613.760:VERBOSE1:media_stream_manager.cc(1533)] MSPL::OnSpeedLimitChange({this=00005554001B6D40}, {new_limit=74})
[4864:26984:0721/002614.758:VERBOSE1:media_stream_manager.cc(1533)] MSPL::OnSpeedLimitChange({this=00005554001B6D40}, {new_limit=75})
[4864:26984:0721/002615.759:VERBOSE1:media_stream_manager.cc(1533)] MSPL::OnSpeedLimitChange({this=00005554001B6D40}, {new_limit=76})
[4864:26984:0721/002616.756:VERBOSE1:media_stream_manager.cc(1533)] MSPL::OnSpeedLimitChange({this=00005554001B6D40}, {new_limit=78})
[4864:26984:0721/002618.759:VERBOSE1:media_stream_manager.cc(1533)] MSPL::OnSpeedLimitChange({this=00005554001B6D40}, {new_limit=79})
[4864:26984:0721/002619.759:VERBOSE1:media_stream_manager.cc(1533)] MSPL::OnSpeedLimitChange({this=00005554001B6D40}, {new_limit=80})
[4864:26984:0721/002620.761:VERBOSE1:media_stream_manager.cc(1533)] MSPL::OnSpeedLimitChange({this=00005554001B6D40}, {new_limit=81})
[4864:26984:0721/002621.759:VERBOSE1:media_stream_manager.cc(1533)] MSPL::OnSpeedLimitChange({this=00005554001B6D40}, {new_limit=80})
[4864:26984:0721/002623.759:VERBOSE1:media_stream_manager.cc(1533)] MSPL::OnSpeedLimitChange({this=00005554001B6D40}, {new_limit=100})
[4864:9656:0721/002643.633:VERBOSE1:device_event_log_impl.cc(198)] [00:26:43.633] Display: EVENT: screen_win.cc:893 Displays updated, count: 1
[4864:9656:0721/002643.633:VERBOSE1:device_event_log_impl.cc(198)] [00:26:43.633] Display: EVENT: screen_win.cc:895 Display[797136454] bounds=[0,0 1280x800], workarea=[0,0 1280x752], scale=1.5, rotation=0, panel_rotation=0 external detected
[4864:9656:0721/002658.952:VERBOSE1:device_event_log_impl.cc(198)] [00:26:58.952] Display: EVENT: screen_win.cc:893 Displays updated, count: 1
[4864:9656:0721/002658.952:VERBOSE1:device_event_log_impl.cc(198)] [00:26:58.952] Display: EVENT: screen_win.cc:895 Display[797136454] bounds=[0,0 1280x800], workarea=[0,0 1280x752], scale=1.5, rotation=0, panel_rotation=0 external detected
[4864:9656:0721/002705.119:VERBOSE1:device_event_log_impl.cc(198)] [00:27:05.118] Display: EVENT: screen_win.cc:893 Displays updated, count: 1
[4864:9656:0721/002705.119:VERBOSE1:device_event_log_impl.cc(198)] [00:27:05.119] Display: EVENT: screen_win.cc:895 Display[797136454] bounds=[0,0 1280x800], workarea=[0,0 1280x752], scale=1.5, rotation=0, panel_rotation=0 external detected
[4864:9656:0721/003653.562:VERBOSE1:device_event_log_impl.cc(198)] [00:36:53.562] Display: EVENT: screen_win.cc:893 Displays updated, count: 1
[4864:9656:0721/003653.562:VERBOSE1:device_event_log_impl.cc(198)] [00:36:53.563] Display: EVENT: screen_win.cc:895 Display[797136454] bounds=[0,0 1280x800], workarea=[0,0 1280x752], scale=1.5, rotation=0, panel_rotation=0 external detected
[4864:26984:0721/003717.944:VERBOSE1:media_stream_manager.cc(1533)] MSPL::OnSpeedLimitChange({this=00005554001B6D40}, {new_limit=82})
[4864:26984:0721/003719.975:VERBOSE1:media_stream_manager.cc(1533)] MSPL::OnSpeedLimitChange({this=00005554001B6D40}, {new_limit=83})
[4864:26984:0721/003721.950:VERBOSE1:media_stream_manager.cc(1533)] MSPL::OnSpeedLimitChange({this=00005554001B6D40}, {new_limit=84})
[4864:26984:0721/003722.946:VERBOSE1:media_stream_manager.cc(1533)] MSPL::OnSpeedLimitChange({this=00005554001B6D40}, {new_limit=83})
[4864:26984:0721/003723.979:VERBOSE1:media_stream_manager.cc(1533)] MSPL::OnSpeedLimitChange({this=00005554001B6D40}, {new_limit=84})
[4864:26984:0721/003724.952:VERBOSE1:media_stream_manager.cc(1533)] MSPL::OnSpeedLimitChange({this=00005554001B6D40}, {new_limit=83})
[4864:26984:0721/003725.958:VERBOSE1:media_stream_manager.cc(1533)] MSPL::OnSpeedLimitChange({this=00005554001B6D40}, {new_limit=100})
[4864:9656:0721/004031.362:VERBOSE1:device_event_log_impl.cc(198)] [00:40:31.362] Display: EVENT: screen_win.cc:893 Displays updated, count: 1
[4864:9656:0721/004031.362:VERBOSE1:device_event_log_impl.cc(198)] [00:40:31.363] Display: EVENT: screen_win.cc:895 Display[797136454] bounds=[0,0 1280x800], workarea=[0,0 1280x752], scale=1.5, rotation=0, panel_rotation=0 external detected
[4864:26984:0721/004041.142:VERBOSE1:media_stream_manager.cc(1533)] MSPL::OnSpeedLimitChange({this=00005554001B6D40}, {new_limit=85})
[4864:26984:0721/004042.141:VERBOSE1:media_stream_manager.cc(1533)] MSPL::OnSpeedLimitChange({this=00005554001B6D40}, {new_limit=84})
[4864:26984:0721/004043.130:VERBOSE1:media_stream_manager.cc(1533)] MSPL::OnSpeedLimitChange({this=00005554001B6D40}, {new_limit=85})
[4864:26984:0721/004047.122:VERBOSE1:media_stream_manager.cc(1533)] MSPL::OnSpeedLimitChange({this=00005554001B6D40}, {new_limit=84})
[4864:26984:0721/004048.123:VERBOSE1:media_stream_manager.cc(1533)] MSPL::OnSpeedLimitChange({this=00005554001B6D40}, {new_limit=82})
[4864:26984:0721/004049.123:VERBOSE1:media_stream_manager.cc(1533)] MSPL::OnSpeedLimitChange({this=00005554001B6D40}, {new_limit=80})
[4864:26984:0721/004050.117:VERBOSE1:media_stream_manager.cc(1533)] MSPL::OnSpeedLimitChange({this=00005554001B6D40}, {new_limit=79})
[4864:26984:0721/004051.138:VERBOSE1:media_stream_manager.cc(1533)] MSPL::OnSpeedLimitChange({this=00005554001B6D40}, {new_limit=78})
[4864:26984:0721/004052.143:VERBOSE1:media_stream_manager.cc(1533)] MSPL::OnSpeedLimitChange({this=00005554001B6D40}, {new_limit=79})
[4864:26984:0721/004053.152:VERBOSE1:media_stream_manager.cc(1533)] MSPL::OnSpeedLimitChange({this=00005554001B6D40}, {new_limit=76})
[4864:26984:0721/004054.133:VERBOSE1:media_stream_manager.cc(1533)] MSPL::OnSpeedLimitChange({this=00005554001B6D40}, {new_limit=75})
[4864:26984:0721/004057.142:VERBOSE1:media_stream_manager.cc(1533)] MSPL::OnSpeedLimitChange({this=00005554001B6D40}, {new_limit=76})
[4864:26984:0721/004058.145:VERBOSE1:media_stream_manager.cc(1533)] MSPL::OnSpeedLimitChange({this=00005554001B6D40}, {new_limit=100})
[4864:26984:0721/004220.212:VERBOSE1:media_stream_manager.cc(1533)] MSPL::OnSpeedLimitChange({this=00005554001B6D40}, {new_limit=86})
[4864:26984:0721/004221.244:VERBOSE1:media_stream_manager.cc(1533)] MSPL::OnSpeedLimitChange({this=00005554001B6D40}, {new_limit=85})
[4864:26984:0721/004224.231:VERBOSE1:media_stream_manager.cc(1533)] MSPL::OnSpeedLimitChange({this=00005554001B6D40}, {new_limit=100})
[4864:9656:0721/004251.419:VERBOSE1:device_event_log_impl.cc(198)] [00:42:51.419] Display: EVENT: screen_win.cc:893 Displays updated, count: 1
[4864:9656:0721/004251.419:VERBOSE1:device_event_log_impl.cc(198)] [00:42:51.420] Display: EVENT: screen_win.cc:895 Display[797136454] bounds=[0,0 1280x800], workarea=[0,0 1280x752], scale=1.5, rotation=0, panel_rotation=0 external detected
[4864:9656:0721/004255.735:VERBOSE1:device_event_log_impl.cc(198)] [00:42:55.735] Display: EVENT: screen_win.cc:893 Displays updated, count: 1
[4864:9656:0721/004255.735:VERBOSE1:device_event_log_impl.cc(198)] [00:42:55.735] Display: EVENT: screen_win.cc:895 Display[797136454] bounds=[0,0 1280x800], workarea=[0,0 1280x752], scale=1.5, rotation=0, panel_rotation=0 external detected
[4864:26984:0721/004321.259:VERBOSE1:media_stream_manager.cc(1533)] MSPL::OnSpeedLimitChange({this=00005554001B6D40}, {new_limit=84})
[4864:26984:0721/004322.286:VERBOSE1:media_stream_manager.cc(1533)] MSPL::OnSpeedLimitChange({this=00005554001B6D40}, {new_limit=100})
[4864:9656:0721/004405.498:VERBOSE1:device_event_log_impl.cc(198)] [00:44:05.498] Display: EVENT: screen_win.cc:893 Displays updated, count: 1
[4864:9656:0721/004405.499:VERBOSE1:device_event_log_impl.cc(198)] [00:44:05.498] Display: EVENT: screen_win.cc:895 Display[797136454] bounds=[0,0 1280x800], workarea=[0,0 1280x752], scale=1.5, rotation=0, panel_rotation=0 external detected
[4864:9656:0721/004421.331:VERBOSE1:device_event_log_impl.cc(198)] [00:44:21.330] Display: EVENT: screen_win.cc:893 Displays updated, count: 1
[4864:9656:0721/004421.331:VERBOSE1:device_event_log_impl.cc(198)] [00:44:21.331] Display: EVENT: screen_win.cc:895 Display[797136454] bounds=[0,0 1280x800], workarea=[0,0 1280x752], scale=1.5, rotation=0, panel_rotation=0 external detected
[4864:26984:0721/004439.347:VERBOSE1:media_stream_manager.cc(1533)] MSPL::OnSpeedLimitChange({this=00005554001B6D40}, {new_limit=80})
[4864:26984:0721/004440.346:VERBOSE1:media_stream_manager.cc(1533)] MSPL::OnSpeedLimitChange({this=00005554001B6D40}, {new_limit=79})
[4864:26984:0721/004442.368:VERBOSE1:media_stream_manager.cc(1533)] MSPL::OnSpeedLimitChange({this=00005554001B6D40}, {new_limit=100})
[4864:26984:0721/004520.372:VERBOSE1:media_stream_manager.cc(1533)] MSPL::OnSpeedLimitChange({this=00005554001B6D40}, {new_limit=86})
[4864:26984:0721/004522.388:VERBOSE1:media_stream_manager.cc(1533)] MSPL::OnSpeedLimitChange({this=00005554001B6D40}, {new_limit=100})
[4864:26984:0721/004542.406:VERBOSE1:media_stream_manager.cc(1533)] MSPL::OnSpeedLimitChange({this=00005554001B6D40}, {new_limit=84})
[4864:26984:0721/004544.409:VERBOSE1:media_stream_manager.cc(1533)] MSPL::OnSpeedLimitChange({this=00005554001B6D40}, {new_limit=85})
[4864:26984:0721/004546.428:VERBOSE1:media_stream_manager.cc(1533)] MSPL::OnSpeedLimitChange({this=00005554001B6D40}, {new_limit=100})
[4864:9656:0721/005038.611:VERBOSE1:device_event_log_impl.cc(198)] [00:50:38.611] Display: EVENT: screen_win.cc:893 Displays updated, count: 1
[4864:9656:0721/005038.611:VERBOSE1:device_event_log_impl.cc(198)] [00:50:38.612] Display: EVENT: screen_win.cc:895 Display[797136454] bounds=[0,0 1280x800], workarea=[0,0 1280x752], scale=1.5, rotation=0, panel_rotation=0 external detected
[4864:9656:0721/005050.873:VERBOSE1:device_event_log_impl.cc(198)] [00:50:50.874] Display: EVENT: screen_win.cc:893 Displays updated, count: 1
[4864:9656:0721/005050.873:VERBOSE1:device_event_log_impl.cc(198)] [00:50:50.874] Display: EVENT: screen_win.cc:895 Display[797136454] bounds=[0,0 1280x800], workarea=[0,0 1280x752], scale=1.5, rotation=0, panel_rotation=0 external detected
[4864:9656:0721/005103.743:VERBOSE1:device_event_log_impl.cc(198)] [00:51:03.744] Display: EVENT: screen_win.cc:893 Displays updated, count: 1
[4864:9656:0721/005103.744:VERBOSE1:device_event_log_impl.cc(198)] [00:51:03.744] Display: EVENT: screen_win.cc:895 Display[797136454] bounds=[0,0 1280x800], workarea=[0,0 1280x752], scale=1.5, rotation=0, panel_rotation=0 external detected
[4864:9656:0721/005114.213:VERBOSE1:device_event_log_impl.cc(198)] [00:51:14.213] Display: EVENT: screen_win.cc:893 Displays updated, count: 1
[4864:9656:0721/005114.214:VERBOSE1:device_event_log_impl.cc(198)] [00:51:14.213] Display: EVENT: screen_win.cc:895 Display[797136454] bounds=[0,0 1280x800], workarea=[0,0 1280x752], scale=1.5, rotation=0, panel_rotation=0 external detected
[4864:9656:0721/005123.525:VERBOSE1:device_event_log_impl.cc(198)] [00:51:23.525] Display: EVENT: screen_win.cc:893 Displays updated, count: 1
[4864:9656:0721/005123.525:VERBOSE1:device_event_log_impl.cc(198)] [00:51:23.526] Display: EVENT: screen_win.cc:895 Display[797136454] bounds=[0,0 1280x800], workarea=[0,0 1280x752], scale=1.5, rotation=0, panel_rotation=0 external detected
[4864:9656:0721/005130.299:VERBOSE1:device_event_log_impl.cc(198)] [00:51:30.298] Display: EVENT: screen_win.cc:893 Displays updated, count: 1
[4864:9656:0721/005130.299:VERBOSE1:device_event_log_impl.cc(198)] [00:51:30.299] Display: EVENT: screen_win.cc:895 Display[797136454] bounds=[0,0 1280x800], workarea=[0,0 1280x752], scale=1.5, rotation=0, panel_rotation=0 external detected
[4864:26984:0721/005136.666:VERBOSE1:media_stream_manager.cc(1533)] MSPL::OnSpeedLimitChange({this=00005554001B6D40}, {new_limit=75})
[4864:9656:0721/005137.650:VERBOSE1:device_event_log_impl.cc(198)] [00:51:37.651] Display: EVENT: screen_win.cc:893 Displays updated, count: 1
[4864:9656:0721/005137.650:VERBOSE1:device_event_log_impl.cc(198)] [00:51:37.651] Display: EVENT: screen_win.cc:895 Display[797136454] bounds=[0,0 1280x800], workarea=[0,0 1280x752], scale=1.5, rotation=0, panel_rotation=0 external detected
[4864:9656:0721/005137.688:VERBOSE1:device_event_log_impl.cc(198)] [00:51:37.689] Display: EVENT: screen_win.cc:893 Displays updated, count: 1
[4864:9656:0721/005137.689:VERBOSE1:device_event_log_impl.cc(198)] [00:51:37.689] Display: EVENT: screen_win.cc:895 Display[797136454] bounds=[0,0 1280x800], workarea=[0,0 1280x752], scale=1.5, rotation=0, panel_rotation=0 external detected
[4864:26984:0721/005137.807:VERBOSE1:media_stream_manager.cc(1533)] MSPL::OnSpeedLimitChange({this=00005554001B6D40}, {new_limit=76})
[4864:26984:0721/005139.689:VERBOSE1:media_stream_manager.cc(1533)] MSPL::OnSpeedLimitChange({this=00005554001B6D40}, {new_limit=80})
[4864:26984:0721/005141.698:VERBOSE1:media_stream_manager.cc(1533)] MSPL::OnSpeedLimitChange({this=00005554001B6D40}, {new_limit=100})
[4864:9656:0721/005142.690:VERBOSE1:device_event_log_impl.cc(198)] [00:51:42.690] Display: EVENT: screen_win.cc:893 Displays updated, count: 1
[4864:9656:0721/005142.690:VERBOSE1:device_event_log_impl.cc(198)] [00:51:42.690] Display: EVENT: screen_win.cc:895 Display[797136454] bounds=[0,0 1280x800], workarea=[0,0 1280x752], scale=1.5, rotation=0, panel_rotation=0 external detected
[4864:9656:0721/005148.495:VERBOSE1:device_event_log_impl.cc(198)] [00:51:48.495] Display: EVENT: screen_win.cc:893 Displays updated, count: 1
[4864:9656:0721/005148.495:VERBOSE1:device_event_log_impl.cc(198)] [00:51:48.495] Display: EVENT: screen_win.cc:895 Display[797136454] bounds=[0,0 1280x800], workarea=[0,0 1280x752], scale=1.5, rotation=0, panel_rotation=0 external detected
[4864:9656:0721/005428.998:VERBOSE1:device_event_log_impl.cc(198)] [00:54:28.998] Display: EVENT: screen_win.cc:893 Displays updated, count: 1
[4864:9656:0721/005428.998:VERBOSE1:device_event_log_impl.cc(198)] [00:54:28.999] Display: EVENT: screen_win.cc:895 Display[797136454] bounds=[0,0 1280x800], workarea=[0,0 1280x752], scale=1.5, rotation=0, panel_rotation=0 external detected
[4864:9656:0721/010147.141:VERBOSE1:device_event_log_impl.cc(198)] [01:01:47.141] Display: EVENT: screen_win.cc:893 Displays updated, count: 1
[4864:9656:0721/010147.142:VERBOSE1:device_event_log_impl.cc(198)] [01:01:47.141] Display: EVENT: screen_win.cc:895 Display[797136454] bounds=[0,0 1280x800], workarea=[0,0 1280x752], scale=1.5, rotation=0, panel_rotation=0 external detected
[4864:26984:0721/010157.139:VERBOSE1:media_stream_manager.cc(1533)] MSPL::OnSpeedLimitChange({this=00005554001B6D40}, {new_limit=80})
[4864:26984:0721/010158.145:VERBOSE1:media_stream_manager.cc(1533)] MSPL::OnSpeedLimitChange({this=00005554001B6D40}, {new_limit=78})
[4864:26984:0721/010200.121:VERBOSE1:media_stream_manager.cc(1533)] MSPL::OnSpeedLimitChange({this=00005554001B6D40}, {new_limit=79})
[4864:26984:0721/010203.146:VERBOSE1:media_stream_manager.cc(1533)] MSPL::OnSpeedLimitChange({this=00005554001B6D40}, {new_limit=80})
[4864:26984:0721/010204.123:VERBOSE1:media_stream_manager.cc(1533)] MSPL::OnSpeedLimitChange({this=00005554001B6D40}, {new_limit=81})
[4864:26984:0721/010206.134:VERBOSE1:media_stream_manager.cc(1533)] MSPL::OnSpeedLimitChange({this=00005554001B6D40}, {new_limit=83})
[4864:26984:0721/010210.158:VERBOSE1:media_stream_manager.cc(1533)] MSPL::OnSpeedLimitChange({this=00005554001B6D40}, {new_limit=81})
[4864:26984:0721/010211.131:VERBOSE1:media_stream_manager.cc(1533)] MSPL::OnSpeedLimitChange({this=00005554001B6D40}, {new_limit=100})
[4864:26984:0721/010309.188:VERBOSE1:media_stream_manager.cc(1533)] MSPL::OnSpeedLimitChange({this=00005554001B6D40}, {new_limit=81})
[4864:26984:0721/010311.172:VERBOSE1:media_stream_manager.cc(1533)] MSPL::OnSpeedLimitChange({this=00005554001B6D40}, {new_limit=82})
[4864:26984:0721/010312.168:VERBOSE1:media_stream_manager.cc(1533)] MSPL::OnSpeedLimitChange({this=00005554001B6D40}, {new_limit=81})
[4864:26984:0721/010313.177:VERBOSE1:media_stream_manager.cc(1533)] MSPL::OnSpeedLimitChange({this=00005554001B6D40}, {new_limit=100})
[4864:26984:0721/010338.216:VERBOSE1:media_stream_manager.cc(1533)] MSPL::OnSpeedLimitChange({this=00005554001B6D40}, {new_limit=79})
[4864:26984:0721/010339.215:VERBOSE1:media_stream_manager.cc(1533)] MSPL::OnSpeedLimitChange({this=00005554001B6D40}, {new_limit=78})
[4864:26984:0721/010340.226:VERBOSE1:media_stream_manager.cc(1533)] MSPL::OnSpeedLimitChange({this=00005554001B6D40}, {new_limit=100})
[4864:9656:0721/010343.506:VERBOSE1:device_event_log_impl.cc(198)] [01:03:43.506] Display: EVENT: screen_win.cc:893 Displays updated, count: 1
[4864:9656:0721/010343.506:VERBOSE1:device_event_log_impl.cc(198)] [01:03:43.506] Display: EVENT: screen_win.cc:895 Display[797136454] bounds=[0,0 1280x800], workarea=[0,0 1280x752], scale=1.5, rotation=0, panel_rotation=0 external detected
[4864:9656:0721/010542.399:VERBOSE1:device_event_log_impl.cc(198)] [01:05:42.399] Display: EVENT: screen_win.cc:893 Displays updated, count: 1
[4864:9656:0721/010542.400:VERBOSE1:device_event_log_impl.cc(198)] [01:05:42.399] Display: EVENT: screen_win.cc:895 Display[797136454] bounds=[0,0 1280x800], workarea=[0,0 1280x752], scale=1.5, rotation=0, panel_rotation=0 external detected
[4864:9656:0721/011056.921:VERBOSE1:device_event_log_impl.cc(198)] [01:10:56.921] Display: EVENT: screen_win.cc:893 Displays updated, count: 1
[4864:9656:0721/011056.921:VERBOSE1:device_event_log_impl.cc(198)] [01:10:56.921] Display: EVENT: screen_win.cc:895 Display[797136454] bounds=[0,0 1280x800], workarea=[0,0 1280x752], scale=1.5, rotation=0, panel_rotation=0 external detected
[4864:26984:0721/011141.592:VERBOSE1:media_stream_manager.cc(1533)] MSPL::OnSpeedLimitChange({this=00005554001B6D40}, {new_limit=77})
[4864:26984:0721/011143.617:VERBOSE1:media_stream_manager.cc(1533)] MSPL::OnSpeedLimitChange({this=00005554001B6D40}, {new_limit=78})
[4864:26984:0721/011145.611:VERBOSE1:media_stream_manager.cc(1533)] MSPL::OnSpeedLimitChange({this=00005554001B6D40}, {new_limit=100})
[4864:9656:0721/011153.190:VERBOSE1:device_event_log_impl.cc(198)] [01:11:53.190] Display: EVENT: screen_win.cc:893 Displays updated, count: 1
[4864:9656:0721/011153.190:VERBOSE1:device_event_log_impl.cc(198)] [01:11:53.190] Display: EVENT: screen_win.cc:895 Display[797136454] bounds=[0,0 1280x800], workarea=[0,0 1280x752], scale=1.5, rotation=0, panel_rotation=0 external detected
[4864:26984:0721/011244.670:VERBOSE1:media_stream_manager.cc(1533)] MSPL::OnSpeedLimitChange({this=00005554001B6D40}, {new_limit=86})
[4864:26984:0721/011246.689:VERBOSE1:media_stream_manager.cc(1533)] MSPL::OnSpeedLimitChange({this=00005554001B6D40}, {new_limit=100})
[4864:26984:0721/015829.988:VERBOSE1:media_stream_manager.cc(1533)] video capture: VideoCaptureManager::OnScreenLocked
[4864:26984:0721/015830.089:VERBOSE1:media_stream_manager.cc(1533)] MSPL::OnSuspend([this=00005554001B6D40])
[4864:26984:0721/024202.006:VERBOSE1:media_stream_manager.cc(1533)] MSPL::OnResume([this=00005554001B6D40])
[4864:26984:0721/024220.627:VERBOSE1:media_stream_manager.cc(1533)] MSPL::OnSuspend([this=00005554001B6D40])
[4864:26984:0721/031516.984:VERBOSE1:media_stream_manager.cc(1533)] MSPL::OnResume([this=00005554001B6D40])
[4864:26984:0721/031517.194:VERBOSE1:media_stream_manager.cc(1533)] video capture: VideoCaptureManager::OnScreenUnlocked
[4864:26984:0721/032316.050:VERBOSE1:media_stream_manager.cc(1533)] MSPL::OnSpeedLimitChange({this=00005554001B6D40}, {new_limit=86})
[4864:26984:0721/032319.052:VERBOSE1:media_stream_manager.cc(1533)] MSPL::OnSpeedLimitChange({this=00005554001B6D40}, {new_limit=85})
[4864:26984:0721/032321.051:VERBOSE1:media_stream_manager.cc(1533)] MSPL::OnSpeedLimitChange({this=00005554001B6D40}, {new_limit=86})
[4864:26984:0721/032323.050:VERBOSE1:media_stream_manager.cc(1533)] MSPL::OnSpeedLimitChange({this=00005554001B6D40}, {new_limit=100})
[4864:26984:0721/032352.055:VERBOSE1:media_stream_manager.cc(1533)] MSPL::OnSpeedLimitChange({this=00005554001B6D40}, {new_limit=84})
[4864:26984:0721/032353.055:VERBOSE1:media_stream_manager.cc(1533)] MSPL::OnSpeedLimitChange({this=00005554001B6D40}, {new_limit=83})
[4864:26984:0721/032400.058:VERBOSE1:media_stream_manager.cc(1533)] MSPL::OnSpeedLimitChange({this=00005554001B6D40}, {new_limit=100})
[4864:26984:0721/032410.057:VERBOSE1:media_stream_manager.cc(1533)] MSPL::OnSpeedLimitChange({this=00005554001B6D40}, {new_limit=82})
[4864:26984:0721/032412.060:VERBOSE1:media_stream_manager.cc(1533)] MSPL::OnSpeedLimitChange({this=00005554001B6D40}, {new_limit=81})
[4864:26984:0721/032413.057:VERBOSE1:media_stream_manager.cc(1533)] MSPL::OnSpeedLimitChange({this=00005554001B6D40}, {new_limit=82})
[4864:26984:0721/032414.061:VERBOSE1:media_stream_manager.cc(1533)] MSPL::OnSpeedLimitChange({this=00005554001B6D40}, {new_limit=83})
[4864:26984:0721/032416.059:VERBOSE1:media_stream_manager.cc(1533)] MSPL::OnSpeedLimitChange({this=00005554001B6D40}, {new_limit=85})
[4864:26984:0721/032418.058:VERBOSE1:media_stream_manager.cc(1533)] MSPL::OnSpeedLimitChange({this=00005554001B6D40}, {new_limit=84})
[4864:26984:0721/032424.063:VERBOSE1:media_stream_manager.cc(1533)] MSPL::OnSpeedLimitChange({this=00005554001B6D40}, {new_limit=83})
[4864:26984:0721/032425.058:VERBOSE1:media_stream_manager.cc(1533)] MSPL::OnSpeedLimitChange({this=00005554001B6D40}, {new_limit=82})
[4864:26984:0721/032426.059:VERBOSE1:media_stream_manager.cc(1533)] MSPL::OnSpeedLimitChange({this=00005554001B6D40}, {new_limit=100})
[4864:26984:0721/032523.068:VERBOSE1:media_stream_manager.cc(1533)] MSPL::OnSpeedLimitChange({this=00005554001B6D40}, {new_limit=82})
[4864:26984:0721/032527.073:VERBOSE1:media_stream_manager.cc(1533)] MSPL::OnSpeedLimitChange({this=00005554001B6D40}, {new_limit=83})
[4864:26984:0721/032528.070:VERBOSE1:media_stream_manager.cc(1533)] MSPL::OnSpeedLimitChange({this=00005554001B6D40}, {new_limit=84})
[4864:26984:0721/032529.072:VERBOSE1:media_stream_manager.cc(1533)] MSPL::OnSpeedLimitChange({this=00005554001B6D40}, {new_limit=100})
[4864:9656:0721/033104.480:VERBOSE1:device_event_log_impl.cc(198)] [03:31:04.479] Display: EVENT: screen_win.cc:893 Displays updated, count: 1
[4864:9656:0721/033104.480:VERBOSE1:device_event_log_impl.cc(198)] [03:31:04.480] Display: EVENT: screen_win.cc:895 Display[797136454] bounds=[0,0 1280x800], workarea=[0,0 1280x752], scale=1.5, rotation=0, panel_rotation=0 external detected
[4864:26984:0721/035119.467:VERBOSE1:media_stream_manager.cc(1533)] video capture: VideoCaptureManager::OnScreenLocked
[4864:26984:0721/035119.508:VERBOSE1:media_stream_manager.cc(1533)] MSPL::OnSuspend([this=00005554001B6D40])
[4864:26984:0721/035323.426:VERBOSE1:media_stream_manager.cc(1533)] MSPL::OnResume([this=00005554001B6D40])
[4864:26984:0721/035324.171:VERBOSE1:media_stream_manager.cc(1533)] video capture: VideoCaptureManager::OnScreenUnlocked
[4864:9656:0721/040522.067:VERBOSE1:device_event_log_impl.cc(198)] [04:05:22.069] Display: EVENT: screen_win.cc:893 Displays updated, count: 1
[4864:9656:0721/040522.067:VERBOSE1:device_event_log_impl.cc(198)] [04:05:22.069] Display: EVENT: screen_win.cc:895 Display[797136454] bounds=[0,0 1280x800], workarea=[0,0 1280x752], scale=1.5, rotation=0, panel_rotation=0 external detected
[4864:9656:0721/040533.562:VERBOSE1:device_event_log_impl.cc(198)] [04:05:33.562] Display: EVENT: screen_win.cc:893 Displays updated, count: 1
[4864:9656:0721/040533.562:VERBOSE1:device_event_log_impl.cc(198)] [04:05:33.563] Display: EVENT: screen_win.cc:895 Display[797136454] bounds=[0,0 1280x800], workarea=[0,0 1280x752], scale=1.5, rotation=0, panel_rotation=0 external detected
[4864:9656:0721/040543.452:VERBOSE1:device_event_log_impl.cc(198)] [04:05:43.451] Display: EVENT: screen_win.cc:893 Displays updated, count: 1
[4864:9656:0721/040543.452:VERBOSE1:device_event_log_impl.cc(198)] [04:05:43.452] Display: EVENT: screen_win.cc:895 Display[797136454] bounds=[0,0 1280x800], workarea=[0,0 1280x752], scale=1.5, rotation=0, panel_rotation=0 external detected
[4864:9656:0721/040610.093:VERBOSE1:device_event_log_impl.cc(198)] [04:06:10.093] Display: EVENT: screen_win.cc:893 Displays updated, count: 1
[4864:9656:0721/040610.094:VERBOSE1:device_event_log_impl.cc(198)] [04:06:10.094] Display: EVENT: screen_win.cc:895 Display[797136454] bounds=[0,0 1280x800], workarea=[0,0 1280x752], scale=1.5, rotation=0, panel_rotation=0 external detected
[4864:9656:0721/040619.677:VERBOSE1:device_event_log_impl.cc(198)] [04:06:19.677] Display: EVENT: screen_win.cc:893 Displays updated, count: 1
[4864:9656:0721/040619.677:VERBOSE1:device_event_log_impl.cc(198)] [04:06:19.677] Display: EVENT: screen_win.cc:895 Display[797136454] bounds=[0,0 1280x800], workarea=[0,0 1280x752], scale=1.5, rotation=0, panel_rotation=0 external detected
[4864:9656:0721/040628.007:VERBOSE1:device_event_log_impl.cc(198)] [04:06:28.007] Display: EVENT: screen_win.cc:893 Displays updated, count: 1
[4864:9656:0721/040628.007:VERBOSE1:device_event_log_impl.cc(198)] [04:06:28.007] Display: EVENT: screen_win.cc:895 Display[797136454] bounds=[0,0 1280x800], workarea=[0,0 1280x752], scale=1.5, rotation=0, panel_rotation=0 external detected
[4864:9656:0721/041312.676:VERBOSE1:device_event_log_impl.cc(198)] [04:13:12.674] Display: EVENT: screen_win.cc:893 Displays updated, count: 1
[4864:9656:0721/041312.676:VERBOSE1:device_event_log_impl.cc(198)] [04:13:12.675] Display: EVENT: screen_win.cc:895 Display[797136454] bounds=[0,0 1280x800], workarea=[0,0 1280x752], scale=1.5, rotation=0, panel_rotation=0 external detected
[4864:26984:0721/041445.384:VERBOSE1:media_stream_manager.cc(1533)] MSPL::OnSpeedLimitChange({this=00005554001B6D40}, {new_limit=85})
[4864:26984:0721/041448.366:VERBOSE1:media_stream_manager.cc(1533)] MSPL::OnSpeedLimitChange({this=00005554001B6D40}, {new_limit=84})
[4864:26984:0721/041449.355:VERBOSE1:media_stream_manager.cc(1533)] MSPL::OnSpeedLimitChange({this=00005554001B6D40}, {new_limit=100})
[4864:26984:0721/041609.408:VERBOSE1:media_stream_manager.cc(1533)] MSPL::OnSpeedLimitChange({this=00005554001B6D40}, {new_limit=84})
[4864:26984:0721/041610.421:VERBOSE1:media_stream_manager.cc(1533)] MSPL::OnSpeedLimitChange({this=00005554001B6D40}, {new_limit=100})
[4864:26984:0721/041819.522:VERBOSE1:media_stream_manager.cc(1533)] MSPL::OnSpeedLimitChange({this=00005554001B6D40}, {new_limit=80})
[4864:26984:0721/041822.547:VERBOSE1:media_stream_manager.cc(1533)] MSPL::OnSpeedLimitChange({this=00005554001B6D40}, {new_limit=82})
[4864:26984:0721/041824.540:VERBOSE1:media_stream_manager.cc(1533)] MSPL::OnSpeedLimitChange({this=00005554001B6D40}, {new_limit=100})
[4864:26984:0721/041844.559:VERBOSE1:media_stream_manager.cc(1533)] MSPL::OnSpeedLimitChange({this=00005554001B6D40}, {new_limit=81})
[4864:26984:0721/041845.544:VERBOSE1:media_stream_manager.cc(1533)] MSPL::OnSpeedLimitChange({this=00005554001B6D40}, {new_limit=100})
[4864:26984:0721/041855.541:VERBOSE1:media_stream_manager.cc(1533)] MSPL::OnSpeedLimitChange({this=00005554001B6D40}, {new_limit=79})
[4864:26984:0721/041856.573:VERBOSE1:media_stream_manager.cc(1533)] MSPL::OnSpeedLimitChange({this=00005554001B6D40}, {new_limit=81})
[4864:26984:0721/041857.560:VERBOSE1:media_stream_manager.cc(1533)] MSPL::OnSpeedLimitChange({this=00005554001B6D40}, {new_limit=83})
[4864:26984:0721/041858.543:VERBOSE1:media_stream_manager.cc(1533)] MSPL::OnSpeedLimitChange({this=00005554001B6D40}, {new_limit=84})
[4864:26984:0721/041859.578:VERBOSE1:media_stream_manager.cc(1533)] MSPL::OnSpeedLimitChange({this=00005554001B6D40}, {new_limit=85})
[4864:26984:0721/041901.575:VERBOSE1:media_stream_manager.cc(1533)] MSPL::OnSpeedLimitChange({this=00005554001B6D40}, {new_limit=84})
[4864:26984:0721/041905.549:VERBOSE1:media_stream_manager.cc(1533)] MSPL::OnSpeedLimitChange({this=00005554001B6D40}, {new_limit=83})
[4864:26984:0721/041906.581:VERBOSE1:media_stream_manager.cc(1533)] MSPL::OnSpeedLimitChange({this=00005554001B6D40}, {new_limit=82})
[4864:26984:0721/041908.586:VERBOSE1:media_stream_manager.cc(1533)] MSPL::OnSpeedLimitChange({this=00005554001B6D40}, {new_limit=81})
[4864:26984:0721/041909.552:VERBOSE1:media_stream_manager.cc(1533)] MSPL::OnSpeedLimitChange({this=00005554001B6D40}, {new_limit=79})
[4864:26984:0721/041914.568:VERBOSE1:media_stream_manager.cc(1533)] MSPL::OnSpeedLimitChange({this=00005554001B6D40}, {new_limit=78})
[4864:26984:0721/041915.551:VERBOSE1:media_stream_manager.cc(1533)] MSPL::OnSpeedLimitChange({this=00005554001B6D40}, {new_limit=79})
[4864:26984:0721/041916.559:VERBOSE1:media_stream_manager.cc(1533)] MSPL::OnSpeedLimitChange({this=00005554001B6D40}, {new_limit=100})
[4864:26984:0721/041935.569:VERBOSE1:media_stream_manager.cc(1533)] MSPL::OnSpeedLimitChange({this=00005554001B6D40}, {new_limit=82})
[4864:26984:0721/041936.594:VERBOSE1:media_stream_manager.cc(1533)] MSPL::OnSpeedLimitChange({this=00005554001B6D40}, {new_limit=83})
[4864:26984:0721/041939.573:VERBOSE1:media_stream_manager.cc(1533)] MSPL::OnSpeedLimitChange({this=00005554001B6D40}, {new_limit=82})
[4864:26984:0721/041941.584:VERBOSE1:media_stream_manager.cc(1533)] MSPL::OnSpeedLimitChange({this=00005554001B6D40}, {new_limit=83})
[4864:26984:0721/041942.585:VERBOSE1:media_stream_manager.cc(1533)] MSPL::OnSpeedLimitChange({this=00005554001B6D40}, {new_limit=82})
[4864:26984:0721/041944.607:VERBOSE1:media_stream_manager.cc(1533)] MSPL::OnSpeedLimitChange({this=00005554001B6D40}, {new_limit=80})
[4864:26984:0721/041945.616:VERBOSE1:media_stream_manager.cc(1533)] MSPL::OnSpeedLimitChange({this=00005554001B6D40}, {new_limit=78})
[4864:26984:0721/041947.595:VERBOSE1:media_stream_manager.cc(1533)] MSPL::OnSpeedLimitChange({this=00005554001B6D40}, {new_limit=76})
[4864:26984:0721/041948.580:VERBOSE1:media_stream_manager.cc(1533)] MSPL::OnSpeedLimitChange({this=00005554001B6D40}, {new_limit=73})
[4864:26984:0721/041949.588:VERBOSE1:media_stream_manager.cc(1533)] MSPL::OnSpeedLimitChange({this=00005554001B6D40}, {new_limit=75})
[4864:26984:0721/041950.615:VERBOSE1:media_stream_manager.cc(1533)] MSPL::OnSpeedLimitChange({this=00005554001B6D40}, {new_limit=74})
[4864:26984:0721/041952.619:VERBOSE1:media_stream_manager.cc(1533)] MSPL::OnSpeedLimitChange({this=00005554001B6D40}, {new_limit=75})
[4864:26984:0721/041953.604:VERBOSE1:media_stream_manager.cc(1533)] MSPL::OnSpeedLimitChange({this=00005554001B6D40}, {new_limit=74})
[4864:26984:0721/041955.598:VERBOSE1:media_stream_manager.cc(1533)] MSPL::OnSpeedLimitChange({this=00005554001B6D40}, {new_limit=76})
[4864:26984:0721/041957.619:VERBOSE1:media_stream_manager.cc(1533)] MSPL::OnSpeedLimitChange({this=00005554001B6D40}, {new_limit=77})
[4864:26984:0721/041958.590:VERBOSE1:media_stream_manager.cc(1533)] MSPL::OnSpeedLimitChange({this=00005554001B6D40}, {new_limit=78})
[4864:26984:0721/041959.599:VERBOSE1:media_stream_manager.cc(1533)] MSPL::OnSpeedLimitChange({this=00005554001B6D40}, {new_limit=77})
[4864:26984:0721/042000.624:VERBOSE1:media_stream_manager.cc(1533)] MSPL::OnSpeedLimitChange({this=00005554001B6D40}, {new_limit=78})
[4864:26984:0721/042001.606:VERBOSE1:media_stream_manager.cc(1533)] MSPL::OnSpeedLimitChange({this=00005554001B6D40}, {new_limit=79})
[4864:26984:0721/042002.612:VERBOSE1:media_stream_manager.cc(1533)] MSPL::OnSpeedLimitChange({this=00005554001B6D40}, {new_limit=100})
[4864:26984:0721/042337.788:VERBOSE1:media_stream_manager.cc(1533)] MSPL::OnSpeedLimitChange({this=00005554001B6D40}, {new_limit=86})
[4864:26984:0721/042338.786:VERBOSE1:media_stream_manager.cc(1533)] MSPL::OnSpeedLimitChange({this=00005554001B6D40}, {new_limit=100})
[4864:26984:0721/042639.948:VERBOSE1:media_stream_manager.cc(1533)] MSPL::OnSpeedLimitChange({this=00005554001B6D40}, {new_limit=86})
[4864:26984:0721/042641.949:VERBOSE1:media_stream_manager.cc(1533)] MSPL::OnSpeedLimitChange({this=00005554001B6D40}, {new_limit=100})
[4864:9656:0721/043553.570:VERBOSE1:device_event_log_impl.cc(198)] [04:35:53.570] Display: EVENT: screen_win.cc:893 Displays updated, count: 1
[4864:9656:0721/043553.570:VERBOSE1:device_event_log_impl.cc(198)] [04:35:53.570] Display: EVENT: screen_win.cc:895 Display[797136454] bounds=[0,0 1280x800], workarea=[0,0 1280x752], scale=1.5, rotation=0, panel_rotation=0 external detected
[4864:9656:0721/043613.466:VERBOSE1:device_event_log_impl.cc(198)] [04:36:13.466] Display: EVENT: screen_win.cc:893 Displays updated, count: 1
[4864:9656:0721/043613.466:VERBOSE1:device_event_log_impl.cc(198)] [04:36:13.466] Display: EVENT: screen_win.cc:895 Display[797136454] bounds=[0,0 1280x800], workarea=[0,0 1280x752], scale=1.5, rotation=0, panel_rotation=0 external detected
[4864:9656:0721/043641.682:VERBOSE1:device_event_log_impl.cc(198)] [04:36:41.680] Display: EVENT: screen_win.cc:893 Displays updated, count: 1
[4864:9656:0721/043641.682:VERBOSE1:device_event_log_impl.cc(198)] [04:36:41.681] Display: EVENT: screen_win.cc:895 Display[797136454] bounds=[0,0 1280x800], workarea=[0,0 1280x752], scale=1.5, rotation=0, panel_rotation=0 external detected
[4864:9656:0721/043858.299:VERBOSE1:device_event_log_impl.cc(198)] [04:38:58.299] Display: EVENT: screen_win.cc:893 Displays updated, count: 1
[4864:9656:0721/043858.299:VERBOSE1:device_event_log_impl.cc(198)] [04:38:58.300] Display: EVENT: screen_win.cc:895 Display[797136454] bounds=[0,0 1280x800], workarea=[0,0 1280x752], scale=1.5, rotation=0, panel_rotation=0 external detected
[4864:26984:0721/043911.607:VERBOSE1:media_stream_manager.cc(1533)] MSPL::OnSpeedLimitChange({this=00005554001B6D40}, {new_limit=84})
[4864:26984:0721/043912.581:VERBOSE1:media_stream_manager.cc(1533)] MSPL::OnSpeedLimitChange({this=00005554001B6D40}, {new_limit=82})
[4864:26984:0721/043913.590:VERBOSE1:media_stream_manager.cc(1533)] MSPL::OnSpeedLimitChange({this=00005554001B6D40}, {new_limit=100})
[4864:26984:0721/043951.626:VERBOSE1:media_stream_manager.cc(1533)] MSPL::OnSpeedLimitChange({this=00005554001B6D40}, {new_limit=72})
[4864:26984:0721/043952.630:VERBOSE1:media_stream_manager.cc(1533)] MSPL::OnSpeedLimitChange({this=00005554001B6D40}, {new_limit=69})
[4864:26984:0721/043953.611:VERBOSE1:media_stream_manager.cc(1533)] MSPL::OnSpeedLimitChange({this=00005554001B6D40}, {new_limit=70})
[4864:26984:0721/043954.627:VERBOSE1:media_stream_manager.cc(1533)] MSPL::OnSpeedLimitChange({this=00005554001B6D40}, {new_limit=72})
[4864:26984:0721/043955.613:VERBOSE1:media_stream_manager.cc(1533)] MSPL::OnSpeedLimitChange({this=00005554001B6D40}, {new_limit=70})
[4864:26984:0721/043956.614:VERBOSE1:media_stream_manager.cc(1533)] MSPL::OnSpeedLimitChange({this=00005554001B6D40}, {new_limit=100})
[4864:26984:0721/044006.646:VERBOSE1:media_stream_manager.cc(1533)] MSPL::OnSpeedLimitChange({this=00005554001B6D40}, {new_limit=79})
[4864:26984:0721/044007.646:VERBOSE1:media_stream_manager.cc(1533)] MSPL::OnSpeedLimitChange({this=00005554001B6D40}, {new_limit=100})
[4864:9656:0721/044019.299:VERBOSE1:device_event_log_impl.cc(198)] [04:40:19.300] Display: EVENT: screen_win.cc:893 Displays updated, count: 1
[4864:9656:0721/044019.299:VERBOSE1:device_event_log_impl.cc(198)] [04:40:19.300] Display: EVENT: screen_win.cc:895 Display[797136454] bounds=[0,0 1280x800], workarea=[0,0 1280x752], scale=1.5, rotation=0, panel_rotation=0 external detected
[4864:26984:0721/044024.643:VERBOSE1:media_stream_manager.cc(1533)] MSPL::OnSpeedLimitChange({this=00005554001B6D40}, {new_limit=81})
[4864:26984:0721/044026.671:VERBOSE1:media_stream_manager.cc(1533)] MSPL::OnSpeedLimitChange({this=00005554001B6D40}, {new_limit=100})
[4864:26984:0721/044036.692:VERBOSE1:media_stream_manager.cc(1533)] MSPL::OnSpeedLimitChange({this=00005554001B6D40}, {new_limit=77})
[4864:26984:0721/044038.691:VERBOSE1:media_stream_manager.cc(1533)] MSPL::OnSpeedLimitChange({this=00005554001B6D40}, {new_limit=78})
[4864:26984:0721/044039.662:VERBOSE1:media_stream_manager.cc(1533)] MSPL::OnSpeedLimitChange({this=00005554001B6D40}, {new_limit=80})
[4864:26984:0721/044042.666:VERBOSE1:media_stream_manager.cc(1533)] MSPL::OnSpeedLimitChange({this=00005554001B6D40}, {new_limit=81})
[4864:26984:0721/044044.683:VERBOSE1:media_stream_manager.cc(1533)] MSPL::OnSpeedLimitChange({this=00005554001B6D40}, {new_limit=78})
[4864:26984:0721/044045.694:VERBOSE1:media_stream_manager.cc(1533)] MSPL::OnSpeedLimitChange({this=00005554001B6D40}, {new_limit=79})
[4864:26984:0721/044046.672:VERBOSE1:media_stream_manager.cc(1533)] MSPL::OnSpeedLimitChange({this=00005554001B6D40}, {new_limit=80})
[4864:26984:0721/044048.695:VERBOSE1:media_stream_manager.cc(1533)] MSPL::OnSpeedLimitChange({this=00005554001B6D40}, {new_limit=81})
[4864:26984:0721/044049.681:VERBOSE1:media_stream_manager.cc(1533)] MSPL::OnSpeedLimitChange({this=00005554001B6D40}, {new_limit=100})
[4864:9656:0721/044108.387:VERBOSE1:profile_manager.cc(1325)] AddKeepAlive(Default, kExtensionUpdater). keep_alives=[kWaitingForFirstBrowserWindow (1), kAppWindow (1), kExtensionUpdater (1)]
[4864:9656:0721/044108.387:VERBOSE1:profile_manager.cc(1377)] RemoveKeepAlive(Default, kExtensionUpdater). keep_alives=[kWaitingForFirstBrowserWindow (1), kAppWindow (1)]
[4864:26984:0721/044115.707:VERBOSE1:media_stream_manager.cc(1533)] MSPL::OnSpeedLimitChange({this=00005554001B6D40}, {new_limit=84})
[4864:26984:0721/044116.726:VERBOSE1:media_stream_manager.cc(1533)] MSPL::OnSpeedLimitChange({this=00005554001B6D40}, {new_limit=100})
[4864:26984:0721/044138.756:VERBOSE1:media_stream_manager.cc(1533)] MSPL::OnSpeedLimitChange({this=00005554001B6D40}, {new_limit=83})
[4864:26984:0721/044139.725:VERBOSE1:media_stream_manager.cc(1533)] MSPL::OnSpeedLimitChange({this=00005554001B6D40}, {new_limit=82})
[4864:26984:0721/044141.763:VERBOSE1:media_stream_manager.cc(1533)] MSPL::OnSpeedLimitChange({this=00005554001B6D40}, {new_limit=81})
[4864:26984:0721/044142.726:VERBOSE1:media_stream_manager.cc(1533)] MSPL::OnSpeedLimitChange({this=00005554001B6D40}, {new_limit=80})
[4864:26984:0721/044143.760:VERBOSE1:media_stream_manager.cc(1533)] MSPL::OnSpeedLimitChange({this=00005554001B6D40}, {new_limit=79})
[4864:26984:0721/044144.727:VERBOSE1:media_stream_manager.cc(1533)] MSPL::OnSpeedLimitChange({this=00005554001B6D40}, {new_limit=78})
[4864:26984:0721/044145.731:VERBOSE1:media_stream_manager.cc(1533)] MSPL::OnSpeedLimitChange({this=00005554001B6D40}, {new_limit=80})
[4864:26984:0721/044146.751:VERBOSE1:media_stream_manager.cc(1533)] MSPL::OnSpeedLimitChange({this=00005554001B6D40}, {new_limit=81})
[4864:26984:0721/044147.765:VERBOSE1:media_stream_manager.cc(1533)] MSPL::OnSpeedLimitChange({this=00005554001B6D40}, {new_limit=82})
[4864:26984:0721/044148.758:VERBOSE1:media_stream_manager.cc(1533)] MSPL::OnSpeedLimitChange({this=00005554001B6D40}, {new_limit=81})
[4864:26984:0721/044149.741:VERBOSE1:media_stream_manager.cc(1533)] MSPL::OnSpeedLimitChange({this=00005554001B6D40}, {new_limit=100})
[4864:9656:0721/045645.055:VERBOSE1:device_event_log_impl.cc(198)] [04:56:45.055] Display: EVENT: screen_win.cc:893 Displays updated, count: 1
[4864:9656:0721/045645.055:VERBOSE1:device_event_log_impl.cc(198)] [04:56:45.055] Display: EVENT: screen_win.cc:895 Display[797136454] bounds=[0,0 1280x800], workarea=[0,0 1280x752], scale=1.5, rotation=0, panel_rotation=0 external detected
[4864:26984:0721/045654.493:VERBOSE1:media_stream_manager.cc(1533)] MSPL::OnSpeedLimitChange({this=00005554001B6D40}, {new_limit=82})
[4864:26984:0721/045655.468:VERBOSE1:media_stream_manager.cc(1533)] MSPL::OnSpeedLimitChange({this=00005554001B6D40}, {new_limit=80})
[4864:26984:0721/045656.476:VERBOSE1:media_stream_manager.cc(1533)] MSPL::OnSpeedLimitChange({this=00005554001B6D40}, {new_limit=81})
[4864:26984:0721/045659.484:VERBOSE1:media_stream_manager.cc(1533)] MSPL::OnSpeedLimitChange({this=00005554001B6D40}, {new_limit=80})
[4864:26984:0721/045700.489:VERBOSE1:media_stream_manager.cc(1533)] MSPL::OnSpeedLimitChange({this=00005554001B6D40}, {new_limit=81})
[4864:26984:0721/045701.477:VERBOSE1:media_stream_manager.cc(1533)] MSPL::OnSpeedLimitChange({this=00005554001B6D40}, {new_limit=82})
[4864:26984:0721/045704.492:VERBOSE1:media_stream_manager.cc(1533)] MSPL::OnSpeedLimitChange({this=00005554001B6D40}, {new_limit=83})
[4864:26984:0721/045705.492:VERBOSE1:media_stream_manager.cc(1533)] MSPL::OnSpeedLimitChange({this=00005554001B6D40}, {new_limit=85})
[4864:26984:0721/045709.503:VERBOSE1:media_stream_manager.cc(1533)] MSPL::OnSpeedLimitChange({this=00005554001B6D40}, {new_limit=100})
[4864:26984:0721/045719.508:VERBOSE1:media_stream_manager.cc(1533)] MSPL::OnSpeedLimitChange({this=00005554001B6D40}, {new_limit=75})
[4864:26984:0721/045720.488:VERBOSE1:media_stream_manager.cc(1533)] MSPL::OnSpeedLimitChange({this=00005554001B6D40}, {new_limit=73})
[4864:26984:0721/045722.487:VERBOSE1:media_stream_manager.cc(1533)] MSPL::OnSpeedLimitChange({this=00005554001B6D40}, {new_limit=100})
[4864:26984:0721/045737.513:VERBOSE1:media_stream_manager.cc(1533)] MSPL::OnSpeedLimitChange({this=00005554001B6D40}, {new_limit=78})
[4864:26984:0721/045738.493:VERBOSE1:media_stream_manager.cc(1533)] MSPL::OnSpeedLimitChange({this=00005554001B6D40}, {new_limit=77})
[4864:26984:0721/045739.509:VERBOSE1:media_stream_manager.cc(1533)] MSPL::OnSpeedLimitChange({this=00005554001B6D40}, {new_limit=79})
[4864:26984:0721/045740.511:VERBOSE1:media_stream_manager.cc(1533)] MSPL::OnSpeedLimitChange({this=00005554001B6D40}, {new_limit=80})
[4864:26984:0721/045741.506:VERBOSE1:media_stream_manager.cc(1533)] MSPL::OnSpeedLimitChange({this=00005554001B6D40}, {new_limit=100})
[4864:26984:0721/045831.562:VERBOSE1:media_stream_manager.cc(1533)] MSPL::OnSpeedLimitChange({this=00005554001B6D40}, {new_limit=82})
[4864:26984:0721/045834.572:VERBOSE1:media_stream_manager.cc(1533)] MSPL::OnSpeedLimitChange({this=00005554001B6D40}, {new_limit=80})
[4864:26984:0721/045835.558:VERBOSE1:media_stream_manager.cc(1533)] MSPL::OnSpeedLimitChange({this=00005554001B6D40}, {new_limit=79})
[4864:26984:0721/045836.582:VERBOSE1:media_stream_manager.cc(1533)] MSPL::OnSpeedLimitChange({this=00005554001B6D40}, {new_limit=78})
[4864:26984:0721/045837.549:VERBOSE1:media_stream_manager.cc(1533)] MSPL::OnSpeedLimitChange({this=00005554001B6D40}, {new_limit=76})
[4864:26984:0721/045839.559:VERBOSE1:media_stream_manager.cc(1533)] MSPL::OnSpeedLimitChange({this=00005554001B6D40}, {new_limit=100})
[4864:26984:0721/045940.615:VERBOSE1:media_stream_manager.cc(1533)] MSPL::OnSpeedLimitChange({this=00005554001B6D40}, {new_limit=84})
[4864:26984:0721/045942.631:VERBOSE1:media_stream_manager.cc(1533)] MSPL::OnSpeedLimitChange({this=00005554001B6D40}, {new_limit=83})
[4864:26984:0721/045945.644:VERBOSE1:media_stream_manager.cc(1533)] MSPL::OnSpeedLimitChange({this=00005554001B6D40}, {new_limit=82})
[4864:26984:0721/045947.612:VERBOSE1:media_stream_manager.cc(1533)] MSPL::OnSpeedLimitChange({this=00005554001B6D40}, {new_limit=100})
[4864:26984:0721/045959.635:VERBOSE1:media_stream_manager.cc(1533)] MSPL::OnSpeedLimitChange({this=00005554001B6D40}, {new_limit=83})
[4864:26984:0721/050000.619:VERBOSE1:media_stream_manager.cc(1533)] MSPL::OnSpeedLimitChange({this=00005554001B6D40}, {new_limit=82})
[4864:26984:0721/050001.629:VERBOSE1:media_stream_manager.cc(1533)] MSPL::OnSpeedLimitChange({this=00005554001B6D40}, {new_limit=81})
[4864:26984:0721/050002.637:VERBOSE1:media_stream_manager.cc(1533)] MSPL::OnSpeedLimitChange({this=00005554001B6D40}, {new_limit=80})
[4864:26984:0721/050003.641:VERBOSE1:media_stream_manager.cc(1533)] MSPL::OnSpeedLimitChange({this=00005554001B6D40}, {new_limit=79})
[4864:26984:0721/050005.660:VERBOSE1:media_stream_manager.cc(1533)] MSPL::OnSpeedLimitChange({this=00005554001B6D40}, {new_limit=77})
[4864:26984:0721/050006.648:VERBOSE1:media_stream_manager.cc(1533)] MSPL::OnSpeedLimitChange({this=00005554001B6D40}, {new_limit=76})
[4864:26984:0721/050007.634:VERBOSE1:media_stream_manager.cc(1533)] MSPL::OnSpeedLimitChange({this=00005554001B6D40}, {new_limit=75})
[4864:26984:0721/050009.650:VERBOSE1:media_stream_manager.cc(1533)] MSPL::OnSpeedLimitChange({this=00005554001B6D40}, {new_limit=76})
[4864:26984:0721/050010.669:VERBOSE1:media_stream_manager.cc(1533)] MSPL::OnSpeedLimitChange({this=00005554001B6D40}, {new_limit=75})
[4864:26984:0721/050011.644:VERBOSE1:media_stream_manager.cc(1533)] MSPL::OnSpeedLimitChange({this=00005554001B6D40}, {new_limit=77})
[4864:26984:0721/050013.664:VERBOSE1:media_stream_manager.cc(1533)] MSPL::OnSpeedLimitChange({this=00005554001B6D40}, {new_limit=79})
[4864:26984:0721/050015.653:VERBOSE1:media_stream_manager.cc(1533)] MSPL::OnSpeedLimitChange({this=00005554001B6D40}, {new_limit=81})
[4864:26984:0721/050016.667:VERBOSE1:media_stream_manager.cc(1533)] MSPL::OnSpeedLimitChange({this=00005554001B6D40}, {new_limit=83})
[4864:26984:0721/050018.676:VERBOSE1:media_stream_manager.cc(1533)] MSPL::OnSpeedLimitChange({this=00005554001B6D40}, {new_limit=84})
[4864:26984:0721/050019.685:VERBOSE1:media_stream_manager.cc(1533)] MSPL::OnSpeedLimitChange({this=00005554001B6D40}, {new_limit=83})
[4864:26984:0721/050022.649:VERBOSE1:media_stream_manager.cc(1533)] MSPL::OnSpeedLimitChange({this=00005554001B6D40}, {new_limit=82})
[4864:26984:0721/050024.675:VERBOSE1:media_stream_manager.cc(1533)] MSPL::OnSpeedLimitChange({this=00005554001B6D40}, {new_limit=81})
[4864:26984:0721/050025.683:VERBOSE1:media_stream_manager.cc(1533)] MSPL::OnSpeedLimitChange({this=00005554001B6D40}, {new_limit=79})
[4864:26984:0721/050027.657:VERBOSE1:media_stream_manager.cc(1533)] MSPL::OnSpeedLimitChange({this=00005554001B6D40}, {new_limit=78})
[4864:26984:0721/050028.675:VERBOSE1:media_stream_manager.cc(1533)] MSPL::OnSpeedLimitChange({this=00005554001B6D40}, {new_limit=77})
[4864:26984:0721/050030.661:VERBOSE1:media_stream_manager.cc(1533)] MSPL::OnSpeedLimitChange({this=00005554001B6D40}, {new_limit=79})
[4864:26984:0721/050032.667:VERBOSE1:media_stream_manager.cc(1533)] MSPL::OnSpeedLimitChange({this=00005554001B6D40}, {new_limit=80})
[4864:26984:0721/050034.663:VERBOSE1:media_stream_manager.cc(1533)] MSPL::OnSpeedLimitChange({this=00005554001B6D40}, {new_limit=81})
[4864:26984:0721/050035.682:VERBOSE1:media_stream_manager.cc(1533)] MSPL::OnSpeedLimitChange({this=00005554001B6D40}, {new_limit=82})
[4864:26984:0721/050037.665:VERBOSE1:media_stream_manager.cc(1533)] MSPL::OnSpeedLimitChange({this=00005554001B6D40}, {new_limit=83})
[4864:26984:0721/050038.697:VERBOSE1:media_stream_manager.cc(1533)] MSPL::OnSpeedLimitChange({this=00005554001B6D40}, {new_limit=84})
[4864:26984:0721/050044.702:VERBOSE1:media_stream_manager.cc(1533)] MSPL::OnSpeedLimitChange({this=00005554001B6D40}, {new_limit=83})
[4864:26984:0721/050046.697:VERBOSE1:media_stream_manager.cc(1533)] MSPL::OnSpeedLimitChange({this=00005554001B6D40}, {new_limit=81})
[4864:26984:0721/050047.679:VERBOSE1:media_stream_manager.cc(1533)] MSPL::OnSpeedLimitChange({this=00005554001B6D40}, {new_limit=100})
[4864:26984:0721/050101.704:VERBOSE1:media_stream_manager.cc(1533)] MSPL::OnSpeedLimitChange({this=00005554001B6D40}, {new_limit=81})
[4864:26984:0721/050102.705:VERBOSE1:media_stream_manager.cc(1533)] MSPL::OnSpeedLimitChange({this=00005554001B6D40}, {new_limit=80})
[4864:26984:0721/050103.703:VERBOSE1:media_stream_manager.cc(1533)] MSPL::OnSpeedLimitChange({this=00005554001B6D40}, {new_limit=79})
[4864:26984:0721/050104.684:VERBOSE1:media_stream_manager.cc(1533)] MSPL::OnSpeedLimitChange({this=00005554001B6D40}, {new_limit=77})
[4864:26984:0721/050105.687:VERBOSE1:media_stream_manager.cc(1533)] MSPL::OnSpeedLimitChange({this=00005554001B6D40}, {new_limit=100})
[4864:26984:0721/050116.692:VERBOSE1:media_stream_manager.cc(1533)] MSPL::OnSpeedLimitChange({this=00005554001B6D40}, {new_limit=80})
[4864:26984:0721/050117.727:VERBOSE1:media_stream_manager.cc(1533)] MSPL::OnSpeedLimitChange({this=00005554001B6D40}, {new_limit=78})
[4864:26984:0721/050119.697:VERBOSE1:media_stream_manager.cc(1533)] MSPL::OnSpeedLimitChange({this=00005554001B6D40}, {new_limit=77})
[4864:26984:0721/050120.706:VERBOSE1:media_stream_manager.cc(1533)] MSPL::OnSpeedLimitChange({this=00005554001B6D40}, {new_limit=76})
[4864:26984:0721/050122.704:VERBOSE1:media_stream_manager.cc(1533)] MSPL::OnSpeedLimitChange({this=00005554001B6D40}, {new_limit=100})
[4864:26984:0721/050138.736:VERBOSE1:media_stream_manager.cc(1533)] MSPL::OnSpeedLimitChange({this=00005554001B6D40}, {new_limit=80})
[4864:26984:0721/050139.715:VERBOSE1:media_stream_manager.cc(1533)] MSPL::OnSpeedLimitChange({this=00005554001B6D40}, {new_limit=79})
[4864:26984:0721/050140.726:VERBOSE1:media_stream_manager.cc(1533)] MSPL::OnSpeedLimitChange({this=00005554001B6D40}, {new_limit=78})
[4864:26984:0721/050141.725:VERBOSE1:media_stream_manager.cc(1533)] MSPL::OnSpeedLimitChange({this=00005554001B6D40}, {new_limit=79})
[4864:26984:0721/050142.736:VERBOSE1:media_stream_manager.cc(1533)] MSPL::OnSpeedLimitChange({this=00005554001B6D40}, {new_limit=80})
[4864:26984:0721/050143.714:VERBOSE1:media_stream_manager.cc(1533)] MSPL::OnSpeedLimitChange({this=00005554001B6D40}, {new_limit=100})
[4864:26984:0721/050153.757:VERBOSE1:media_stream_manager.cc(1533)] MSPL::OnSpeedLimitChange({this=00005554001B6D40}, {new_limit=80})
[4864:26984:0721/050154.732:VERBOSE1:media_stream_manager.cc(1533)] MSPL::OnSpeedLimitChange({this=00005554001B6D40}, {new_limit=78})
[4864:26984:0721/050155.743:VERBOSE1:media_stream_manager.cc(1533)] MSPL::OnSpeedLimitChange({this=00005554001B6D40}, {new_limit=77})
[4864:26984:0721/050156.750:VERBOSE1:media_stream_manager.cc(1533)] MSPL::OnSpeedLimitChange({this=00005554001B6D40}, {new_limit=78})
[4864:26984:0721/050158.749:VERBOSE1:media_stream_manager.cc(1533)] MSPL::OnSpeedLimitChange({this=00005554001B6D40}, {new_limit=76})
[4864:26984:0721/050200.737:VERBOSE1:media_stream_manager.cc(1533)] MSPL::OnSpeedLimitChange({this=00005554001B6D40}, {new_limit=77})
[4864:26984:0721/050202.752:VERBOSE1:media_stream_manager.cc(1533)] MSPL::OnSpeedLimitChange({this=00005554001B6D40}, {new_limit=100})
[4864:26984:0721/050213.756:VERBOSE1:media_stream_manager.cc(1533)] MSPL::OnSpeedLimitChange({this=00005554001B6D40}, {new_limit=82})
[4864:26984:0721/050214.791:VERBOSE1:media_stream_manager.cc(1533)] MSPL::OnSpeedLimitChange({this=00005554001B6D40}, {new_limit=81})
[4864:26984:0721/050215.771:VERBOSE1:media_stream_manager.cc(1533)] MSPL::OnSpeedLimitChange({this=00005554001B6D40}, {new_limit=79})
[4864:26984:0721/050216.786:VERBOSE1:media_stream_manager.cc(1533)] MSPL::OnSpeedLimitChange({this=00005554001B6D40}, {new_limit=77})
[4864:26984:0721/050217.786:VERBOSE1:media_stream_manager.cc(1533)] MSPL::OnSpeedLimitChange({this=00005554001B6D40}, {new_limit=100})
[4864:26984:0721/050231.778:VERBOSE1:media_stream_manager.cc(1533)] MSPL::OnSpeedLimitChange({this=00005554001B6D40}, {new_limit=84})
[4864:26984:0721/050233.800:VERBOSE1:media_stream_manager.cc(1533)] MSPL::OnSpeedLimitChange({this=00005554001B6D40}, {new_limit=83})
[4864:26984:0721/050234.781:VERBOSE1:media_stream_manager.cc(1533)] MSPL::OnSpeedLimitChange({this=00005554001B6D40}, {new_limit=82})
[4864:26984:0721/050237.809:VERBOSE1:media_stream_manager.cc(1533)] MSPL::OnSpeedLimitChange({this=00005554001B6D40}, {new_limit=81})
[4864:26984:0721/050238.808:VERBOSE1:media_stream_manager.cc(1533)] MSPL::OnSpeedLimitChange({this=00005554001B6D40}, {new_limit=80})
[4864:26984:0721/050240.798:VERBOSE1:media_stream_manager.cc(1533)] MSPL::OnSpeedLimitChange({this=00005554001B6D40}, {new_limit=81})
[4864:26984:0721/050243.782:VERBOSE1:media_stream_manager.cc(1533)] MSPL::OnSpeedLimitChange({this=00005554001B6D40}, {new_limit=80})
[4864:26984:0721/050244.804:VERBOSE1:media_stream_manager.cc(1533)] MSPL::OnSpeedLimitChange({this=00005554001B6D40}, {new_limit=79})
[4864:26984:0721/050245.781:VERBOSE1:media_stream_manager.cc(1533)] MSPL::OnSpeedLimitChange({this=00005554001B6D40}, {new_limit=77})
[4864:26984:0721/050246.817:VERBOSE1:media_stream_manager.cc(1533)] MSPL::OnSpeedLimitChange({this=00005554001B6D40}, {new_limit=75})
[4864:26984:0721/050248.792:VERBOSE1:media_stream_manager.cc(1533)] MSPL::OnSpeedLimitChange({this=00005554001B6D40}, {new_limit=74})
[4864:26984:0721/050250.828:VERBOSE1:media_stream_manager.cc(1533)] MSPL::OnSpeedLimitChange({this=00005554001B6D40}, {new_limit=75})
[4864:26984:0721/050252.821:VERBOSE1:media_stream_manager.cc(1533)] MSPL::OnSpeedLimitChange({this=00005554001B6D40}, {new_limit=73})
[4864:26984:0721/050253.810:VERBOSE1:media_stream_manager.cc(1533)] MSPL::OnSpeedLimitChange({this=00005554001B6D40}, {new_limit=75})
[4864:26984:0721/050254.812:VERBOSE1:media_stream_manager.cc(1533)] MSPL::OnSpeedLimitChange({this=00005554001B6D40}, {new_limit=76})
[4864:26984:0721/050255.798:VERBOSE1:media_stream_manager.cc(1533)] MSPL::OnSpeedLimitChange({this=00005554001B6D40}, {new_limit=77})
[4864:26984:0721/050256.792:VERBOSE1:media_stream_manager.cc(1533)] MSPL::OnSpeedLimitChange({this=00005554001B6D40}, {new_limit=100})
[4864:26984:0721/050308.819:VERBOSE1:media_stream_manager.cc(1533)] MSPL::OnSpeedLimitChange({this=00005554001B6D40}, {new_limit=78})
[4864:26984:0721/050309.808:VERBOSE1:media_stream_manager.cc(1533)] MSPL::OnSpeedLimitChange({this=00005554001B6D40}, {new_limit=79})
[4864:26984:0721/050310.840:VERBOSE1:media_stream_manager.cc(1533)] MSPL::OnSpeedLimitChange({this=00005554001B6D40}, {new_limit=81})
[4864:26984:0721/050311.814:VERBOSE1:media_stream_manager.cc(1533)] MSPL::OnSpeedLimitChange({this=00005554001B6D40}, {new_limit=100})
[4864:26984:0721/050329.836:VERBOSE1:media_stream_manager.cc(1533)] MSPL::OnSpeedLimitChange({this=00005554001B6D40}, {new_limit=79})
[4864:26984:0721/050330.852:VERBOSE1:media_stream_manager.cc(1533)] MSPL::OnSpeedLimitChange({this=00005554001B6D40}, {new_limit=80})
[4864:26984:0721/050331.867:VERBOSE1:media_stream_manager.cc(1533)] MSPL::OnSpeedLimitChange({this=00005554001B6D40}, {new_limit=81})
[4864:26984:0721/050332.838:VERBOSE1:media_stream_manager.cc(1533)] MSPL::OnSpeedLimitChange({this=00005554001B6D40}, {new_limit=82})
[4864:26984:0721/050333.855:VERBOSE1:media_stream_manager.cc(1533)] MSPL::OnSpeedLimitChange({this=00005554001B6D40}, {new_limit=83})
[4864:26984:0721/050334.848:VERBOSE1:media_stream_manager.cc(1533)] MSPL::OnSpeedLimitChange({this=00005554001B6D40}, {new_limit=100})
[4864:26984:0721/050344.864:VERBOSE1:media_stream_manager.cc(1533)] MSPL::OnSpeedLimitChange({this=00005554001B6D40}, {new_limit=75})
[4864:26984:0721/050345.849:VERBOSE1:media_stream_manager.cc(1533)] MSPL::OnSpeedLimitChange({this=00005554001B6D40}, {new_limit=76})
[4864:26984:0721/050346.872:VERBOSE1:media_stream_manager.cc(1533)] MSPL::OnSpeedLimitChange({this=00005554001B6D40}, {new_limit=78})
[4864:26984:0721/050347.846:VERBOSE1:media_stream_manager.cc(1533)] MSPL::OnSpeedLimitChange({this=00005554001B6D40}, {new_limit=79})
[4864:26984:0721/050349.873:VERBOSE1:media_stream_manager.cc(1533)] MSPL::OnSpeedLimitChange({this=00005554001B6D40}, {new_limit=81})
[4864:26984:0721/050351.885:VERBOSE1:media_stream_manager.cc(1533)] MSPL::OnSpeedLimitChange({this=00005554001B6D40}, {new_limit=82})
[4864:26984:0721/050352.866:VERBOSE1:media_stream_manager.cc(1533)] MSPL::OnSpeedLimitChange({this=00005554001B6D40}, {new_limit=100})
[4864:26984:0721/050402.870:VERBOSE1:media_stream_manager.cc(1533)] MSPL::OnSpeedLimitChange({this=00005554001B6D40}, {new_limit=79})
[4864:26984:0721/050407.872:VERBOSE1:media_stream_manager.cc(1533)] MSPL::OnSpeedLimitChange({this=00005554001B6D40}, {new_limit=100})
[4864:26984:0721/050419.908:VERBOSE1:media_stream_manager.cc(1533)] MSPL::OnSpeedLimitChange({this=00005554001B6D40}, {new_limit=81})
[4864:26984:0721/050422.879:VERBOSE1:media_stream_manager.cc(1533)] MSPL::OnSpeedLimitChange({this=00005554001B6D40}, {new_limit=82})
[4864:26984:0721/050423.891:VERBOSE1:media_stream_manager.cc(1533)] MSPL::OnSpeedLimitChange({this=00005554001B6D40}, {new_limit=100})
[4864:26984:0721/050433.925:VERBOSE1:media_stream_manager.cc(1533)] MSPL::OnSpeedLimitChange({this=00005554001B6D40}, {new_limit=82})
[4864:26984:0721/050434.887:VERBOSE1:media_stream_manager.cc(1533)] MSPL::OnSpeedLimitChange({this=00005554001B6D40}, {new_limit=81})
[4864:26984:0721/050435.897:VERBOSE1:media_stream_manager.cc(1533)] MSPL::OnSpeedLimitChange({this=00005554001B6D40}, {new_limit=80})
[4864:26984:0721/050436.905:VERBOSE1:media_stream_manager.cc(1533)] MSPL::OnSpeedLimitChange({this=00005554001B6D40}, {new_limit=78})
[4864:26984:0721/050437.929:VERBOSE1:media_stream_manager.cc(1533)] MSPL::OnSpeedLimitChange({this=00005554001B6D40}, {new_limit=75})
[4864:26984:0721/050439.925:VERBOSE1:media_stream_manager.cc(1533)] MSPL::OnSpeedLimitChange({this=00005554001B6D40}, {new_limit=76})
[4864:26984:0721/050440.910:VERBOSE1:media_stream_manager.cc(1533)] MSPL::OnSpeedLimitChange({this=00005554001B6D40}, {new_limit=100})
[4864:26984:0721/050455.928:VERBOSE1:media_stream_manager.cc(1533)] MSPL::OnSpeedLimitChange({this=00005554001B6D40}, {new_limit=83})
[4864:26984:0721/050458.952:VERBOSE1:media_stream_manager.cc(1533)] MSPL::OnSpeedLimitChange({this=00005554001B6D40}, {new_limit=100})
[4864:26984:0721/050514.943:VERBOSE1:media_stream_manager.cc(1533)] MSPL::OnSpeedLimitChange({this=00005554001B6D40}, {new_limit=80})
[4864:26984:0721/050515.962:VERBOSE1:media_stream_manager.cc(1533)] MSPL::OnSpeedLimitChange({this=00005554001B6D40}, {new_limit=78})
[4864:26984:0721/050516.963:VERBOSE1:media_stream_manager.cc(1533)] MSPL::OnSpeedLimitChange({this=00005554001B6D40}, {new_limit=77})
[4864:26984:0721/050517.974:VERBOSE1:media_stream_manager.cc(1533)] MSPL::OnSpeedLimitChange({this=00005554001B6D40}, {new_limit=75})
[4864:26984:0721/050518.964:VERBOSE1:media_stream_manager.cc(1533)] MSPL::OnSpeedLimitChange({this=00005554001B6D40}, {new_limit=76})
[4864:26984:0721/050519.964:VERBOSE1:media_stream_manager.cc(1533)] MSPL::OnSpeedLimitChange({this=00005554001B6D40}, {new_limit=75})
[4864:26984:0721/050520.943:VERBOSE1:media_stream_manager.cc(1533)] MSPL::OnSpeedLimitChange({this=00005554001B6D40}, {new_limit=74})
[4864:26984:0721/050521.961:VERBOSE1:media_stream_manager.cc(1533)] MSPL::OnSpeedLimitChange({this=00005554001B6D40}, {new_limit=100})
[4864:26984:0721/050539.982:VERBOSE1:media_stream_manager.cc(1533)] MSPL::OnSpeedLimitChange({this=00005554001B6D40}, {new_limit=76})
[4864:26984:0721/050540.959:VERBOSE1:media_stream_manager.cc(1533)] MSPL::OnSpeedLimitChange({this=00005554001B6D40}, {new_limit=77})
[4864:26984:0721/050541.984:VERBOSE1:media_stream_manager.cc(1533)] MSPL::OnSpeedLimitChange({this=00005554001B6D40}, {new_limit=78})
[4864:26984:0721/050543.961:VERBOSE1:media_stream_manager.cc(1533)] MSPL::OnSpeedLimitChange({this=00005554001B6D40}, {new_limit=79})
[4864:26984:0721/050545.994:VERBOSE1:media_stream_manager.cc(1533)] MSPL::OnSpeedLimitChange({this=00005554001B6D40}, {new_limit=80})
[4864:26984:0721/050546.980:VERBOSE1:media_stream_manager.cc(1533)] MSPL::OnSpeedLimitChange({this=00005554001B6D40}, {new_limit=82})
[4864:26984:0721/050550.981:VERBOSE1:media_stream_manager.cc(1533)] MSPL::OnSpeedLimitChange({this=00005554001B6D40}, {new_limit=81})
[4864:26984:0721/050552.001:VERBOSE1:media_stream_manager.cc(1533)] MSPL::OnSpeedLimitChange({this=00005554001B6D40}, {new_limit=80})
[4864:26984:0721/050553.974:VERBOSE1:media_stream_manager.cc(1533)] MSPL::OnSpeedLimitChange({this=00005554001B6D40}, {new_limit=79})
[4864:26984:0721/050554.986:VERBOSE1:media_stream_manager.cc(1533)] MSPL::OnSpeedLimitChange({this=00005554001B6D40}, {new_limit=77})
[4864:26984:0721/050555.964:VERBOSE1:media_stream_manager.cc(1533)] MSPL::OnSpeedLimitChange({this=00005554001B6D40}, {new_limit=75})
[4864:26984:0721/050556.985:VERBOSE1:media_stream_manager.cc(1533)] MSPL::OnSpeedLimitChange({this=00005554001B6D40}, {new_limit=76})
[4864:26984:0721/050558.989:VERBOSE1:media_stream_manager.cc(1533)] MSPL::OnSpeedLimitChange({this=00005554001B6D40}, {new_limit=100})
[4864:26984:0721/050619.000:VERBOSE1:media_stream_manager.cc(1533)] MSPL::OnSpeedLimitChange({this=00005554001B6D40}, {new_limit=81})
[4864:26984:0721/050620.992:VERBOSE1:media_stream_manager.cc(1533)] MSPL::OnSpeedLimitChange({this=00005554001B6D40}, {new_limit=100})
[4864:26984:0721/050631.016:VERBOSE1:media_stream_manager.cc(1533)] MSPL::OnSpeedLimitChange({this=00005554001B6D40}, {new_limit=79})
[4864:26984:0721/050632.029:VERBOSE1:media_stream_manager.cc(1533)] MSPL::OnSpeedLimitChange({this=00005554001B6D40}, {new_limit=78})
[4864:26984:0721/050634.010:VERBOSE1:media_stream_manager.cc(1533)] MSPL::OnSpeedLimitChange({this=00005554001B6D40}, {new_limit=79})
[4864:26984:0721/050635.022:VERBOSE1:media_stream_manager.cc(1533)] MSPL::OnSpeedLimitChange({this=00005554001B6D40}, {new_limit=100})
[4864:26984:0721/050655.033:VERBOSE1:media_stream_manager.cc(1533)] MSPL::OnSpeedLimitChange({this=00005554001B6D40}, {new_limit=81})
[4864:26984:0721/050656.018:VERBOSE1:media_stream_manager.cc(1533)] MSPL::OnSpeedLimitChange({this=00005554001B6D40}, {new_limit=82})
[4864:26984:0721/050657.052:VERBOSE1:media_stream_manager.cc(1533)] MSPL::OnSpeedLimitChange({this=00005554001B6D40}, {new_limit=81})
[4864:26984:0721/050658.026:VERBOSE1:media_stream_manager.cc(1533)] MSPL::OnSpeedLimitChange({this=00005554001B6D40}, {new_limit=82})
[4864:26984:0721/050702.055:VERBOSE1:media_stream_manager.cc(1533)] MSPL::OnSpeedLimitChange({this=00005554001B6D40}, {new_limit=79})
[4864:26984:0721/050703.044:VERBOSE1:media_stream_manager.cc(1533)] MSPL::OnSpeedLimitChange({this=00005554001B6D40}, {new_limit=77})
[4864:26984:0721/050705.047:VERBOSE1:media_stream_manager.cc(1533)] MSPL::OnSpeedLimitChange({this=00005554001B6D40}, {new_limit=78})
[4864:26984:0721/050707.058:VERBOSE1:media_stream_manager.cc(1533)] MSPL::OnSpeedLimitChange({this=00005554001B6D40}, {new_limit=79})
[4864:26984:0721/050708.069:VERBOSE1:media_stream_manager.cc(1533)] MSPL::OnSpeedLimitChange({this=00005554001B6D40}, {new_limit=77})
[4864:26984:0721/050709.055:VERBOSE1:media_stream_manager.cc(1533)] MSPL::OnSpeedLimitChange({this=00005554001B6D40}, {new_limit=75})
[4864:26984:0721/050711.040:VERBOSE1:media_stream_manager.cc(1533)] MSPL::OnSpeedLimitChange({this=00005554001B6D40}, {new_limit=76})
[4864:26984:0721/050712.070:VERBOSE1:media_stream_manager.cc(1533)] MSPL::OnSpeedLimitChange({this=00005554001B6D40}, {new_limit=78})
[4864:26984:0721/050713.044:VERBOSE1:media_stream_manager.cc(1533)] MSPL::OnSpeedLimitChange({this=00005554001B6D40}, {new_limit=80})
[4864:26984:0721/050715.044:VERBOSE1:media_stream_manager.cc(1533)] MSPL::OnSpeedLimitChange({this=00005554001B6D40}, {new_limit=79})
[4864:26984:0721/050718.046:VERBOSE1:media_stream_manager.cc(1533)] MSPL::OnSpeedLimitChange({this=00005554001B6D40}, {new_limit=82})
[4864:26984:0721/050719.077:VERBOSE1:media_stream_manager.cc(1533)] MSPL::OnSpeedLimitChange({this=00005554001B6D40}, {new_limit=83})
[4864:26984:0721/050720.077:VERBOSE1:media_stream_manager.cc(1533)] MSPL::OnSpeedLimitChange({this=00005554001B6D40}, {new_limit=84})
[4864:26984:0721/050721.081:VERBOSE1:media_stream_manager.cc(1533)] MSPL::OnSpeedLimitChange({this=00005554001B6D40}, {new_limit=85})
[4864:26984:0721/050722.044:VERBOSE1:media_stream_manager.cc(1533)] MSPL::OnSpeedLimitChange({this=00005554001B6D40}, {new_limit=84})
[4864:26984:0721/050724.055:VERBOSE1:media_stream_manager.cc(1533)] MSPL::OnSpeedLimitChange({this=00005554001B6D40}, {new_limit=83})
[4864:26984:0721/050727.081:VERBOSE1:media_stream_manager.cc(1533)] MSPL::OnSpeedLimitChange({this=00005554001B6D40}, {new_limit=80})
[4864:26984:0721/050728.059:VERBOSE1:media_stream_manager.cc(1533)] MSPL::OnSpeedLimitChange({this=00005554001B6D40}, {new_limit=78})
[4864:26984:0721/050729.077:VERBOSE1:media_stream_manager.cc(1533)] MSPL::OnSpeedLimitChange({this=00005554001B6D40}, {new_limit=79})
[4864:26984:0721/050731.066:VERBOSE1:media_stream_manager.cc(1533)] MSPL::OnSpeedLimitChange({this=00005554001B6D40}, {new_limit=78})
[4864:26984:0721/050732.053:VERBOSE1:media_stream_manager.cc(1533)] MSPL::OnSpeedLimitChange({this=00005554001B6D40}, {new_limit=80})
[4864:26984:0721/050733.067:VERBOSE1:media_stream_manager.cc(1533)] MSPL::OnSpeedLimitChange({this=00005554001B6D40}, {new_limit=79})
[4864:26984:0721/050734.071:VERBOSE1:media_stream_manager.cc(1533)] MSPL::OnSpeedLimitChange({this=00005554001B6D40}, {new_limit=80})
[4864:26984:0721/050736.082:VERBOSE1:media_stream_manager.cc(1533)] MSPL::OnSpeedLimitChange({this=00005554001B6D40}, {new_limit=79})
[4864:26984:0721/050737.093:VERBOSE1:media_stream_manager.cc(1533)] MSPL::OnSpeedLimitChange({this=00005554001B6D40}, {new_limit=81})
[4864:26984:0721/050738.074:VERBOSE1:media_stream_manager.cc(1533)] MSPL::OnSpeedLimitChange({this=00005554001B6D40}, {new_limit=82})
[4864:26984:0721/050739.074:VERBOSE1:media_stream_manager.cc(1533)] MSPL::OnSpeedLimitChange({this=00005554001B6D40}, {new_limit=100})
[4864:9656:0721/053005.648:VERBOSE1:device_event_log_impl.cc(198)] [05:30:05.648] Display: EVENT: screen_win.cc:893 Displays updated, count: 1
[4864:9656:0721/053005.648:VERBOSE1:device_event_log_impl.cc(198)] [05:30:05.648] Display: EVENT: screen_win.cc:895 Display[797136454] bounds=[0,0 1280x800], workarea=[0,0 1280x752], scale=1.5, rotation=0, panel_rotation=0 external detected
[4864:26984:0721/053015.027:VERBOSE1:media_stream_manager.cc(1533)] MSPL::OnSpeedLimitChange({this=00005554001B6D40}, {new_limit=75})
[4864:26984:0721/053016.067:VERBOSE1:media_stream_manager.cc(1533)] MSPL::OnSpeedLimitChange({this=00005554001B6D40}, {new_limit=76})
[4864:26984:0721/053017.049:VERBOSE1:media_stream_manager.cc(1533)] MSPL::OnSpeedLimitChange({this=00005554001B6D40}, {new_limit=77})
[4864:26984:0721/053018.047:VERBOSE1:media_stream_manager.cc(1533)] MSPL::OnSpeedLimitChange({this=00005554001B6D40}, {new_limit=100})
[4864:26984:0721/053028.055:VERBOSE1:media_stream_manager.cc(1533)] MSPL::OnSpeedLimitChange({this=00005554001B6D40}, {new_limit=79})
[4864:26984:0721/053030.053:VERBOSE1:media_stream_manager.cc(1533)] MSPL::OnSpeedLimitChange({this=00005554001B6D40}, {new_limit=81})
[4864:26984:0721/053033.081:VERBOSE1:media_stream_manager.cc(1533)] MSPL::OnSpeedLimitChange({this=00005554001B6D40}, {new_limit=80})
[4864:26984:0721/053034.069:VERBOSE1:media_stream_manager.cc(1533)] MSPL::OnSpeedLimitChange({this=00005554001B6D40}, {new_limit=100})
[4864:26984:0721/053044.061:VERBOSE1:media_stream_manager.cc(1533)] MSPL::OnSpeedLimitChange({this=00005554001B6D40}, {new_limit=76})
[4864:26984:0721/053045.094:VERBOSE1:media_stream_manager.cc(1533)] MSPL::OnSpeedLimitChange({this=00005554001B6D40}, {new_limit=73})
[4864:26984:0721/053046.068:VERBOSE1:media_stream_manager.cc(1533)] MSPL::OnSpeedLimitChange({this=00005554001B6D40}, {new_limit=75})
[4864:26984:0721/053048.080:VERBOSE1:media_stream_manager.cc(1533)] MSPL::OnSpeedLimitChange({this=00005554001B6D40}, {new_limit=100})
[4864:26984:0721/053112.083:VERBOSE1:media_stream_manager.cc(1533)] MSPL::OnSpeedLimitChange({this=00005554001B6D40}, {new_limit=84})
[4864:26984:0721/053113.090:VERBOSE1:media_stream_manager.cc(1533)] MSPL::OnSpeedLimitChange({this=00005554001B6D40}, {new_limit=100})
[4864:26984:0721/053130.133:VERBOSE1:media_stream_manager.cc(1533)] MSPL::OnSpeedLimitChange({this=00005554001B6D40}, {new_limit=81})
[4864:26984:0721/053132.106:VERBOSE1:media_stream_manager.cc(1533)] MSPL::OnSpeedLimitChange({this=00005554001B6D40}, {new_limit=80})
[4864:26984:0721/053133.105:VERBOSE1:media_stream_manager.cc(1533)] MSPL::OnSpeedLimitChange({this=00005554001B6D40}, {new_limit=100})
[4864:26984:0721/053204.126:VERBOSE1:media_stream_manager.cc(1533)] MSPL::OnSpeedLimitChange({this=00005554001B6D40}, {new_limit=78})
[4864:26984:0721/053206.181:VERBOSE1:media_stream_manager.cc(1533)] MSPL::OnSpeedLimitChange({this=00005554001B6D40}, {new_limit=79})
[4864:26984:0721/053208.139:VERBOSE1:media_stream_manager.cc(1533)] MSPL::OnSpeedLimitChange({this=00005554001B6D40}, {new_limit=80})
[4864:26984:0721/053209.155:VERBOSE1:media_stream_manager.cc(1533)] MSPL::OnSpeedLimitChange({this=00005554001B6D40}, {new_limit=82})
[4864:26984:0721/053211.148:VERBOSE1:media_stream_manager.cc(1533)] MSPL::OnSpeedLimitChange({this=00005554001B6D40}, {new_limit=83})
[4864:26984:0721/053213.174:VERBOSE1:media_stream_manager.cc(1533)] MSPL::OnSpeedLimitChange({this=00005554001B6D40}, {new_limit=82})
[4864:26984:0721/053215.164:VERBOSE1:media_stream_manager.cc(1533)] MSPL::OnSpeedLimitChange({this=00005554001B6D40}, {new_limit=81})
[4864:26984:0721/053216.165:VERBOSE1:media_stream_manager.cc(1533)] MSPL::OnSpeedLimitChange({this=00005554001B6D40}, {new_limit=79})
[4864:26984:0721/053218.151:VERBOSE1:media_stream_manager.cc(1533)] MSPL::OnSpeedLimitChange({this=00005554001B6D40}, {new_limit=100})
[4864:26984:0721/053230.159:VERBOSE1:media_stream_manager.cc(1533)] MSPL::OnSpeedLimitChange({this=00005554001B6D40}, {new_limit=79})
[4864:26984:0721/053231.172:VERBOSE1:media_stream_manager.cc(1533)] MSPL::OnSpeedLimitChange({this=00005554001B6D40}, {new_limit=77})
[4864:26984:0721/053232.156:VERBOSE1:media_stream_manager.cc(1533)] MSPL::OnSpeedLimitChange({this=00005554001B6D40}, {new_limit=75})
[4864:26984:0721/053234.168:VERBOSE1:media_stream_manager.cc(1533)] MSPL::OnSpeedLimitChange({this=00005554001B6D40}, {new_limit=76})
[4864:26984:0721/053236.167:VERBOSE1:media_stream_manager.cc(1533)] MSPL::OnSpeedLimitChange({this=00005554001B6D40}, {new_limit=100})
[4864:26984:0721/053250.189:VERBOSE1:media_stream_manager.cc(1533)] MSPL::OnSpeedLimitChange({this=00005554001B6D40}, {new_limit=81})
[4864:26984:0721/053251.182:VERBOSE1:media_stream_manager.cc(1533)] MSPL::OnSpeedLimitChange({this=00005554001B6D40}, {new_limit=82})
[4864:26984:0721/053252.205:VERBOSE1:media_stream_manager.cc(1533)] MSPL::OnSpeedLimitChange({this=00005554001B6D40}, {new_limit=83})
[4864:26984:0721/053253.199:VERBOSE1:media_stream_manager.cc(1533)] MSPL::OnSpeedLimitChange({this=00005554001B6D40}, {new_limit=100})
[4864:26984:0721/053303.198:VERBOSE1:media_stream_manager.cc(1533)] MSPL::OnSpeedLimitChange({this=00005554001B6D40}, {new_limit=83})
[4864:26984:0721/053304.191:VERBOSE1:media_stream_manager.cc(1533)] MSPL::OnSpeedLimitChange({this=00005554001B6D40}, {new_limit=82})
[4864:26984:0721/053305.202:VERBOSE1:media_stream_manager.cc(1533)] MSPL::OnSpeedLimitChange({this=00005554001B6D40}, {new_limit=100})
[4864:26984:0721/053341.251:VERBOSE1:media_stream_manager.cc(1533)] MSPL::OnSpeedLimitChange({this=00005554001B6D40}, {new_limit=83})
[4864:26984:0721/053342.262:VERBOSE1:media_stream_manager.cc(1533)] MSPL::OnSpeedLimitChange({this=00005554001B6D40}, {new_limit=100})
[4864:26984:0721/053359.279:VERBOSE1:media_stream_manager.cc(1533)] MSPL::OnSpeedLimitChange({this=00005554001B6D40}, {new_limit=80})
[4864:26984:0721/053400.272:VERBOSE1:media_stream_manager.cc(1533)] MSPL::OnSpeedLimitChange({this=00005554001B6D40}, {new_limit=81})
[4864:26984:0721/053401.275:VERBOSE1:media_stream_manager.cc(1533)] MSPL::OnSpeedLimitChange({this=00005554001B6D40}, {new_limit=100})
[4864:26984:0721/053414.293:VERBOSE1:media_stream_manager.cc(1533)] MSPL::OnSpeedLimitChange({this=00005554001B6D40}, {new_limit=80})
[4864:26984:0721/053415.308:VERBOSE1:media_stream_manager.cc(1533)] MSPL::OnSpeedLimitChange({this=00005554001B6D40}, {new_limit=79})
[4864:26984:0721/053418.274:VERBOSE1:media_stream_manager.cc(1533)] MSPL::OnSpeedLimitChange({this=00005554001B6D40}, {new_limit=100})
[4864:26984:0721/053428.318:VERBOSE1:media_stream_manager.cc(1533)] MSPL::OnSpeedLimitChange({this=00005554001B6D40}, {new_limit=75})
[4864:26984:0721/053429.318:VERBOSE1:media_stream_manager.cc(1533)] MSPL::OnSpeedLimitChange({this=00005554001B6D40}, {new_limit=73})
[4864:26984:0721/053430.318:VERBOSE1:media_stream_manager.cc(1533)] MSPL::OnSpeedLimitChange({this=00005554001B6D40}, {new_limit=75})
[4864:26984:0721/053431.308:VERBOSE1:media_stream_manager.cc(1533)] MSPL::OnSpeedLimitChange({this=00005554001B6D40}, {new_limit=69})
[4864:26984:0721/053432.296:VERBOSE1:media_stream_manager.cc(1533)] MSPL::OnSpeedLimitChange({this=00005554001B6D40}, {new_limit=100})
[4864:26984:0721/053442.296:VERBOSE1:media_stream_manager.cc(1533)] MSPL::OnSpeedLimitChange({this=00005554001B6D40}, {new_limit=82})
[4864:26984:0721/053443.306:VERBOSE1:media_stream_manager.cc(1533)] MSPL::OnSpeedLimitChange({this=00005554001B6D40}, {new_limit=83})
[4864:26984:0721/053446.290:VERBOSE1:media_stream_manager.cc(1533)] MSPL::OnSpeedLimitChange({this=00005554001B6D40}, {new_limit=85})
[4864:26984:0721/053447.329:VERBOSE1:media_stream_manager.cc(1533)] MSPL::OnSpeedLimitChange({this=00005554001B6D40}, {new_limit=84})
[4864:26984:0721/053452.300:VERBOSE1:media_stream_manager.cc(1533)] MSPL::OnSpeedLimitChange({this=00005554001B6D40}, {new_limit=82})
[4864:26984:0721/053454.312:VERBOSE1:media_stream_manager.cc(1533)] MSPL::OnSpeedLimitChange({this=00005554001B6D40}, {new_limit=81})
[4864:26984:0721/053456.332:VERBOSE1:media_stream_manager.cc(1533)] MSPL::OnSpeedLimitChange({this=00005554001B6D40}, {new_limit=80})
[4864:26984:0721/053457.320:VERBOSE1:media_stream_manager.cc(1533)] MSPL::OnSpeedLimitChange({this=00005554001B6D40}, {new_limit=79})
[4864:26984:0721/053458.307:VERBOSE1:media_stream_manager.cc(1533)] MSPL::OnSpeedLimitChange({this=00005554001B6D40}, {new_limit=100})
[4864:26984:0721/053508.310:VERBOSE1:media_stream_manager.cc(1533)] MSPL::OnSpeedLimitChange({this=00005554001B6D40}, {new_limit=78})
[4864:26984:0721/053509.341:VERBOSE1:media_stream_manager.cc(1533)] MSPL::OnSpeedLimitChange({this=00005554001B6D40}, {new_limit=79})
[4864:26984:0721/053510.331:VERBOSE1:media_stream_manager.cc(1533)] MSPL::OnSpeedLimitChange({this=00005554001B6D40}, {new_limit=78})
[4864:26984:0721/053511.335:VERBOSE1:media_stream_manager.cc(1533)] MSPL::OnSpeedLimitChange({this=00005554001B6D40}, {new_limit=77})
[4864:26984:0721/053512.336:VERBOSE1:media_stream_manager.cc(1533)] MSPL::OnSpeedLimitChange({this=00005554001B6D40}, {new_limit=78})
[4864:26984:0721/053513.333:VERBOSE1:media_stream_manager.cc(1533)] MSPL::OnSpeedLimitChange({this=00005554001B6D40}, {new_limit=100})
[4864:26984:0721/053558.398:VERBOSE1:media_stream_manager.cc(1533)] MSPL::OnSpeedLimitChange({this=00005554001B6D40}, {new_limit=77})
[4864:26984:0721/053559.391:VERBOSE1:media_stream_manager.cc(1533)] MSPL::OnSpeedLimitChange({this=00005554001B6D40}, {new_limit=78})
[4864:26984:0721/053600.396:VERBOSE1:media_stream_manager.cc(1533)] MSPL::OnSpeedLimitChange({this=00005554001B6D40}, {new_limit=100})
[4864:26984:0721/053612.421:VERBOSE1:media_stream_manager.cc(1533)] MSPL::OnSpeedLimitChange({this=00005554001B6D40}, {new_limit=82})
[4864:26984:0721/053613.414:VERBOSE1:media_stream_manager.cc(1533)] MSPL::OnSpeedLimitChange({this=00005554001B6D40}, {new_limit=81})
[4864:26984:0721/053614.419:VERBOSE1:media_stream_manager.cc(1533)] MSPL::OnSpeedLimitChange({this=00005554001B6D40}, {new_limit=82})
[4864:26984:0721/053616.412:VERBOSE1:media_stream_manager.cc(1533)] MSPL::OnSpeedLimitChange({this=00005554001B6D40}, {new_limit=83})
[4864:26984:0721/053617.388:VERBOSE1:media_stream_manager.cc(1533)] MSPL::OnSpeedLimitChange({this=00005554001B6D40}, {new_limit=84})
[4864:26984:0721/053620.430:VERBOSE1:media_stream_manager.cc(1533)] MSPL::OnSpeedLimitChange({this=00005554001B6D40}, {new_limit=83})
[4864:26984:0721/053622.427:VERBOSE1:media_stream_manager.cc(1533)] MSPL::OnSpeedLimitChange({this=00005554001B6D40}, {new_limit=82})
[4864:26984:0721/053625.405:VERBOSE1:media_stream_manager.cc(1533)] MSPL::OnSpeedLimitChange({this=00005554001B6D40}, {new_limit=100})
[4864:26984:0721/053635.430:VERBOSE1:media_stream_manager.cc(1533)] MSPL::OnSpeedLimitChange({this=00005554001B6D40}, {new_limit=80})
[4864:26984:0721/053636.420:VERBOSE1:media_stream_manager.cc(1533)] MSPL::OnSpeedLimitChange({this=00005554001B6D40}, {new_limit=81})
[4864:26984:0721/053637.421:VERBOSE1:media_stream_manager.cc(1533)] MSPL::OnSpeedLimitChange({this=00005554001B6D40}, {new_limit=100})
[4864:26984:0721/053647.437:VERBOSE1:media_stream_manager.cc(1533)] MSPL::OnSpeedLimitChange({this=00005554001B6D40}, {new_limit=78})
[4864:26984:0721/053648.462:VERBOSE1:media_stream_manager.cc(1533)] MSPL::OnSpeedLimitChange({this=00005554001B6D40}, {new_limit=77})
[4864:26984:0721/053650.444:VERBOSE1:media_stream_manager.cc(1533)] MSPL::OnSpeedLimitChange({this=00005554001B6D40}, {new_limit=100})
[4864:26984:0721/053702.466:VERBOSE1:media_stream_manager.cc(1533)] MSPL::OnSpeedLimitChange({this=00005554001B6D40}, {new_limit=79})
[4864:26984:0721/053704.476:VERBOSE1:media_stream_manager.cc(1533)] MSPL::OnSpeedLimitChange({this=00005554001B6D40}, {new_limit=80})
[4864:26984:0721/053705.457:VERBOSE1:media_stream_manager.cc(1533)] MSPL::OnSpeedLimitChange({this=00005554001B6D40}, {new_limit=100})
[4864:26984:0721/053715.462:VERBOSE1:media_stream_manager.cc(1533)] MSPL::OnSpeedLimitChange({this=00005554001B6D40}, {new_limit=81})
[4864:26984:0721/053716.483:VERBOSE1:media_stream_manager.cc(1533)] MSPL::OnSpeedLimitChange({this=00005554001B6D40}, {new_limit=80})
[4864:26984:0721/053717.474:VERBOSE1:media_stream_manager.cc(1533)] MSPL::OnSpeedLimitChange({this=00005554001B6D40}, {new_limit=79})
[4864:26984:0721/053718.455:VERBOSE1:media_stream_manager.cc(1533)] MSPL::OnSpeedLimitChange({this=00005554001B6D40}, {new_limit=80})
[4864:26984:0721/053719.474:VERBOSE1:media_stream_manager.cc(1533)] MSPL::OnSpeedLimitChange({this=00005554001B6D40}, {new_limit=81})
[4864:26984:0721/053720.459:VERBOSE1:media_stream_manager.cc(1533)] MSPL::OnSpeedLimitChange({this=00005554001B6D40}, {new_limit=82})
[4864:26984:0721/053721.493:VERBOSE1:media_stream_manager.cc(1533)] MSPL::OnSpeedLimitChange({this=00005554001B6D40}, {new_limit=83})
[4864:26984:0721/053722.482:VERBOSE1:media_stream_manager.cc(1533)] MSPL::OnSpeedLimitChange({this=00005554001B6D40}, {new_limit=84})
[4864:26984:0721/053723.464:VERBOSE1:media_stream_manager.cc(1533)] MSPL::OnSpeedLimitChange({this=00005554001B6D40}, {new_limit=83})
[4864:26984:0721/053725.491:VERBOSE1:media_stream_manager.cc(1533)] MSPL::OnSpeedLimitChange({this=00005554001B6D40}, {new_limit=82})
[4864:26984:0721/053726.467:VERBOSE1:media_stream_manager.cc(1533)] MSPL::OnSpeedLimitChange({this=00005554001B6D40}, {new_limit=83})
[4864:26984:0721/053727.498:VERBOSE1:media_stream_manager.cc(1533)] MSPL::OnSpeedLimitChange({this=00005554001B6D40}, {new_limit=79})
[4864:26984:0721/053728.488:VERBOSE1:media_stream_manager.cc(1533)] MSPL::OnSpeedLimitChange({this=00005554001B6D40}, {new_limit=78})
[4864:26984:0721/053730.479:VERBOSE1:media_stream_manager.cc(1533)] MSPL::OnSpeedLimitChange({this=00005554001B6D40}, {new_limit=77})
[4864:26984:0721/053732.467:VERBOSE1:media_stream_manager.cc(1533)] MSPL::OnSpeedLimitChange({this=00005554001B6D40}, {new_limit=74})
[4864:26984:0721/053734.491:VERBOSE1:media_stream_manager.cc(1533)] MSPL::OnSpeedLimitChange({this=00005554001B6D40}, {new_limit=75})
[4864:26984:0721/053735.467:VERBOSE1:media_stream_manager.cc(1533)] MSPL::OnSpeedLimitChange({this=00005554001B6D40}, {new_limit=73})
[4864:26984:0721/053736.487:VERBOSE1:media_stream_manager.cc(1533)] MSPL::OnSpeedLimitChange({this=00005554001B6D40}, {new_limit=74})
[4864:26984:0721/053737.472:VERBOSE1:media_stream_manager.cc(1533)] MSPL::OnSpeedLimitChange({this=00005554001B6D40}, {new_limit=78})
[4864:26984:0721/053741.470:VERBOSE1:media_stream_manager.cc(1533)] MSPL::OnSpeedLimitChange({this=00005554001B6D40}, {new_limit=76})
[4864:26984:0721/053742.484:VERBOSE1:media_stream_manager.cc(1533)] MSPL::OnSpeedLimitChange({this=00005554001B6D40}, {new_limit=100})
[4864:26984:0721/053813.543:VERBOSE1:media_stream_manager.cc(1533)] MSPL::OnSpeedLimitChange({this=00005554001B6D40}, {new_limit=82})
[4864:26984:0721/053815.519:VERBOSE1:media_stream_manager.cc(1533)] MSPL::OnSpeedLimitChange({this=00005554001B6D40}, {new_limit=100})
[4864:26984:0721/053828.529:VERBOSE1:media_stream_manager.cc(1533)] MSPL::OnSpeedLimitChange({this=00005554001B6D40}, {new_limit=80})
[4864:26984:0721/053829.523:VERBOSE1:media_stream_manager.cc(1533)] MSPL::OnSpeedLimitChange({this=00005554001B6D40}, {new_limit=100})
[4864:26984:0721/053839.544:VERBOSE1:media_stream_manager.cc(1533)] MSPL::OnSpeedLimitChange({this=00005554001B6D40}, {new_limit=83})
[4864:26984:0721/053840.555:VERBOSE1:media_stream_manager.cc(1533)] MSPL::OnSpeedLimitChange({this=00005554001B6D40}, {new_limit=82})
[4864:26984:0721/053841.529:VERBOSE1:media_stream_manager.cc(1533)] MSPL::OnSpeedLimitChange({this=00005554001B6D40}, {new_limit=81})
[4864:26984:0721/053844.549:VERBOSE1:media_stream_manager.cc(1533)] MSPL::OnSpeedLimitChange({this=00005554001B6D40}, {new_limit=82})
[4864:26984:0721/053846.559:VERBOSE1:media_stream_manager.cc(1533)] MSPL::OnSpeedLimitChange({this=00005554001B6D40}, {new_limit=81})
[4864:26984:0721/053847.571:VERBOSE1:media_stream_manager.cc(1533)] MSPL::OnSpeedLimitChange({this=00005554001B6D40}, {new_limit=80})
[4864:26984:0721/053849.567:VERBOSE1:media_stream_manager.cc(1533)] MSPL::OnSpeedLimitChange({this=00005554001B6D40}, {new_limit=81})
[4864:26984:0721/053850.543:VERBOSE1:media_stream_manager.cc(1533)] MSPL::OnSpeedLimitChange({this=00005554001B6D40}, {new_limit=83})
[4864:26984:0721/053854.553:VERBOSE1:media_stream_manager.cc(1533)] MSPL::OnSpeedLimitChange({this=00005554001B6D40}, {new_limit=82})
[4864:26984:0721/053855.550:VERBOSE1:media_stream_manager.cc(1533)] MSPL::OnSpeedLimitChange({this=00005554001B6D40}, {new_limit=80})
[4864:26984:0721/053857.557:VERBOSE1:media_stream_manager.cc(1533)] MSPL::OnSpeedLimitChange({this=00005554001B6D40}, {new_limit=100})
[4864:26984:0721/053914.592:VERBOSE1:media_stream_manager.cc(1533)] MSPL::OnSpeedLimitChange({this=00005554001B6D40}, {new_limit=78})
[4864:26984:0721/053915.598:VERBOSE1:media_stream_manager.cc(1533)] MSPL::OnSpeedLimitChange({this=00005554001B6D40}, {new_limit=77})
[4864:26984:0721/053917.572:VERBOSE1:media_stream_manager.cc(1533)] MSPL::OnSpeedLimitChange({this=00005554001B6D40}, {new_limit=100})
[4864:26984:0721/053927.595:VERBOSE1:media_stream_manager.cc(1533)] MSPL::OnSpeedLimitChange({this=00005554001B6D40}, {new_limit=82})
[4864:26984:0721/053928.604:VERBOSE1:media_stream_manager.cc(1533)] MSPL::OnSpeedLimitChange({this=00005554001B6D40}, {new_limit=83})
[4864:26984:0721/053934.602:VERBOSE1:media_stream_manager.cc(1533)] MSPL::OnSpeedLimitChange({this=00005554001B6D40}, {new_limit=84})
[4864:26984:0721/053935.612:VERBOSE1:media_stream_manager.cc(1533)] MSPL::OnSpeedLimitChange({this=00005554001B6D40}, {new_limit=83})
[4864:26984:0721/053936.619:VERBOSE1:media_stream_manager.cc(1533)] MSPL::OnSpeedLimitChange({this=00005554001B6D40}, {new_limit=84})
[4864:26984:0721/053939.603:VERBOSE1:media_stream_manager.cc(1533)] MSPL::OnSpeedLimitChange({this=00005554001B6D40}, {new_limit=85})
[4864:26984:0721/053940.609:VERBOSE1:media_stream_manager.cc(1533)] MSPL::OnSpeedLimitChange({this=00005554001B6D40}, {new_limit=83})
[4864:26984:0721/053941.624:VERBOSE1:media_stream_manager.cc(1533)] MSPL::OnSpeedLimitChange({this=00005554001B6D40}, {new_limit=84})
[4864:26984:0721/053942.602:VERBOSE1:media_stream_manager.cc(1533)] MSPL::OnSpeedLimitChange({this=00005554001B6D40}, {new_limit=83})
[4864:26984:0721/053943.593:VERBOSE1:media_stream_manager.cc(1533)] MSPL::OnSpeedLimitChange({this=00005554001B6D40}, {new_limit=81})
[4864:26984:0721/053945.633:VERBOSE1:media_stream_manager.cc(1533)] MSPL::OnSpeedLimitChange({this=00005554001B6D40}, {new_limit=82})
[4864:26984:0721/053946.623:VERBOSE1:media_stream_manager.cc(1533)] MSPL::OnSpeedLimitChange({this=00005554001B6D40}, {new_limit=100})
[4864:26984:0721/054408.812:VERBOSE1:media_stream_manager.cc(1533)] MSPL::OnSpeedLimitChange({this=00005554001B6D40}, {new_limit=81})
[4864:26984:0721/054409.810:VERBOSE1:media_stream_manager.cc(1533)] MSPL::OnSpeedLimitChange({this=00005554001B6D40}, {new_limit=100})
[4864:26984:0721/054629.945:VERBOSE1:media_stream_manager.cc(1533)] MSPL::OnSpeedLimitChange({this=00005554001B6D40}, {new_limit=83})
[4864:26984:0721/054630.946:VERBOSE1:media_stream_manager.cc(1533)] MSPL::OnSpeedLimitChange({this=00005554001B6D40}, {new_limit=100})
[4864:26984:0721/055245.263:VERBOSE1:media_stream_manager.cc(1533)] MSPL::OnSpeedLimitChange({this=00005554001B6D40}, {new_limit=86})
[4864:26984:0721/055246.259:VERBOSE1:media_stream_manager.cc(1533)] MSPL::OnSpeedLimitChange({this=00005554001B6D40}, {new_limit=100})
[4864:9656:0721/055532.543:VERBOSE1:device_event_log_impl.cc(198)] [05:55:32.543] Display: EVENT: screen_win.cc:893 Displays updated, count: 1
[4864:9656:0721/055532.544:VERBOSE1:device_event_log_impl.cc(198)] [05:55:32.543] Display: EVENT: screen_win.cc:895 Display[797136454] bounds=[0,0 1280x800], workarea=[0,0 1280x752], scale=1.5, rotation=0, panel_rotation=0 external detected
[4864:9656:0721/061819.271:VERBOSE1:device_event_log_impl.cc(198)] [06:18:19.270] Display: EVENT: screen_win.cc:893 Displays updated, count: 1
[4864:9656:0721/061819.271:VERBOSE1:device_event_log_impl.cc(198)] [06:18:19.270] Display: EVENT: screen_win.cc:895 Display[797136454] bounds=[0,0 1280x800], workarea=[0,0 1280x752], scale=1.5, rotation=0, panel_rotation=0 external detected
[4864:9656:0721/061829.923:VERBOSE1:device_event_log_impl.cc(198)] [06:18:29.922] Display: EVENT: screen_win.cc:893 Displays updated, count: 1
[4864:9656:0721/061829.923:VERBOSE1:device_event_log_impl.cc(198)] [06:18:29.923] Display: EVENT: screen_win.cc:895 Display[797136454] bounds=[0,0 1280x800], workarea=[0,0 1280x752], scale=1.5, rotation=0, panel_rotation=0 external detected
[4864:9656:0721/062257.710:VERBOSE1:device_event_log_impl.cc(198)] [06:22:57.710] Display: EVENT: screen_win.cc:893 Displays updated, count: 1
[4864:9656:0721/062257.710:VERBOSE1:device_event_log_impl.cc(198)] [06:22:57.711] Display: EVENT: screen_win.cc:895 Display[797136454] bounds=[0,0 1280x800], workarea=[0,0 1280x752], scale=1.5, rotation=0, panel_rotation=0 external detected
[4864:26984:0721/062307.607:VERBOSE1:media_stream_manager.cc(1533)] MSPL::OnSpeedLimitChange({this=00005554001B6D40}, {new_limit=73})
[4864:26984:0721/062309.632:VERBOSE1:media_stream_manager.cc(1533)] MSPL::OnSpeedLimitChange({this=00005554001B6D40}, {new_limit=72})
[4864:26984:0721/062311.650:VERBOSE1:media_stream_manager.cc(1533)] MSPL::OnSpeedLimitChange({this=00005554001B6D40}, {new_limit=74})
[4864:26984:0721/062312.646:VERBOSE1:media_stream_manager.cc(1533)] MSPL::OnSpeedLimitChange({this=00005554001B6D40}, {new_limit=100})
[4864:26984:0721/062322.637:VERBOSE1:media_stream_manager.cc(1533)] MSPL::OnSpeedLimitChange({this=00005554001B6D40}, {new_limit=74})
[4864:26984:0721/062323.648:VERBOSE1:media_stream_manager.cc(1533)] MSPL::OnSpeedLimitChange({this=00005554001B6D40}, {new_limit=72})
[4864:26984:0721/062324.630:VERBOSE1:media_stream_manager.cc(1533)] MSPL::OnSpeedLimitChange({this=00005554001B6D40}, {new_limit=71})
[4864:26984:0721/062325.644:VERBOSE1:media_stream_manager.cc(1533)] MSPL::OnSpeedLimitChange({this=00005554001B6D40}, {new_limit=70})
[4864:26984:0721/062326.637:VERBOSE1:media_stream_manager.cc(1533)] MSPL::OnSpeedLimitChange({this=00005554001B6D40}, {new_limit=68})
[4864:26984:0721/062332.130:VERBOSE1:media_stream_manager.cc(1533)] MSPL::OnSpeedLimitChange({this=00005554001B6D40}, {new_limit=100})
[4864:9656:0721/062332.143:VERBOSE1:frame_host_impl.cc(515)] frame 6-261255FD138391C9D8FAF53C625B80FC (sub) detached (reason=RENDER_FRAME_DELETED, is_connected=1)
[29604:27140:0721/062332.145:VERBOSE1:dispatcher.cc(596)] Num tracked contexts: 1
[29604:27140:0721/062332.145:VERBOSE1:frame_impl.cc(620)] frame 6-261255FD138391C9D8FAF53C625B80FC disconnected (reason=DETACHED, current_state=CONNECTION_ACKED, FRAME_INVALID)
[29604:27140:0721/062332.147:VERBOSE1:script_context.cc(164)] Destroyed context for extension
  extension id: 
  effective extension id: 
[29604:27140:0721/062332.147:VERBOSE1:script_context.cc(164)] Destroyed context for extension
  extension id: 
  effective extension id: 
[29604:27140:0721/062332.148:VERBOSE1:frame_impl.cc(620)] frame 6-69003F39603CB4DB3196A3962A74A346 disconnected (reason=BROWSER_FRAME_DISCONNECT, current_state=CONNECTION_ACKED)
[29604:27140:0721/062332.148:VERBOSE1:frame_impl.cc(633)] frame 6-69003F39603CB4DB3196A3962A74A346 connection retry scheduled
[4864:9656:0721/062332.153:VERBOSE1:frame_host_impl.cc(515)] frame 6-69003F39603CB4DB3196A3962A74A346 (main) detached (reason=NEW_MAIN_FRAME, is_connected=1)
[4864:9656:0721/062332.189:VERBOSE1:account_reconcilor.cc(264)] AccountReconcilor::Shutdown
[4864:9656:0721/062332.189:VERBOSE1:account_reconcilor.cc(718)] AccountReconcilor::AbortReconcile: try again later
[4864:9656:0721/062332.189:VERBOSE1:account_reconcilor.cc(827)] AccountReconcilor::CalculateIfMultiloginReconcileIsDone: Error was 
[4864:9656:0721/062332.189:VERBOSE1:account_reconcilor.cc(313)] AccountReconcilor::UnregisterWithIdentityManager
[4864:9656:0721/062332.189:VERBOSE1:account_reconcilor.cc(286)] AccountReconcilor::UnregisterWithContentSettings
[4864:9656:0721/062332.190:VERBOSE1:gaia_cookie_manager_service.cc(628)] GaiaCookieManagerService::CancelAll
[4864:9656:0721/062332.190:VERBOSE1:mutable_profile_oauth2_token_service_delegate.cc(752)] MutablePO2TS::Shutdown
[4864:9656:0721/062332.190:VERBOSE1:mutable_profile_oauth2_token_service_delegate.cc(235)] MutablePO2TS::~MutablePO2TS
[4864:9656:0721/062332.193:VERBOSE1:device_event_log_impl.cc(198)] [06:23:32.193] Bluetooth: EVENT: bluetooth_api.cc:109 BluetoothAPI: Shutdown
[4864:9656:0721/062332.214:VERBOSE1:account_reconcilor.cc(193)] AccountReconcilor::~AccountReconcilor
[4864:9656:0721/062332.219:VERBOSE1:device_event_log_impl.cc(198)] [06:23:32.219] Bluetooth: EVENT: bluetooth_api.cc:95 ~BluetoothAPI: 000055540033DA00
[4864:9656:0721/062332.344:VERBOSE1:component_updater_service.cc(180)] CrxUpdateService stopping
[4864:9656:0721/062332.345:WARNING:pref_notifier_impl.cc(41)] Pref observer for media_router.cast_allow_all_ips found at shutdown.
[4864:9656:0721/062332.395:VERBOSE1:statistics_recorder.cc(607)] Collections of all histograms
Histogram: API.StorageAccess.AllowedRequests2 recorded 124 samples, mean = 0.1 (flags = 0x41)
0  ------------------------------------------------------------------------O (115 = 92.7%)
1  ------O                                                                   (9 = 7.3%) {92.7%}
2  ... 

Histogram: API.StorageAccess.DocumentInheritedStorageAccess recorded 7 samples, mean = 0.0 (flags = 0x41)
0  -------O                                                                  (7 = 100.0%)
1  ... 

Histogram: API.StorageAccess.DocumentLoadedWithStorageAccess recorded 7 samples, mean = 0.0 (flags = 0x41)
0  -------O                                                                  (7 = 100.0%)
1  ... 

Histogram: Accessibility.CaptionSettingsLoadedFromSystemSettings recorded 1 samples, mean = 1.0 (flags = 0x41)
0  O                                                                         (0 = 0.0%)
1  -O                                                                        (1 = 100.0%) {0.0%}
2  O                                                                         (0 = 0.0%) {100.0%}

Histogram: Accessibility.ImageLabels2 recorded 1 samples, mean = 0.0 (flags = 0x41)
0  -O                                                                        (1 = 100.0%)
1  ... 

Histogram: Accessibility.LiveCaption.FeatureEnabled2 recorded 1 samples, mean = 1.0 (flags = 0x41)
0  O                                                                         (0 = 0.0%)
1  -O                                                                        (1 = 100.0%) {0.0%}
2  O                                                                         (0 = 0.0%) {100.0%}

Histogram: Accessibility.LiveCaption2 recorded 1 samples, mean = 0.0 (flags = 0x41)
0  -O                                                                        (1 = 100.0%)
1  ... 

Histogram: Accessibility.ManuallyEnabled recorded 1 samples, mean = 0.0 (flags = 0x41)
0  -O                                                                        (1 = 100.0%)
1  ... 

Histogram: Accessibility.WinJAWS recorded 1 samples, mean = 0.0 (flags = 0x41)
0  -O                                                                        (1 = 100.0%)
1  ... 

Histogram: Accessibility.WinNVDA recorded 1 samples, mean = 0.0 (flags = 0x41)
0  -O                                                                        (1 = 100.0%)
1  ... 

Histogram: Accessibility.WinSAToGo recorded 1 samples, mean = 0.0 (flags = 0x41)
0  -O                                                                        (1 = 100.0%)
1  ... 

Histogram: Accessibility.WinScreenReader2 recorded 1 samples, mean = 0.0 (flags = 0x41)
0  -O                                                                        (1 = 100.0%)
1  ... 

Histogram: Accessibility.WinStickyKeys recorded 1 samples, mean = 0.0 (flags = 0x41)
0  -O                                                                        (1 = 100.0%)
1  ... 

Histogram: Accessibility.WinSupernova recorded 1 samples, mean = 0.0 (flags = 0x41)
0  -O                                                                        (1 = 100.0%)
1  ... 

Histogram: Accessibility.WinZoomText recorded 1 samples, mean = 0.0 (flags = 0x41)
0  -O                                                                        (1 = 100.0%)
1  ... 

Histogram: AppBanners.InstallableStatusCode recorded 1 samples (flags = 0x41)
8  -O                                                                        (1 = 100.0%)

Histogram: Apps.PreferredApps.EntryCount recorded 1 samples, mean = 0.0 (flags = 0x41)
0  -O                                                                        (1 = 100.0%)
1  ... 

Histogram: Autofill.Address.IsEnabled.PageLoad recorded 1 samples, mean = 1.0 (flags = 0x41)
0  O                                                                         (0 = 0.0%)
1  -O                                                                        (1 = 100.0%) {0.0%}
2  O                                                                         (0 = 0.0%) {100.0%}

Histogram: Autofill.Address.IsEnabled.PageLoad.SignedOut recorded 1 samples, mean = 1.0 (flags = 0x41)
0  O                                                                         (0 = 0.0%)
1  -O                                                                        (1 = 100.0%) {0.0%}
2  O                                                                         (0 = 0.0%) {100.0%}

Histogram: Autofill.Address.IsEnabled.Startup recorded 1 samples, mean = 1.0 (flags = 0x41)
0  O                                                                         (0 = 0.0%)
1  -O                                                                        (1 = 100.0%) {0.0%}
2  O                                                                         (0 = 0.0%) {100.0%}

Histogram: Autofill.CreditCard.IsEnabled.PageLoad recorded 1 samples, mean = 1.0 (flags = 0x41)
0  O                                                                         (0 = 0.0%)
1  -O                                                                        (1 = 100.0%) {0.0%}
2  O                                                                         (0 = 0.0%) {100.0%}

Histogram: Autofill.CreditCard.IsEnabled.PageLoad.SignedOut recorded 1 samples, mean = 1.0 (flags = 0x41)
0  O                                                                         (0 = 0.0%)
1  -O                                                                        (1 = 100.0%) {0.0%}
2  O                                                                         (0 = 0.0%) {100.0%}

Histogram: Autofill.CreditCard.IsEnabled.Startup recorded 1 samples, mean = 1.0 (flags = 0x41)
0  O                                                                         (0 = 0.0%)
1  -O                                                                        (1 = 100.0%) {0.0%}
2  O                                                                         (0 = 0.0%) {100.0%}

Histogram: Autofill.DOMContentLoadedInOutermostMainFrame recorded 3 samples, mean = 0.3 (flags = 0x41)
0  --O                                                                       (2 = 66.7%)
1  -O                                                                        (1 = 33.3%) {66.7%}
2  O                                                                         (0 = 0.0%) {100.0%}

Histogram: Autofill.ExtractFormUnowned.FieldCount recorded 4 samples, mean = 0.0 (flags = 0x41)
0  ----O                                                                     (4 = 100.0%)
1  ... 

Histogram: Autofill.FormForest.GetBrowserFormOfRendererForm.Duration recorded 1 samples, mean = 0.0 (flags = 0x41)
0  -O                                                                        (1 = 100.0%)
1  ... 

Histogram: Autofill.FormForest.UpdateTreeOfRendererForm.Duration recorded 1 samples, mean = 28.0 (flags = 0x41)
0   ... 
28  -O                                                                        (1 = 100.0%) {0.0%}
37  ... 

Histogram: Autofill.FormForest.UpdateTreeOfRendererForm.Visits recorded 1 samples, mean = 2.0 (flags = 0x41)
0  ... 
2  -O                                                                        (1 = 100.0%) {0.0%}
3  ... 

Histogram: Autofill.Funnel.ParsedAsType.Address recorded 6 samples, mean = 0.0 (flags = 0x41)
0  ------O                                                                   (6 = 100.0%)
1  ... 

Histogram: Autofill.Funnel.ParsedAsType.CreditCard recorded 6 samples, mean = 0.0 (flags = 0x41)
0  ------O                                                                   (6 = 100.0%)
1  ... 

Histogram: Autofill.Funnel.ParsedAsType.VirtualCard.StandaloneCvc recorded 6 samples, mean = 0.0 (flags = 0x41)
0  ------O                                                                   (6 = 100.0%)
1  ... 

Histogram: Autofill.IsEnabled.PageLoad recorded 1 samples, mean = 1.0 (flags = 0x41)
0  O                                                                         (0 = 0.0%)
1  -O                                                                        (1 = 100.0%) {0.0%}
2  O                                                                         (0 = 0.0%) {100.0%}

Histogram: Autofill.IsEnabled.PageLoad.SignedOut recorded 1 samples, mean = 1.0 (flags = 0x41)
0  O                                                                         (0 = 0.0%)
1  -O                                                                        (1 = 100.0%) {0.0%}
2  O                                                                         (0 = 0.0%) {100.0%}

Histogram: Autofill.IsEnabled.Startup recorded 1 samples, mean = 1.0 (flags = 0x41)
0  O                                                                         (0 = 0.0%)
1  -O                                                                        (1 = 100.0%) {0.0%}
2  O                                                                         (0 = 0.0%) {100.0%}

Histogram: Autofill.Leipzig.Duplication.NumberOfLocalSupersetProfilesOnStartup recorded 1 samples, mean = 0.0 (flags = 0x41)
0  -O                                                                        (1 = 100.0%)
1  ... 

Histogram: Autofill.NumberOfDriversPerFactory recorded 1 samples, mean = 3.0 (flags = 0x41)
0  ... 
3  -O                                                                        (1 = 100.0%) {0.0%}
4  ... 

Histogram: Autofill.Offer.StoredOfferCount2.CardLinkedOffer recorded 1 samples, mean = 0.0 (flags = 0x41)
0  -O                                                                        (1 = 100.0%)
1  ... 

Histogram: Autofill.Offer.StoredOfferCount2.GPayPromoCodeOffer recorded 1 samples, mean = 0.0 (flags = 0x41)
0  -O                                                                        (1 = 100.0%)
1  ... 

Histogram: Autofill.PaymentMethods.CvcStorageIsEnabled.Startup recorded 1 samples, mean = 0.0 (flags = 0x41)
0  -O                                                                        (1 = 100.0%)
1  ... 

Histogram: Autofill.StoredCreditCardCount recorded 1 samples, mean = 0.0 (flags = 0x41)
0  -O                                                                        (1 = 100.0%)
1  ... 

Histogram: Autofill.StoredCreditCardCount.Local recorded 1 samples, mean = 0.0 (flags = 0x41)
0  -O                                                                        (1 = 100.0%)
1  ... 

Histogram: Autofill.StoredCreditCardCount.Local.WithInvalidCardNumber recorded 1 samples, mean = 0.0 (flags = 0x41)
0  -O                                                                        (1 = 100.0%)
1  ... 

Histogram: Autofill.StoredCreditCardCount.Local.WithNickname recorded 1 samples, mean = 0.0 (flags = 0x41)
0  -O                                                                        (1 = 100.0%)
1  ... 

Histogram: Autofill.StoredCreditCardCount.Server recorded 1 samples, mean = 0.0 (flags = 0x41)
0  -O                                                                        (1 = 100.0%)
1  ... 

Histogram: Autofill.StoredCreditCardCount.Server.Masked recorded 1 samples, mean = 0.0 (flags = 0x41)
0  -O                                                                        (1 = 100.0%)
1  ... 

Histogram: Autofill.StoredCreditCardCount.Server.Masked.WithNickname recorded 1 samples, mean = 0.0 (flags = 0x41)
0  -O                                                                        (1 = 100.0%)
1  ... 

Histogram: Autofill.StoredCreditCardCount.Server.Unmasked recorded 1 samples, mean = 0.0 (flags = 0x41)
0  -O                                                                        (1 = 100.0%)
1  ... 

Histogram: Autofill.StoredCreditCardCount.Server.WithCardArtImage recorded 1 samples, mean = 0.0 (flags = 0x41)
0  -O                                                                        (1 = 100.0%)
1  ... 

Histogram: Autofill.StoredCreditCardCount.Server.WithVirtualCardMetadata recorded 1 samples, mean = 0.0 (flags = 0x41)
0  -O                                                                        (1 = 100.0%)
1  ... 

Histogram: Autofill.StoredIbanCount recorded 1 samples, mean = 0.0 (flags = 0x41)
0  -O                                                                        (1 = 100.0%)
1  ... 

Histogram: Autofill.StoredProfileCount.AccountChrome recorded 1 samples, mean = 0.0 (flags = 0x41)
0  -O                                                                        (1 = 100.0%)
1  ... 

Histogram: Autofill.StoredProfileCount.AccountNonChrome recorded 1 samples, mean = 0.0 (flags = 0x41)
0  -O                                                                        (1 = 100.0%)
1  ... 

Histogram: Autofill.StoredProfileCount.Legacy recorded 1 samples, mean = 0.0 (flags = 0x41)
0  -O                                                                        (1 = 100.0%)
1  ... 

Histogram: Autofill.StoredProfileCount.Total recorded 1 samples, mean = 0.0 (flags = 0x41)
0  -O                                                                        (1 = 100.0%)
1  ... 

Histogram: Autofill.StrikeDatabase.StrikeDatabaseInitFailed recorded 4 samples, mean = 1.5 (flags = 0x41)
0  -O                                                                        (1 = 25.0%)
1  -O                                                                        (1 = 25.0%) {25.0%}
2  -O                                                                        (1 = 25.0%) {50.0%}
3  -O                                                                        (1 = 25.0%) {75.0%}
4  ... 

Histogram: Autofill.SubmissionDetectionSource.FormTracker recorded 2 samples, mean = 3.0 (flags = 0x41)
0  ... 
3  --O                                                                       (2 = 100.0%) {0.0%}
4  ... 

Histogram: Autofill.Timing.ParseFormsAsync recorded 1 samples, mean = 0.0 (flags = 0x41)
0  -O                                                                        (1 = 100.0%)
1  ... 

Histogram: Autofill.Timing.ParseFormsAsync.RunHeuristics recorded 1 samples, mean = 0.0 (flags = 0x41)
0  -O                                                                        (1 = 100.0%)
1  ... 

Histogram: Autofill.Timing.ParseFormsAsync.UpdateCache recorded 1 samples, mean = 0.0 (flags = 0x41)
0  -O                                                                        (1 = 100.0%)
1  ... 

Histogram: Autofill.TimingInterval.ExtractFormData.GetFormDataFromUnownedInputElements.AutofillAgentReset recorded 2 samples, mean = 1810667.0 (flags = 0x41)
0        ... 
1562508  -O                                                                        (1 = 50.0%) {0.0%}
1823911  -O                                                                        (1 = 50.0%) {50.0%}
2129046  ... 

Histogram: Autofill.TimingInterval.ExtractFormData.GetFormDataFromUnownedInputElements.DOMContentLoaded recorded 2 samples, mean = 167845952.0 (flags = 0x41)
0         ... 
388319    -O                                                                        (1 = 50.0%) {0.0%}
453284    ... 
10000000  -O                                                                        (1 = 50.0%) {50.0%}

Histogram: Autofill.TimingInterval.ExtractFormData.UpdateFormCache.AutofillAgentReset recorded 4 samples, mean = 905396.2 (flags = 0x41)
0        ... 
107      -O                                                                        (1 = 25.0%) {0.0%}
125      -O                                                                        (1 = 25.0%) {25.0%}
146      ... 
1562508  -O                                                                        (1 = 25.0%) {50.0%}
1823911  -O                                                                        (1 = 25.0%) {75.0%}
2129046  ... 

Histogram: Autofill.TimingInterval.ExtractFormData.UpdateFormCache.DOMContentLoaded recorded 4 samples, mean = 110121.8 (flags = 0x41)
0       ... 
4       -O                                                                        (1 = 25.0%) {0.0%}
5       ... 
15      -O                                                                        (1 = 25.0%) {25.0%}
17      ... 
43      -O                                                                        (1 = 25.0%) {50.0%}
50      ... 
388319  -O                                                                        (1 = 25.0%) {75.0%}
453284  ... 

Histogram: Autofill.TimingInterval.UpdateFormCache.UpdateFormCache.AutofillAgentReset recorded 4 samples, mean = 905416.5 (flags = 0x41)
0        ... 
125      -O                                                                        (1 = 25.0%) {0.0%}
146      -O                                                                        (1 = 25.0%) {25.0%}
170      ... 
1562508  -O                                                                        (1 = 25.0%) {50.0%}
1823911  -O                                                                        (1 = 25.0%) {75.0%}
2129046  ... 

Histogram: Autofill.TimingInterval.UpdateFormCache.UpdateFormCache.DOMContentLoaded recorded 4 samples, mean = 110142.0 (flags = 0x41)
0       ... 
20      -O                                                                        (1 = 25.0%) {0.0%}
23      -O                                                                        (1 = 25.0%) {25.0%}
27      ... 
79      -O                                                                        (1 = 25.0%) {50.0%}
92      ... 
388319  -O                                                                        (1 = 25.0%) {75.0%}
453284  ... 

Histogram: Autofill.TimingPrecise.ExtractFormData recorded 6 samples, mean = 30.5 (flags = 0x41)
0   ... 
3   -O                                                                        (1 = 16.7%) {0.0%}
4   -O                                                                        (1 = 16.7%) {16.7%}
5   ... 
13  -O                                                                        (1 = 16.7%) {33.3%}
15  ... 
36  -O                                                                        (1 = 16.7%) {50.0%}
41  O                                                                         (0 = 0.0%) {66.7%}
47  -O                                                                        (1 = 16.7%) {66.7%}
53  ... 
68  -O                                                                        (1 = 16.7%) {83.3%}
77  ... 

Histogram: Autofill.TimingPrecise.ExtractFormData.GetFormDataFromUnownedInputElements recorded 2 samples, mean = 28.0 (flags = 0x41)
0   ... 
4   -O                                                                        (1 = 50.0%) {0.0%}
5   ... 
47  -O                                                                        (1 = 50.0%) {50.0%}
53  ... 

Histogram: Autofill.TimingPrecise.ExtractFormData.UpdateFormCache recorded 4 samples, mean = 31.8 (flags = 0x41)
0   ... 
3   -O                                                                        (1 = 25.0%) {0.0%}
4   ... 
13  -O                                                                        (1 = 25.0%) {25.0%}
15  ... 
36  -O                                                                        (1 = 25.0%) {50.0%}
41  ... 
68  -O                                                                        (1 = 25.0%) {75.0%}
77  ... 

Histogram: Autofill.TimingPrecise.InferLabelForElement recorded 6 samples, mean = 0.2 (flags = 0x41)
0  -----O                                                                    (5 = 83.3%)
1  -O                                                                        (1 = 16.7%) {83.3%}
2  ... 

Histogram: Autofill.TimingPrecise.UpdateFormCache recorded 4 samples, mean = 56.2 (flags = 0x41)
0   ... 
19  -O                                                                        (1 = 25.0%) {0.0%}
22  -O                                                                        (1 = 25.0%) {25.0%}
25  ... 
77  -O                                                                        (1 = 25.0%) {50.0%}
88  -O                                                                        (1 = 25.0%) {75.0%}
100 ... 

Histogram: Autofill.TimingPrecise.UpdateFormCache.UpdateFormCache recorded 4 samples, mean = 56.2 (flags = 0x41)
0   ... 
19  -O                                                                        (1 = 25.0%) {0.0%}
22  -O                                                                        (1 = 25.0%) {25.0%}
25  ... 
77  -O                                                                        (1 = 25.0%) {50.0%}
88  -O                                                                        (1 = 25.0%) {75.0%}
100 ... 

Histogram: Autofill.VirtualCardUsageData.StoredUsageDataCount recorded 1 samples, mean = 0.0 (flags = 0x41)
0  -O                                                                        (1 = 100.0%)
1  ... 

Histogram: Blink.CSSStyleSheetResource.ParseTime recorded 7 samples, mean = 1211.7 (flags = 0x41)
0     ... 
105   -O                                                                        (1 = 14.3%) {0.0%}
146   --O                                                                       (2 = 28.6%) {14.3%}
203   O                                                                         (0 = 0.0%) {42.9%}
282   -O                                                                        (1 = 14.3%) {42.9%}
391   ... 
752   --O                                                                       (2 = 28.6%) {57.1%}
1043  ... 
5362  -O                                                                        (1 = 14.3%) {85.7%}
7439  ... 

Histogram: Blink.CommitDocumentLoaderTime recorded 7 samples, mean = 3.7 (flags = 0x41)
0   -O                                                                        (1 = 14.3%)
1   --O                                                                       (2 = 28.6%) {14.3%}
2   --O                                                                       (2 = 28.6%) {42.9%}
3   O                                                                         (0 = 0.0%) {71.4%}
4   -O                                                                        (1 = 14.3%) {71.4%}
5   ... 
14  -O                                                                        (1 = 14.3%) {85.7%}
17  ... 

Histogram: Blink.CookiesTime recorded 21 samples, mean = 0.0 (flags = 0x41)
0  ---------------------O                                                    (21 = 100.0%)
1  ... 

Histogram: Blink.CullRect.UpdateTime recorded 29 samples, mean = 7.2 (flags = 0x41)
0   -O                                                                        (1 = 3.4%)
1   --------------O                                                           (14 = 48.3%) {3.4%}
2   --O                                                                       (2 = 6.9%) {51.7%}
3   -O                                                                        (1 = 3.4%) {58.6%}
4   --O                                                                       (2 = 6.9%) {62.1%}
6   -O                                                                        (1 = 3.4%) {69.0%}
8   --O                                                                       (2 = 6.9%) {72.4%}
11  --O                                                                       (2 = 6.9%) {79.3%}
15  O                                                                         (0 = 0.0%) {86.2%}
21  --O                                                                       (2 = 6.9%) {86.2%}
29  -O                                                                        (1 = 3.4%) {93.1%}
40  -O                                                                        (1 = 3.4%) {96.6%}
55  ... 

Histogram: Blink.DocumentLoader.CommitNavigationToStartLoadingResponse.Time.OutermostMainFrame.NewNavigation.IsHTTPOrHTTPS recorded 1 samples, mean = 1.0 (flags = 0x41)
0  O                                                                         (0 = 0.0%)
1  -O                                                                        (1 = 100.0%) {0.0%}
2  ... 

Histogram: Blink.DocumentLoader.CreateParserPostCommit.Time.OutermostMainFrame.NewNavigation.IsHTTPOrHTTPS recorded 1 samples, mean = 14.0 (flags = 0x41)
0   ... 
14  -O                                                                        (1 = 100.0%) {0.0%}
17  ... 

Histogram: Blink.EffectiveZoom recorded 17 samples (flags = 0x41)
150  -----------------O                                                        (17 = 100.0%)

Histogram: Blink.Experimental.Cookies.CacheLookupResult2 recorded 21 samples, mean = 0.9 (flags = 0x41)
0  --O                                                                       (2 = 9.5%)
1  -------------------O                                                      (19 = 90.5%) {9.5%}
2  ... 

Histogram: Blink.Experimental.Cookies.FirstCookieRequest recorded 2 samples, mean = 1.0 (flags = 0x41)
0  O                                                                         (0 = 0.0%)
1  --O                                                                       (2 = 100.0%) {0.0%}
2  ... 

Histogram: Blink.Fetch.RequestResourceTime2 recorded 134 samples, mean = 246.2 (flags = 0x41)
0      ... 
11     -------O                                                                  (7 = 5.2%) {0.0%}
15     --------------O                                                           (14 = 10.4%) {5.2%}
21     ------------------------------O                                           (30 = 22.4%) {15.7%}
29     -------------O                                                            (13 = 9.7%) {38.1%}
40     ----O                                                                     (4 = 3.0%) {47.8%}
55     --------O                                                                 (8 = 6.0%) {50.7%}
76     --------------O                                                           (14 = 10.4%) {56.7%}
105    -------------O                                                            (13 = 9.7%) {67.2%}
146    ---------O                                                                (9 = 6.7%) {76.9%}
203    -----O                                                                    (5 = 3.7%) {83.6%}
282    -----O                                                                    (5 = 3.7%) {87.3%}
391    ------O                                                                   (6 = 4.5%) {91.0%}
542    -O                                                                        (1 = 0.7%) {95.5%}
752    ---O                                                                      (3 = 2.2%) {96.3%}
1043   -O                                                                        (1 = 0.7%) {98.5%}
1447   ... 
14319  -O                                                                        (1 = 0.7%) {99.3%}
19866  ... 

Histogram: Blink.Fetch.RequestResourceTime2.Preload recorded 39 samples, mean = 130.6 (flags = 0x41)
0    ... 
21   -------O                                                                  (7 = 17.9%) {0.0%}
29   -----O                                                                    (5 = 12.8%) {17.9%}
40   --O                                                                       (2 = 5.1%) {30.8%}
55   ----O                                                                     (4 = 10.3%) {35.9%}
76   ------O                                                                   (6 = 15.4%) {46.2%}
105  ----O                                                                     (4 = 10.3%) {61.5%}
146  ----O                                                                     (4 = 10.3%) {71.8%}
203  ---O                                                                      (3 = 7.7%) {82.1%}
282  ---O                                                                      (3 = 7.7%) {89.7%}
391  ... 
752  -O                                                                        (1 = 2.6%) {97.4%}
1043 ... 

Histogram: Blink.FetchQueuedPreloadsTime.MainFrame.Initial recorded 1 samples, mean = 3.0 (flags = 0x41)
0  ... 
3  -O                                                                        (1 = 100.0%) {0.0%}
4  ... 

Histogram: Blink.Fonts.DecodeTime recorded 5 samples, mean = 8351.4 (flags = 0x41)
0      ... 
5362   ----O                                                                     (4 = 80.0%) {0.0%}
7439   ... 
14319  -O                                                                        (1 = 20.0%) {80.0%}
19866  ... 

Histogram: Blink.Fonts.VariableFontsRatio recorded 5 samples, mean = 1.2 (flags = 0x41)
0  O                                                                         (0 = 0.0%)
1  ----O                                                                     (4 = 80.0%) {0.0%}
2  -O                                                                        (1 = 20.0%) {80.0%}
3  ... 

Histogram: Blink.ForcedStyleAndLayout.UpdateTime.PreFCP recorded 2 samples, mean = 24.0 (flags = 0x41)
0   ... 
2   -O                                                                        (1 = 50.0%) {0.0%}
3   ... 
40  -O                                                                        (1 = 50.0%) {50.0%}
55  ... 

Histogram: Blink.HTMLFastPathParser.AbortedParseSize recorded 33 samples, mean = 1.7 (flags = 0x41)
0  -----O                                                                    (5 = 15.2%)
1  O                                                                         (0 = 0.0%) {15.2%}
2  ----------------------------O                                             (28 = 84.8%) {15.2%}
3  ... 

Histogram: Blink.HTMLFastPathParser.AbortedParseTime2 recorded 33 samples, mean = 3.2 (flags = 0x41)
0   -----------O                                                              (11 = 33.3%)
1   -----O                                                                    (5 = 15.2%) {33.3%}
2   ------O                                                                   (6 = 18.2%) {48.5%}
3   ---O                                                                      (3 = 9.1%) {66.7%}
4   -O                                                                        (1 = 3.0%) {75.8%}
5   ---O                                                                      (3 = 9.1%) {78.8%}
6   O                                                                         (0 = 0.0%) {87.9%}
7   -O                                                                        (1 = 3.0%) {87.9%}
8   ... 
11  --O                                                                       (2 = 6.1%) {90.9%}
12  ... 
29  -O                                                                        (1 = 3.0%) {97.0%}
31  ... 

Histogram: Blink.HTMLFastPathParser.ParseResult recorded 65 samples, mean = 8.1 (flags = 0x41)
0   --------------------------------O                                         (32 = 49.2%)
1   ... 
4   -----O                                                                    (5 = 7.7%) {49.2%}
5   ... 
18  ----------------------------O                                             (28 = 43.1%) {56.9%}
19  ... 

Histogram: Blink.HTMLFastPathParser.SuccessfulParseSize recorded 32 samples, mean = 309.8 (flags = 0x41)
0    ... 
146  ----O                                                                     (4 = 12.5%) {0.0%}
203  ------------O                                                             (12 = 37.5%) {12.5%}
282  --------O                                                                 (8 = 25.0%) {50.0%}
391  --------O                                                                 (8 = 25.0%) {75.0%}
542  ... 

Histogram: Blink.HTMLFastPathParser.SuccessfulParseTime2 recorded 32 samples, mean = 5.1 (flags = 0x41)
0   O                                                                         (0 = 0.0%)
1   ------O                                                                   (6 = 18.8%) {0.0%}
2   -------O                                                                  (7 = 21.9%) {18.8%}
3   -----O                                                                    (5 = 15.6%) {40.6%}
4   ---O                                                                      (3 = 9.4%) {56.2%}
5   ----O                                                                     (4 = 12.5%) {65.6%}
6   --O                                                                       (2 = 6.2%) {78.1%}
7   -O                                                                        (1 = 3.1%) {84.4%}
8   ... 
10  --O                                                                       (2 = 6.2%) {87.5%}
11  ... 
17  -O                                                                        (1 = 3.1%) {93.8%}
18  ... 
40  -O                                                                        (1 = 3.1%) {96.9%}
43  ... 

Histogram: Blink.HTMLFastPathParser.TotalParseTime2 recorded 65 samples, mean = 25.9 (flags = 0x41)
0    O                                                                         (0 = 0.0%)
1    -----O                                                                    (5 = 7.7%) {0.0%}
2    ----O                                                                     (4 = 6.2%) {7.7%}
3    ---O                                                                      (3 = 4.6%) {13.8%}
4    ------O                                                                   (6 = 9.2%) {18.5%}
5    ----O                                                                     (4 = 6.2%) {27.7%}
6    ---------O                                                                (9 = 13.8%) {33.8%}
7    --O                                                                       (2 = 3.1%) {47.7%}
8    --O                                                                       (2 = 3.1%) {50.8%}
9    O                                                                         (0 = 0.0%) {53.8%}
10   -O                                                                        (1 = 1.5%) {53.8%}
11   --O                                                                       (2 = 3.1%) {55.4%}
12   O                                                                         (0 = 0.0%) {58.5%}
13   --O                                                                       (2 = 3.1%) {58.5%}
14   -O                                                                        (1 = 1.5%) {61.5%}
15   ... 
18   -O                                                                        (1 = 1.5%) {63.1%}
19   -O                                                                        (1 = 1.5%) {64.6%}
21   ... 
25   -O                                                                        (1 = 1.5%) {66.2%}
27   --O                                                                       (2 = 3.1%) {67.7%}
29   -O                                                                        (1 = 1.5%) {70.8%}
31   ... 
40   -O                                                                        (1 = 1.5%) {72.3%}
43   O                                                                         (0 = 0.0%) {73.8%}
46   ---O                                                                      (3 = 4.6%) {73.8%}
50   --O                                                                       (2 = 3.1%) {78.5%}
54   --O                                                                       (2 = 3.1%) {81.5%}
58   --O                                                                       (2 = 3.1%) {84.6%}
63   --O                                                                       (2 = 3.1%) {87.7%}
68   --O                                                                       (2 = 3.1%) {90.8%}
74   -O                                                                        (1 = 1.5%) {93.8%}
80   O                                                                         (0 = 0.0%) {95.4%}
86   -O                                                                        (1 = 1.5%) {95.4%}
93   ... 
174  --O                                                                       (2 = 3.1%) {96.9%}
188  ... 

Histogram: Blink.HTMLParsing.ChunkCount4 recorded 1 samples, mean = 2.0 (flags = 0x41)
0  ... 
2  -O                                                                        (1 = 100.0%) {0.0%}
3  ... 

Histogram: Blink.HTMLParsing.InputCharacterCount4 recorded 1 samples, mean = 159204.0 (flags = 0x41)
0       ... 
141691  -O                                                                        (1 = 100.0%) {0.0%}
196583  ... 

Histogram: Blink.HTMLParsing.ParsingTimeMax4 recorded 1 samples, mean = 20125.0 (flags = 0x41)
0      ... 
19862  -O                                                                        (1 = 100.0%) {0.0%}
20169  ... 

Histogram: Blink.HTMLParsing.ParsingTimeMin4 recorded 1 samples, mean = 498.0 (flags = 0x41)
0    ... 
471  -O                                                                        (1 = 100.0%) {0.0%}
536  ... 

Histogram: Blink.HTMLParsing.ParsingTimeTotal4 recorded 1 samples, mean = 20623.0 (flags = 0x41)
0      ... 
20481  -O                                                                        (1 = 100.0%) {0.0%}
20797  ... 

Histogram: Blink.HTMLParsing.PreloadRequestCount recorded 1 samples, mean = 32.0 (flags = 0x41)
0   ... 
29  -O                                                                        (1 = 100.0%) {0.0%}
33  ... 

Histogram: Blink.HTMLParsing.TimeToDeferredPumpTokenizer4 recorded 1 samples, mean = 632.0 (flags = 0x41)
0    ... 
610  -O                                                                        (1 = 100.0%) {0.0%}
695  ... 

Histogram: Blink.HTMLParsing.TokensParsedAverage4 recorded 1 samples, mean = 63.0 (flags = 0x41)
0   ... 
49  -O                                                                        (1 = 100.0%) {0.0%}
65  ... 

Histogram: Blink.HTMLParsing.TokensParsedMax4 recorded 1 samples, mean = 108.0 (flags = 0x41)
0   ... 
86  -O                                                                        (1 = 100.0%) {0.0%}
113 ... 

Histogram: Blink.HTMLParsing.TokensParsedMin4 recorded 1 samples, mean = 18.0 (flags = 0x41)
0   ... 
17  -O                                                                        (1 = 100.0%) {0.0%}
20  ... 

Histogram: Blink.HTMLParsing.TokensParsedTotal4 recorded 1 samples, mean = 126.0 (flags = 0x41)
0    ... 
105  -O                                                                        (1 = 100.0%) {0.0%}
146  ... 

Histogram: Blink.HTMLParsing.YieldedTimeAverage4 recorded 1 samples, mean = 485.0 (flags = 0x41)
0    ... 
430  -O                                                                        (1 = 100.0%) {0.0%}
502  ... 

Histogram: Blink.HTMLParsing.YieldedTimeMax4 recorded 1 samples, mean = 703.0 (flags = 0x41)
0    ... 
694  -O                                                                        (1 = 100.0%) {0.0%}
705  ... 

Histogram: Blink.HTMLParsing.YieldedTimeMin4 recorded 1 samples, mean = 233.0 (flags = 0x41)
0    ... 
231  -O                                                                        (1 = 100.0%) {0.0%}
270  ... 

Histogram: Blink.History.VisitedLinks.IsLinkStyledAsVisited recorded 41 samples, mean = 0.0 (flags = 0x41)
0  -----------------------------------------O                                (41 = 100.0%)
1  ... 

Histogram: Blink.JavascriptDocumentUpdate.UpdateTime.PreFCP recorded 1 samples, mean = 2.0 (flags = 0x41)
0  ... 
2  -O                                                                        (1 = 100.0%) {0.0%}
3  ... 

Histogram: Blink.Layout.InlineNode.ShapeText.MaxTime.InOutermostMainFrame3 recorded 1 samples, mean = 0.0 (flags = 0x41)
0  -O                                                                        (1 = 100.0%)
1  ... 

Histogram: Blink.Layout.InlineNode.ShapeText.TotalTime.InOutermostMainFrame3 recorded 1 samples, mean = 0.0 (flags = 0x41)
0  -O                                                                        (1 = 100.0%)
1  ... 

Histogram: Blink.Layout.SVGImage.Count.InOutermostMainFrame recorded 1 samples, mean = 0.0 (flags = 0x41)
0  -O                                                                        (1 = 100.0%)
1  ... 

Histogram: Blink.Layout.SVGImage.TotalTime.InOutermostMainFrame recorded 1 samples, mean = 0.0 (flags = 0x41)
0  -O                                                                        (1 = 100.0%)
1  ... 

Histogram: Blink.MainFrame.UpdateTime.PreFCP recorded 29 samples, mean = 3740.9 (flags = 0x41)
0      ... 
76     -O                                                                        (1 = 3.4%) {0.0%}
105    ----O                                                                     (4 = 13.8%) {3.4%}
146    -----O                                                                    (5 = 17.2%) {17.2%}
203    -O                                                                        (1 = 3.4%) {34.5%}
282    ----O                                                                     (4 = 13.8%) {37.9%}
391    ---O                                                                      (3 = 10.3%) {51.7%}
542    --O                                                                       (2 = 6.9%) {62.1%}
752    -O                                                                        (1 = 3.4%) {69.0%}
1043   --O                                                                       (2 = 6.9%) {72.4%}
1447   ... 
3865   -O                                                                        (1 = 3.4%) {79.3%}
5362   O                                                                         (0 = 0.0%) {82.8%}
7439   --O                                                                       (2 = 6.9%) {82.8%}
10321  -O                                                                        (1 = 3.4%) {89.7%}
14319  O                                                                         (0 = 0.0%) {93.1%}
19866  -O                                                                        (1 = 3.4%) {93.1%}
27562  O                                                                         (0 = 0.0%) {96.6%}
38240  -O                                                                        (1 = 3.4%) {96.6%}
53055  ... 

Histogram: Blink.MemoryCache.RevalidationPolicy.AsyncScript recorded 48 samples, mean = 1.6 (flags = 0x41)
0  -----------------------O                                                  (23 = 47.9%)
1  ... 
3  -------------------------O                                                (25 = 52.1%) {47.9%}
4  ... 

Histogram: Blink.MemoryCache.RevalidationPolicy.CSSStyleSheet recorded 7 samples, mean = 0.0 (flags = 0x41)
0  -------O                                                                  (7 = 100.0%)
1  ... 

Histogram: Blink.MemoryCache.RevalidationPolicy.Dead.CSSStyleSheet recorded 1 samples, mean = 0.0 (flags = 0x41)
0  -O                                                                        (1 = 100.0%)
1  ... 

Histogram: Blink.MemoryCache.RevalidationPolicy.Dead.Font recorded 2 samples, mean = 0.0 (flags = 0x41)
0  --O                                                                       (2 = 100.0%)
1  ... 

Histogram: Blink.MemoryCache.RevalidationPolicy.Dead.Script recorded 22 samples, mean = 0.0 (flags = 0x41)
0  ----------------------O                                                   (22 = 100.0%)
1  ... 

Histogram: Blink.MemoryCache.RevalidationPolicy.Font recorded 23 samples, mean = 4.0 (flags = 0x41)
0  -O                                                                        (1 = 4.3%)
1  ... 
4  ------------------O                                                       (18 = 78.3%) {4.3%}
5  ----O                                                                     (4 = 17.4%) {82.6%}
6  O                                                                         (0 = 0.0%) {100.0%}

Histogram: Blink.MemoryCache.RevalidationPolicy.Image recorded 35 samples, mean = 4.0 (flags = 0x41)
0  ... 
3  -O                                                                        (1 = 2.9%) {0.0%}
4  ----------------------------------O                                       (34 = 97.1%) {2.9%}
5  ... 

Histogram: Blink.MemoryCache.RevalidationPolicy.Manifest recorded 1 samples, mean = 3.0 (flags = 0x41)
0  ... 
3  -O                                                                        (1 = 100.0%) {0.0%}
4  ... 

Histogram: Blink.MemoryCache.RevalidationPolicy.Preload.CSSStyleSheet recorded 13 samples, mean = 1.6 (flags = 0x41)
0  ------O                                                                   (6 = 46.2%)
1  ... 
3  -------O                                                                  (7 = 53.8%) {46.2%}
4  ... 

Histogram: Blink.MemoryCache.RevalidationPolicy.Preload.Font recorded 2 samples, mean = 1.5 (flags = 0x41)
0  -O                                                                        (1 = 50.0%)
1  ... 
3  -O                                                                        (1 = 50.0%) {50.0%}
4  ... 

Histogram: Blink.MemoryCache.RevalidationPolicy.Preload.Script recorded 24 samples, mean = 2.8 (flags = 0x41)
0  --O                                                                       (2 = 8.3%)
1  ... 
3  ----------------------O                                                   (22 = 91.7%) {8.3%}
4  ... 

Histogram: Blink.MemoryCache.RevalidationPolicy.Raw recorded 7 samples, mean = 3.0 (flags = 0x41)
0  ... 
3  -------O                                                                  (7 = 100.0%) {0.0%}
4  ... 

Histogram: Blink.MemoryCache.RevalidationPolicy.Script recorded 26 samples, mean = 0.5 (flags = 0x41)
0  ----------------------O                                                   (22 = 84.6%)
1  ... 
3  ----O                                                                     (4 = 15.4%) {84.6%}
4  ... 

Histogram: Blink.PreloadRequestStartDuration recorded 39 samples, mean = 133.3 (flags = 0x41)
0    ... 
21   -----O                                                                    (5 = 12.8%) {0.0%}
29   ------O                                                                   (6 = 15.4%) {12.8%}
40   ---O                                                                      (3 = 7.7%) {28.2%}
55   ----O                                                                     (4 = 10.3%) {35.9%}
76   ------O                                                                   (6 = 15.4%) {46.2%}
105  ---O                                                                      (3 = 7.7%) {61.5%}
146  -----O                                                                    (5 = 12.8%) {69.2%}
203  ---O                                                                      (3 = 7.7%) {82.1%}
282  --O                                                                       (2 = 5.1%) {89.7%}
391  -O                                                                        (1 = 2.6%) {94.9%}
542  O                                                                         (0 = 0.0%) {97.4%}
752  -O                                                                        (1 = 2.6%) {97.4%}
1043 ... 

Histogram: Blink.PreloadRequestWaitTime recorded 30 samples, mean = 2.7 (flags = 0x41)
0  O                                                                         (0 = 0.0%)
1  --O                                                                       (2 = 6.7%) {0.0%}
2  ------------O                                                             (12 = 40.0%) {6.7%}
3  ----------O                                                               (10 = 33.3%) {46.7%}
4  ------O                                                                   (6 = 20.0%) {80.0%}
5  ... 

Histogram: Blink.PrepareToStopParsingTime recorded 40 samples, mean = 0.0 (flags = 0x41)
0  ---------------------------------------O                                  (39 = 97.5%)
1  -O                                                                        (1 = 2.5%) {97.5%}
2  ... 

Histogram: Blink.PumpTokenizerTime recorded 78 samples, mean = 0.4 (flags = 0x41)
0   ------------------------------------------------------------------------O (75 = 96.2%)
1   -O                                                                        (1 = 1.3%) {96.2%}
2   ... 
8   -O                                                                        (1 = 1.3%) {97.4%}
10  ... 
20  -O                                                                        (1 = 1.3%) {98.7%}
24  ... 

Histogram: Blink.ResourceRequest.BackgroundResourceFetchSupportStatus recorded 47 samples, mean = 0.1 (flags = 0x41)
0  ---------------------------------------------O                            (45 = 95.7%)
1  O                                                                         (0 = 0.0%) {95.7%}
2  --O                                                                       (2 = 4.3%) {95.7%}
3  ... 

Histogram: Blink.ResourceRequest.CompletionDelay2 recorded 47 samples, mean = 7.9 (flags = 0x41)
0   -----------O                                                              (11 = 23.4%)
1   -------O                                                                  (7 = 14.9%) {23.4%}
2   -----O                                                                    (5 = 10.6%) {38.3%}
3   --O                                                                       (2 = 4.3%) {48.9%}
4   ----O                                                                     (4 = 8.5%) {53.2%}
5   -O                                                                        (1 = 2.1%) {61.7%}
6   -O                                                                        (1 = 2.1%) {63.8%}
7   -O                                                                        (1 = 2.1%) {66.0%}
8   -O                                                                        (1 = 2.1%) {68.1%}
10  --O                                                                       (2 = 4.3%) {70.2%}
12  ----O                                                                     (4 = 8.5%) {74.5%}
14  ----O                                                                     (4 = 8.5%) {83.0%}
17  -O                                                                        (1 = 2.1%) {91.5%}
20  O                                                                         (0 = 0.0%) {93.6%}
24  -O                                                                        (1 = 2.1%) {93.6%}
29  ... 
48  -O                                                                        (1 = 2.1%) {95.7%}
57  ... 
81  -O                                                                        (1 = 2.1%) {97.9%}
96  ... 

Histogram: Blink.ResourceRequest.RedirectDelay2 recorded 2 samples, mean = 21.5 (flags = 0x41)
0   ... 
17  -O                                                                        (1 = 50.0%) {0.0%}
20  O                                                                         (0 = 0.0%) {50.0%}
24  -O                                                                        (1 = 50.0%) {50.0%}
29  ... 

Histogram: Blink.ResourceRequest.ResponseDelay2 recorded 47 samples, mean = 62.9 (flags = 0x41)
0    ------O                                                                   (6 = 12.8%)
1    -----------O                                                              (11 = 23.4%) {12.8%}
2    ----O                                                                     (4 = 8.5%) {36.2%}
3    -O                                                                        (1 = 2.1%) {44.7%}
4    ... 
8    -O                                                                        (1 = 2.1%) {46.8%}
10   -O                                                                        (1 = 2.1%) {48.9%}
12   ... 
57   --O                                                                       (2 = 4.3%) {51.1%}
68   -O                                                                        (1 = 2.1%) {55.3%}
81   ---O                                                                      (3 = 6.4%) {57.4%}
96   ---O                                                                      (3 = 6.4%) {63.8%}
114  --O                                                                       (2 = 4.3%) {70.2%}
135  ---------O                                                                (9 = 19.1%) {74.5%}
160  ---O                                                                      (3 = 6.4%) {93.6%}
190  ... 

Histogram: Blink.ResourceRequest.StartDelay2 recorded 47 samples, mean = 160.0 (flags = 0x41)
0    ... 
8    -O                                                                        (1 = 2.1%) {0.0%}
10   -O                                                                        (1 = 2.1%) {2.1%}
12   O                                                                         (0 = 0.0%) {4.3%}
14   -O                                                                        (1 = 2.1%) {4.3%}
17   --O                                                                       (2 = 4.3%) {6.4%}
20   O                                                                         (0 = 0.0%) {10.6%}
24   -O                                                                        (1 = 2.1%) {10.6%}
29   ... 
48   -O                                                                        (1 = 2.1%) {12.8%}
57   -O                                                                        (1 = 2.1%) {14.9%}
68   O                                                                         (0 = 0.0%) {17.0%}
81   -O                                                                        (1 = 2.1%) {17.0%}
96   O                                                                         (0 = 0.0%) {19.1%}
114  -O                                                                        (1 = 2.1%) {19.1%}
135  ---O                                                                      (3 = 6.4%) {21.3%}
160  ---------------------O                                                    (21 = 44.7%) {27.7%}
190  -----------O                                                              (11 = 23.4%) {72.3%}
226  --O                                                                       (2 = 4.3%) {95.7%}
268  ... 

Histogram: Blink.ScanAndPreloadTime.MainFrame.Initial recorded 1 samples, mean = 5.0 (flags = 0x41)
0  ... 
5  -O                                                                        (1 = 100.0%) {0.0%}
6  ... 

Histogram: Blink.ScanAndPreloadTime.MainFrame.NonInitial recorded 3 samples, mean = 0.0 (flags = 0x41)
0  ---O                                                                      (3 = 100.0%)
1  ... 

Histogram: Blink.ScanAndPreloadTime2.MainFrame.Initial recorded 1 samples, mean = 5546.0 (flags = 0x41)
0     ... 
5362  -O                                                                        (1 = 100.0%) {0.0%}
7439  ... 

Histogram: Blink.ScanAndPreloadTime2.MainFrame.NonInitial recorded 3 samples, mean = 100.0 (flags = 0x41)
0    ... 
6    -O                                                                        (1 = 33.3%) {0.0%}
8    ... 
29   -O                                                                        (1 = 33.3%) {33.3%}
40   ... 
203  -O                                                                        (1 = 33.3%) {66.7%}
282  ... 

Histogram: Blink.ScanAndPreloadTime2.Preload.MainFrame.Initial recorded 1 samples, mean = 3863.0 (flags = 0x41)
0     ... 
2786  -O                                                                        (1 = 100.0%) {0.0%}
3865  ... 

Histogram: Blink.ScanAndPreloadTime2.Preload.MainFrame.NonInitial recorded 3 samples, mean = 1.7 (flags = 0x41)
0  O                                                                         (0 = 0.0%)
1  -O                                                                        (1 = 33.3%) {0.0%}
2  --O                                                                       (2 = 66.7%) {33.3%}
3  ... 

Histogram: Blink.ScanAndPreloadTime2.Scan.MainFrame.Initial recorded 1 samples, mean = 1596.0 (flags = 0x41)
0     ... 
1447  -O                                                                        (1 = 100.0%) {0.0%}
2008  ... 

Histogram: Blink.ScanAndPreloadTime2.Scan.MainFrame.NonInitial recorded 3 samples, mean = 83.3 (flags = 0x41)
0    ... 
2    --O                                                                       (2 = 66.7%) {0.0%}
3    ... 
203  -O                                                                        (1 = 33.3%) {66.7%}
282  ... 

Histogram: Blink.Script.AsyncScript.FromReadyToStartExecution.Time recorded 26 samples, mean = 0.9 (flags = 0x41)
0  -----------------O                                                        (17 = 65.4%)
1  --O                                                                       (2 = 7.7%) {65.4%}
2  -----O                                                                    (5 = 19.2%) {73.1%}
3  -O                                                                        (1 = 3.8%) {92.3%}
4  ... 
8  -O                                                                        (1 = 3.8%) {96.2%}
10 ... 

Histogram: Blink.Script.SchedulingType recorded 42 samples, mean = 5.3 (flags = 0x41)
0  ... 
3  -O                                                                        (1 = 2.4%) {0.0%}
4  O                                                                         (0 = 0.0%) {2.4%}
5  -------------------------O                                                (25 = 59.5%) {2.4%}
6  ----------------O                                                         (16 = 38.1%) {61.9%}
7  ... 

Histogram: Blink.UseCounter.AnimatedCSSProperties recorded 1 samples, mean = 1.0 (flags = 0x41)
0  O                                                                         (0 = 0.0%)
1  -O                                                                        (1 = 100.0%) {0.0%}
2  ... 

Histogram: Blink.UseCounter.CSSProperties recorded 96 samples, mean = 275.0 (flags = 0x41)
0    O                                                                         (0 = 0.0%)
1    -O                                                                        (1 = 1.0%) {0.0%}
2    -O                                                                        (1 = 1.0%) {1.0%}
3    -O                                                                        (1 = 1.0%) {2.1%}
4    -O                                                                        (1 = 1.0%) {3.1%}
5    -O                                                                        (1 = 1.0%) {4.2%}
6    -O                                                                        (1 = 1.0%) {5.2%}
7    -O                                                                        (1 = 1.0%) {6.2%}
8    -O                                                                        (1 = 1.0%) {7.3%}
9    O                                                                         (0 = 0.0%) {8.3%}
10   -O                                                                        (1 = 1.0%) {8.3%}
11   ... 
14   -O                                                                        (1 = 1.0%) {9.4%}
15   ... 
20   -O                                                                        (1 = 1.0%) {10.4%}
21   -O                                                                        (1 = 1.0%) {11.5%}
22   ... 
24   -O                                                                        (1 = 1.0%) {12.5%}
25   ... 
34   -O                                                                        (1 = 1.0%) {13.5%}
35   ... 
42   -O                                                                        (1 = 1.0%) {14.6%}
43   ... 
53   -O                                                                        (1 = 1.0%) {15.6%}
54   ... 
59   -O                                                                        (1 = 1.0%) {16.7%}
60   ... 
66   -O                                                                        (1 = 1.0%) {17.7%}
67   ... 
69   -O                                                                        (1 = 1.0%) {18.8%}
70   ... 
72   -O                                                                        (1 = 1.0%) {19.8%}
73   O                                                                         (0 = 0.0%) {20.8%}
74   -O                                                                        (1 = 1.0%) {20.8%}
75   ... 
77   -O                                                                        (1 = 1.0%) {21.9%}
78   ... 
81   -O                                                                        (1 = 1.0%) {22.9%}
82   ... 
84   -O                                                                        (1 = 1.0%) {24.0%}
85   ... 
89   -O                                                                        (1 = 1.0%) {25.0%}
90   ... 
95   -O                                                                        (1 = 1.0%) {26.0%}
96   -O                                                                        (1 = 1.0%) {27.1%}
97   -O                                                                        (1 = 1.0%) {28.1%}
98   -O                                                                        (1 = 1.0%) {29.2%}
99   O                                                                         (0 = 0.0%) {30.2%}
100  -O                                                                        (1 = 1.0%) {30.2%}
101  ... 
105  -O                                                                        (1 = 1.0%) {31.2%}
106  -O                                                                        (1 = 1.0%) {32.3%}
107  -O                                                                        (1 = 1.0%) {33.3%}
108  O                                                                         (0 = 0.0%) {34.4%}
109  -O                                                                        (1 = 1.0%) {34.4%}
110  ... 
118  -O                                                                        (1 = 1.0%) {35.4%}
119  -O                                                                        (1 = 1.0%) {36.5%}
120  ... 
124  -O                                                                        (1 = 1.0%) {37.5%}
125  ... 
127  -O                                                                        (1 = 1.0%) {38.5%}
128  -O                                                                        (1 = 1.0%) {39.6%}
129  -O                                                                        (1 = 1.0%) {40.6%}
130  ... 
143  -O                                                                        (1 = 1.0%) {41.7%}
144  ... 
150  -O                                                                        (1 = 1.0%) {42.7%}
151  O                                                                         (0 = 0.0%) {43.8%}
152  -O                                                                        (1 = 1.0%) {43.8%}
153  -O                                                                        (1 = 1.0%) {44.8%}
154  -O                                                                        (1 = 1.0%) {45.8%}
155  O                                                                         (0 = 0.0%) {46.9%}
156  -O                                                                        (1 = 1.0%) {46.9%}
157  -O                                                                        (1 = 1.0%) {47.9%}
158  O                                                                         (0 = 0.0%) {49.0%}
159  -O                                                                        (1 = 1.0%) {49.0%}
160  O                                                                         (0 = 0.0%) {50.0%}
161  -O                                                                        (1 = 1.0%) {50.0%}
162  ... 
164  -O                                                                        (1 = 1.0%) {51.0%}
165  -O                                                                        (1 = 1.0%) {52.1%}
166  ... 
175  -O                                                                        (1 = 1.0%) {53.1%}
176  ... 
231  -O                                                                        (1 = 1.0%) {54.2%}
232  -O                                                                        (1 = 1.0%) {55.2%}
233  O                                                                         (0 = 0.0%) {56.2%}
234  -O                                                                        (1 = 1.0%) {56.2%}
235  -O                                                                        (1 = 1.0%) {57.3%}
236  O                                                                         (0 = 0.0%) {58.3%}
237  -O                                                                        (1 = 1.0%) {58.3%}
238  -O                                                                        (1 = 1.0%) {59.4%}
239  -O                                                                        (1 = 1.0%) {60.4%}
240  -O                                                                        (1 = 1.0%) {61.5%}
241  O                                                                         (0 = 0.0%) {62.5%}
242  -O                                                                        (1 = 1.0%) {62.5%}
243  ... 
303  -O                                                                        (1 = 1.0%) {63.5%}
304  ... 
369  -O                                                                        (1 = 1.0%) {64.6%}
370  -O                                                                        (1 = 1.0%) {65.6%}
371  ... 
415  -O                                                                        (1 = 1.0%) {66.7%}
416  ... 
432  -O                                                                        (1 = 1.0%) {67.7%}
433  -O                                                                        (1 = 1.0%) {68.8%}
434  ... 
437  -O                                                                        (1 = 1.0%) {69.8%}
438  ... 
446  -O                                                                        (1 = 1.0%) {70.8%}
447  ... 
508  -O                                                                        (1 = 1.0%) {71.9%}
509  ... 
514  -O                                                                        (1 = 1.0%) {72.9%}
515  -O                                                                        (1 = 1.0%) {74.0%}
516  -O                                                                        (1 = 1.0%) {75.0%}
517  ... 
537  -O                                                                        (1 = 1.0%) {76.0%}
538  ... 
549  -O                                                                        (1 = 1.0%) {77.1%}
550  ... 
563  -O                                                                        (1 = 1.0%) {78.1%}
564  ... 
591  -O                                                                        (1 = 1.0%) {79.2%}
592  -O                                                                        (1 = 1.0%) {80.2%}
593  O                                                                         (0 = 0.0%) {81.2%}
594  -O                                                                        (1 = 1.0%) {81.2%}
595  -O                                                                        (1 = 1.0%) {82.3%}
596  ... 
598  -O                                                                        (1 = 1.0%) {83.3%}
599  -O                                                                        (1 = 1.0%) {84.4%}
600  ... 
618  -O                                                                        (1 = 1.0%) {85.4%}
619  -O                                                                        (1 = 1.0%) {86.5%}
620  -O                                                                        (1 = 1.0%) {87.5%}
621  -O                                                                        (1 = 1.0%) {88.5%}
622  ... 
636  -O                                                                        (1 = 1.0%) {89.6%}
637  ... 
657  -O                                                                        (1 = 1.0%) {90.6%}
658  -O                                                                        (1 = 1.0%) {91.7%}
659  ... 
662  -O                                                                        (1 = 1.0%) {92.7%}
663  ... 
672  -O                                                                        (1 = 1.0%) {93.8%}
673  -O                                                                        (1 = 1.0%) {94.8%}
674  O                                                                         (0 = 0.0%) {95.8%}
675  -O                                                                        (1 = 1.0%) {95.8%}
676  ... 
696  -O                                                                        (1 = 1.0%) {96.9%}
697  ... 
746  -O                                                                        (1 = 1.0%) {97.9%}
747  ... 
770  -O                                                                        (1 = 1.0%) {99.0%}
771  ... 

Histogram: Blink.UseCounter.Features recorded 173 samples, mean = 2179.5 (flags = 0x41)
0     ... 
13    -O                                                                        (1 = 0.6%) {0.0%}
14    ... 
16    -O                                                                        (1 = 0.6%) {0.6%}
17    ... 
52    -O                                                                        (1 = 0.6%) {1.2%}
53    ... 
69    -O                                                                        (1 = 0.6%) {1.7%}
70    ... 
123   -O                                                                        (1 = 0.6%) {2.3%}
124   -O                                                                        (1 = 0.6%) {2.9%}
125   -O                                                                        (1 = 0.6%) {3.5%}
126   ... 
138   -O                                                                        (1 = 0.6%) {4.0%}
139   ... 
240   -O                                                                        (1 = 0.6%) {4.6%}
241   ... 
250   -O                                                                        (1 = 0.6%) {5.2%}
251   ... 
429   -O                                                                        (1 = 0.6%) {5.8%}
430   -O                                                                        (1 = 0.6%) {6.4%}
431   -O                                                                        (1 = 0.6%) {6.9%}
432   -O                                                                        (1 = 0.6%) {7.5%}
433   ... 
469   -O                                                                        (1 = 0.6%) {8.1%}
470   ... 
494   -O                                                                        (1 = 0.6%) {8.7%}
495   ... 
522   -O                                                                        (1 = 0.6%) {9.2%}
523   -O                                                                        (1 = 0.6%) {9.8%}
524   -O                                                                        (1 = 0.6%) {10.4%}
525   ... 
540   -O                                                                        (1 = 0.6%) {11.0%}
541   ... 
587   -O                                                                        (1 = 0.6%) {11.6%}
588   -O                                                                        (1 = 0.6%) {12.1%}
589   ... 
675   -O                                                                        (1 = 0.6%) {12.7%}
676   O                                                                         (0 = 0.0%) {13.3%}
677   -O                                                                        (1 = 0.6%) {13.3%}
678   ... 
710   -O                                                                        (1 = 0.6%) {13.9%}
711   -O                                                                        (1 = 0.6%) {14.5%}
712   -O                                                                        (1 = 0.6%) {15.0%}
713   ... 
717   -O                                                                        (1 = 0.6%) {15.6%}
718   ... 
730   -O                                                                        (1 = 0.6%) {16.2%}
731   ... 
744   -O                                                                        (1 = 0.6%) {16.8%}
745   ... 
780   -O                                                                        (1 = 0.6%) {17.3%}
781   -O                                                                        (1 = 0.6%) {17.9%}
782   ... 
786   -O                                                                        (1 = 0.6%) {18.5%}
787   -O                                                                        (1 = 0.6%) {19.1%}
788   ... 
804   -O                                                                        (1 = 0.6%) {19.7%}
805   ... 
900   -O                                                                        (1 = 0.6%) {20.2%}
901   -O                                                                        (1 = 0.6%) {20.8%}
902   ... 
907   -O                                                                        (1 = 0.6%) {21.4%}
908   ... 
954   -O                                                                        (1 = 0.6%) {22.0%}
955   ... 
970   -O                                                                        (1 = 0.6%) {22.5%}
971   O                                                                         (0 = 0.0%) {23.1%}
972   -O                                                                        (1 = 0.6%) {23.1%}
973   -O                                                                        (1 = 0.6%) {23.7%}
974   ... 
976   -O                                                                        (1 = 0.6%) {24.3%}
977   ... 
1023  -O                                                                        (1 = 0.6%) {24.9%}
1024  ... 
1069  -O                                                                        (1 = 0.6%) {25.4%}
1070  -O                                                                        (1 = 0.6%) {26.0%}
1071  ... 
1075  -O                                                                        (1 = 0.6%) {26.6%}
1076  -O                                                                        (1 = 0.6%) {27.2%}
1077  ... 
1124  -O                                                                        (1 = 0.6%) {27.7%}
1125  ... 
1302  -O                                                                        (1 = 0.6%) {28.3%}
1303  ... 
1347  -O                                                                        (1 = 0.6%) {28.9%}
1348  ... 
1351  -O                                                                        (1 = 0.6%) {29.5%}
1352  ... 
1354  -O                                                                        (1 = 0.6%) {30.1%}
1355  ... 
1368  -O                                                                        (1 = 0.6%) {30.6%}
1369  ... 
1417  -O                                                                        (1 = 0.6%) {31.2%}
1418  ... 
1441  -O                                                                        (1 = 0.6%) {31.8%}
1442  ... 
1458  -O                                                                        (1 = 0.6%) {32.4%}
1459  -O                                                                        (1 = 0.6%) {32.9%}
1460  ... 
1462  -O                                                                        (1 = 0.6%) {33.5%}
1463  -O                                                                        (1 = 0.6%) {34.1%}
1464  ... 
1467  -O                                                                        (1 = 0.6%) {34.7%}
1468  ... 
1502  -O                                                                        (1 = 0.6%) {35.3%}
1503  ... 
1692  -O                                                                        (1 = 0.6%) {35.8%}
1693  -O                                                                        (1 = 0.6%) {36.4%}
1694  ... 
1827  -O                                                                        (1 = 0.6%) {37.0%}
1828  ... 
2013  -O                                                                        (1 = 0.6%) {37.6%}
2014  ... 
2077  -O                                                                        (1 = 0.6%) {38.2%}
2078  ... 
2094  -O                                                                        (1 = 0.6%) {38.7%}
2095  O                                                                         (0 = 0.0%) {39.3%}
2096  -O                                                                        (1 = 0.6%) {39.3%}
2097  ... 
2100  -O                                                                        (1 = 0.6%) {39.9%}
2101  ... 
2112  -O                                                                        (1 = 0.6%) {40.5%}
2113  ... 
2121  -O                                                                        (1 = 0.6%) {41.0%}
2122  ... 
2157  -O                                                                        (1 = 0.6%) {41.6%}
2158  ... 
2188  -O                                                                        (1 = 0.6%) {42.2%}
2189  O                                                                         (0 = 0.0%) {42.8%}
2190  -O                                                                        (1 = 0.6%) {42.8%}
2191  -O                                                                        (1 = 0.6%) {43.4%}
2192  ... 
2195  -O                                                                        (1 = 0.6%) {43.9%}
2196  ... 
2203  -O                                                                        (1 = 0.6%) {44.5%}
2204  -O                                                                        (1 = 0.6%) {45.1%}
2205  ... 
2217  -O                                                                        (1 = 0.6%) {45.7%}
2218  ... 
2226  -O                                                                        (1 = 0.6%) {46.2%}
2227  O                                                                         (0 = 0.0%) {46.8%}
2228  -O                                                                        (1 = 0.6%) {46.8%}
2229  -O                                                                        (1 = 0.6%) {47.4%}
2230  ... 
2236  -O                                                                        (1 = 0.6%) {48.0%}
2237  ... 
2298  -O                                                                        (1 = 0.6%) {48.6%}
2299  ... 
2314  -O                                                                        (1 = 0.6%) {49.1%}
2315  ... 
2319  -O                                                                        (1 = 0.6%) {49.7%}
2320  ... 
2322  -O                                                                        (1 = 0.6%) {50.3%}
2323  ... 
2347  -O                                                                        (1 = 0.6%) {50.9%}
2348  ... 
2355  -O                                                                        (1 = 0.6%) {51.4%}
2356  ... 
2361  -O                                                                        (1 = 0.6%) {52.0%}
2362  ... 
2387  -O                                                                        (1 = 0.6%) {52.6%}
2388  -O                                                                        (1 = 0.6%) {53.2%}
2389  ... 
2399  -O                                                                        (1 = 0.6%) {53.8%}
2400  ... 
2413  -O                                                                        (1 = 0.6%) {54.3%}
2414  ... 
2429  -O                                                                        (1 = 0.6%) {54.9%}
2430  O                                                                         (0 = 0.0%) {55.5%}
2431  -O                                                                        (1 = 0.6%) {55.5%}
2432  ... 
2487  -O                                                                        (1 = 0.6%) {56.1%}
2488  ... 
2518  -O                                                                        (1 = 0.6%) {56.6%}
2519  ... 
2598  -O                                                                        (1 = 0.6%) {57.2%}
2599  ... 
2618  -O                                                                        (1 = 0.6%) {57.8%}
2619  ... 
2654  -O                                                                        (1 = 0.6%) {58.4%}
2655  -O                                                                        (1 = 0.6%) {59.0%}
2656  -O                                                                        (1 = 0.6%) {59.5%}
2657  -O                                                                        (1 = 0.6%) {60.1%}
2658  -O                                                                        (1 = 0.6%) {60.7%}
2659  -O                                                                        (1 = 0.6%) {61.3%}
2660  -O                                                                        (1 = 0.6%) {61.8%}
2661  -O                                                                        (1 = 0.6%) {62.4%}
2662  -O                                                                        (1 = 0.6%) {63.0%}
2663  -O                                                                        (1 = 0.6%) {63.6%}
2664  ... 
2699  -O                                                                        (1 = 0.6%) {64.2%}
2700  -O                                                                        (1 = 0.6%) {64.7%}
2701  -O                                                                        (1 = 0.6%) {65.3%}
2702  -O                                                                        (1 = 0.6%) {65.9%}
2703  -O                                                                        (1 = 0.6%) {66.5%}
2704  -O                                                                        (1 = 0.6%) {67.1%}
2705  -O                                                                        (1 = 0.6%) {67.6%}
2706  -O                                                                        (1 = 0.6%) {68.2%}
2707  -O                                                                        (1 = 0.6%) {68.8%}
2708  ... 
2710  -O                                                                        (1 = 0.6%) {69.4%}
2711  -O                                                                        (1 = 0.6%) {69.9%}
2712  ... 
2714  -O                                                                        (1 = 0.6%) {70.5%}
2715  -O                                                                        (1 = 0.6%) {71.1%}
2716  -O                                                                        (1 = 0.6%) {71.7%}
2717  ... 
2723  -O                                                                        (1 = 0.6%) {72.3%}
2724  ... 
2738  -O                                                                        (1 = 0.6%) {72.8%}
2739  ... 
2769  -O                                                                        (1 = 0.6%) {73.4%}
2770  ... 
2841  -O                                                                        (1 = 0.6%) {74.0%}
2842  ... 
2903  -O                                                                        (1 = 0.6%) {74.6%}
2904  -O                                                                        (1 = 0.6%) {75.1%}
2905  ... 
2927  -O                                                                        (1 = 0.6%) {75.7%}
2928  ... 
2935  -O                                                                        (1 = 0.6%) {76.3%}
2936  ... 
3004  -O                                                                        (1 = 0.6%) {76.9%}
3005  ... 
3019  -O                                                                        (1 = 0.6%) {77.5%}
3020  -O                                                                        (1 = 0.6%) {78.0%}
3021  ... 
3028  -O                                                                        (1 = 0.6%) {78.6%}
3029  ... 
3066  -O                                                                        (1 = 0.6%) {79.2%}
3067  ... 
3157  -O                                                                        (1 = 0.6%) {79.8%}
3158  ... 
3198  -O                                                                        (1 = 0.6%) {80.3%}
3199  ... 
3254  -O                                                                        (1 = 0.6%) {80.9%}
3255  ... 
3275  -O                                                                        (1 = 0.6%) {81.5%}
3276  ... 
3279  -O                                                                        (1 = 0.6%) {82.1%}
3280  ... 
3307  -O                                                                        (1 = 0.6%) {82.7%}
3308  -O                                                                        (1 = 0.6%) {83.2%}
3309  ... 
3349  -O                                                                        (1 = 0.6%) {83.8%}
3350  ... 
3359  -O                                                                        (1 = 0.6%) {84.4%}
3360  ... 
3409  -O                                                                        (1 = 0.6%) {85.0%}
3410  ... 
3444  -O                                                                        (1 = 0.6%) {85.5%}
3445  ... 
3698  -O                                                                        (1 = 0.6%) {86.1%}
3699  ... 
3789  -O                                                                        (1 = 0.6%) {86.7%}
3790  -O                                                                        (1 = 0.6%) {87.3%}
3791  ... 
3803  -O                                                                        (1 = 0.6%) {87.9%}
3804  ... 
3870  -O                                                                        (1 = 0.6%) {88.4%}
3871  ... 
3973  -O                                                                        (1 = 0.6%) {89.0%}
3974  ... 
4007  -O                                                                        (1 = 0.6%) {89.6%}
4008  ... 
4113  -O                                                                        (1 = 0.6%) {90.2%}
4114  ... 
4161  -O                                                                        (1 = 0.6%) {90.8%}
4162  ... 
4177  -O                                                                        (1 = 0.6%) {91.3%}
4178  ... 
4194  -O                                                                        (1 = 0.6%) {91.9%}
4195  O                                                                         (0 = 0.0%) {92.5%}
4196  -O                                                                        (1 = 0.6%) {92.5%}
4197  ... 
4240  -O                                                                        (1 = 0.6%) {93.1%}
4241  O                                                                         (0 = 0.0%) {93.6%}
4242  -O                                                                        (1 = 0.6%) {93.6%}
4243  ... 
4307  -O                                                                        (1 = 0.6%) {94.2%}
4308  ... 
4317  -O                                                                        (1 = 0.6%) {94.8%}
4318  ... 
4372  -O                                                                        (1 = 0.6%) {95.4%}
4373  ... 
4379  -O                                                                        (1 = 0.6%) {96.0%}
4380  ... 
4419  -O                                                                        (1 = 0.6%) {96.5%}
4420  ... 
4561  -O                                                                        (1 = 0.6%) {97.1%}
4562  ... 
4673  -O                                                                        (1 = 0.6%) {97.7%}
4674  ... 
4743  -O                                                                        (1 = 0.6%) {98.3%}
4744  ... 
4961  -O                                                                        (1 = 0.6%) {98.8%}
4962  ... 
4994  -O                                                                        (1 = 0.6%) {99.4%}
4995  ... 

Histogram: Blink.UseCounter.MainFrame.Features recorded 173 samples, mean = 2179.5 (flags = 0x41)
0     ... 
13    -O                                                                        (1 = 0.6%) {0.0%}
14    ... 
16    -O                                                                        (1 = 0.6%) {0.6%}
17    ... 
52    -O                                                                        (1 = 0.6%) {1.2%}
53    ... 
69    -O                                                                        (1 = 0.6%) {1.7%}
70    ... 
123   -O                                                                        (1 = 0.6%) {2.3%}
124   -O                                                                        (1 = 0.6%) {2.9%}
125   -O                                                                        (1 = 0.6%) {3.5%}
126   ... 
138   -O                                                                        (1 = 0.6%) {4.0%}
139   ... 
240   -O                                                                        (1 = 0.6%) {4.6%}
241   ... 
250   -O                                                                        (1 = 0.6%) {5.2%}
251   ... 
429   -O                                                                        (1 = 0.6%) {5.8%}
430   -O                                                                        (1 = 0.6%) {6.4%}
431   -O                                                                        (1 = 0.6%) {6.9%}
432   -O                                                                        (1 = 0.6%) {7.5%}
433   ... 
469   -O                                                                        (1 = 0.6%) {8.1%}
470   ... 
494   -O                                                                        (1 = 0.6%) {8.7%}
495   ... 
522   -O                                                                        (1 = 0.6%) {9.2%}
523   -O                                                                        (1 = 0.6%) {9.8%}
524   -O                                                                        (1 = 0.6%) {10.4%}
525   ... 
540   -O                                                                        (1 = 0.6%) {11.0%}
541   ... 
587   -O                                                                        (1 = 0.6%) {11.6%}
588   -O                                                                        (1 = 0.6%) {12.1%}
589   ... 
675   -O                                                                        (1 = 0.6%) {12.7%}
676   O                                                                         (0 = 0.0%) {13.3%}
677   -O                                                                        (1 = 0.6%) {13.3%}
678   ... 
710   -O                                                                        (1 = 0.6%) {13.9%}
711   -O                                                                        (1 = 0.6%) {14.5%}
712   -O                                                                        (1 = 0.6%) {15.0%}
713   ... 
717   -O                                                                        (1 = 0.6%) {15.6%}
718   ... 
730   -O                                                                        (1 = 0.6%) {16.2%}
731   ... 
744   -O                                                                        (1 = 0.6%) {16.8%}
745   ... 
780   -O                                                                        (1 = 0.6%) {17.3%}
781   -O                                                                        (1 = 0.6%) {17.9%}
782   ... 
786   -O                                                                        (1 = 0.6%) {18.5%}
787   -O                                                                        (1 = 0.6%) {19.1%}
788   ... 
804   -O                                                                        (1 = 0.6%) {19.7%}
805   ... 
900   -O                                                                        (1 = 0.6%) {20.2%}
901   -O                                                                        (1 = 0.6%) {20.8%}
902   ... 
907   -O                                                                        (1 = 0.6%) {21.4%}
908   ... 
954   -O                                                                        (1 = 0.6%) {22.0%}
955   ... 
970   -O                                                                        (1 = 0.6%) {22.5%}
971   O                                                                         (0 = 0.0%) {23.1%}
972   -O                                                                        (1 = 0.6%) {23.1%}
973   -O                                                                        (1 = 0.6%) {23.7%}
974   ... 
976   -O                                                                        (1 = 0.6%) {24.3%}
977   ... 
1023  -O                                                                        (1 = 0.6%) {24.9%}
1024  ... 
1069  -O                                                                        (1 = 0.6%) {25.4%}
1070  -O                                                                        (1 = 0.6%) {26.0%}
1071  ... 
1075  -O                                                                        (1 = 0.6%) {26.6%}
1076  -O                                                                        (1 = 0.6%) {27.2%}
1077  ... 
1124  -O                                                                        (1 = 0.6%) {27.7%}
1125  ... 
1302  -O                                                                        (1 = 0.6%) {28.3%}
1303  ... 
1347  -O                                                                        (1 = 0.6%) {28.9%}
1348  ... 
1351  -O                                                                        (1 = 0.6%) {29.5%}
1352  ... 
1354  -O                                                                        (1 = 0.6%) {30.1%}
1355  ... 
1368  -O                                                                        (1 = 0.6%) {30.6%}
1369  ... 
1417  -O                                                                        (1 = 0.6%) {31.2%}
1418  ... 
1441  -O                                                                        (1 = 0.6%) {31.8%}
1442  ... 
1458  -O                                                                        (1 = 0.6%) {32.4%}
1459  -O                                                                        (1 = 0.6%) {32.9%}
1460  ... 
1462  -O                                                                        (1 = 0.6%) {33.5%}
1463  -O                                                                        (1 = 0.6%) {34.1%}
1464  ... 
1467  -O                                                                        (1 = 0.6%) {34.7%}
1468  ... 
1502  -O                                                                        (1 = 0.6%) {35.3%}
1503  ... 
1692  -O                                                                        (1 = 0.6%) {35.8%}
1693  -O                                                                        (1 = 0.6%) {36.4%}
1694  ... 
1827  -O                                                                        (1 = 0.6%) {37.0%}
1828  ... 
2013  -O                                                                        (1 = 0.6%) {37.6%}
2014  ... 
2077  -O                                                                        (1 = 0.6%) {38.2%}
2078  ... 
2094  -O                                                                        (1 = 0.6%) {38.7%}
2095  O                                                                         (0 = 0.0%) {39.3%}
2096  -O                                                                        (1 = 0.6%) {39.3%}
2097  ... 
2100  -O                                                                        (1 = 0.6%) {39.9%}
2101  ... 
2112  -O                                                                        (1 = 0.6%) {40.5%}
2113  ... 
2121  -O                                                                        (1 = 0.6%) {41.0%}
2122  ... 
2157  -O                                                                        (1 = 0.6%) {41.6%}
2158  ... 
2188  -O                                                                        (1 = 0.6%) {42.2%}
2189  O                                                                         (0 = 0.0%) {42.8%}
2190  -O                                                                        (1 = 0.6%) {42.8%}
2191  -O                                                                        (1 = 0.6%) {43.4%}
2192  ... 
2195  -O                                                                        (1 = 0.6%) {43.9%}
2196  ... 
2203  -O                                                                        (1 = 0.6%) {44.5%}
2204  -O                                                                        (1 = 0.6%) {45.1%}
2205  ... 
2217  -O                                                                        (1 = 0.6%) {45.7%}
2218  ... 
2226  -O                                                                        (1 = 0.6%) {46.2%}
2227  O                                                                         (0 = 0.0%) {46.8%}
2228  -O                                                                        (1 = 0.6%) {46.8%}
2229  -O                                                                        (1 = 0.6%) {47.4%}
2230  ... 
2236  -O                                                                        (1 = 0.6%) {48.0%}
2237  ... 
2298  -O                                                                        (1 = 0.6%) {48.6%}
2299  ... 
2314  -O                                                                        (1 = 0.6%) {49.1%}
2315  ... 
2319  -O                                                                        (1 = 0.6%) {49.7%}
2320  ... 
2322  -O                                                                        (1 = 0.6%) {50.3%}
2323  ... 
2347  -O                                                                        (1 = 0.6%) {50.9%}
2348  ... 
2355  -O                                                                        (1 = 0.6%) {51.4%}
2356  ... 
2361  -O                                                                        (1 = 0.6%) {52.0%}
2362  ... 
2387  -O                                                                        (1 = 0.6%) {52.6%}
2388  -O                                                                        (1 = 0.6%) {53.2%}
2389  ... 
2399  -O                                                                        (1 = 0.6%) {53.8%}
2400  ... 
2413  -O                                                                        (1 = 0.6%) {54.3%}
2414  ... 
2429  -O                                                                        (1 = 0.6%) {54.9%}
2430  O                                                                         (0 = 0.0%) {55.5%}
2431  -O                                                                        (1 = 0.6%) {55.5%}
2432  ... 
2487  -O                                                                        (1 = 0.6%) {56.1%}
2488  ... 
2518  -O                                                                        (1 = 0.6%) {56.6%}
2519  ... 
2598  -O                                                                        (1 = 0.6%) {57.2%}
2599  ... 
2618  -O                                                                        (1 = 0.6%) {57.8%}
2619  ... 
2654  -O                                                                        (1 = 0.6%) {58.4%}
2655  -O                                                                        (1 = 0.6%) {59.0%}
2656  -O                                                                        (1 = 0.6%) {59.5%}
2657  -O                                                                        (1 = 0.6%) {60.1%}
2658  -O                                                                        (1 = 0.6%) {60.7%}
2659  -O                                                                        (1 = 0.6%) {61.3%}
2660  -O                                                                        (1 = 0.6%) {61.8%}
2661  -O                                                                        (1 = 0.6%) {62.4%}
2662  -O                                                                        (1 = 0.6%) {63.0%}
2663  -O                                                                        (1 = 0.6%) {63.6%}
2664  ... 
2699  -O                                                                        (1 = 0.6%) {64.2%}
2700  -O                                                                        (1 = 0.6%) {64.7%}
2701  -O                                                                        (1 = 0.6%) {65.3%}
2702  -O                                                                        (1 = 0.6%) {65.9%}
2703  -O                                                                        (1 = 0.6%) {66.5%}
2704  -O                                                                        (1 = 0.6%) {67.1%}
2705  -O                                                                        (1 = 0.6%) {67.6%}
2706  -O                                                                        (1 = 0.6%) {68.2%}
2707  -O                                                                        (1 = 0.6%) {68.8%}
2708  ... 
2710  -O                                                                        (1 = 0.6%) {69.4%}
2711  -O                                                                        (1 = 0.6%) {69.9%}
2712  ... 
2714  -O                                                                        (1 = 0.6%) {70.5%}
2715  -O                                                                        (1 = 0.6%) {71.1%}
2716  -O                                                                        (1 = 0.6%) {71.7%}
2717  ... 
2723  -O                                                                        (1 = 0.6%) {72.3%}
2724  ... 
2738  -O                                                                        (1 = 0.6%) {72.8%}
2739  ... 
2769  -O                                                                        (1 = 0.6%) {73.4%}
2770  ... 
2841  -O                                                                        (1 = 0.6%) {74.0%}
2842  ... 
2903  -O                                                                        (1 = 0.6%) {74.6%}
2904  -O                                                                        (1 = 0.6%) {75.1%}
2905  ... 
2927  -O                                                                        (1 = 0.6%) {75.7%}
2928  ... 
2935  -O                                                                        (1 = 0.6%) {76.3%}
2936  ... 
3004  -O                                                                        (1 = 0.6%) {76.9%}
3005  ... 
3019  -O                                                                        (1 = 0.6%) {77.5%}
3020  -O                                                                        (1 = 0.6%) {78.0%}
3021  ... 
3028  -O                                                                        (1 = 0.6%) {78.6%}
3029  ... 
3066  -O                                                                        (1 = 0.6%) {79.2%}
3067  ... 
3157  -O                                                                        (1 = 0.6%) {79.8%}
3158  ... 
3198  -O                                                                        (1 = 0.6%) {80.3%}
3199  ... 
3254  -O                                                                        (1 = 0.6%) {80.9%}
3255  ... 
3275  -O                                                                        (1 = 0.6%) {81.5%}
3276  ... 
3279  -O                                                                        (1 = 0.6%) {82.1%}
3280  ... 
3307  -O                                                                        (1 = 0.6%) {82.7%}
3308  -O                                                                        (1 = 0.6%) {83.2%}
3309  ... 
3349  -O                                                                        (1 = 0.6%) {83.8%}
3350  ... 
3359  -O                                                                        (1 = 0.6%) {84.4%}
3360  ... 
3409  -O                                                                        (1 = 0.6%) {85.0%}
3410  ... 
3444  -O                                                                        (1 = 0.6%) {85.5%}
3445  ... 
3698  -O                                                                        (1 = 0.6%) {86.1%}
3699  ... 
3789  -O                                                                        (1 = 0.6%) {86.7%}
3790  -O                                                                        (1 = 0.6%) {87.3%}
3791  ... 
3803  -O                                                                        (1 = 0.6%) {87.9%}
3804  ... 
3870  -O                                                                        (1 = 0.6%) {88.4%}
3871  ... 
3973  -O                                                                        (1 = 0.6%) {89.0%}
3974  ... 
4007  -O                                                                        (1 = 0.6%) {89.6%}
4008  ... 
4113  -O                                                                        (1 = 0.6%) {90.2%}
4114  ... 
4161  -O                                                                        (1 = 0.6%) {90.8%}
4162  ... 
4177  -O                                                                        (1 = 0.6%) {91.3%}
4178  ... 
4194  -O                                                                        (1 = 0.6%) {91.9%}
4195  O                                                                         (0 = 0.0%) {92.5%}
4196  -O                                                                        (1 = 0.6%) {92.5%}
4197  ... 
4240  -O                                                                        (1 = 0.6%) {93.1%}
4241  O                                                                         (0 = 0.0%) {93.6%}
4242  -O                                                                        (1 = 0.6%) {93.6%}
4243  ... 
4307  -O                                                                        (1 = 0.6%) {94.2%}
4308  ... 
4317  -O                                                                        (1 = 0.6%) {94.8%}
4318  ... 
4372  -O                                                                        (1 = 0.6%) {95.4%}
4373  ... 
4379  -O                                                                        (1 = 0.6%) {96.0%}
4380  ... 
4419  -O                                                                        (1 = 0.6%) {96.5%}
4420  ... 
4561  -O                                                                        (1 = 0.6%) {97.1%}
4562  ... 
4673  -O                                                                        (1 = 0.6%) {97.7%}
4674  ... 
4743  -O                                                                        (1 = 0.6%) {98.3%}
4744  ... 
4961  -O                                                                        (1 = 0.6%) {98.8%}
4962  ... 
4994  -O                                                                        (1 = 0.6%) {99.4%}
4995  ... 

Histogram: Blink.UseCounter.PermissionsPolicy.Allow2 recorded 0 samples (flags = 0x41)
0 ... 

Histogram: Blink.UseCounter.PermissionsPolicy.Header2 recorded 0 samples (flags = 0x41)
0 ... 

Histogram: Blink.UseCounter.PermissionsPolicy.Violation.Enforce recorded 0 samples (flags = 0x41)
0 ... 

Histogram: Blink.UseCounter.WebDXFeatures recorded 15 samples, mean = 37.7 (flags = 0x41)
0   ... 
5   -O                                                                        (1 = 6.7%) {0.0%}
6   ... 
8   -O                                                                        (1 = 6.7%) {6.7%}
9   -O                                                                        (1 = 6.7%) {13.3%}
10  O                                                                         (0 = 0.0%) {20.0%}
11  -O                                                                        (1 = 6.7%) {20.0%}
12  ... 
27  -O                                                                        (1 = 6.7%) {26.7%}
28  -O                                                                        (1 = 6.7%) {33.3%}
29  -O                                                                        (1 = 6.7%) {40.0%}
30  ... 
38  -O                                                                        (1 = 6.7%) {46.7%}
39  -O                                                                        (1 = 6.7%) {53.3%}
40  ... 
45  -O                                                                        (1 = 6.7%) {60.0%}
46  -O                                                                        (1 = 6.7%) {66.7%}
47  ... 
58  -O                                                                        (1 = 6.7%) {73.3%}
59  ... 
68  -O                                                                        (1 = 6.7%) {80.0%}
69  ... 
71  -O                                                                        (1 = 6.7%) {86.7%}
72  ... 
83  -O                                                                        (1 = 6.7%) {93.3%}
84  ... 

Histogram: Blink.UserDrivenDocumentUpdate.UpdateTime.PreFCP recorded 1 samples, mean = 46.0 (flags = 0x41)
0   ... 
40  -O                                                                        (1 = 100.0%) {0.0%}
55  ... 

Histogram: Bookmarks.BookmarkBar.Shown recorded 1 samples, mean = 0.0 (flags = 0x41)
0  -O                                                                        (1 = 100.0%)
1  ... 

Histogram: Bookmarks.Count.OnProfileLoad3 recorded 1 samples, mean = 0.0 (flags = 0x41)
0  -O                                                                        (1 = 100.0%)
1  ... 

Histogram: Bookmarks.Storage.TimeToLoadAtStartup2 recorded 1 samples, mean = 7163.0 (flags = 0x41)
0     ... 
7083  -O                                                                        (1 = 100.0%) {0.0%}
8416  ... 

Histogram: Bookmarks.Times.OnProfileLoad.TimeSinceAdded3 recorded 1 samples, mean = 0.0 (flags = 0x41)
0  -O                                                                        (1 = 100.0%)
1  ... 

Histogram: Bookmarks.Utilization.OnProfileLoad.PercentageUsed recorded 1 samples, mean = 0.0 (flags = 0x41)
0  -O                                                                        (1 = 100.0%)
1  ... 

Histogram: Bookmarks.Utilization.OnProfileLoad.TotalUnused recorded 1 samples, mean = 0.0 (flags = 0x41)
0  -O                                                                        (1 = 100.0%)
1  ... 

Histogram: Bookmarks.Utilization.OnProfileLoad.TotalUsed recorded 1 samples, mean = 0.0 (flags = 0x41)
0  -O                                                                        (1 = 100.0%)
1  ... 

Histogram: BrotliFilter.CompressionPercent recorded 33 samples, mean = 35.6 (flags = 0x41)
0    ... 
10   --O                                                                       (2 = 6.1%) {0.0%}
11   --O                                                                       (2 = 6.1%) {6.1%}
12   -O                                                                        (1 = 3.0%) {12.1%}
13   O                                                                         (0 = 0.0%) {15.2%}
14   -O                                                                        (1 = 3.0%) {15.2%}
15   O                                                                         (0 = 0.0%) {18.2%}
16   -O                                                                        (1 = 3.0%) {18.2%}
17   O                                                                         (0 = 0.0%) {21.2%}
18   -O                                                                        (1 = 3.0%) {21.2%}
19   ... 
22   -O                                                                        (1 = 3.0%) {24.2%}
23   -O                                                                        (1 = 3.0%) {27.3%}
24   -O                                                                        (1 = 3.0%) {30.3%}
25   -O                                                                        (1 = 3.0%) {33.3%}
26   -O                                                                        (1 = 3.0%) {36.4%}
27   O                                                                         (0 = 0.0%) {39.4%}
28   -O                                                                        (1 = 3.0%) {39.4%}
29   ----O                                                                     (4 = 12.1%) {42.4%}
30   -O                                                                        (1 = 3.0%) {54.5%}
31   O                                                                         (0 = 0.0%) {57.6%}
32   --O                                                                       (2 = 6.1%) {57.6%}
33   O                                                                         (0 = 0.0%) {63.6%}
34   -O                                                                        (1 = 3.0%) {63.6%}
35   ... 
38   --O                                                                       (2 = 6.1%) {66.7%}
39   -O                                                                        (1 = 3.0%) {72.7%}
40   ... 
43   --O                                                                       (2 = 6.1%) {75.8%}
44   O                                                                         (0 = 0.0%) {81.8%}
45   -O                                                                        (1 = 3.0%) {81.8%}
46   O                                                                         (0 = 0.0%) {84.8%}
47   --O                                                                       (2 = 6.1%) {84.8%}
48   ... 
84   -O                                                                        (1 = 3.0%) {90.9%}
85   ... 
101  --O                                                                       (2 = 6.1%) {93.9%}

Histogram: BrotliFilter.Status recorded 33 samples, mean = 1.0 (flags = 0x41)
0  O                                                                         (0 = 0.0%)
1  ---------------------------------O                                        (33 = 100.0%) {0.0%}
2  ... 

Histogram: BrotliFilter.UsedMemoryKB recorded 33 samples, mean = 217.9 (flags = 0x41)
0    ... 
16   --O                                                                       (2 = 6.1%) {0.0%}
20   O                                                                         (0 = 0.0%) {6.1%}
25   ---O                                                                      (3 = 9.1%) {6.1%}
31   ------O                                                                   (6 = 18.2%) {15.2%}
39   O                                                                         (0 = 0.0%) {33.3%}
49   --O                                                                       (2 = 6.1%) {33.3%}
61   -O                                                                        (1 = 3.0%) {39.4%}
76   ---O                                                                      (3 = 9.1%) {42.4%}
95   O                                                                         (0 = 0.0%) {51.5%}
119  ----O                                                                     (4 = 12.1%) {51.5%}
149  O                                                                         (0 = 0.0%) {63.6%}
187  -O                                                                        (1 = 3.0%) {63.6%}
234  -O                                                                        (1 = 3.0%) {66.7%}
293  O                                                                         (0 = 0.0%) {69.7%}
367  ------O                                                                   (6 = 18.2%) {69.7%}
460  O                                                                         (0 = 0.0%) {87.9%}
576  -O                                                                        (1 = 3.0%) {87.9%}
722  ---O                                                                      (3 = 9.1%) {90.9%}
905  ... 

Histogram: Browser.ERP.RequestPayloadSizePerHour recorded 6 samples, mean = 0.0 (flags = 0x41)
0  ------O                                                                   (6 = 100.0%)
1  ... 

Histogram: Browser.ERP.ResponsePayloadSizePerHour recorded 6 samples, mean = 0.0 (flags = 0x41)
0  ------O                                                                   (6 = 100.0%)
1  ... 

Histogram: Browser.MainThreadsCongestion recorded 371 samples, mean = 2.8 (flags = 0x41)
0   ------------------------------------------------------------------------O (218 = 58.8%)
1   -O                                                                        (4 = 1.1%) {58.8%}
2   --O                                                                       (6 = 1.6%) {59.8%}
3   --------------------O                                                     (60 = 16.2%) {61.5%}
4   ------O                                                                   (17 = 4.6%) {77.6%}
5   -O                                                                        (3 = 0.8%) {82.2%}
6   ---O                                                                      (8 = 2.2%) {83.0%}
7   --O                                                                       (7 = 1.9%) {85.2%}
8   --O                                                                       (5 = 1.3%) {87.1%}
9   O                                                                         (1 = 0.3%) {88.4%}
10  --O                                                                       (5 = 1.3%) {88.7%}
11  -O                                                                        (2 = 0.5%) {90.0%}
12  --O                                                                       (5 = 1.3%) {90.6%}
13  -O                                                                        (3 = 0.8%) {91.9%}
14  O                                                                         (1 = 0.3%) {92.7%}
15  --O                                                                       (6 = 1.6%) {93.0%}
16  ---O                                                                      (9 = 2.4%) {94.6%}
17  ----O                                                                     (11 = 3.0%) {97.0%}
19  ... 

Histogram: Browser.MainThreadsCongestion.ExtensionContentScripts.0 recorded 371 samples, mean = 2.8 (flags = 0x41)
0   ------------------------------------------------------------------------O (218 = 58.8%)
1   -O                                                                        (4 = 1.1%) {58.8%}
2   --O                                                                       (6 = 1.6%) {59.8%}
3   --------------------O                                                     (60 = 16.2%) {61.5%}
4   ------O                                                                   (17 = 4.6%) {77.6%}
5   -O                                                                        (3 = 0.8%) {82.2%}
6   ---O                                                                      (8 = 2.2%) {83.0%}
7   --O                                                                       (7 = 1.9%) {85.2%}
8   --O                                                                       (5 = 1.3%) {87.1%}
9   O                                                                         (1 = 0.3%) {88.4%}
10  --O                                                                       (5 = 1.3%) {88.7%}
11  -O                                                                        (2 = 0.5%) {90.0%}
12  --O                                                                       (5 = 1.3%) {90.6%}
13  -O                                                                        (3 = 0.8%) {91.9%}
14  O                                                                         (1 = 0.3%) {92.7%}
15  --O                                                                       (6 = 1.6%) {93.0%}
16  ---O                                                                      (9 = 2.4%) {94.6%}
17  ----O                                                                     (11 = 3.0%) {97.0%}
19  ... 

Histogram: Browser.MainThreadsCongestion.Initial recorded 1 samples, mean = 1.0 (flags = 0x41)
0  O                                                                         (0 = 0.0%)
1  -O                                                                        (1 = 100.0%) {0.0%}
2  ... 

Histogram: Browser.MainThreadsCongestion.Periodic recorded 370 samples, mean = 2.8 (flags = 0x41)
0   ------------------------------------------------------------------------O (218 = 58.9%)
1   -O                                                                        (3 = 0.8%) {58.9%}
2   --O                                                                       (6 = 1.6%) {59.7%}
3   --------------------O                                                     (60 = 16.2%) {61.4%}
4   ------O                                                                   (17 = 4.6%) {77.6%}
5   -O                                                                        (3 = 0.8%) {82.2%}
6   ---O                                                                      (8 = 2.2%) {83.0%}
7   --O                                                                       (7 = 1.9%) {85.1%}
8   --O                                                                       (5 = 1.4%) {87.0%}
9   O                                                                         (1 = 0.3%) {88.4%}
10  --O                                                                       (5 = 1.4%) {88.6%}
11  -O                                                                        (2 = 0.5%) {90.0%}
12  --O                                                                       (5 = 1.4%) {90.5%}
13  -O                                                                        (3 = 0.8%) {91.9%}
14  O                                                                         (1 = 0.3%) {92.7%}
15  --O                                                                       (6 = 1.6%) {93.0%}
16  ---O                                                                      (9 = 2.4%) {94.6%}
17  ----O                                                                     (11 = 3.0%) {97.0%}
19  ... 

Histogram: Browser.MainThreadsCongestion.RunningOnly recorded 614 samples, mean = 0.0 (flags = 0x41)
0  ------------------------------------------------------------------------O (614 = 100.0%)
1  ... 

Histogram: Browser.MainThreadsCongestion.RunningOnly.Initial recorded 1 samples, mean = 0.0 (flags = 0x41)
0  -O                                                                        (1 = 100.0%)
1  ... 

Histogram: Browser.MainThreadsCongestion.RunningOnly.Periodic recorded 370 samples, mean = 0.0 (flags = 0x41)
0  ------------------------------------------------------------------------O (370 = 100.0%)
1  ... 

Histogram: Browser.MainThreadsCongestion.ZeroWindow recorded 371 samples, mean = 2.8 (flags = 0x41)
0   ------------------------------------------------------------------------O (218 = 58.8%)
1   -O                                                                        (4 = 1.1%) {58.8%}
2   --O                                                                       (6 = 1.6%) {59.8%}
3   --------------------O                                                     (60 = 16.2%) {61.5%}
4   ------O                                                                   (17 = 4.6%) {77.6%}
5   -O                                                                        (3 = 0.8%) {82.2%}
6   ---O                                                                      (8 = 2.2%) {83.0%}
7   --O                                                                       (7 = 1.9%) {85.2%}
8   --O                                                                       (5 = 1.3%) {87.1%}
9   O                                                                         (1 = 0.3%) {88.4%}
10  --O                                                                       (5 = 1.3%) {88.7%}
11  -O                                                                        (2 = 0.5%) {90.0%}
12  --O                                                                       (5 = 1.3%) {90.6%}
13  -O                                                                        (3 = 0.8%) {91.9%}
14  O                                                                         (1 = 0.3%) {92.7%}
15  --O                                                                       (6 = 1.6%) {93.0%}
16  ---O                                                                      (9 = 2.4%) {94.6%}
17  ----O                                                                     (11 = 3.0%) {97.0%}
19  ... 

Histogram: Browser.Responsiveness.IOJanksTotalPerMinute recorded 307 samples, mean = 0.0 (flags = 0x41)
0  ------------------------------------------------------------------------O (307 = 100.0%)
1  ... 

Histogram: Browser.Responsiveness.IOJankyIntervalsPerMinute recorded 307 samples, mean = 0.0 (flags = 0x41)
0  ------------------------------------------------------------------------O (307 = 100.0%)
1  ... 

Histogram: BrowserRenderProcessHost.Cleanup.DelayReason recorded 12 samples, mean = 6.8 (flags = 0x41)
0  ---O                                                                      (3 = 25.0%)
1  ... 
9  ---------O                                                                (9 = 75.0%) {25.0%}
10 ... 

Histogram: BrowserRenderProcessHost.Cleanup.Total recorded 12 samples, mean = 1.0 (flags = 0x41)
0  O                                                                         (0 = 0.0%)
1  ------------O                                                             (12 = 100.0%) {0.0%}
2  O                                                                         (0 = 0.0%) {100.0%}

Histogram: BrowserRenderProcessHost.ExistingRendererIsInitializedAndNotDead recorded 1 samples, mean = 1.0 (flags = 0x41)
0  O                                                                         (0 = 0.0%)
1  -O                                                                        (1 = 100.0%) {0.0%}
2  O                                                                         (0 = 0.0%) {100.0%}

Histogram: BrowserRenderProcessHost.SpareProcessEvictedOtherSpare recorded 2 samples, mean = 0.0 (flags = 0x41)
0  --O                                                                       (2 = 100.0%)
1  ... 

Histogram: BrowserRenderProcessHost.SpareProcessMaybeTakeAction recorded 2 samples, mean = 2.0 (flags = 0x41)
0  -O                                                                        (1 = 50.0%)
1  ... 
4  -O                                                                        (1 = 50.0%) {50.0%}
5  ... 

Histogram: BrowserRenderProcessHost.SpareProcessStartupTime recorded 2 samples, mean = 3635.5 (flags = 0x41)
0     ... 
135   -O                                                                        (1 = 50.0%) {0.0%}
160   ... 
7083  -O                                                                        (1 = 50.0%) {50.0%}
8416  ... 

Histogram: BrowserSwitcher.ExternalGreylistSize recorded 1 samples, mean = 0.0 (flags = 0x41)
0  -O                                                                        (1 = 100.0%)
1  ... 

Histogram: BrowserSwitcher.ExternalSitelistSize recorded 1 samples, mean = 0.0 (flags = 0x41)
0  -O                                                                        (1 = 100.0%)
1  ... 

Histogram: BrowserSwitcher.IeemSitelistSize recorded 1 samples, mean = 0.0 (flags = 0x41)
0  -O                                                                        (1 = 100.0%)
1  ... 

Histogram: BrowsingTopics.BrowsingTopicsState.LoadFinishStatus recorded 1 samples, mean = 1.0 (flags = 0x41)
0  O                                                                         (0 = 0.0%)
1  -O                                                                        (1 = 100.0%) {0.0%}
2  O                                                                         (0 = 0.0%) {100.0%}

Histogram: BrowsingTopics.SiteDataStorage.FileSize.KB recorded 1 samples, mean = 28.0 (flags = 0x41)
0   ... 
28  -O                                                                        (1 = 100.0%) {0.0%}
37  ... 

Histogram: BrowsingTopics.SiteDataStorage.InitStatus recorded 1 samples, mean = 1.0 (flags = 0x41)
0  O                                                                         (0 = 0.0%)
1  -O                                                                        (1 = 100.0%) {0.0%}
2  O                                                                         (0 = 0.0%) {100.0%}

Histogram: CPU.Experimental.CpuEstimationTaskMigrated recorded 63 samples, mean = 0.1 (flags = 0x41)
0  -------------------------------------------------------O                  (55 = 87.3%)
1  --------O                                                                 (8 = 12.7%) {87.3%}
2  O                                                                         (0 = 0.0%) {100.0%}

Histogram: CPU.Experimental.CpuEstimationTaskQueuedTime.Performance recorded 63 samples, mean = 30.3 (flags = 0x41)
0    ... 
5    -O                                                                        (1 = 1.6%) {0.0%}
7    O                                                                         (0 = 0.0%) {1.6%}
9    -O                                                                        (1 = 1.6%) {1.6%}
12   --------O                                                                 (8 = 12.7%) {3.2%}
16   -------O                                                                  (7 = 11.1%) {15.9%}
21   --------------O                                                           (14 = 22.2%) {27.0%}
28   ---------------O                                                          (15 = 23.8%) {49.2%}
37   -----------O                                                              (11 = 17.5%) {73.0%}
49   -----O                                                                    (5 = 7.9%) {90.5%}
65   ... 
113  -O                                                                        (1 = 1.6%) {98.4%}
149  ... 

Histogram: CPU.Experimental.CpuEstimationTaskThreadTime.Performance recorded 63 samples, mean = 224.9 (flags = 0x41)
0    ... 
113  ------------O                                                             (12 = 19.0%) {0.0%}
149  ------O                                                                   (6 = 9.5%) {19.0%}
196  -------------------------------O                                          (31 = 49.2%) {28.6%}
258  -------O                                                                  (7 = 11.1%) {77.8%}
340  -------O                                                                  (7 = 11.1%) {88.9%}
448  ... 

Histogram: CPU.Experimental.CpuEstimationTaskTotalTime.Performance recorded 63 samples, mean = 264.0 (flags = 0x41)
0    ... 
149  ---------------O                                                          (15 = 23.8%) {0.0%}
196  -------------------O                                                      (19 = 30.2%) {23.8%}
258  -----------------O                                                        (17 = 27.0%) {54.0%}
340  -----------O                                                              (11 = 17.5%) {81.0%}
448  -O                                                                        (1 = 1.6%) {98.4%}
590  ... 

Histogram: CPU.Experimental.CpuEstimationTaskWallTime.Performance recorded 63 samples, mean = 233.6 (flags = 0x41)
0    ... 
113  ---------O                                                                (9 = 14.3%) {0.0%}
149  --------O                                                                 (8 = 12.7%) {14.3%}
196  -------------------------------O                                          (31 = 49.2%) {27.0%}
258  --------O                                                                 (8 = 12.7%) {76.2%}
340  ------O                                                                   (6 = 9.5%) {88.9%}
448  -O                                                                        (1 = 1.6%) {98.4%}
590  ... 

Histogram: CPU.Experimental.CpuEstimationThreadTimePercent.Performance recorded 63 samples, mean = 96.3 (flags = 0x41)
0   ... 
77  -O                                                                        (1 = 1.6%) {0.0%}
78  ... 
84  -O                                                                        (1 = 1.6%) {1.6%}
85  ... 
87  -O                                                                        (1 = 1.6%) {3.2%}
88  -O                                                                        (1 = 1.6%) {4.8%}
89  O                                                                         (0 = 0.0%) {6.3%}
90  -O                                                                        (1 = 1.6%) {6.3%}
91  --O                                                                       (2 = 3.2%) {7.9%}
92  ... 
94  ----O                                                                     (4 = 6.3%) {11.1%}
95  --O                                                                       (2 = 3.2%) {17.5%}
96  --O                                                                       (2 = 3.2%) {20.6%}
97  --------O                                                                 (8 = 12.7%) {23.8%}
98  ---------------------------------O                                        (33 = 52.4%) {36.5%}
99  -------O                                                                  (7 = 11.1%) {88.9%}
100 ... 

Histogram: CPU.Experimental.EstimatedFrequencyAsPercentOfLimit.Performance recorded 55 samples, mean = 120.9 (flags = 0x41)
0    ... 
66   -O                                                                        (1 = 1.8%) {0.0%}
67   -O                                                                        (1 = 1.8%) {1.8%}
68   -O                                                                        (1 = 1.8%) {3.6%}
69   --O                                                                       (2 = 3.6%) {5.5%}
70   ... 
78   --O                                                                       (2 = 3.6%) {9.1%}
79   O                                                                         (0 = 0.0%) {12.7%}
80   -O                                                                        (1 = 1.8%) {12.7%}
81   ... 
92   -O                                                                        (1 = 1.8%) {14.5%}
93   ... 
97   -O                                                                        (1 = 1.8%) {16.4%}
98   ---O                                                                      (3 = 5.5%) {18.2%}
99   -O                                                                        (1 = 1.8%) {23.6%}
100  ---O                                                                      (3 = 5.5%) {25.5%}
101  --------------------------------------O                                   (38 = 69.1%) {30.9%}

Histogram: CPU.Experimental.EstimatedFrequencyAsPercentOfMax.Performance recorded 55 samples, mean = 120.9 (flags = 0x41)
0    ... 
66   -O                                                                        (1 = 1.8%) {0.0%}
67   -O                                                                        (1 = 1.8%) {1.8%}
68   -O                                                                        (1 = 1.8%) {3.6%}
69   --O                                                                       (2 = 3.6%) {5.5%}
70   ... 
78   --O                                                                       (2 = 3.6%) {9.1%}
79   O                                                                         (0 = 0.0%) {12.7%}
80   -O                                                                        (1 = 1.8%) {12.7%}
81   ... 
92   -O                                                                        (1 = 1.8%) {14.5%}
93   ... 
97   -O                                                                        (1 = 1.8%) {16.4%}
98   ---O                                                                      (3 = 5.5%) {18.2%}
99   -O                                                                        (1 = 1.8%) {23.6%}
100  ---O                                                                      (3 = 5.5%) {25.5%}
101  --------------------------------------O                                   (38 = 69.1%) {30.9%}

Histogram: CertificateType2.BR.Intermediate.ECDSA recorded 5 samples, mean = 307.2 (flags = 0x41)
0    ... 
256  ---O                                                                      (3 = 60.0%) {0.0%}
257  ... 
384  --O                                                                       (2 = 40.0%) {60.0%}
385  ... 

Histogram: CertificateType2.BR.Intermediate.RSA recorded 6 samples, mean = 2048.0 (flags = 0x41)
0     ... 
2048  ------O                                                                   (6 = 100.0%) {0.0%}
2049  ... 

Histogram: CertificateType2.BR.Leaf.ECDSA recorded 8 samples, mean = 256.0 (flags = 0x41)
0    ... 
256  --------O                                                                 (8 = 100.0%) {0.0%}
257  ... 

Histogram: CertificateType2.BR.Leaf.RSA recorded 2 samples, mean = 2048.0 (flags = 0x41)
0     ... 
2048  --O                                                                       (2 = 100.0%) {0.0%}
2049  ... 

Histogram: CertificateType2.BR.Root.ECDSA recorded 4 samples, mean = 384.0 (flags = 0x41)
0    ... 
384  ----O                                                                     (4 = 100.0%) {0.0%}
385  ... 

Histogram: CertificateType2.BR.Root.RSA recorded 6 samples, mean = 3413.3 (flags = 0x41)
0     ... 
2048  --O                                                                       (2 = 33.3%) {0.0%}
2049  ... 
4096  ----O                                                                     (4 = 66.7%) {33.3%}
4097  ... 

Histogram: ChildProcess.Launched.UtilityProcessHash recorded 3 samples (flags = 0x41)
-2043041185 -O                                                                        (1 = 33.3%)
-1468742076 -O                                                                        (1 = 33.3%)
1411170475  -O                                                                        (1 = 33.3%)

Histogram: ChildProcess.ProcessLifetime.Utility recorded 3 samples, mean = 15452569.0 (flags = 0x41)
0        ... 
1816     -O                                                                        (1 = 33.3%) {0.0%}
2460     ... 
3600000  --O                                                                       (2 = 66.7%) {33.3%}

Histogram: Chrome.ProcessSingleton.NotifyResult recorded 1 samples, mean = 0.0 (flags = 0x41)
0  -O                                                                        (1 = 100.0%)
1  ... 

Histogram: Chrome.ProcessSingleton.TimeToCreate recorded 1 samples, mean = 1.0 (flags = 0x41)
0  -O                                                                        (1 = 100.0%)
10 ... 

Histogram: Chrome.SystemNetworkContextManager.NetworkSandboxState recorded 4 samples, mean = 0.0 (flags = 0x41)
0  ----O                                                                     (4 = 100.0%)
1  ... 

Histogram: ChromeElf.Beacon.RetryAttemptsBeforeSuccess recorded 1 samples, mean = 0.0 (flags = 0x41)
0  -O                                                                        (1 = 100.0%)
1  ... 

Histogram: ChromeElf.Beacon.SetupStatus recorded 1 samples, mean = 1.0 (flags = 0x41)
0  O                                                                         (0 = 0.0%)
1  -O                                                                        (1 = 100.0%) {0.0%}
2  ... 

Histogram: ChromeElf.ExtensionPoint.EnableState recorded 1 samples, mean = 1.0 (flags = 0x41)
0  O                                                                         (0 = 0.0%)
1  -O                                                                        (1 = 100.0%) {0.0%}
2  O                                                                         (0 = 0.0%) {100.0%}

Histogram: ClientHints.CriticalCHRestart recorded 1 samples, mean = 0.0 (flags = 0x41)
0  -O                                                                        (1 = 100.0%)
1  ... 

Histogram: ClientHints.FetchLatency_PrefRead recorded 5 samples, mean = 10.4 (flags = 0x41)
0   ... 
4   ----O                                                                     (4 = 80.0%) {0.0%}
6   ... 
29  -O                                                                        (1 = 20.0%) {80.0%}
40  ... 

Histogram: ClientHints.FetchLatency_PrerenderHost recorded 5 samples, mean = 0.8 (flags = 0x41)
0  ---O                                                                      (3 = 60.0%)
1  -O                                                                        (1 = 20.0%) {60.0%}
2  O                                                                         (0 = 0.0%) {80.0%}
3  -O                                                                        (1 = 20.0%) {80.0%}
4  ... 

Histogram: ClientHints.FetchLatency_Total recorded 5 samples, mean = 11.2 (flags = 0x41)
0   ... 
4   ---O                                                                      (3 = 60.0%) {0.0%}
6   -O                                                                        (1 = 20.0%) {60.0%}
8   ... 
29  -O                                                                        (1 = 20.0%) {80.0%}
40  ... 

Histogram: Compositing.Browser.CompositorFrame.Quads recorded 3 samples, mean = 1.0 (flags = 0x41)
0  O                                                                         (0 = 0.0%)
1  ---O                                                                      (3 = 100.0%) {0.0%}
2  ... 

Histogram: Compositing.Browser.LayerTreeImpl.CalculateDrawPropertiesUs recorded 3 samples, mean = 46.0 (flags = 0x41)
0   ... 
16  -O                                                                        (1 = 33.3%) {0.0%}
21  -O                                                                        (1 = 33.3%) {33.3%}
28  ... 
86  -O                                                                        (1 = 33.3%) {66.7%}
113 ... 

Histogram: Compositing.Browser.LayersUpdateTime recorded 3 samples, mean = 52.3 (flags = 0x41)
0    ... 
15   -O                                                                        (1 = 33.3%) {0.0%}
21   O                                                                         (0 = 0.0%) {33.3%}
29   -O                                                                        (1 = 33.3%) {33.3%}
40   ... 
105  -O                                                                        (1 = 33.3%) {66.7%}
146  ... 

Histogram: Compositing.ColorGamut recorded 4 samples, mean = 0.0 (flags = 0x41)
0  ----O                                                                     (4 = 100.0%)
1  ... 

Histogram: Compositing.DidMainThreadBlockDuringCommit recorded 7 samples, mean = 0.1 (flags = 0x41)
0  ------O                                                                   (6 = 85.7%)
1  -O                                                                        (1 = 14.3%) {85.7%}
2  O                                                                         (0 = 0.0%) {100.0%}

Histogram: Compositing.DirectRenderer.OverlayProcessingUs recorded 4 samples, mean = 0.0 (flags = 0x41)
0  ----O                                                                     (4 = 100.0%)
5  ... 

Histogram: Compositing.DirectRenderer.PartialSwap.ExtraDamage recorded 4 samples, mean = 0.0 (flags = 0x41)
0  ----O                                                                     (4 = 100.0%)
1  ... 

Histogram: Compositing.DirectRenderer.PartialSwap.FrameBufferDamage recorded 4 samples, mean = 0.0 (flags = 0x41)
0  ----O                                                                     (4 = 100.0%)
1  ... 

Histogram: Compositing.DirectRenderer.PartialSwap.RootDamage recorded 4 samples, mean = 100.0 (flags = 0x41)
0    ... 
100  ----O                                                                     (4 = 100.0%) {0.0%}
101  O                                                                         (0 = 0.0%) {100.0%}

Histogram: Compositing.DirectRenderer.PartialSwap.TotalDamage recorded 4 samples, mean = 100.0 (flags = 0x41)
0    ... 
100  ----O                                                                     (4 = 100.0%) {0.0%}
101  O                                                                         (0 = 0.0%) {100.0%}

Histogram: Compositing.DirectRenderer.SkipAllNonRootRenderPassesPerFrame recorded 2 samples, mean = 0.0 (flags = 0x41)
0  --O                                                                       (2 = 100.0%)
1  ... 

Histogram: Compositing.DirectRenderer.SkipNonRootRenderPass recorded 2 samples, mean = 0.0 (flags = 0x41)
0  --O                                                                       (2 = 100.0%)
1  ... 

Histogram: Compositing.DirectRenderer.TotalPixelsRendered recorded 4 samples, mean = 6.0 (flags = 0x41)
0  ... 
4  --O                                                                       (2 = 50.0%) {0.0%}
6  --O                                                                       (2 = 50.0%) {50.0%}
9  ... 

Histogram: Compositing.Display.Draw.Occlusion.Calculation.Time recorded 4 samples, mean = 7.8 (flags = 0x41)
0   ... 
2   -O                                                                        (1 = 25.0%) {0.0%}
3   ... 
7   --O                                                                       (2 = 50.0%) {25.0%}
8   ... 
14  -O                                                                        (1 = 25.0%) {75.0%}
16  ... 

Histogram: Compositing.Display.Draw.Quads recorded 4 samples, mean = 2.0 (flags = 0x41)
0  O                                                                         (0 = 0.0%)
1  --O                                                                       (2 = 50.0%) {0.0%}
2  O                                                                         (0 = 0.0%) {50.0%}
3  --O                                                                       (2 = 50.0%) {50.0%}
4  ... 

Histogram: Compositing.Display.DrawToSwapUs recorded 4 samples, mean = 6792.2 (flags = 0x41)
0      ... 
594    -O                                                                        (1 = 25.0%) {0.0%}
720    -O                                                                        (1 = 25.0%) {25.0%}
873    ... 
8824   -O                                                                        (1 = 25.0%) {50.0%}
10700  ... 
15732  -O                                                                        (1 = 25.0%) {75.0%}
19076  ... 

Histogram: Compositing.Display.FlattenedRenderPassCount recorded 4 samples, mean = 1.5 (flags = 0x41)
0  O                                                                         (0 = 0.0%)
1  --O                                                                       (2 = 50.0%) {0.0%}
2  --O                                                                       (2 = 50.0%) {50.0%}
3  ... 

Histogram: Compositing.Display.PendingSwaps recorded 4 samples, mean = 1.0 (flags = 0x41)
0  O                                                                         (0 = 0.0%)
1  ----O                                                                     (4 = 100.0%) {0.0%}
2  ... 

Histogram: Compositing.Display.VizDependencyResolvedToGpuStartedDrawUs recorded 4 samples, mean = 87.0 (flags = 0x41)
0    ... 
33   -O                                                                        (1 = 25.0%) {0.0%}
40   -O                                                                        (1 = 25.0%) {25.0%}
49   -O                                                                        (1 = 25.0%) {50.0%}
59   ... 
187  -O                                                                        (1 = 25.0%) {75.0%}
227  ... 

Histogram: Compositing.Display.VizScheduledDrawToDependencyResolvedUs recorded 4 samples, mean = 4.0 (flags = 0x41)
0  --O                                                                       (2 = 50.0%)
5  O                                                                         (0 = 0.0%) {50.0%}
6  -O                                                                        (1 = 25.0%) {50.0%}
7  -O                                                                        (1 = 25.0%) {75.0%}
8  ... 

Histogram: Compositing.Display.VizScheduledDrawToGpuStartedDrawUs recorded 4 samples, mean = 91.0 (flags = 0x41)
0    ... 
40   -O                                                                        (1 = 25.0%) {0.0%}
49   --O                                                                       (2 = 50.0%) {25.0%}
59   ... 
187  -O                                                                        (1 = 25.0%) {75.0%}
227  ... 

Histogram: Compositing.MainThreadBlockedDuringCommitTime recorded 1 samples, mean = 12.0 (flags = 0x41)
0   ... 
11  -O                                                                        (1 = 100.0%) {0.0%}
15  ... 

Histogram: Compositing.Renderer.CompositorFrame.Quads recorded 1 samples, mean = 2.0 (flags = 0x41)
0  ... 
2  -O                                                                        (1 = 100.0%) {0.0%}
3  ... 

Histogram: Compositing.Renderer.LayersUpdateTime recorded 5 samples, mean = 30.4 (flags = 0x41)
0   ... 
8   -O                                                                        (1 = 20.0%) {0.0%}
11  -O                                                                        (1 = 20.0%) {20.0%}
15  -O                                                                        (1 = 20.0%) {40.0%}
21  O                                                                         (0 = 0.0%) {60.0%}
29  -O                                                                        (1 = 20.0%) {60.0%}
40  ... 
76  -O                                                                        (1 = 20.0%) {80.0%}
105 ... 

Histogram: Compositing.Renderer.NumRenderSurfaces recorded 8 samples, mean = 1.0 (flags = 0x41)
0  O                                                                         (0 = 0.0%)
1  --------O                                                                 (8 = 100.0%) {0.0%}
2  ... 

Histogram: Compositing.SurfaceAggregator.AggregateUs recorded 4 samples, mean = 16522.0 (flags = 0x41)
0      ... 
49     -O                                                                        (1 = 25.0%) {0.0%}
65     -O                                                                        (1 = 25.0%) {25.0%}
86     ... 
149    -O                                                                        (1 = 25.0%) {50.0%}
196    ... 
63662  -O                                                                        (1 = 25.0%) {75.0%}
83848  ... 

Histogram: Compositing.SurfaceAggregator.CopiedSurfaceCount recorded 4 samples, mean = 1.5 (flags = 0x41)
0  O                                                                         (0 = 0.0%)
1  --O                                                                       (2 = 50.0%) {0.0%}
2  --O                                                                       (2 = 50.0%) {50.0%}
3  ... 

Histogram: Compositing.SurfaceAggregator.CopyUs recorded 4 samples, mean = 19.5 (flags = 0x41)
0   ... 
11  -O                                                                        (1 = 25.0%) {0.0%}
13  O                                                                         (0 = 0.0%) {25.0%}
15  -O                                                                        (1 = 25.0%) {25.0%}
18  O                                                                         (0 = 0.0%) {50.0%}
21  -O                                                                        (1 = 25.0%) {50.0%}
25  -O                                                                        (1 = 25.0%) {75.0%}
29  ... 

Histogram: Compositing.SurfaceAggregator.HasCopyRequestsPerFrame recorded 4 samples, mean = 0.2 (flags = 0x41)
0  ---O                                                                      (3 = 75.0%)
1  -O                                                                        (1 = 25.0%) {75.0%}
2  O                                                                         (0 = 0.0%) {100.0%}

Histogram: Compositing.SurfaceAggregator.HasPixelMovingBackdropFiltersPerFrame recorded 4 samples, mean = 0.0 (flags = 0x41)
0  ----O                                                                     (4 = 100.0%)
1  ... 

Histogram: Compositing.SurfaceAggregator.HasPixelMovingFiltersPerFrame recorded 4 samples, mean = 0.0 (flags = 0x41)
0  ----O                                                                     (4 = 100.0%)
1  ... 

Histogram: Compositing.SurfaceAggregator.HasUnembeddedRenderPassesPerFrame recorded 4 samples, mean = 0.0 (flags = 0x41)
0  ----O                                                                     (4 = 100.0%)
1  ... 

Histogram: Compositing.SurfaceAggregator.PrewalkUs recorded 4 samples, mean = 16471.5 (flags = 0x41)
0      ... 
34     --O                                                                       (2 = 50.0%) {0.0%}
40     ... 
64     -O                                                                        (1 = 25.0%) {50.0%}
75     ... 
10000  -O                                                                        (1 = 25.0%) {75.0%}

Histogram: Compositing.SurfaceAggregator.PrewalkedSurfaceCount recorded 4 samples, mean = 1.5 (flags = 0x41)
0  O                                                                         (0 = 0.0%)
1  --O                                                                       (2 = 50.0%) {0.0%}
2  --O                                                                       (2 = 50.0%) {50.0%}
3  ... 

Histogram: Compositing.SurfaceManager.MarkForDestructionToDestroy recorded 1 samples, mean = 74.0 (flags = 0x41)
0   ... 
68  -O                                                                        (1 = 100.0%) {0.0%}
81  ... 

Histogram: Content.Classification.OpenGraph recorded 1 samples, mean = 4.0 (flags = 0x41)
0  ... 
4  -O                                                                        (1 = 100.0%) {0.0%}
5  ... 

Histogram: ContentSettings.AllowStorageAccessSync recorded 4 samples, mean = 0.0 (flags = 0x41)
0  ----O                                                                     (4 = 100.0%)
1  ... 

Histogram: ContentSettings.GetContentSetting.Network.Duration recorded 397 samples, mean = 0.8 (flags = 0x41)
0   ------------------------------------------------------------------------O (226 = 56.9%)
1   ---------------------------------------O                                  (121 = 30.5%) {56.9%}
2   ----O                                                                     (14 = 3.5%) {87.4%}
3   --O                                                                       (7 = 1.8%) {90.9%}
4   ---O                                                                      (10 = 2.5%) {92.7%}
5   ----O                                                                     (12 = 3.0%) {95.2%}
7   -O                                                                        (3 = 0.8%) {98.2%}
9   -O                                                                        (3 = 0.8%) {99.0%}
12  O                                                                         (1 = 0.3%) {99.7%}
16  ... 

Histogram: ContentSettings.GetCookieSettingInternal.Duration recorded 124 samples, mean = 10.6 (flags = 0x41)
0    O                                                                         (0 = 0.0%)
1    ----------------------------O                                             (28 = 22.6%) {0.0%}
2    -------------------------------O                                          (31 = 25.0%) {22.6%}
3    -----------------O                                                        (17 = 13.7%) {47.6%}
4    --O                                                                       (2 = 1.6%) {61.3%}
5    -------O                                                                  (7 = 5.6%) {62.9%}
7    ---O                                                                      (3 = 2.4%) {68.5%}
9    ----O                                                                     (4 = 3.2%) {71.0%}
12   -------O                                                                  (7 = 5.6%) {74.2%}
16   ----O                                                                     (4 = 3.2%) {79.8%}
21   ---------O                                                                (9 = 7.3%) {83.1%}
28   ------O                                                                   (6 = 4.8%) {90.3%}
37   ---O                                                                      (3 = 2.4%) {95.2%}
49   -O                                                                        (1 = 0.8%) {97.6%}
65   -O                                                                        (1 = 0.8%) {98.4%}
86   ... 
196  -O                                                                        (1 = 0.8%) {99.2%}
258  ... 

Histogram: ContentSettings.NumberOfExceptions recorded 1 samples, mean = 3.0 (flags = 0x41)
0  ... 
3  -O                                                                        (1 = 100.0%) {0.0%}
4  ... 

Histogram: ContentSettings.Popups.StrongBlockerActions recorded 1 samples, mean = 0.0 (flags = 0x41)
0  -O                                                                        (1 = 100.0%)
1  ... 

Histogram: ContentSettings.RegularProfile.DefaultAutoVerifySetting recorded 1 samples, mean = 1.0 (flags = 0x41)
0  O                                                                         (0 = 0.0%)
1  -O                                                                        (1 = 100.0%) {0.0%}
2  ... 

Histogram: ContentSettings.RegularProfile.DefaultAutoplaySetting recorded 1 samples, mean = 1.0 (flags = 0x41)
0  O                                                                         (0 = 0.0%)
1  -O                                                                        (1 = 100.0%) {0.0%}
2  ... 

Histogram: ContentSettings.RegularProfile.DefaultBackgroundSyncSetting recorded 1 samples, mean = 1.0 (flags = 0x41)
0  O                                                                         (0 = 0.0%)
1  -O                                                                        (1 = 100.0%) {0.0%}
2  ... 

Histogram: ContentSettings.RegularProfile.DefaultCookiesSetting recorded 1 samples, mean = 1.0 (flags = 0x41)
0  O                                                                         (0 = 0.0%)
1  -O                                                                        (1 = 100.0%) {0.0%}
2  ... 

Histogram: ContentSettings.RegularProfile.DefaultIdleDetectionSetting recorded 1 samples, mean = 3.0 (flags = 0x41)
0  ... 
3  -O                                                                        (1 = 100.0%) {0.0%}
4  ... 

Histogram: ContentSettings.RegularProfile.DefaultImagesSetting recorded 1 samples, mean = 1.0 (flags = 0x41)
0  O                                                                         (0 = 0.0%)
1  -O                                                                        (1 = 100.0%) {0.0%}
2  ... 

Histogram: ContentSettings.RegularProfile.DefaultJavaScriptSetting recorded 1 samples, mean = 1.0 (flags = 0x41)
0  O                                                                         (0 = 0.0%)
1  -O                                                                        (1 = 100.0%) {0.0%}
2  ... 

Histogram: ContentSettings.RegularProfile.DefaultLocationSetting recorded 1 samples, mean = 3.0 (flags = 0x41)
0  ... 
3  -O                                                                        (1 = 100.0%) {0.0%}
4  ... 

Histogram: ContentSettings.RegularProfile.DefaultMIDISysExSetting recorded 1 samples, mean = 3.0 (flags = 0x41)
0  ... 
3  -O                                                                        (1 = 100.0%) {0.0%}
4  ... 

Histogram: ContentSettings.RegularProfile.DefaultMediaStreamCameraSetting recorded 1 samples, mean = 3.0 (flags = 0x41)
0  ... 
3  -O                                                                        (1 = 100.0%) {0.0%}
4  ... 

Histogram: ContentSettings.RegularProfile.DefaultMediaStreamMicSetting recorded 1 samples, mean = 3.0 (flags = 0x41)
0  ... 
3  -O                                                                        (1 = 100.0%) {0.0%}
4  ... 

Histogram: ContentSettings.RegularProfile.DefaultNotificationsSetting recorded 1 samples, mean = 3.0 (flags = 0x41)
0  ... 
3  -O                                                                        (1 = 100.0%) {0.0%}
4  ... 

Histogram: ContentSettings.RegularProfile.DefaultPopupsSetting recorded 1 samples, mean = 2.0 (flags = 0x41)
0  ... 
2  -O                                                                        (1 = 100.0%) {0.0%}
3  ... 

Histogram: ContentSettings.RegularProfile.DefaultSoundSetting recorded 1 samples, mean = 1.0 (flags = 0x41)
0  O                                                                         (0 = 0.0%)
1  -O                                                                        (1 = 100.0%) {0.0%}
2  ... 

Histogram: ContentSettings.RegularProfile.DefaultStorageAccessSetting recorded 1 samples, mean = 3.0 (flags = 0x41)
0  ... 
3  -O                                                                        (1 = 100.0%) {0.0%}
4  ... 

Histogram: ContentSettings.RegularProfile.DefaultSubresourceFilterSetting recorded 1 samples, mean = 2.0 (flags = 0x41)
0  ... 
2  -O                                                                        (1 = 100.0%) {0.0%}
3  ... 

Histogram: ContentSettings.RegularProfile.DefaultUsbGuardSetting recorded 1 samples, mean = 3.0 (flags = 0x41)
0  ... 
3  -O                                                                        (1 = 100.0%) {0.0%}
4  ... 

Histogram: ContentSettings.RegularProfile.DefaultWebBluetoothGuardSetting recorded 1 samples, mean = 3.0 (flags = 0x41)
0  ... 
3  -O                                                                        (1 = 100.0%) {0.0%}
4  ... 

Histogram: ContentSettings.RegularProfile.Exceptions.3pcd-heuristics-grants recorded 1 samples, mean = 0.0 (flags = 0x41)
0  -O                                                                        (1 = 100.0%)
1  ... 

Histogram: ContentSettings.RegularProfile.Exceptions.3pcd-support recorded 1 samples, mean = 0.0 (flags = 0x41)
0  -O                                                                        (1 = 100.0%)
1  ... 

Histogram: ContentSettings.RegularProfile.Exceptions.abusive-notification-permissions recorded 1 samples, mean = 0.0 (flags = 0x41)
0  -O                                                                        (1 = 100.0%)
1  ... 

Histogram: ContentSettings.RegularProfile.Exceptions.access-to-get-all-screens-media-in-session recorded 1 samples, mean = 0.0 (flags = 0x41)
0  -O                                                                        (1 = 100.0%)
1  ... 

Histogram: ContentSettings.RegularProfile.Exceptions.accessibility-events recorded 1 samples, mean = 0.0 (flags = 0x41)
0  -O                                                                        (1 = 100.0%)
1  ... 

Histogram: ContentSettings.RegularProfile.Exceptions.anti-abuse recorded 1 samples, mean = 0.0 (flags = 0x41)
0  -O                                                                        (1 = 100.0%)
1  ... 

Histogram: ContentSettings.RegularProfile.Exceptions.app-banner recorded 1 samples, mean = 0.0 (flags = 0x41)
0  -O                                                                        (1 = 100.0%)
1  ... 

Histogram: ContentSettings.RegularProfile.Exceptions.ar recorded 1 samples, mean = 0.0 (flags = 0x41)
0  -O                                                                        (1 = 100.0%)
1  ... 

Histogram: ContentSettings.RegularProfile.Exceptions.auto-picture-in-picture recorded 1 samples, mean = 0.0 (flags = 0x41)
0  -O                                                                        (1 = 100.0%)
1  ... 

Histogram: ContentSettings.RegularProfile.Exceptions.auto-select-certificate recorded 1 samples, mean = 0.0 (flags = 0x41)
0  -O                                                                        (1 = 100.0%)
1  ... 

Histogram: ContentSettings.RegularProfile.Exceptions.automatic-downloads recorded 1 samples, mean = 0.0 (flags = 0x41)
0  -O                                                                        (1 = 100.0%)
1  ... 

Histogram: ContentSettings.RegularProfile.Exceptions.automatic-fullscreen recorded 1 samples, mean = 0.0 (flags = 0x41)
0  -O                                                                        (1 = 100.0%)
1  ... 

Histogram: ContentSettings.RegularProfile.Exceptions.autoplay recorded 1 samples, mean = 0.0 (flags = 0x41)
0  -O                                                                        (1 = 100.0%)
1  ... 

Histogram: ContentSettings.RegularProfile.Exceptions.background-sync recorded 1 samples, mean = 0.0 (flags = 0x41)
0  -O                                                                        (1 = 100.0%)
1  ... 

Histogram: ContentSettings.RegularProfile.Exceptions.bluetooth-chooser-data recorded 1 samples, mean = 0.0 (flags = 0x41)
0  -O                                                                        (1 = 100.0%)
1  ... 

Histogram: ContentSettings.RegularProfile.Exceptions.bluetooth-guard recorded 1 samples, mean = 0.0 (flags = 0x41)
0  -O                                                                        (1 = 100.0%)
1  ... 

Histogram: ContentSettings.RegularProfile.Exceptions.bluetooth-scanning recorded 1 samples, mean = 0.0 (flags = 0x41)
0  -O                                                                        (1 = 100.0%)
1  ... 

Histogram: ContentSettings.RegularProfile.Exceptions.camera-pan-tilt-zoom recorded 1 samples, mean = 0.0 (flags = 0x41)
0  -O                                                                        (1 = 100.0%)
1  ... 

Histogram: ContentSettings.RegularProfile.Exceptions.captured-surface-control recorded 1 samples, mean = 0.0 (flags = 0x41)
0  -O                                                                        (1 = 100.0%)
1  ... 

Histogram: ContentSettings.RegularProfile.Exceptions.client-hints recorded 1 samples, mean = 0.0 (flags = 0x41)
0  -O                                                                        (1 = 100.0%)
1  ... 

Histogram: ContentSettings.RegularProfile.Exceptions.clipboard recorded 1 samples, mean = 0.0 (flags = 0x41)
0  -O                                                                        (1 = 100.0%)
1  ... 

Histogram: ContentSettings.RegularProfile.Exceptions.cookie-controls-metadata recorded 1 samples, mean = 0.0 (flags = 0x41)
0  -O                                                                        (1 = 100.0%)
1  ... 

Histogram: ContentSettings.RegularProfile.Exceptions.cookies recorded 1 samples, mean = 0.0 (flags = 0x41)
0  -O                                                                        (1 = 100.0%)
1  ... 

Histogram: ContentSettings.RegularProfile.Exceptions.cookies.Allow recorded 1 samples, mean = 0.0 (flags = 0x41)
0  -O                                                                        (1 = 100.0%)
1  ... 

Histogram: ContentSettings.RegularProfile.Exceptions.cookies.AllowThirdParty recorded 1 samples, mean = 0.0 (flags = 0x41)
0  -O                                                                        (1 = 100.0%)
1  ... 

Histogram: ContentSettings.RegularProfile.Exceptions.cookies.Block recorded 1 samples, mean = 0.0 (flags = 0x41)
0  -O                                                                        (1 = 100.0%)
1  ... 

Histogram: ContentSettings.RegularProfile.Exceptions.cookies.DomainWildcardAllowThirdParty recorded 1 samples, mean = 0.0 (flags = 0x41)
0  -O                                                                        (1 = 100.0%)
1  ... 

Histogram: ContentSettings.RegularProfile.Exceptions.cookies.SessionOnly recorded 1 samples, mean = 0.0 (flags = 0x41)
0  -O                                                                        (1 = 100.0%)
1  ... 

Histogram: ContentSettings.RegularProfile.Exceptions.cookies.TemporaryAllowThirdParty recorded 1 samples, mean = 0.0 (flags = 0x41)
0  -O                                                                        (1 = 100.0%)
1  ... 

Histogram: ContentSettings.RegularProfile.Exceptions.direct-sockets recorded 1 samples, mean = 0.0 (flags = 0x41)
0  -O                                                                        (1 = 100.0%)
1  ... 

Histogram: ContentSettings.RegularProfile.Exceptions.display-media-system-audio recorded 1 samples, mean = 0.0 (flags = 0x41)
0  -O                                                                        (1 = 100.0%)
1  ... 

Histogram: ContentSettings.RegularProfile.Exceptions.durable-storage recorded 1 samples, mean = 0.0 (flags = 0x41)
0  -O                                                                        (1 = 100.0%)
1  ... 

Histogram: ContentSettings.RegularProfile.Exceptions.fedcm-idp-registration recorded 1 samples, mean = 0.0 (flags = 0x41)
0  -O                                                                        (1 = 100.0%)
1  ... 

Histogram: ContentSettings.RegularProfile.Exceptions.fedcm-idp-signin recorded 1 samples, mean = 1.0 (flags = 0x41)
0  O                                                                         (0 = 0.0%)
1  -O                                                                        (1 = 100.0%) {0.0%}
2  ... 

Histogram: ContentSettings.RegularProfile.Exceptions.fedcm-share recorded 1 samples, mean = 0.0 (flags = 0x41)
0  -O                                                                        (1 = 100.0%)
1  ... 

Histogram: ContentSettings.RegularProfile.Exceptions.file-system-access-chooser-data recorded 1 samples, mean = 0.0 (flags = 0x41)
0  -O                                                                        (1 = 100.0%)
1  ... 

Histogram: ContentSettings.RegularProfile.Exceptions.file-system-access-extended-permission recorded 1 samples, mean = 0.0 (flags = 0x41)
0  -O                                                                        (1 = 100.0%)
1  ... 

Histogram: ContentSettings.RegularProfile.Exceptions.file-system-access-restore-permission recorded 1 samples, mean = 0.0 (flags = 0x41)
0  -O                                                                        (1 = 100.0%)
1  ... 

Histogram: ContentSettings.RegularProfile.Exceptions.file-system-last-picked-directory recorded 1 samples, mean = 0.0 (flags = 0x41)
0  -O                                                                        (1 = 100.0%)
1  ... 

Histogram: ContentSettings.RegularProfile.Exceptions.file-system-read-guard recorded 1 samples, mean = 0.0 (flags = 0x41)
0  -O                                                                        (1 = 100.0%)
1  ... 

Histogram: ContentSettings.RegularProfile.Exceptions.file-system-write-guard recorded 1 samples, mean = 0.0 (flags = 0x41)
0  -O                                                                        (1 = 100.0%)
1  ... 

Histogram: ContentSettings.RegularProfile.Exceptions.formfill-metadata recorded 1 samples, mean = 0.0 (flags = 0x41)
0  -O                                                                        (1 = 100.0%)
1  ... 

Histogram: ContentSettings.RegularProfile.Exceptions.geolocation recorded 1 samples, mean = 0.0 (flags = 0x41)
0  -O                                                                        (1 = 100.0%)
1  ... 

Histogram: ContentSettings.RegularProfile.Exceptions.hid-chooser-data recorded 1 samples, mean = 0.0 (flags = 0x41)
0  -O                                                                        (1 = 100.0%)
1  ... 

Histogram: ContentSettings.RegularProfile.Exceptions.hid-guard recorded 1 samples, mean = 0.0 (flags = 0x41)
0  -O                                                                        (1 = 100.0%)
1  ... 

Histogram: ContentSettings.RegularProfile.Exceptions.http-allowed recorded 1 samples, mean = 0.0 (flags = 0x41)
0  -O                                                                        (1 = 100.0%)
1  ... 

Histogram: ContentSettings.RegularProfile.Exceptions.https-enforced recorded 1 samples, mean = 0.0 (flags = 0x41)
0  -O                                                                        (1 = 100.0%)
1  ... 

Histogram: ContentSettings.RegularProfile.Exceptions.idle-detection recorded 1 samples, mean = 0.0 (flags = 0x41)
0  -O                                                                        (1 = 100.0%)
1  ... 

Histogram: ContentSettings.RegularProfile.Exceptions.images recorded 1 samples, mean = 0.0 (flags = 0x41)
0  -O                                                                        (1 = 100.0%)
1  ... 

Histogram: ContentSettings.RegularProfile.Exceptions.important-site-info recorded 1 samples, mean = 0.0 (flags = 0x41)
0  -O                                                                        (1 = 100.0%)
1  ... 

Histogram: ContentSettings.RegularProfile.Exceptions.insecure-private-network recorded 1 samples, mean = 0.0 (flags = 0x41)
0  -O                                                                        (1 = 100.0%)
1  ... 

Histogram: ContentSettings.RegularProfile.Exceptions.intent-picker-auto-display recorded 1 samples, mean = 0.0 (flags = 0x41)
0  -O                                                                        (1 = 100.0%)
1  ... 

Histogram: ContentSettings.RegularProfile.Exceptions.javascript recorded 1 samples, mean = 0.0 (flags = 0x41)
0  -O                                                                        (1 = 100.0%)
1  ... 

Histogram: ContentSettings.RegularProfile.Exceptions.javascript-jit recorded 1 samples, mean = 0.0 (flags = 0x41)
0  -O                                                                        (1 = 100.0%)
1  ... 

Histogram: ContentSettings.RegularProfile.Exceptions.javascript-optimizer recorded 1 samples, mean = 0.0 (flags = 0x41)
0  -O                                                                        (1 = 100.0%)
1  ... 

Histogram: ContentSettings.RegularProfile.Exceptions.keyboard-lock recorded 1 samples, mean = 0.0 (flags = 0x41)
0  -O                                                                        (1 = 100.0%)
1  ... 

Histogram: ContentSettings.RegularProfile.Exceptions.legacy-cookie-access recorded 1 samples, mean = 0.0 (flags = 0x41)
0  -O                                                                        (1 = 100.0%)
1  ... 

Histogram: ContentSettings.RegularProfile.Exceptions.local-fonts recorded 1 samples, mean = 0.0 (flags = 0x41)
0  -O                                                                        (1 = 100.0%)
1  ... 

Histogram: ContentSettings.RegularProfile.Exceptions.media-engagement recorded 1 samples, mean = 1.0 (flags = 0x41)
0  O                                                                         (0 = 0.0%)
1  -O                                                                        (1 = 100.0%) {0.0%}
2  ... 

Histogram: ContentSettings.RegularProfile.Exceptions.media-stream-camera recorded 1 samples, mean = 0.0 (flags = 0x41)
0  -O                                                                        (1 = 100.0%)
1  ... 

Histogram: ContentSettings.RegularProfile.Exceptions.media-stream-mic recorded 1 samples, mean = 0.0 (flags = 0x41)
0  -O                                                                        (1 = 100.0%)
1  ... 

Histogram: ContentSettings.RegularProfile.Exceptions.midi-sysex recorded 1 samples, mean = 0.0 (flags = 0x41)
0  -O                                                                        (1 = 100.0%)
1  ... 

Histogram: ContentSettings.RegularProfile.Exceptions.mixed-script recorded 1 samples, mean = 0.0 (flags = 0x41)
0  -O                                                                        (1 = 100.0%)
1  ... 

Histogram: ContentSettings.RegularProfile.Exceptions.nfc-devices recorded 1 samples, mean = 0.0 (flags = 0x41)
0  -O                                                                        (1 = 100.0%)
1  ... 

Histogram: ContentSettings.RegularProfile.Exceptions.notification-interactions recorded 1 samples, mean = 0.0 (flags = 0x41)
0  -O                                                                        (1 = 100.0%)
1  ... 

Histogram: ContentSettings.RegularProfile.Exceptions.notification-permission-review recorded 1 samples, mean = 0.0 (flags = 0x41)
0  -O                                                                        (1 = 100.0%)
1  ... 

Histogram: ContentSettings.RegularProfile.Exceptions.notifications recorded 1 samples, mean = 0.0 (flags = 0x41)
0  -O                                                                        (1 = 100.0%)
1  ... 

Histogram: ContentSettings.RegularProfile.Exceptions.password-protection recorded 1 samples, mean = 0.0 (flags = 0x41)
0  -O                                                                        (1 = 100.0%)
1  ... 

Histogram: ContentSettings.RegularProfile.Exceptions.payment-handler recorded 1 samples, mean = 0.0 (flags = 0x41)
0  -O                                                                        (1 = 100.0%)
1  ... 

Histogram: ContentSettings.RegularProfile.Exceptions.permission-autoblocking-data recorded 1 samples, mean = 0.0 (flags = 0x41)
0  -O                                                                        (1 = 100.0%)
1  ... 

Histogram: ContentSettings.RegularProfile.Exceptions.permission-autorevocation-data recorded 1 samples, mean = 0.0 (flags = 0x41)
0  -O                                                                        (1 = 100.0%)
1  ... 

Histogram: ContentSettings.RegularProfile.Exceptions.pointer-lock recorded 1 samples, mean = 0.0 (flags = 0x41)
0  -O                                                                        (1 = 100.0%)
1  ... 

Histogram: ContentSettings.RegularProfile.Exceptions.popups recorded 1 samples, mean = 0.0 (flags = 0x41)
0  -O                                                                        (1 = 100.0%)
1  ... 

Histogram: ContentSettings.RegularProfile.Exceptions.popups.Allow recorded 1 samples, mean = 0.0 (flags = 0x41)
0  -O                                                                        (1 = 100.0%)
1  ... 

Histogram: ContentSettings.RegularProfile.Exceptions.popups.Block recorded 1 samples, mean = 0.0 (flags = 0x41)
0  -O                                                                        (1 = 100.0%)
1  ... 

Histogram: ContentSettings.RegularProfile.Exceptions.private-network-chooser-data recorded 1 samples, mean = 0.0 (flags = 0x41)
0  -O                                                                        (1 = 100.0%)
1  ... 

Histogram: ContentSettings.RegularProfile.Exceptions.private-network-guard recorded 1 samples, mean = 0.0 (flags = 0x41)
0  -O                                                                        (1 = 100.0%)
1  ... 

Histogram: ContentSettings.RegularProfile.Exceptions.protected-media-identifier recorded 1 samples, mean = 0.0 (flags = 0x41)
0  -O                                                                        (1 = 100.0%)
1  ... 

Histogram: ContentSettings.RegularProfile.Exceptions.protocol-handler recorded 1 samples, mean = 0.0 (flags = 0x41)
0  -O                                                                        (1 = 100.0%)
1  ... 

Histogram: ContentSettings.RegularProfile.Exceptions.reduced-accept-language recorded 1 samples, mean = 0.0 (flags = 0x41)
0  -O                                                                        (1 = 100.0%)
1  ... 

Histogram: ContentSettings.RegularProfile.Exceptions.safe-browsing-url-check-data recorded 1 samples, mean = 0.0 (flags = 0x41)
0  -O                                                                        (1 = 100.0%)
1  ... 

Histogram: ContentSettings.RegularProfile.Exceptions.sensors recorded 1 samples, mean = 0.0 (flags = 0x41)
0  -O                                                                        (1 = 100.0%)
1  ... 

Histogram: ContentSettings.RegularProfile.Exceptions.serial-chooser-data recorded 1 samples, mean = 0.0 (flags = 0x41)
0  -O                                                                        (1 = 100.0%)
1  ... 

Histogram: ContentSettings.RegularProfile.Exceptions.serial-guard recorded 1 samples, mean = 0.0 (flags = 0x41)
0  -O                                                                        (1 = 100.0%)
1  ... 

Histogram: ContentSettings.RegularProfile.Exceptions.site-engagement recorded 1 samples, mean = 1.0 (flags = 0x41)
0  O                                                                         (0 = 0.0%)
1  -O                                                                        (1 = 100.0%) {0.0%}
2  ... 

Histogram: ContentSettings.RegularProfile.Exceptions.sound recorded 1 samples, mean = 0.0 (flags = 0x41)
0  -O                                                                        (1 = 100.0%)
1  ... 

Histogram: ContentSettings.RegularProfile.Exceptions.speaker-selection recorded 1 samples, mean = 0.0 (flags = 0x41)
0  -O                                                                        (1 = 100.0%)
1  ... 

Histogram: ContentSettings.RegularProfile.Exceptions.ssl-cert-decisions recorded 1 samples, mean = 0.0 (flags = 0x41)
0  -O                                                                        (1 = 100.0%)
1  ... 

Histogram: ContentSettings.RegularProfile.Exceptions.storage-access recorded 1 samples, mean = 0.0 (flags = 0x41)
0  -O                                                                        (1 = 100.0%)
1  ... 

Histogram: ContentSettings.RegularProfile.Exceptions.storage-access-header-origin-trial recorded 1 samples, mean = 0.0 (flags = 0x41)
0  -O                                                                        (1 = 100.0%)
1  ... 

Histogram: ContentSettings.RegularProfile.Exceptions.storage-access.Allow recorded 1 samples, mean = 0.0 (flags = 0x41)
0  -O                                                                        (1 = 100.0%)
1  ... 

Histogram: ContentSettings.RegularProfile.Exceptions.storage-access.Ask recorded 1 samples, mean = 0.0 (flags = 0x41)
0  -O                                                                        (1 = 100.0%)
1  ... 

Histogram: ContentSettings.RegularProfile.Exceptions.storage-access.Block recorded 1 samples, mean = 0.0 (flags = 0x41)
0  -O                                                                        (1 = 100.0%)
1  ... 

Histogram: ContentSettings.RegularProfile.Exceptions.storage-access.MaxRequester recorded 1 samples, mean = 0.0 (flags = 0x41)
0  -O                                                                        (1 = 100.0%)
1  ... 

Histogram: ContentSettings.RegularProfile.Exceptions.storage-access.MaxTopLevel recorded 1 samples, mean = 0.0 (flags = 0x41)
0  -O                                                                        (1 = 100.0%)
1  ... 

Histogram: ContentSettings.RegularProfile.Exceptions.subresource-filter recorded 1 samples, mean = 0.0 (flags = 0x41)
0  -O                                                                        (1 = 100.0%)
1  ... 

Histogram: ContentSettings.RegularProfile.Exceptions.subresource-filter-data recorded 1 samples, mean = 0.0 (flags = 0x41)
0  -O                                                                        (1 = 100.0%)
1  ... 

Histogram: ContentSettings.RegularProfile.Exceptions.subresource-filter.Allow recorded 1 samples, mean = 0.0 (flags = 0x41)
0  -O                                                                        (1 = 100.0%)
1  ... 

Histogram: ContentSettings.RegularProfile.Exceptions.subresource-filter.Block recorded 1 samples, mean = 0.0 (flags = 0x41)
0  -O                                                                        (1 = 100.0%)
1  ... 

Histogram: ContentSettings.RegularProfile.Exceptions.third-party-storage-partitioning recorded 1 samples, mean = 0.0 (flags = 0x41)
0  -O                                                                        (1 = 100.0%)
1  ... 

Histogram: ContentSettings.RegularProfile.Exceptions.top-level-3pcd-origin-trial recorded 1 samples, mean = 0.0 (flags = 0x41)
0  -O                                                                        (1 = 100.0%)
1  ... 

Histogram: ContentSettings.RegularProfile.Exceptions.top-level-3pcd-support recorded 1 samples, mean = 0.0 (flags = 0x41)
0  -O                                                                        (1 = 100.0%)
1  ... 

Histogram: ContentSettings.RegularProfile.Exceptions.top-level-storage-access recorded 1 samples, mean = 0.0 (flags = 0x41)
0  -O                                                                        (1 = 100.0%)
1  ... 

Histogram: ContentSettings.RegularProfile.Exceptions.tracking-protection recorded 1 samples, mean = 0.0 (flags = 0x41)
0  -O                                                                        (1 = 100.0%)
1  ... 

Histogram: ContentSettings.RegularProfile.Exceptions.tracking-protection.Allow recorded 1 samples, mean = 0.0 (flags = 0x41)
0  -O                                                                        (1 = 100.0%)
1  ... 

Histogram: ContentSettings.RegularProfile.Exceptions.tracking-protection.Block recorded 1 samples, mean = 0.0 (flags = 0x41)
0  -O                                                                        (1 = 100.0%)
1  ... 

Histogram: ContentSettings.RegularProfile.Exceptions.unused-site-permissions recorded 1 samples, mean = 0.0 (flags = 0x41)
0  -O                                                                        (1 = 100.0%)
1  ... 

Histogram: ContentSettings.RegularProfile.Exceptions.usb-chooser-data recorded 1 samples, mean = 0.0 (flags = 0x41)
0  -O                                                                        (1 = 100.0%)
1  ... 

Histogram: ContentSettings.RegularProfile.Exceptions.usb-guard recorded 1 samples, mean = 0.0 (flags = 0x41)
0  -O                                                                        (1 = 100.0%)
1  ... 

Histogram: ContentSettings.RegularProfile.Exceptions.vr recorded 1 samples, mean = 0.0 (flags = 0x41)
0  -O                                                                        (1 = 100.0%)
1  ... 

Histogram: ContentSettings.RegularProfile.Exceptions.webid-api recorded 1 samples, mean = 0.0 (flags = 0x41)
0  -O                                                                        (1 = 100.0%)
1  ... 

Histogram: ContentSettings.RegularProfile.Exceptions.webid-auto-reauthn recorded 1 samples, mean = 0.0 (flags = 0x41)
0  -O                                                                        (1 = 100.0%)
1  ... 

Histogram: ContentSettings.RegularProfile.Exceptions.window-placement recorded 1 samples, mean = 0.0 (flags = 0x41)
0  -O                                                                        (1 = 100.0%)
1  ... 

Histogram: Conversions.DelayOnAttestationsLoaded recorded 1 samples, mean = 300141.0 (flags = 0x41)
0       ... 
300000  -O                                                                        (1 = 100.0%) {0.0%}

Histogram: Cookie.ClockSkew.AddMinutes recorded 6 samples, mean = 0.0 (flags = 0x41)
0  ------O                                                                   (6 = 100.0%)
1  ... 

Histogram: Cookie.ClockSkew.AddMinutes12To24Hours recorded 6 samples, mean = 0.0 (flags = 0x41)
0  ------O                                                                   (6 = 100.0%)
720... 

Histogram: Cookie.ClockSkew.ExpiredWithoutSkew recorded 6 samples, mean = 0.0 (flags = 0x41)
0  ------O                                                                   (6 = 100.0%)
1  ... 

Histogram: Cookie.CookiePrefix recorded 7 samples, mean = 0.0 (flags = 0x41)
0  -------O                                                                  (7 = 100.0%)
1  ... 

Histogram: Cookie.CookieSchemeRequestScheme recorded 74 samples, mean = 2.0 (flags = 0x41)
0  ... 
2  ------------------------------------------------------------------------O (74 = 100.0%) {0.0%}
3  ... 

Histogram: Cookie.CookieSourceScheme recorded 7 samples, mean = 0.0 (flags = 0x41)
0  -------O                                                                  (7 = 100.0%)
1  ... 

Histogram: Cookie.CookieSourceSchemeName recorded 7 samples, mean = 14.0 (flags = 0x41)
0   ... 
14  -------O                                                                  (7 = 100.0%) {0.0%}
15  ... 

Histogram: Cookie.CrossSiteRedirectType.Read recorded 118 samples, mean = 1.0 (flags = 0x41)
0  O                                                                         (0 = 0.0%)
1  ------------------------------------------------------------------------O (118 = 100.0%) {0.0%}
2  ... 

Histogram: Cookie.CrossSiteRedirectType.Write recorded 7 samples, mean = 1.0 (flags = 0x41)
0  O                                                                         (0 = 0.0%)
1  -------O                                                                  (7 = 100.0%) {0.0%}
2  ... 

Histogram: Cookie.DaysSinceRefreshForRetrieval recorded 3 samples, mean = 0.0 (flags = 0x41)
0  ---O                                                                      (3 = 100.0%)
1  ... 

Histogram: Cookie.DomainHasNonASCII recorded 7 samples, mean = 0.0 (flags = 0x41)
0  -------O                                                                  (7 = 100.0%)
1  ... 

Histogram: Cookie.DomainSet recorded 7 samples, mean = 1.0 (flags = 0x41)
0  O                                                                         (0 = 0.0%)
1  -------O                                                                  (7 = 100.0%) {0.0%}
2  O                                                                         (0 = 0.0%) {100.0%}

Histogram: Cookie.DoubleUnderscorePrefixedName recorded 7 samples, mean = 0.7 (flags = 0x41)
0  --O                                                                       (2 = 28.6%)
1  -----O                                                                    (5 = 71.4%) {28.6%}
2  O                                                                         (0 = 0.0%) {100.0%}

Histogram: Cookie.ExpirationDuration400DaysLTE recorded 6 samples, mean = 60.8 (flags = 0x41)
0    -----O                                                                    (5 = 83.3%)
1    ... 
364  -O                                                                        (1 = 16.7%) {83.3%}
400  O                                                                         (0 = 0.0%) {100.0%}

Histogram: Cookie.ExpirationDurationMinutesSecure recorded 6 samples, mean = 87625.0 (flags = 0x41)
0       ... 
26      -----O                                                                    (5 = 83.3%) {0.0%}
36      ... 
429766  -O                                                                        (1 = 16.7%) {83.3%}
587706  ... 

Histogram: Cookie.FirstPartyPartitioned.HasCrossSiteAncestor recorded 44 samples, mean = 0.0 (flags = 0x41)
0  --------------------------------------------O                             (44 = 100.0%)
1  ... 

Histogram: Cookie.FirstPartySets.Browser.DelayedQueriesCount recorded 1 samples, mean = 2.0 (flags = 0x41)
0  ... 
2  -O                                                                        (1 = 100.0%) {0.0%}
3  ... 

Histogram: Cookie.FirstPartySets.Browser.MostDelayedQueryDelta recorded 1 samples, mean = 91.0 (flags = 0x41)
0   ... 
81  -O                                                                        (1 = 100.0%) {0.0%}
96  ... 

Histogram: Cookie.FirstPartySets.ComponentSetsNonfatalErrors recorded 1 samples, mean = 0.0 (flags = 0x41)
0  -O                                                                        (1 = 100.0%)
1  ... 

Histogram: Cookie.FirstPartySets.ComponentSetsParsedSuccessfully recorded 1 samples, mean = 0.0 (flags = 0x41)
0  -O                                                                        (1 = 100.0%)
1  ... 

Histogram: Cookie.FirstPartySets.ContextDelayedQueriesCount recorded 1 samples, mean = 0.0 (flags = 0x41)
0  -O                                                                        (1 = 100.0%)
1  ... 

Histogram: Cookie.FirstPartySets.ContextMostDelayedQueryDelta recorded 1 samples, mean = 0.0 (flags = 0x41)
0  -O                                                                        (1 = 100.0%)
1  ... 

Histogram: Cookie.FirstPartySets.EnqueueingDelay.ContextConfig2 recorded 1 samples, mean = 22.0 (flags = 0x41)
0   ... 
20  -O                                                                        (1 = 100.0%) {0.0%}
24  ... 

Histogram: Cookie.FirstPartySets.InitializationDuration.ContextReadyToServeQueries2 recorded 1 samples, mean = 7384.0 (flags = 0x41)
0     ... 
7083  -O                                                                        (1 = 100.0%) {0.0%}
8416  ... 

Histogram: Cookie.FirstPartySets.InitializationDuration.ReadCommandLineSet2 recorded 1 samples, mean = 91.0 (flags = 0x41)
0   ... 
81  -O                                                                        (1 = 100.0%) {0.0%}
96  ... 

Histogram: Cookie.FirstPartySets.InitializationDuration.ReadComponentSets2 recorded 1 samples, mean = 0.0 (flags = 0x41)
0  -O                                                                        (1 = 100.0%)
1  ... 

Histogram: Cookie.FirstPartySets.InitializationDuration.ReadyToServeQueries2 recorded 1 samples, mean = 0.0 (flags = 0x41)
0  -O                                                                        (1 = 100.0%)
1  ... 

Histogram: Cookie.FirstPartySets.Network.DelayedQueriesCount recorded 1 samples, mean = 0.0 (flags = 0x41)
0  -O                                                                        (1 = 100.0%)
1  ... 

Histogram: Cookie.FirstPartySets.Network.MostDelayedQueryDelta recorded 1 samples, mean = 0.0 (flags = 0x41)
0  -O                                                                        (1 = 100.0%)
1  ... 

Histogram: Cookie.FirstPartySets.ProcessedEntireComponent recorded 1 samples, mean = 1.0 (flags = 0x41)
0  O                                                                         (0 = 0.0%)
1  -O                                                                        (1 = 100.0%) {0.0%}
2  O                                                                         (0 = 0.0%) {100.0%}

Histogram: Cookie.FromStorageWithValidLength recorded 77 samples, mean = 1.0 (flags = 0x41)
0  O                                                                         (0 = 0.0%)
1  ------------------------------------------------------------------------O (77 = 100.0%) {0.0%}
2  O                                                                         (0 = 0.0%) {100.0%}

Histogram: Cookie.HasNonASCII.Name recorded 7 samples, mean = 0.0 (flags = 0x41)
0  -------O                                                                  (7 = 100.0%)
1  ... 

Histogram: Cookie.HasNonASCII.Value recorded 7 samples, mean = 0.0 (flags = 0x41)
0  -------O                                                                  (7 = 100.0%)
1  ... 

Histogram: Cookie.IncludedRequestEffectiveSameSite recorded 122 samples, mean = 0.0 (flags = 0x41)
0  ------------------------------------------------------------------------O (122 = 100.0%)
1  ... 

Histogram: Cookie.IncludedResponseEffectiveSameSite recorded 7 samples, mean = 0.0 (flags = 0x41)
0  -------O                                                                  (7 = 100.0%)
1  ... 

Histogram: Cookie.IsPartitionedValid recorded 1 samples, mean = 1.0 (flags = 0x41)
0  O                                                                         (0 = 0.0%)
1  -O                                                                        (1 = 100.0%) {0.0%}
2  O                                                                         (0 = 0.0%) {100.0%}

Histogram: Cookie.NameOrValueHtab recorded 7 samples, mean = 0.0 (flags = 0x41)
0  -------O                                                                  (7 = 100.0%)
1  ... 

Histogram: Cookie.OnCookiesAccessed.BatchSize recorded 8 samples, mean = 1.4 (flags = 0x41)
0  O                                                                         (0 = 0.0%)
1  -----O                                                                    (5 = 62.5%) {0.0%}
2  ---O                                                                      (3 = 37.5%) {62.5%}
3  ... 

Histogram: Cookie.OnCookiesAccessed.TotalAccesses recorded 8 samples, mean = 2.4 (flags = 0x41)
0  O                                                                         (0 = 0.0%)
1  -O                                                                        (1 = 12.5%) {0.0%}
2  ----O                                                                     (4 = 50.0%) {12.5%}
3  --O                                                                       (2 = 25.0%) {62.5%}
4  -O                                                                        (1 = 12.5%) {87.5%}
5  ... 

Histogram: Cookie.PartitionedCookiesInRequest recorded 38 samples, mean = 1.0 (flags = 0x41)
0  O                                                                         (0 = 0.0%)
1  --------------------------------------O                                   (38 = 100.0%) {0.0%}
2  ... 

Histogram: Cookie.Port.Read.RemoteHost recorded 114 samples, mean = 7.0 (flags = 0x41)
0  ... 
7  ------------------------------------------------------------------------O (114 = 100.0%) {0.0%}
8  ... 

Histogram: Cookie.Port.ReadDiffersFromSet.DomainSet recorded 114 samples, mean = 4.0 (flags = 0x41)
0  ... 
4  ------------------------------------------------------------------------O (114 = 100.0%) {0.0%}
5  O                                                                         (0 = 0.0%) {100.0%}

Histogram: Cookie.Port.ReadDiffersFromSet.RemoteHost recorded 114 samples, mean = 4.0 (flags = 0x41)
0  ... 
4  ------------------------------------------------------------------------O (114 = 100.0%) {0.0%}
5  O                                                                         (0 = 0.0%) {100.0%}

Histogram: Cookie.Port.Set.RemoteHost recorded 7 samples, mean = 7.0 (flags = 0x41)
0  ... 
7  -------O                                                                  (7 = 100.0%) {0.0%}
8  ... 

Histogram: Cookie.RequestSameSiteContext recorded 126 samples, mean = 3.0 (flags = 0x41)
0  -O                                                                        (2 = 1.6%)
1  ... 
3  ------------------------------------------------------------------------O (124 = 98.4%) {1.6%}
4  O                                                                         (0 = 0.0%) {100.0%}

Histogram: Cookie.SameSiteAttributeValue recorded 7 samples, mean = 5.0 (flags = 0x41)
0  ... 
5  -------O                                                                  (7 = 100.0%) {0.0%}
6  ... 

Histogram: Cookie.SameSiteNoneSizeBytes recorded 7 samples, mean = 212.3 (flags = 0x41)
0    ... 
40   -O                                                                        (1 = 14.3%) {0.0%}
48   ... 
190  -----O                                                                    (5 = 71.4%) {14.3%}
226  ... 
378  -O                                                                        (1 = 14.3%) {85.7%}
449  ... 

Histogram: Cookie.SameSiteNoneSizeBytes.Partitioned recorded 1 samples, mean = 417.0 (flags = 0x41)
0    ... 
378  -O                                                                        (1 = 100.0%) {0.0%}
449  ... 

Histogram: Cookie.SameSiteNoneSizeBytes.Unpartitioned recorded 6 samples, mean = 178.2 (flags = 0x41)
0    ... 
40   -O                                                                        (1 = 16.7%) {0.0%}
48   ... 
190  -----O                                                                    (5 = 83.3%) {16.7%}
226  ... 

Histogram: Cookie.SourceType recorded 10 samples, mean = 1.0 (flags = 0x41)
0  O                                                                         (0 = 0.0%)
1  ----------O                                                               (10 = 100.0%) {0.0%}
2  ... 

Histogram: Cookie.TimeBlockedOnLoad recorded 2 samples, mean = 3152.0 (flags = 0x41)
0     ... 
4     -O                                                                        (1 = 50.0%) {0.0%}
5     ... 
5647  -O                                                                        (1 = 50.0%) {50.0%}
7000  ... 

Histogram: Cookie.TimeInitializeDB recorded 2 samples, mean = 19.5 (flags = 0x41)
0   ... 
4   -O                                                                        (1 = 50.0%) {0.0%}
5   ... 
32  -O                                                                        (1 = 50.0%) {50.0%}
40  ... 

Histogram: Cookie.TimeOpsBlockedDueToGlobalOp recorded 2 samples, mean = 2.0 (flags = 0x41)
0  -O                                                                        (1 = 50.0%)
1  ... 
4  -O                                                                        (1 = 50.0%) {50.0%}
5  ... 

Histogram: Cookie.Type2 recorded 10 samples, mean = 13.0 (flags = 0x41)
0   ... 
4   -O                                                                        (1 = 10.0%) {0.0%}
5   ... 
14  ---------O                                                                (9 = 90.0%) {10.0%}
15  ... 

Histogram: Crypto.TPMDuration.MessageSigningECDSA recorded 1 samples, mean = 241.0 (flags = 0x41)
0    ... 
220  -O                                                                        (1 = 100.0%) {0.0%}
280  ... 

Histogram: Crypto.TPMDuration.NewKeyCreationECDSA recorded 1 samples, mean = 918.0 (flags = 0x41)
0    ... 
729  -O                                                                        (1 = 100.0%) {0.0%}
926  ... 

Histogram: Crypto.TPMDuration.WrappedKeyCreationECDSA recorded 1 samples, mean = 92.0 (flags = 0x41)
0   ... 
84  -O                                                                        (1 = 100.0%) {0.0%}
107 ... 

Histogram: Crypto.TPMOperation.MessageSigningECDSA recorded 1 samples, mean = 1.0 (flags = 0x41)
0  O                                                                         (0 = 0.0%)
1  -O                                                                        (1 = 100.0%) {0.0%}
2  O                                                                         (0 = 0.0%) {100.0%}

Histogram: Crypto.TPMOperation.MessageVerifyECDSA recorded 1 samples, mean = 1.0 (flags = 0x41)
0  O                                                                         (0 = 0.0%)
1  -O                                                                        (1 = 100.0%) {0.0%}
2  O                                                                         (0 = 0.0%) {100.0%}

Histogram: Crypto.TPMOperation.NewKeyCreationECDSA recorded 1 samples, mean = 1.0 (flags = 0x41)
0  O                                                                         (0 = 0.0%)
1  -O                                                                        (1 = 100.0%) {0.0%}
2  O                                                                         (0 = 0.0%) {100.0%}

Histogram: Crypto.TPMOperation.Virtual.NewKeyCreationECDSA recorded 1 samples, mean = 0.0 (flags = 0x41)
0  -O                                                                        (1 = 100.0%)
1  ... 

Histogram: Crypto.TPMOperation.WrappedKeyCreationECDSA recorded 1 samples, mean = 1.0 (flags = 0x41)
0  O                                                                         (0 = 0.0%)
1  -O                                                                        (1 = 100.0%) {0.0%}
2  O                                                                         (0 = 0.0%) {100.0%}

Histogram: Crypto.TPMSupport2 recorded 1 samples, mean = 2.0 (flags = 0x41)
0  ... 
2  -O                                                                        (1 = 100.0%) {0.0%}
3  O                                                                         (0 = 0.0%) {100.0%}

Histogram: Crypto.TPMSupportType recorded 1 samples, mean = 1.0 (flags = 0x41)
0  O                                                                         (0 = 0.0%)
1  -O                                                                        (1 = 100.0%) {0.0%}
2  ... 

Histogram: Crypto.TpmError.VirtualCreateKey recorded 1 samples (flags = 0x41)
-2146893809-O                                                                        (1 = 100.0%)

Histogram: Crypto.VirtualKeySupport recorded 1 samples, mean = 2.0 (flags = 0x41)
0  ... 
2  -O                                                                        (1 = 100.0%) {0.0%}
3  O                                                                         (0 = 0.0%) {100.0%}

Histogram: DOMStorage.CommitMeasuredDelay recorded 4 samples, mean = 3675.8 (flags = 0x41)
0     ... 
9     -O                                                                        (1 = 25.0%) {0.0%}
10    ... 
4249  -O                                                                        (1 = 25.0%) {25.0%}
4904  --O                                                                       (2 = 50.0%) {50.0%}
5660  ... 

Histogram: DOMStorage.CommitSizeBytes recorded 2 samples, mean = 13436.5 (flags = 0x41)
0      ... 
12009  --O                                                                       (2 = 100.0%) {0.0%}
13539  ... 

Histogram: DataUse.BytesReceived3.Delegate recorded 17 samples, mean = 8606.8 (flags = 0x41)
0      ... 
64     -O                                                                        (1 = 5.9%) {0.0%}
83     ... 
297    -O                                                                        (1 = 5.9%) {5.9%}
383    -O                                                                        (1 = 5.9%) {11.8%}
494    ----O                                                                     (4 = 23.5%) {17.6%}
637    -O                                                                        (1 = 5.9%) {41.2%}
821    -O                                                                        (1 = 5.9%) {47.1%}
1059   -O                                                                        (1 = 5.9%) {52.9%}
1366   ... 
2928   ----O                                                                     (4 = 23.5%) {58.8%}
3776   ... 
8097   -O                                                                        (1 = 5.9%) {82.4%}
10441  ... 
17362  -O                                                                        (1 = 5.9%) {88.2%}
22388  ... 
79817  -O                                                                        (1 = 5.9%) {94.1%}
102923 ... 

Histogram: DataUse.BytesSent3.Delegate recorded 17 samples, mean = 1612.0 (flags = 0x41)
0      ... 
21     -O                                                                        (1 = 5.9%) {0.0%}
28     ... 
196    -O                                                                        (1 = 5.9%) {5.9%}
258    ... 
448    -----O                                                                    (5 = 29.4%) {11.8%}
590    --O                                                                       (2 = 11.8%) {41.2%}
777    ------O                                                                   (6 = 35.3%) {52.9%}
1023   -O                                                                        (1 = 5.9%) {88.2%}
1347   ... 
16063  -O                                                                        (1 = 5.9%) {94.1%}
21156  ... 

Histogram: DefaultBrowser.State recorded 1 samples, mean = 0.0 (flags = 0x41)
0  -O                                                                        (1 = 100.0%)
1  ... 

Histogram: Discarding.DiscardCandidatesCount recorded 1 samples, mean = 0.0 (flags = 0x41)
0  -O                                                                        (1 = 100.0%)
1  ... 

Histogram: DiskCache.0.Error recorded 1 samples, mean = 0.0 (flags = 0x41)
0  -O                                                                        (1 = 100.0%)
1  ... 

Histogram: DiskCache.0.TotalIOTimeRead recorded 102 samples, mean = 38.0 (flags = 0x41)
0    ---------------------------------------O                                  (39 = 38.2%)
1    -------------O                                                            (13 = 12.7%) {38.2%}
2    ... 
12   -O                                                                        (1 = 1.0%) {51.0%}
14   ----O                                                                     (4 = 3.9%) {52.0%}
17   --------O                                                                 (8 = 7.8%) {55.9%}
20   -O                                                                        (1 = 1.0%) {63.7%}
24   --O                                                                       (2 = 2.0%) {64.7%}
29   -O                                                                        (1 = 1.0%) {66.7%}
34   -O                                                                        (1 = 1.0%) {67.6%}
40   --O                                                                       (2 = 2.0%) {68.6%}
48   -----O                                                                    (5 = 4.9%) {70.6%}
57   -O                                                                        (1 = 1.0%) {75.5%}
68   -O                                                                        (1 = 1.0%) {76.5%}
81   ----O                                                                     (4 = 3.9%) {77.5%}
96   ---O                                                                      (3 = 2.9%) {81.4%}
114  ---O                                                                      (3 = 2.9%) {84.3%}
135  -------------O                                                            (13 = 12.7%) {87.3%}
160  ... 

Histogram: DiskCache.0.TotalIOTimeWrite recorded 25 samples, mean = 0.0 (flags = 0x41)
0  ------------------------O                                                 (24 = 96.0%)
1  -O                                                                        (1 = 4.0%) {96.0%}
2  ... 

Histogram: Download.Database.IsAvailable recorded 1 samples, mean = 1.0 (flags = 0x41)
0  O                                                                         (0 = 0.0%)
1  -O                                                                        (1 = 100.0%) {0.0%}
2  O                                                                         (0 = 0.0%) {100.0%}

Histogram: Download.Service.Db.Operation.Failure recorded 1 samples, mean = 0.0 (flags = 0x41)
0  -O                                                                        (1 = 100.0%)
1  ... 

Histogram: Download.Service.Files.CleanUp.External recorded 1 samples, mean = 0.0 (flags = 0x41)
0  -O                                                                        (1 = 100.0%)
1  ... 

Histogram: Download.Service.Files.CleanUp.External.HardRecovery recorded 1 samples, mean = 0.0 (flags = 0x41)
0  -O                                                                        (1 = 100.0%)
1  ... 

Histogram: Download.Service.Files.CleanUp.Failure recorded 1 samples, mean = 0.0 (flags = 0x41)
0  -O                                                                        (1 = 100.0%)
1  ... 

Histogram: Download.Service.Files.CleanUp.Failure.HardRecovery recorded 1 samples, mean = 0.0 (flags = 0x41)
0  -O                                                                        (1 = 100.0%)
1  ... 

Histogram: Download.Service.Files.CleanUp.Success recorded 1 samples, mean = 0.0 (flags = 0x41)
0  -O                                                                        (1 = 100.0%)
1  ... 

Histogram: Download.Service.Files.CleanUp.Success.HardRecovery recorded 1 samples, mean = 0.0 (flags = 0x41)
0  -O                                                                        (1 = 100.0%)
1  ... 

Histogram: Download.Service.StartUpStatus.Initialization recorded 2 samples, mean = 2.0 (flags = 0x41)
0  O                                                                         (0 = 0.0%)
1  -O                                                                        (1 = 50.0%) {0.0%}
2  O                                                                         (0 = 0.0%) {50.0%}
3  -O                                                                        (1 = 50.0%) {50.0%}
4  ... 

Histogram: Download.Service.StartUpStatus.Recovery recorded 2 samples, mean = 2.0 (flags = 0x41)
0  O                                                                         (0 = 0.0%)
1  -O                                                                        (1 = 50.0%) {0.0%}
2  O                                                                         (0 = 0.0%) {50.0%}
3  -O                                                                        (1 = 50.0%) {50.0%}
4  ... 

Histogram: Enterprise.TimeToFirstPolicyLoad.Profile.Unmanaged recorded 1 samples, mean = 0.0 (flags = 0x41)
0  -O                                                                        (1 = 100.0%)
1  ... 

Histogram: EnterpriseCheck.AzureADJoinStatusCheckTime recorded 1 samples, mean = 17.0 (flags = 0x41)
0   ... 
17  -O                                                                        (1 = 100.0%) {0.0%}
20  ... 

Histogram: Event.GestureCreated recorded 2 samples, mean = 12.0 (flags = 0x41)
0   ... 
12  --O                                                                       (2 = 100.0%) {0.0%}
13  ... 

Histogram: Extension.Toolbar.BrowserActionsCount2 recorded 1 samples, mean = 0.0 (flags = 0x41)
0  -O                                                                        (1 = 100.0%)
1  ... 

Histogram: ExtensionToolbarModel.BrowserActionsCount recorded 1 samples, mean = 0.0 (flags = 0x41)
0  -O                                                                        (1 = 100.0%)
1  ... 

Histogram: Extensions.AppLocation2 recorded 1 samples, mean = 5.0 (flags = 0x41)
0  ... 
5  -O                                                                        (1 = 100.0%) {0.0%}
6  ... 

Histogram: Extensions.CorruptExtensionTotalDisables recorded 1 samples, mean = 0.0 (flags = 0x41)
0  -O                                                                        (1 = 100.0%)
1  ... 

Histogram: Extensions.CorruptExtensionTotalDisables2 recorded 1 samples, mean = 0.0 (flags = 0x41)
0  -O                                                                        (1 = 100.0%)
1  ... 

Histogram: Extensions.Database.Open.State recorded 2 samples, mean = 5.0 (flags = 0x41)
0  ... 
5  --O                                                                       (2 = 100.0%) {0.0%}
6  O                                                                         (0 = 0.0%) {100.0%}

Histogram: Extensions.DeveloperModeEnabled recorded 2 samples, mean = 0.0 (flags = 0x41)
0  --O                                                                       (2 = 100.0%)
1  ... 

Histogram: Extensions.DidCreateScriptContext_Unspecified recorded 1 samples, mean = 0.0 (flags = 0x41)
0  -O                                                                        (1 = 100.0%)
1  ... 

Histogram: Extensions.DidCreateScriptContext_WebPage recorded 3 samples, mean = 0.0 (flags = 0x41)
0  ---O                                                                      (3 = 100.0%)
1  ... 

Histogram: Extensions.Disabled recorded 1 samples, mean = 0.0 (flags = 0x41)
0  -O                                                                        (1 = 100.0%)
1  ... 

Histogram: Extensions.Disabled2 recorded 1 samples, mean = 0.0 (flags = 0x41)
0  -O                                                                        (1 = 100.0%)
1  ... 

Histogram: Extensions.DisabledForPermissions recorded 1 samples, mean = 0.0 (flags = 0x41)
0  -O                                                                        (1 = 100.0%)
1  ... 

Histogram: Extensions.DisabledForPermissions2 recorded 1 samples, mean = 0.0 (flags = 0x41)
0  -O                                                                        (1 = 100.0%)
1  ... 

Histogram: Extensions.EventlessEventPages2 recorded 1 samples, mean = 0.0 (flags = 0x41)
0  -O                                                                        (1 = 100.0%)
1  ... 

Histogram: Extensions.ExtensionLocation recorded 1 samples, mean = 5.0 (flags = 0x41)
0  ... 
5  -O                                                                        (1 = 100.0%) {0.0%}
6  ... 

Histogram: Extensions.ExtensionLocation2 recorded 1 samples, mean = 5.0 (flags = 0x41)
0  ... 
5  -O                                                                        (1 = 100.0%) {0.0%}
6  ... 

Histogram: Extensions.ExtensionsWithPageActions recorded 1 samples, mean = 0.0 (flags = 0x41)
0  -O                                                                        (1 = 100.0%)
1  ... 

Histogram: Extensions.HomepageOverrides recorded 1 samples, mean = 0.0 (flags = 0x41)
0  -O                                                                        (1 = 100.0%)
1  ... 

Histogram: Extensions.HomepageOverrides2 recorded 1 samples, mean = 0.0 (flags = 0x41)
0  -O                                                                        (1 = 100.0%)
1  ... 

Histogram: Extensions.InjectEnd_ScriptCount recorded 3 samples, mean = 0.0 (flags = 0x41)
0  ---O                                                                      (3 = 100.0%)
1  ... 

Histogram: Extensions.InjectIdle_ScriptCount recorded 3 samples, mean = 0.0 (flags = 0x41)
0  ---O                                                                      (3 = 100.0%)
1  ... 

Histogram: Extensions.InjectStart_CssCount recorded 5 samples, mean = 0.0 (flags = 0x41)
0  -----O                                                                    (5 = 100.0%)
1  ... 

Histogram: Extensions.InjectStart_ScriptCount recorded 5 samples, mean = 0.0 (flags = 0x41)
0  -----O                                                                    (5 = 100.0%)
1  ... 

Histogram: Extensions.LoadAll recorded 1 samples, mean = 2.0 (flags = 0x41)
0  ... 
2  -O                                                                        (1 = 100.0%) {0.0%}
3  ... 

Histogram: Extensions.LoadAll2 recorded 1 samples, mean = 2.0 (flags = 0x41)
0  ... 
2  -O                                                                        (1 = 100.0%) {0.0%}
3  ... 

Histogram: Extensions.LoadAllComponentTime recorded 1 samples, mean = 1.0 (flags = 0x41)
0  O                                                                         (0 = 0.0%)
1  -O                                                                        (1 = 100.0%) {0.0%}
2  ... 

Histogram: Extensions.LoadAllComponentTime.User recorded 1 samples, mean = 1.0 (flags = 0x41)
0  O                                                                         (0 = 0.0%)
1  -O                                                                        (1 = 100.0%) {0.0%}
2  ... 

Histogram: Extensions.LoadAllTime2 recorded 1 samples, mean = 0.0 (flags = 0x41)
0  -O                                                                        (1 = 100.0%)
1  ... 

Histogram: Extensions.LoadAllTime2.User recorded 1 samples, mean = 0.0 (flags = 0x41)
0  -O                                                                        (1 = 100.0%)
1  ... 

Histogram: Extensions.LoadApp recorded 1 samples, mean = 0.0 (flags = 0x41)
0  -O                                                                        (1 = 100.0%)
1  ... 

Histogram: Extensions.LoadApp2 recorded 1 samples, mean = 0.0 (flags = 0x41)
0  -O                                                                        (1 = 100.0%)
1  ... 

Histogram: Extensions.LoadAppExternal recorded 1 samples, mean = 0.0 (flags = 0x41)
0  -O                                                                        (1 = 100.0%)
1  ... 

Histogram: Extensions.LoadAppExternal2 recorded 1 samples, mean = 0.0 (flags = 0x41)
0  -O                                                                        (1 = 100.0%)
1  ... 

Histogram: Extensions.LoadAppUser recorded 1 samples, mean = 0.0 (flags = 0x41)
0  -O                                                                        (1 = 100.0%)
1  ... 

Histogram: Extensions.LoadAppUser2 recorded 1 samples, mean = 0.0 (flags = 0x41)
0  -O                                                                        (1 = 100.0%)
1  ... 

Histogram: Extensions.LoadBrowserAction recorded 1 samples, mean = 0.0 (flags = 0x41)
0  -O                                                                        (1 = 100.0%)
1  ... 

Histogram: Extensions.LoadBrowserAction2 recorded 1 samples, mean = 0.0 (flags = 0x41)
0  -O                                                                        (1 = 100.0%)
1  ... 

Histogram: Extensions.LoadExtension recorded 1 samples, mean = 0.0 (flags = 0x41)
0  -O                                                                        (1 = 100.0%)
1  ... 

Histogram: Extensions.LoadExtension2 recorded 1 samples, mean = 0.0 (flags = 0x41)
0  -O                                                                        (1 = 100.0%)
1  ... 

Histogram: Extensions.LoadExtensionExternal recorded 1 samples, mean = 0.0 (flags = 0x41)
0  -O                                                                        (1 = 100.0%)
1  ... 

Histogram: Extensions.LoadExtensionExternal2 recorded 1 samples, mean = 0.0 (flags = 0x41)
0  -O                                                                        (1 = 100.0%)
1  ... 

Histogram: Extensions.LoadExtensionUser2 recorded 1 samples, mean = 0.0 (flags = 0x41)
0  -O                                                                        (1 = 100.0%)
1  ... 

Histogram: Extensions.LoadHostedApp recorded 1 samples, mean = 0.0 (flags = 0x41)
0  -O                                                                        (1 = 100.0%)
1  ... 

Histogram: Extensions.LoadHostedApp2 recorded 1 samples, mean = 0.0 (flags = 0x41)
0  -O                                                                        (1 = 100.0%)
1  ... 

Histogram: Extensions.LoadNoExtensionAction recorded 1 samples, mean = 0.0 (flags = 0x41)
0  -O                                                                        (1 = 100.0%)
1  ... 

Histogram: Extensions.LoadNoExtensionAction2 recorded 1 samples, mean = 0.0 (flags = 0x41)
0  -O                                                                        (1 = 100.0%)
1  ... 

Histogram: Extensions.LoadOffStoreItems recorded 1 samples, mean = 0.0 (flags = 0x41)
0  -O                                                                        (1 = 100.0%)
1  ... 

Histogram: Extensions.LoadOffStoreItems2 recorded 1 samples, mean = 0.0 (flags = 0x41)
0  -O                                                                        (1 = 100.0%)
1  ... 

Histogram: Extensions.LoadPackagedApp recorded 1 samples, mean = 0.0 (flags = 0x41)
0  -O                                                                        (1 = 100.0%)
1  ... 

Histogram: Extensions.LoadPackagedApp2 recorded 1 samples, mean = 0.0 (flags = 0x41)
0  -O                                                                        (1 = 100.0%)
1  ... 

Histogram: Extensions.LoadPlatformApp recorded 1 samples, mean = 0.0 (flags = 0x41)
0  -O                                                                        (1 = 100.0%)
1  ... 

Histogram: Extensions.LoadPlatformApp2 recorded 1 samples, mean = 0.0 (flags = 0x41)
0  -O                                                                        (1 = 100.0%)
1  ... 

Histogram: Extensions.LoadTheme recorded 1 samples, mean = 0.0 (flags = 0x41)
0  -O                                                                        (1 = 100.0%)
1  ... 

Histogram: Extensions.LoadTheme2 recorded 1 samples, mean = 0.0 (flags = 0x41)
0  -O                                                                        (1 = 100.0%)
1  ... 

Histogram: Extensions.LoadUserScript recorded 1 samples, mean = 0.0 (flags = 0x41)
0  -O                                                                        (1 = 100.0%)
1  ... 

Histogram: Extensions.LoadUserScript2 recorded 1 samples, mean = 0.0 (flags = 0x41)
0  -O                                                                        (1 = 100.0%)
1  ... 

Histogram: Extensions.Management_Refresh recorded 1 samples, mean = 0.0 (flags = 0x41)
0  -O                                                                        (1 = 100.0%)
1  ... 

Histogram: Extensions.ManifestVersion2Count.Component recorded 1 samples, mean = 1.0 (flags = 0x41)
0  O                                                                         (0 = 0.0%)
1  -O                                                                        (1 = 100.0%) {0.0%}
2  ... 

Histogram: Extensions.ManifestVersion2Count.External recorded 1 samples, mean = 0.0 (flags = 0x41)
0  -O                                                                        (1 = 100.0%)
1  ... 

Histogram: Extensions.ManifestVersion2Count.Internal recorded 1 samples, mean = 0.0 (flags = 0x41)
0  -O                                                                        (1 = 100.0%)
1  ... 

Histogram: Extensions.ManifestVersion2Count.Policy recorded 1 samples, mean = 0.0 (flags = 0x41)
0  -O                                                                        (1 = 100.0%)
1  ... 

Histogram: Extensions.ManifestVersion2Count.Unpacked recorded 1 samples, mean = 0.0 (flags = 0x41)
0  -O                                                                        (1 = 100.0%)
1  ... 

Histogram: Extensions.ManifestVersion3Count.Component recorded 1 samples, mean = 0.0 (flags = 0x41)
0  -O                                                                        (1 = 100.0%)
1  ... 

Histogram: Extensions.ManifestVersion3Count.External recorded 1 samples, mean = 0.0 (flags = 0x41)
0  -O                                                                        (1 = 100.0%)
1  ... 

Histogram: Extensions.ManifestVersion3Count.Internal recorded 1 samples, mean = 0.0 (flags = 0x41)
0  -O                                                                        (1 = 100.0%)
1  ... 

Histogram: Extensions.ManifestVersion3Count.Policy recorded 1 samples, mean = 0.0 (flags = 0x41)
0  -O                                                                        (1 = 100.0%)
1  ... 

Histogram: Extensions.ManifestVersion3Count.Unpacked recorded 1 samples, mean = 0.0 (flags = 0x41)
0  -O                                                                        (1 = 100.0%)
1  ... 

Histogram: Extensions.ManifestVersionByLocation.Component recorded 1 samples, mean = 2.0 (flags = 0x41)
0  ... 
2  -O                                                                        (1 = 100.0%) {0.0%}
3  ... 

Histogram: Extensions.ManifestVersionPopulationSplit.Component recorded 1 samples, mean = 1.0 (flags = 0x41)
0  O                                                                         (0 = 0.0%)
1  -O                                                                        (1 = 100.0%) {0.0%}
2  ... 

Histogram: Extensions.ManifestVersionPopulationSplit.External recorded 1 samples, mean = 0.0 (flags = 0x41)
0  -O                                                                        (1 = 100.0%)
1  ... 

Histogram: Extensions.ManifestVersionPopulationSplit.Internal recorded 1 samples, mean = 0.0 (flags = 0x41)
0  -O                                                                        (1 = 100.0%)
1  ... 

Histogram: Extensions.ManifestVersionPopulationSplit.InternalAndExternal recorded 1 samples, mean = 0.0 (flags = 0x41)
0  -O                                                                        (1 = 100.0%)
1  ... 

Histogram: Extensions.ManifestVersionPopulationSplit.Unpacked recorded 1 samples, mean = 0.0 (flags = 0x41)
0  -O                                                                        (1 = 100.0%)
1  ... 

Histogram: Extensions.NewTabPageOverrides recorded 1 samples, mean = 0.0 (flags = 0x41)
0  -O                                                                        (1 = 100.0%)
1  ... 

Histogram: Extensions.NewTabPageOverrides2 recorded 1 samples, mean = 0.0 (flags = 0x41)
0  -O                                                                        (1 = 100.0%)
1  ... 

Histogram: Extensions.NonWebStoreNewTabPageOverrides recorded 1 samples, mean = 0.0 (flags = 0x41)
0  -O                                                                        (1 = 100.0%)
1  ... 

Histogram: Extensions.NonWebStoreNewTabPageOverrides2 recorded 1 samples, mean = 0.0 (flags = 0x41)
0  -O                                                                        (1 = 100.0%)
1  ... 

Histogram: Extensions.NonWebstoreLocation recorded 2 samples, mean = 5.0 (flags = 0x41)
0  ... 
5  --O                                                                       (2 = 100.0%) {0.0%}
6  ... 

Histogram: Extensions.NonWebstoreLocation2 recorded 2 samples, mean = 5.0 (flags = 0x41)
0  ... 
5  --O                                                                       (2 = 100.0%) {0.0%}
6  ... 

Histogram: Extensions.NonWebstoreLocationWithDeveloperModeOff.Enabled3 recorded 2 samples, mean = 5.0 (flags = 0x41)
0  ... 
5  --O                                                                       (2 = 100.0%) {0.0%}
6  ... 

Histogram: Extensions.NotAllowlistedDisabled recorded 1 samples, mean = 0.0 (flags = 0x41)
0  -O                                                                        (1 = 100.0%)
1  ... 

Histogram: Extensions.NotAllowlistedDisabled2 recorded 1 samples, mean = 0.0 (flags = 0x41)
0  -O                                                                        (1 = 100.0%)
1  ... 

Histogram: Extensions.NotAllowlistedEnabled recorded 1 samples, mean = 0.0 (flags = 0x41)
0  -O                                                                        (1 = 100.0%)
1  ... 

Histogram: Extensions.NotAllowlistedEnabled2 recorded 1 samples, mean = 0.0 (flags = 0x41)
0  -O                                                                        (1 = 100.0%)
1  ... 

Histogram: Extensions.ProcessManagerStartupHostsTime2 recorded 1 samples, mean = 0.0 (flags = 0x41)
0  -O                                                                        (1 = 100.0%)
1  ... 

Histogram: Extensions.SearchEngineOverrides recorded 1 samples, mean = 0.0 (flags = 0x41)
0  -O                                                                        (1 = 100.0%)
1  ... 

Histogram: Extensions.SearchEngineOverrides2 recorded 1 samples, mean = 0.0 (flags = 0x41)
0  -O                                                                        (1 = 100.0%)
1  ... 

Histogram: Extensions.StartupPagesOverrides recorded 1 samples, mean = 0.0 (flags = 0x41)
0  -O                                                                        (1 = 100.0%)
1  ... 

Histogram: Extensions.StartupPagesOverrides2 recorded 1 samples, mean = 0.0 (flags = 0x41)
0  -O                                                                        (1 = 100.0%)
1  ... 

Histogram: Extensions.WebRequestBlockingCount recorded 1 samples, mean = 0.0 (flags = 0x41)
0  -O                                                                        (1 = 100.0%)
1  ... 

Histogram: Extensions.WebRequestBlockingCount2 recorded 1 samples, mean = 0.0 (flags = 0x41)
0  -O                                                                        (1 = 100.0%)
1  ... 

Histogram: Extensions.WebRequestCount recorded 1 samples, mean = 0.0 (flags = 0x41)
0  -O                                                                        (1 = 100.0%)
1  ... 

Histogram: Extensions.WebRequestCount2 recorded 1 samples, mean = 0.0 (flags = 0x41)
0  -O                                                                        (1 = 100.0%)
1  ... 

Histogram: FetchKeepAlive.Renderer.Total.ReceivedResponse recorded 1 samples, mean = 1.0 (flags = 0x41)
0  O                                                                         (0 = 0.0%)
1  -O                                                                        (1 = 100.0%) {0.0%}
2  O                                                                         (0 = 0.0%) {100.0%}

Histogram: FetchKeepAlive.Renderer.Total.Started recorded 1 samples, mean = 1.0 (flags = 0x41)
0  O                                                                         (0 = 0.0%)
1  -O                                                                        (1 = 100.0%) {0.0%}
2  O                                                                         (0 = 0.0%) {100.0%}

Histogram: FetchKeepAlive.Requests2.Network recorded 2 samples, mean = 0.5 (flags = 0x41)
0  -O                                                                        (1 = 50.0%)
1  -O                                                                        (1 = 50.0%) {50.0%}
2  O                                                                         (0 = 0.0%) {100.0%}

Histogram: FetchKeepAlive.Requests2.SentToService.Renderer recorded 1 samples, mean = 2.0 (flags = 0x41)
0  ... 
2  -O                                                                        (1 = 100.0%) {0.0%}
3  ... 

Histogram: FetchKeepAlive.Requests2.Started.IsContextDetached.Renderer recorded 1 samples, mean = 0.0 (flags = 0x41)
0  -O                                                                        (1 = 100.0%)
1  ... 

Histogram: FetchKeepAlive.Requests2.Started.Renderer recorded 1 samples, mean = 1.0 (flags = 0x41)
0  O                                                                         (0 = 0.0%)
1  -O                                                                        (1 = 100.0%) {0.0%}
2  ... 

Histogram: FetchKeepAlive.Requests2.Succeeded.IsContextDetached.Renderer recorded 1 samples, mean = 0.0 (flags = 0x41)
0  -O                                                                        (1 = 100.0%)
1  ... 

Histogram: FetchKeepAlive.Requests2.Succeeded.Renderer recorded 1 samples, mean = 1.0 (flags = 0x41)
0  O                                                                         (0 = 0.0%)
1  -O                                                                        (1 = 100.0%) {0.0%}
2  ... 

Histogram: FetchKeepAlive.Requests2.Total.Renderer recorded 1 samples, mean = 1.0 (flags = 0x41)
0  O                                                                         (0 = 0.0%)
1  -O                                                                        (1 = 100.0%) {0.0%}
2  ... 

Histogram: FirstPartySets.Database.InitStatus recorded 1 samples, mean = 1.0 (flags = 0x41)
0  O                                                                         (0 = 0.0%)
1  -O                                                                        (1 = 100.0%) {0.0%}
2  ... 

Histogram: FirstPartySets.Database.TransactionFailed recorded 7 samples, mean = 0.0 (flags = 0x41)
0  -------O                                                                  (7 = 100.0%)
1  ... 

Histogram: FirstPartySets.Initialization.ClearSiteDataOutcome recorded 1 samples, mean = 1.0 (flags = 0x41)
0  O                                                                         (0 = 0.0%)
1  -O                                                                        (1 = 100.0%) {0.0%}
2  O                                                                         (0 = 0.0%) {100.0%}

Histogram: FirstPartySets.Initialization.SitesToClear.Count recorded 1 samples, mean = 0.0 (flags = 0x41)
0  -O                                                                        (1 = 100.0%)
1  ... 

Histogram: GPU.ANGLE.D3DShaderBlobSizeKB recorded 4 samples, mean = 0.5 (flags = 0x41)
0  ----O                                                                     (4 = 100.0%)
1000... 

Histogram: GPU.ANGLE.D3DShaderCompilationTimeUs recorded 4 samples, mean = 3613.5 (flags = 0x41)
0     ... 
2336  -O                                                                        (1 = 25.0%) {0.0%}
3077  --O                                                                       (2 = 50.0%) {25.0%}
4053  O                                                                         (0 = 0.0%) {75.0%}
5338  -O                                                                        (1 = 25.0%) {75.0%}
7031  ... 

Histogram: GPU.BlocklistFeatureTestResults.Accelerated2dCanvas recorded 1 samples, mean = 0.0 (flags = 0x41)
0  -O                                                                        (1 = 100.0%)
1  ... 

Histogram: GPU.BlocklistFeatureTestResults.GpuCompositing recorded 1 samples, mean = 0.0 (flags = 0x41)
0  -O                                                                        (1 = 100.0%)
1  ... 

Histogram: GPU.BlocklistFeatureTestResults.GpuRasterization recorded 1 samples, mean = 0.0 (flags = 0x41)
0  -O                                                                        (1 = 100.0%)
1  ... 

Histogram: GPU.BlocklistFeatureTestResults.Webgl recorded 1 samples, mean = 0.0 (flags = 0x41)
0  -O                                                                        (1 = 100.0%)
1  ... 

Histogram: GPU.BlocklistFeatureTestResults.Webgl2 recorded 1 samples, mean = 0.0 (flags = 0x41)
0  -O                                                                        (1 = 100.0%)
1  ... 

Histogram: GPU.BlocklistFeatureTestResults.Webgpu recorded 1 samples, mean = 2.0 (flags = 0x41)
0  ... 
2  -O                                                                        (1 = 100.0%) {0.0%}
3  ... 

Histogram: GPU.BlocklistTestResultsPerEntry recorded 1 samples, mean = 0.0 (flags = 0x41)
0  -O                                                                        (1 = 100.0%)
1  ... 

Histogram: GPU.CanvasOopRaster.OopRasterAndGpuAcceleration recorded 1 samples, mean = 0.0 (flags = 0x41)
0  -O                                                                        (1 = 100.0%)
1  ... 

Histogram: GPU.CompositingMode recorded 63 samples, mean = 1.0 (flags = 0x41)
0  O                                                                         (0 = 0.0%)
1  ---------------------------------------------------------------O          (63 = 100.0%) {0.0%}
2  ... 

Histogram: GPU.D3D12FeatureLevel recorded 1 samples, mean = 5.0 (flags = 0x41)
0  ... 
5  -O                                                                        (1 = 100.0%) {0.0%}
6  O                                                                         (0 = 0.0%) {100.0%}

Histogram: GPU.D3D12HighestShaderModel2 recorded 1 samples, mean = 9.0 (flags = 0x41)
0  ... 
9  -O                                                                        (1 = 100.0%) {0.0%}
10 O                                                                         (0 = 0.0%) {100.0%}

Histogram: GPU.DriverBugTestResultsPerEntry recorded 13 samples (flags = 0x41)
0    -O                                                                        (1 = 7.7%)
17   -O                                                                        (1 = 7.7%)
206  -O                                                                        (1 = 7.7%)
256  -O                                                                        (1 = 7.7%)
315  -O                                                                        (1 = 7.7%)
324  -O                                                                        (1 = 7.7%)
329  -O                                                                        (1 = 7.7%)
332  -O                                                                        (1 = 7.7%)
364  -O                                                                        (1 = 7.7%)
394  -O                                                                        (1 = 7.7%)
414  -O                                                                        (1 = 7.7%)
426  -O                                                                        (1 = 7.7%)
430  -O                                                                        (1 = 7.7%)

Histogram: GPU.EstablishGpuChannelSyncTime recorded 2 samples, mean = 3159.5 (flags = 0x41)
0     ... 
68    -O                                                                        (1 = 50.0%) {0.0%}
81    ... 
5961  -O                                                                        (1 = 50.0%) {50.0%}
7083  ... 

Histogram: GPU.EstablishGpuChannelSyncTime.FirstRun recorded 2 samples, mean = 3159.0 (flags = 0x41)
0     ... 
68    -O                                                                        (1 = 50.0%) {0.0%}
81    ... 
5961  -O                                                                        (1 = 50.0%) {50.0%}
7083  ... 

Histogram: GPU.GPUProcessLaunchTime recorded 2 samples, mean = 3777.0 (flags = 0x41)
0     ... 
318   -O                                                                        (1 = 50.0%) {0.0%}
378   ... 
7083  -O                                                                        (1 = 50.0%) {50.0%}
8416  ... 

Histogram: GPU.GPUProcessTerminationStatus2 recorded 1 samples, mean = 4.0 (flags = 0x41)
0  ... 
4  -O                                                                        (1 = 100.0%) {0.0%}
5  ... 

Histogram: GPU.HardwareAccelerationModeEnabled recorded 1 samples, mean = 1.0 (flags = 0x41)
0  O                                                                         (0 = 0.0%)
1  -O                                                                        (1 = 100.0%) {0.0%}
2  O                                                                         (0 = 0.0%) {100.0%}

Histogram: GPU.ProcessLifetimeEvents.HardwareAccelerated recorded 1 samples, mean = 0.0 (flags = 0x41)
0  -O                                                                        (1 = 100.0%)
1  ... 

Histogram: GPU.RasterDecoder.TimeToFlush recorded 1 samples, mean = 5513.0 (flags = 0x41)
0     ... 
4872  -O                                                                        (1 = 100.0%) {0.0%}
5548  ... 

Histogram: GPU.SharedImage.BackingType recorded 3 samples, mean = 8.7 (flags = 0x41)
0   ... 
2   -O                                                                        (1 = 33.3%) {0.0%}
3   ... 
12  --O                                                                       (2 = 66.7%) {33.3%}
13  ... 

Histogram: GPU.SharedImage.ContentConsumed recorded 6 samples, mean = 0.5 (flags = 0x41)
0  ---O                                                                      (3 = 50.0%)
1  ---O                                                                      (3 = 50.0%) {50.0%}
2  O                                                                         (0 = 0.0%) {100.0%}

Histogram: GPU.SkiaBackendType recorded 1 samples, mean = 2.0 (flags = 0x41)
0  ... 
2  -O                                                                        (1 = 100.0%) {0.0%}
3  ... 

Histogram: GPU.SupportsDX12 recorded 1 samples, mean = 1.0 (flags = 0x41)
0  O                                                                         (0 = 0.0%)
1  -O                                                                        (1 = 100.0%) {0.0%}
2  O                                                                         (0 = 0.0%) {100.0%}

Histogram: GPU.WatchdogThread.Event recorded 1 samples, mean = 0.0 (flags = 0x41)
0  -O                                                                        (1 = 100.0%)
1  ... 

Histogram: GPU.WatchdogThread.Event.main recorded 1 samples, mean = 0.0 (flags = 0x41)
0  -O                                                                        (1 = 100.0%)
1  ... 

Histogram: GPU.WatchdogThread.Timeout recorded 919 samples, mean = 0.0 (flags = 0x41)
0  ------------------------------------------------------------------------O (919 = 100.0%)
1  ... 

Histogram: GPU.WatchdogThread.Timeout.Normal recorded 911 samples, mean = 0.0 (flags = 0x41)
0  ------------------------------------------------------------------------O (911 = 100.0%)
1  ... 

Histogram: GPU.WatchdogThread.Timeout.Normal.main recorded 911 samples, mean = 0.0 (flags = 0x41)
0  ------------------------------------------------------------------------O (911 = 100.0%)
1  ... 

Histogram: GPU.WatchdogThread.Timeout.PowerResume recorded 8 samples, mean = 0.0 (flags = 0x41)
0  --------O                                                                 (8 = 100.0%)
1  ... 

Histogram: GPU.WatchdogThread.Timeout.PowerResume.main recorded 8 samples, mean = 0.0 (flags = 0x41)
0  --------O                                                                 (8 = 100.0%)
1  ... 

Histogram: GPU.WatchdogThread.Timeout.main recorded 919 samples, mean = 0.0 (flags = 0x41)
0  ------------------------------------------------------------------------O (919 = 100.0%)
1  ... 

Histogram: Gaia.AuthFetcher.ListAccounts.NetErrorCodes recorded 1 samples (flags = 0x41)
0  -O                                                                        (1 = 100.0%)

Histogram: Gpu.FenceHandle.CloneCountsPerSubmit recorded 4 samples, mean = 0.0 (flags = 0x41)
0  ----O                                                                     (4 = 100.0%)
1  ... 

Histogram: Gpu.GrCompileShaderUs recorded 4 samples, mean = 674.0 (flags = 0x41)
0    ... 
340  -O                                                                        (1 = 25.0%) {0.0%}
448  O                                                                         (0 = 0.0%) {25.0%}
590  --O                                                                       (2 = 50.0%) {25.0%}
777  -O                                                                        (1 = 25.0%) {75.0%}
1023 ... 

Histogram: Gpu.GrLinkProgramUs recorded 2 samples, mean = 5294.5 (flags = 0x41)
0     ... 
3077  -O                                                                        (1 = 50.0%) {0.0%}
4053  O                                                                         (0 = 0.0%) {50.0%}
5338  -O                                                                        (1 = 50.0%) {50.0%}
7031  ... 

Histogram: Gpu.PassthroughProgramCacheLoadHitInCache recorded 2 samples, mean = 0.0 (flags = 0x41)
0  --O                                                                       (2 = 100.0%)
1  ... 

Histogram: Gpu.Rasterization.Raster.MSAASampleCountLog2 recorded 1 samples, mean = 0.0 (flags = 0x41)
0  -O                                                                        (1 = 100.0%)
1  ... 

Histogram: HangWatcher.IsThreadHung.BrowserProcess.IOThread.Normal recorded 1844 samples, mean = 0.0 (flags = 0x41)
0  ------------------------------------------------------------------------O (1844 = 100.0%)
1  ... 

Histogram: HangWatcher.IsThreadHung.BrowserProcess.UIThread.Normal recorded 1844 samples, mean = 0.0 (flags = 0x41)
0  ------------------------------------------------------------------------O (1844 = 100.0%)
1  ... 

Histogram: HangWatcher.IsThreadHung.RendererProcess.IOThread recorded 1842 samples, mean = 0.0 (flags = 0x41)
0  ------------------------------------------------------------------------O (1842 = 100.0%)
1  ... 

Histogram: HangWatcher.IsThreadHung.RendererProcess.IOThread.BestEffort recorded 1843 samples, mean = 0.0 (flags = 0x41)
0  ------------------------------------------------------------------------O (1843 = 100.0%)
1  ... 

Histogram: HangWatcher.IsThreadHung.RendererProcess.MainThread recorded 1842 samples, mean = 0.0 (flags = 0x41)
0  ------------------------------------------------------------------------O (1842 = 100.0%)
1  ... 

Histogram: HangWatcher.IsThreadHung.RendererProcess.MainThread.BestEffort recorded 1843 samples, mean = 0.0 (flags = 0x41)
0  ------------------------------------------------------------------------O (1843 = 100.0%)
1  ... 

Histogram: HangWatcher.IsThreadHung.UtilityProcess.IOThread recorded 3686 samples, mean = 0.0 (flags = 0x41)
0  ------------------------------------------------------------------------O (3686 = 100.0%)
1  ... 

Histogram: HangWatcher.IsThreadHung.UtilityProcess.MainThread recorded 3686 samples, mean = 0.0 (flags = 0x41)
0  ------------------------------------------------------------------------O (3686 = 100.0%)
1  ... 

Histogram: HangWatcher.SleepDrift.BrowserProcess recorded 9230 samples, mean = 2555.9 (flags = 0x41)
0      ------------------------------------------------------------------------O (2114 = 22.9%)
1      ---------------------O                                                    (621 = 6.7%) {22.9%}
2      ---------------O                                                          (429 = 4.6%) {29.6%}
3      -----------------O                                                        (511 = 5.5%) {34.3%}
4      -----------------O                                                        (505 = 5.5%) {39.8%}
5      --------------O                                                           (405 = 4.4%) {45.3%}
6      ---------------O                                                          (431 = 4.7%) {49.7%}
7      ----------------O                                                         (456 = 4.9%) {54.3%}
8      ----------------------------------O                                       (1000 = 10.8%) {59.3%}
10     --------------------------------O                                         (942 = 10.2%) {70.1%}
12     -----------------------------------O                                      (1024 = 11.1%) {80.3%}
14     --------------------------O                                               (766 = 8.3%) {91.4%}
17     O                                                                         (10 = 0.1%) {99.7%}
20     O                                                                         (1 = 0.0%) {99.8%}
24     ... 
10000  -O                                                                        (15 = 0.2%) {99.8%}

Histogram: Hardware.Display.Count.OnStartup recorded 1 samples, mean = 1.0 (flags = 0x41)
0  O                                                                         (0 = 0.0%)
1  -O                                                                        (1 = 100.0%) {0.0%}
2  ... 

Histogram: Hardware.Display.SupportsHDR recorded 1 samples, mean = 0.0 (flags = 0x41)
0  -O                                                                        (1 = 100.0%)
1  ... 

Histogram: HeapProfiling.InProcess.Enabled recorded 1 samples, mean = 0.0 (flags = 0x41)
0  -O                                                                        (1 = 100.0%)
1  ... 

Histogram: HeapProfiling.InProcess.Enabled.Browser recorded 1 samples, mean = 0.0 (flags = 0x41)
0  -O                                                                        (1 = 100.0%)
1  ... 

Histogram: Histogram.TooManyBuckets.1000 recorded 4 samples (flags = 0x41)
-2140283801 --O                                                                       (2 = 50.0%)
1721222685  --O                                                                       (2 = 50.0%)

Histogram: History.Backend.TransactionCommitSuccess recorded 3 samples, mean = 1.0 (flags = 0x41)
0  O                                                                         (0 = 0.0%)
1  ---O                                                                      (3 = 100.0%) {0.0%}
2  O                                                                         (0 = 0.0%) {100.0%}

Histogram: History.ClearBrowsingData.TaskQueueAtShutdown recorded 1 samples, mean = 0.0 (flags = 0x41)
0  -O                                                                        (1 = 100.0%)
1  ... 

Histogram: History.Clusters.ContextClusterer.VisitProcessingLatency.CleanUpTimer recorded 32 samples, mean = 0.0 (flags = 0x41)
0  --------------------------------O                                         (32 = 100.0%)
1  ... 

Histogram: History.Clusters.ContextClusterer.VisitProcessingLatency.UrlVisited recorded 4 samples, mean = 0.0 (flags = 0x41)
0  ----O                                                                     (4 = 100.0%)
1  ... 

Histogram: History.Clusters.JourneysEligibleAndEnabledAtSessionStart recorded 1 samples, mean = 1.0 (flags = 0x41)
0  O                                                                         (0 = 0.0%)
1  -O                                                                        (1 = 100.0%) {0.0%}
2  O                                                                         (0 = 0.0%) {100.0%}

Histogram: History.Clusters.KeywordCache.LoadCachesFromPrefs.Latency recorded 1 samples, mean = 0.0 (flags = 0x41)
0  -O                                                                        (1 = 100.0%)
1  ... 

Histogram: History.InMemoryDBItemCount recorded 1 samples, mean = 3.0 (flags = 0x41)
0  ... 
3  -O                                                                        (1 = 100.0%) {0.0%}
4  ... 

Histogram: History.TopSites.QueryFromHistoryTime recorded 1 samples, mean = 38.0 (flags = 0x41)
0   ... 
34  -O                                                                        (1 = 100.0%) {0.0%}
40  ... 

Histogram: History.VisitedLinks.HashTableLengthOnReaderInit recorded 3 samples, mean = 16381.0 (flags = 0x41)
0      ... 
14319  ---O                                                                      (3 = 100.0%) {0.0%}
19866  ... 

Histogram: History.VisitedLinks.HashTableSizeOnTableCreate recorded 2 samples, mean = 0.0 (flags = 0x41)
0  --O                                                                       (2 = 100.0%)
1  ... 

Histogram: History.VisitedLinks.HashTableUsageOnLinkAdded recorded 4 samples, mean = 3.0 (flags = 0x41)
0  -O                                                                        (1 = 25.0%)
1  ... 
4  ---O                                                                      (3 = 75.0%) {25.0%}
6  ... 

Histogram: History.VisitedLinks.TryToAddFingerprint recorded 5 samples, mean = 0.8 (flags = 0x41)
0  -O                                                                        (1 = 20.0%)
1  ----O                                                                     (4 = 80.0%) {20.0%}
2  ... 

Histogram: History.VisitedLinks.VisitLoggedFromMainFrame recorded 3 samples, mean = 1.0 (flags = 0x41)
0  O                                                                         (0 = 0.0%)
1  ---O                                                                      (3 = 100.0%) {0.0%}
2  O                                                                         (0 = 0.0%) {100.0%}

Histogram: History.VisitedLinks.VisitLoggedFromTransition recorded 3 samples, mean = 1.7 (flags = 0x41)
0  O                                                                         (0 = 0.0%)
1  -O                                                                        (1 = 33.3%) {0.0%}
2  --O                                                                       (2 = 66.7%) {33.3%}
3  ... 

Histogram: HttpCache.AccessToDone2 recorded 49 samples, mean = 304.9 (flags = 0x41)
0     ... 
3     -O                                                                        (1 = 2.0%) {0.0%}
4     ... 
9     -O                                                                        (1 = 2.0%) {2.0%}
10    ... 
18    -O                                                                        (1 = 2.0%) {4.1%}
20    O                                                                         (0 = 0.0%) {6.1%}
22    --O                                                                       (2 = 4.1%) {6.1%}
24    ... 
31    -O                                                                        (1 = 2.0%) {10.2%}
34    -O                                                                        (1 = 2.0%) {12.2%}
37    -O                                                                        (1 = 2.0%) {14.3%}
41    ... 
49    --O                                                                       (2 = 4.1%) {16.3%}
54    ---O                                                                      (3 = 6.1%) {20.4%}
59    -O                                                                        (1 = 2.0%) {26.5%}
65    O                                                                         (0 = 0.0%) {28.6%}
71    -O                                                                        (1 = 2.0%) {28.6%}
78    ... 
102   --O                                                                       (2 = 4.1%) {30.6%}
112   ... 
135   -O                                                                        (1 = 2.0%) {34.7%}
148   -----O                                                                    (5 = 10.2%) {36.7%}
162   ---O                                                                      (3 = 6.1%) {46.9%}
177   ---------O                                                                (9 = 18.4%) {53.1%}
194   ... 
254   -O                                                                        (1 = 2.0%) {71.4%}
278   O                                                                         (0 = 0.0%) {73.5%}
304   -O                                                                        (1 = 2.0%) {73.5%}
333   O                                                                         (0 = 0.0%) {75.5%}
364   -O                                                                        (1 = 2.0%) {75.5%}
398   ... 
477   --O                                                                       (2 = 4.1%) {77.6%}
522   -O                                                                        (1 = 2.0%) {81.6%}
571   O                                                                         (0 = 0.0%) {83.7%}
625   -O                                                                        (1 = 2.0%) {83.7%}
684   O                                                                         (0 = 0.0%) {85.7%}
748   -O                                                                        (1 = 2.0%) {85.7%}
818   O                                                                         (0 = 0.0%) {87.8%}
895   --O                                                                       (2 = 4.1%) {87.8%}
979   -O                                                                        (1 = 2.0%) {91.8%}
1071  O                                                                         (0 = 0.0%) {93.9%}
1172  -O                                                                        (1 = 2.0%) {93.9%}
1282  O                                                                         (0 = 0.0%) {95.9%}
1403  --O                                                                       (2 = 4.1%) {95.9%}
1535  ... 

Histogram: HttpCache.AccessToDone2.SentRequest recorded 13 samples, mean = 824.8 (flags = 0x41)
0     ... 
254   -O                                                                        (1 = 7.7%) {0.0%}
278   ... 
364   -O                                                                        (1 = 7.7%) {7.7%}
398   ... 
477   --O                                                                       (2 = 15.4%) {15.4%}
522   -O                                                                        (1 = 7.7%) {30.8%}
571   O                                                                         (0 = 0.0%) {38.5%}
625   -O                                                                        (1 = 7.7%) {38.5%}
684   O                                                                         (0 = 0.0%) {46.2%}
748   -O                                                                        (1 = 7.7%) {46.2%}
818   O                                                                         (0 = 0.0%) {53.8%}
895   --O                                                                       (2 = 15.4%) {53.8%}
979   -O                                                                        (1 = 7.7%) {69.2%}
1071  O                                                                         (0 = 0.0%) {76.9%}
1172  -O                                                                        (1 = 7.7%) {76.9%}
1282  O                                                                         (0 = 0.0%) {84.6%}
1403  --O                                                                       (2 = 15.4%) {84.6%}
1535  ... 

Histogram: HttpCache.AccessToDone2.Used recorded 36 samples, mean = 117.1 (flags = 0x41)
0    ... 
3    -O                                                                        (1 = 2.8%) {0.0%}
4    ... 
9    -O                                                                        (1 = 2.8%) {2.8%}
10   ... 
18   -O                                                                        (1 = 2.8%) {5.6%}
19   ... 
22   -O                                                                        (1 = 2.8%) {8.3%}
23   -O                                                                        (1 = 2.8%) {11.1%}
25   ... 
33   -O                                                                        (1 = 2.8%) {13.9%}
35   -O                                                                        (1 = 2.8%) {16.7%}
37   -O                                                                        (1 = 2.8%) {19.4%}
39   ... 
51   --O                                                                       (2 = 5.6%) {22.2%}
54   O                                                                         (0 = 0.0%) {27.8%}
58   ----O                                                                     (4 = 11.1%) {27.8%}
62   ... 
70   -O                                                                        (1 = 2.8%) {38.9%}
75   ... 
103  --O                                                                       (2 = 5.6%) {41.7%}
110  ... 
133  -O                                                                        (1 = 2.8%) {47.2%}
142  O                                                                         (0 = 0.0%) {50.0%}
151  ----O                                                                     (4 = 11.1%) {50.0%}
161  -O                                                                        (1 = 2.8%) {61.1%}
172  ----------O                                                               (10 = 27.8%) {63.9%}
183  --O                                                                       (2 = 5.6%) {91.7%}
195  ... 
307  -O                                                                        (1 = 2.8%) {97.2%}
327  ... 

Histogram: HttpCache.AddTransactionToEntry recorded 49 samples, mean = 0.0 (flags = 0x41)
0  ------------------------------------------------O                         (48 = 98.0%)
1  -O                                                                        (1 = 2.0%) {98.0%}
2  ... 

Histogram: HttpCache.BeforeSend recorded 13 samples, mean = 15.7 (flags = 0x41)
0    ------O                                                                   (6 = 46.2%)
1    ----O                                                                     (4 = 30.8%) {46.2%}
2    ... 
7    -O                                                                        (1 = 7.7%) {76.9%}
8    ... 
20   -O                                                                        (1 = 7.7%) {84.6%}
24   ... 
160  -O                                                                        (1 = 7.7%) {92.3%}
190  ... 

Histogram: HttpCache.BeforeSend.CantConditionalize recorded 4 samples, mean = 7.2 (flags = 0x41)
0   O                                                                         (0 = 0.0%)
1   --O                                                                       (2 = 50.0%) {0.0%}
2   ... 
7   -O                                                                        (1 = 25.0%) {50.0%}
8   ... 
20  -O                                                                        (1 = 25.0%) {75.0%}
24  ... 

Histogram: HttpCache.BeforeSend.NotCached recorded 5 samples, mean = 0.0 (flags = 0x41)
0  -----O                                                                    (5 = 100.0%)
1  ... 

Histogram: HttpCache.BeforeSend.Updated recorded 1 samples, mean = 173.0 (flags = 0x41)
0    ... 
160  -O                                                                        (1 = 100.0%) {0.0%}
190  ... 

Histogram: HttpCache.BeforeSend.Validated recorded 3 samples, mean = 0.7 (flags = 0x41)
0  -O                                                                        (1 = 33.3%)
1  --O                                                                       (2 = 66.7%) {33.3%}
2  ... 

Histogram: HttpCache.CreateDiskEntry recorded 5 samples, mean = 0.0 (flags = 0x41)
0  -----O                                                                    (5 = 100.0%)
1  ... 

Histogram: HttpCache.HardReset recorded 1 samples, mean = 0.0 (flags = 0x40)
0  -O                                                                        (1 = 100.0%)
1  ... 

Histogram: HttpCache.IsNoStore recorded 49 samples, mean = 0.1 (flags = 0x41)
0  --------------------------------------------O                             (44 = 89.8%)
1  -----O                                                                    (5 = 10.2%) {89.8%}
2  O                                                                         (0 = 0.0%) {100.0%}

Histogram: HttpCache.IsNoStore.MainFrameHTML recorded 1 samples, mean = 1.0 (flags = 0x41)
0  O                                                                         (0 = 0.0%)
1  -O                                                                        (1 = 100.0%) {0.0%}
2  O                                                                         (0 = 0.0%) {100.0%}

Histogram: HttpCache.MaxFileSizeOnInit recorded 1 samples, mean = 40960.0 (flags = 0x41)
0      ... 
37526  -O                                                                        (1 = 100.0%) {0.0%}
42713  ... 

Histogram: HttpCache.OpenDiskEntry recorded 44 samples, mean = 0.9 (flags = 0x41)
0   -----------------------------------------O                                (41 = 93.2%)
1   ... 
6   -O                                                                        (1 = 2.3%) {93.2%}
7   ... 
17  --O                                                                       (2 = 4.5%) {95.5%}
20  ... 

Histogram: HttpCache.Pattern recorded 49 samples, mean = 3.2 (flags = 0x41)
0  ... 
2  -----O                                                                    (5 = 10.2%) {0.0%}
3  ------------------------------------O                                     (36 = 73.5%) {10.2%}
4  ---O                                                                      (3 = 6.1%) {83.7%}
5  -O                                                                        (1 = 2.0%) {89.8%}
6  ----O                                                                     (4 = 8.2%) {91.8%}
7  O                                                                         (0 = 0.0%) {100.0%}

Histogram: HttpCache.Pattern.CSS recorded 7 samples, mean = 3.1 (flags = 0x41)
0  ... 
3  ------O                                                                   (6 = 85.7%) {0.0%}
4  -O                                                                        (1 = 14.3%) {85.7%}
5  ... 

Histogram: HttpCache.Pattern.CSSThirdParty recorded 7 samples, mean = 3.1 (flags = 0x41)
0  ... 
3  ------O                                                                   (6 = 85.7%) {0.0%}
4  -O                                                                        (1 = 14.3%) {85.7%}
5  ... 

Histogram: HttpCache.Pattern.Font recorded 5 samples, mean = 3.0 (flags = 0x41)
0  ... 
3  -----O                                                                    (5 = 100.0%) {0.0%}
4  ... 

Histogram: HttpCache.Pattern.FontThirdParty recorded 5 samples, mean = 3.0 (flags = 0x41)
0  ... 
3  -----O                                                                    (5 = 100.0%) {0.0%}
4  ... 

Histogram: HttpCache.Pattern.Image recorded 1 samples, mean = 2.0 (flags = 0x41)
0  ... 
2  -O                                                                        (1 = 100.0%) {0.0%}
3  ... 

Histogram: HttpCache.Pattern.JavaScript recorded 26 samples, mean = 3.2 (flags = 0x41)
0  ... 
3  ------------------------O                                                 (24 = 92.3%) {0.0%}
4  O                                                                         (0 = 0.0%) {92.3%}
5  -O                                                                        (1 = 3.8%) {92.3%}
6  -O                                                                        (1 = 3.8%) {96.2%}
7  O                                                                         (0 = 0.0%) {100.0%}

Histogram: HttpCache.Pattern.JavaScriptThirdParty recorded 25 samples, mean = 3.1 (flags = 0x41)
0  ... 
3  ------------------------O                                                 (24 = 96.0%) {0.0%}
4  O                                                                         (0 = 0.0%) {96.0%}
5  -O                                                                        (1 = 4.0%) {96.0%}
6  ... 

Histogram: HttpCache.Pattern.MainFrameHTML recorded 1 samples, mean = 2.0 (flags = 0x41)
0  ... 
2  -O                                                                        (1 = 100.0%) {0.0%}
3  ... 

Histogram: HttpCache.Pattern.NonTinyImage recorded 1 samples, mean = 2.0 (flags = 0x41)
0  ... 
2  -O                                                                        (1 = 100.0%) {0.0%}
3  ... 

Histogram: HttpCache.TotalDiskCacheTimePerTransaction.Read recorded 8 samples, mean = 22.0 (flags = 0x41)
0    ----O                                                                     (4 = 50.0%)
1    --O                                                                       (2 = 25.0%) {50.0%}
2    ... 
20   -O                                                                        (1 = 12.5%) {75.0%}
24   ... 
135  -O                                                                        (1 = 12.5%) {87.5%}
160  ... 

Histogram: HttpCache.TotalDiskCacheTimePerTransaction.Write recorded 8 samples, mean = 0.6 (flags = 0x41)
0  -----O                                                                    (5 = 62.5%)
1  -O                                                                        (1 = 12.5%) {62.5%}
2  --O                                                                       (2 = 25.0%) {75.0%}
3  ... 

Histogram: ImageDecoder.Png.UiGfxIntoSkBitmap recorded 1 samples, mean = 179.0 (flags = 0x41)
0    ... 
149  -O                                                                        (1 = 100.0%) {0.0%}
196  ... 

Histogram: ImportantFile.FileReplaceRetryCount recorded 16 samples, mean = 0.0 (flags = 0x41)
0  ----------------O                                                         (16 = 100.0%)
1  ... 

Histogram: ImportantFile.SerializationDuration recorded 4 samples, mean = 0.0 (flags = 0x41)
0  ----O                                                                     (4 = 100.0%)
1  ... 

Histogram: ImportantFile.SerializationDuration.Local_State recorded 5 samples, mean = 0.0 (flags = 0x41)
0  -----O                                                                    (5 = 100.0%)
1  ... 

Histogram: ImportantFile.SerializationDuration.Preferences recorded 3 samples, mean = 0.0 (flags = 0x41)
0  ---O                                                                      (3 = 100.0%)
1  ... 

Histogram: ImportantFile.SerializationDuration.TransportSecurityPersister recorded 1 samples, mean = 0.0 (flags = 0x41)
0  -O                                                                        (1 = 100.0%)
1  ... 

Histogram: ImportantFile.WriteDuration recorded 4 samples, mean = 58.2 (flags = 0x41)
0   ... 
17  -O                                                                        (1 = 25.0%) {0.0%}
20  ... 
40  -O                                                                        (1 = 25.0%) {25.0%}
48  ... 
68  -O                                                                        (1 = 25.0%) {50.0%}
81  O                                                                         (0 = 0.0%) {75.0%}
96  -O                                                                        (1 = 25.0%) {75.0%}
114 ... 

Histogram: ImportantFile.WriteDuration.Local_State recorded 5 samples, mean = 24.6 (flags = 0x41)
0   ... 
6   -O                                                                        (1 = 20.0%) {0.0%}
7   ... 
17  -O                                                                        (1 = 20.0%) {20.0%}
20  O                                                                         (0 = 0.0%) {40.0%}
24  -O                                                                        (1 = 20.0%) {40.0%}
29  O                                                                         (0 = 0.0%) {60.0%}
34  --O                                                                       (2 = 40.0%) {60.0%}
40  ... 

Histogram: ImportantFile.WriteDuration.Preferences recorded 3 samples, mean = 27.0 (flags = 0x41)
0   ... 
17  -O                                                                        (1 = 33.3%) {0.0%}
20  O                                                                         (0 = 0.0%) {33.3%}
24  -O                                                                        (1 = 33.3%) {33.3%}
29  O                                                                         (0 = 0.0%) {66.7%}
34  -O                                                                        (1 = 33.3%) {66.7%}
40  ... 

Histogram: ImportantFile.WriteDuration.SCTAuditing recorded 2 samples, mean = 32.5 (flags = 0x41)
0   ... 
17  -O                                                                        (1 = 50.0%) {0.0%}
20  ... 
40  -O                                                                        (1 = 50.0%) {50.0%}
48  ... 

Histogram: ImportantFile.WriteDuration.TransportSecurityPersister recorded 1 samples, mean = 94.0 (flags = 0x41)
0   ... 
81  -O                                                                        (1 = 100.0%) {0.0%}
96  ... 

Histogram: ImportantFile.WriteDuration.TrustedVault recorded 1 samples, mean = 18.0 (flags = 0x41)
0   ... 
17  -O                                                                        (1 = 100.0%) {0.0%}
20  ... 

Histogram: InProductHelp.Config.ParsingEvent recorded 68 samples, mean = 6.4 (flags = 0x41)
0   -----------------------------O                                            (29 = 42.6%)
1   O                                                                         (0 = 0.0%) {42.6%}
2   ---------O                                                                (9 = 13.2%) {42.6%}
3   ... 
14  ------------------------------O                                           (30 = 44.1%) {55.9%}
15  ... 

Histogram: InProductHelp.Db.Init.AvailabilityStore recorded 1 samples, mean = 0.0 (flags = 0x41)
0  -O                                                                        (1 = 100.0%)
1  ... 

Histogram: InProductHelp.Db.Init.EventStore recorded 1 samples, mean = 0.0 (flags = 0x41)
0  -O                                                                        (1 = 100.0%)
1  ... 

Histogram: IndexedDB.ContextShutdownDuration recorded 1 samples, mean = 0.0 (flags = 0x41)
0  -O                                                                        (1 = 100.0%)
1  ... 

Histogram: Input.Digitizer.MaxTouchPointsSupportedBySystemAtStartup recorded 1 samples, mean = 0.0 (flags = 0x41)
0  -O                                                                        (1 = 100.0%)
1  ... 

Histogram: Input.PointerTypePrimary recorded 1 samples, mean = 2.0 (flags = 0x41)
0  ... 
2  -O                                                                        (1 = 100.0%) {0.0%}
3  O                                                                         (0 = 0.0%) {100.0%}

Histogram: Input.PointerTypesAll recorded 1 samples, mean = 2.0 (flags = 0x41)
0  ... 
2  -O                                                                        (1 = 100.0%) {0.0%}
3  ... 

Histogram: LanguageDetection.TFLiteModel.WasModelRequestDeferred recorded 2 samples, mean = 1.0 (flags = 0x41)
0  O                                                                         (0 = 0.0%)
1  --O                                                                       (2 = 100.0%) {0.0%}
2  O                                                                         (0 = 0.0%) {100.0%}

Histogram: LanguageUsage.AcceptLanguage recorded 2 samples (flags = 0x41)
25966  -O                                                                        (1 = 50.0%)
27233  -O                                                                        (1 = 50.0%)

Histogram: LanguageUsage.AcceptLanguage.Count recorded 1 samples, mean = 2.0 (flags = 0x41)
0  ... 
2  -O                                                                        (1 = 100.0%) {0.0%}
3  ... 

Histogram: LanguageUsage.AcceptLanguageAndContentLanguageUsage recorded 1 samples, mean = 0.0 (flags = 0x41)
0  -O                                                                        (1 = 100.0%)
1  ... 

Histogram: LevelDB.ApproximateMemTableMemoryUse.BudgetManager recorded 0 samples (flags = 0x41)
0 ... 

Histogram: LevelDB.ApproximateMemTableMemoryUse.CartDatabase recorded 0 samples (flags = 0x41)
0 ... 

Histogram: LevelDB.ApproximateMemTableMemoryUse.ClientCertificatesDatabase recorded 0 samples (flags = 0x41)
0 ... 

Histogram: LevelDB.ApproximateMemTableMemoryUse.CommerceParcelTrackingDatabase recorded 0 samples (flags = 0x41)
0 ... 

Histogram: LevelDB.ApproximateMemTableMemoryUse.CommerceSubscriptionDatabase recorded 0 samples (flags = 0x41)
0 ... 

Histogram: LevelDB.ApproximateMemTableMemoryUse.CouponDatabase recorded 0 samples (flags = 0x41)
0 ... 

Histogram: LevelDB.ApproximateMemTableMemoryUse.DiscountsDatabase recorded 0 samples (flags = 0x41)
0 ... 

Histogram: LevelDB.ApproximateMemTableMemoryUse.DownloadDB recorded 0 samples (flags = 0x41)
0 ... 

Histogram: LevelDB.ApproximateMemTableMemoryUse.DownloadService recorded 0 samples (flags = 0x41)
0 ... 

Histogram: LevelDB.ApproximateMemTableMemoryUse.FeatureEngagementTrackerAvailabilityStore recorded 0 samples (flags = 0x41)
0 ... 

Histogram: LevelDB.ApproximateMemTableMemoryUse.FeatureEngagementTrackerEventStore recorded 0 samples (flags = 0x41)
0 ... 

Histogram: LevelDB.ApproximateMemTableMemoryUse.Metadata recorded 0 samples (flags = 0x41)
0 ... 

Histogram: LevelDB.ApproximateMemTableMemoryUse.PersistentOriginTrials recorded 0 samples (flags = 0x41)
0 ... 

Histogram: LevelDB.ApproximateMemTableMemoryUse.PreviewsHintCacheStore recorded 0 samples (flags = 0x41)
0 ... 

Histogram: LevelDB.ApproximateMemTableMemoryUse.SegmentInfoDatabase recorded 0 samples (flags = 0x41)
0 ... 

Histogram: LevelDB.ApproximateMemTableMemoryUse.SharedProtoDB recorded 0 samples (flags = 0x41)
0 ... 

Histogram: LevelDB.ApproximateMemTableMemoryUse.SignalDatabase recorded 0 samples (flags = 0x41)
0 ... 

Histogram: LevelDB.ApproximateMemTableMemoryUse.SignalStorageConfigDatabase recorded 0 samples (flags = 0x41)
0 ... 

Histogram: LevelDB.ApproximateMemTableMemoryUse.StrikeService recorded 0 samples (flags = 0x41)
0 ... 

Histogram: LevelDBEnv.DeleteTableBackupFile recorded 0 samples (flags = 0x41)
0 ... 

Histogram: LevelDBWrapper.CommitDelay recorded 2 samples, mean = 5000.0 (flags = 0x41)
0     ... 
4516  --O                                                                       (2 = 100.0%) {0.0%}
6118  ... 

Histogram: LoadingPredictor.PreconnectCount recorded 1 samples, mean = 1.0 (flags = 0x41)
0  O                                                                         (0 = 0.0%)
1  -O                                                                        (1 = 100.0%) {0.0%}
2  ... 

Histogram: LoadingPredictor.PreconnectHitsPercentage recorded 1 samples, mean = 100.0 (flags = 0x41)
0    ... 
100  -O                                                                        (1 = 100.0%) {0.0%}
101  O                                                                         (0 = 0.0%) {100.0%}

Histogram: LoadingPredictor.PreconnectLearningCount.Navigation recorded 1 samples, mean = 4.0 (flags = 0x41)
0  ... 
4  -O                                                                        (1 = 100.0%) {0.0%}
5  ... 

Histogram: LoadingPredictor.PreconnectLearningPrecision.Navigation recorded 1 samples, mean = 75.0 (flags = 0x41)
0   ... 
75  -O                                                                        (1 = 100.0%) {0.0%}
76  ... 

Histogram: LoadingPredictor.PreconnectLearningRecall.Navigation recorded 1 samples, mean = 100.0 (flags = 0x41)
0    ... 
100  -O                                                                        (1 = 100.0%) {0.0%}

Histogram: LoadingPredictor.PreconnectLearningRedirectStatus.Navigation recorded 1 samples, mean = 2.0 (flags = 0x41)
0  ... 
2  -O                                                                        (1 = 100.0%) {0.0%}
3  ... 

Histogram: LoadingPredictor.PredictorDatabaseFileSize recorded 1 samples, mean = 44.0 (flags = 0x41)
0   ... 
37  -O                                                                        (1 = 100.0%) {0.0%}
49  ... 

Histogram: LoadingPredictor.PreresolveCount recorded 1 samples, mean = 1.0 (flags = 0x41)
0  O                                                                         (0 = 0.0%)
1  -O                                                                        (1 = 100.0%) {0.0%}
2  ... 

Histogram: LoadingPredictor.PreresolveHitsPercentage recorded 1 samples, mean = 100.0 (flags = 0x41)
0    ... 
100  -O                                                                        (1 = 100.0%) {0.0%}
101  O                                                                         (0 = 0.0%) {100.0%}

Histogram: LocalStorage.MojoSizeInKB recorded 1 samples, mean = 25.0 (flags = 0x41)
0   ... 
25  -O                                                                        (1 = 100.0%) {0.0%}
29  ... 

Histogram: LocalStorage.MojoTimeToPrime recorded 1 samples, mean = 3.0 (flags = 0x41)
0  ... 
3  -O                                                                        (1 = 100.0%) {0.0%}
4  ... 

Histogram: LocalStorage.MojoTimeToPrimeForUnder100KB recorded 1 samples, mean = 3.0 (flags = 0x41)
0  ... 
3  -O                                                                        (1 = 100.0%) {0.0%}
4  ... 

Histogram: LocalStorage.RendererAreaCacheHit recorded 2 samples, mean = 1.0 (flags = 0x41)
0  -O                                                                        (1 = 50.0%)
1  O                                                                         (0 = 0.0%) {50.0%}
2  -O                                                                        (1 = 50.0%) {50.0%}
3  O                                                                         (0 = 0.0%) {100.0%}

Histogram: LocalStorageContext.ShutDown.MaybeDroppedChanges recorded 1 samples, mean = 0.0 (flags = 0x40)
0  -O                                                                        (1 = 100.0%)
1  ... 

Histogram: MPArch.ChildProcessLaunchFirst recorded 1 samples, mean = 23.0 (flags = 0x41)
0   ... 
20  -O                                                                        (1 = 100.0%) {0.0%}
24  ... 

Histogram: MPArch.ChildProcessLaunchSubsequent recorded 7 samples, mean = 8.1 (flags = 0x41)
0   ... 
6   ----O                                                                     (4 = 57.1%) {0.0%}
7   -O                                                                        (1 = 14.3%) {57.1%}
8   -O                                                                        (1 = 14.3%) {71.4%}
10  ... 
17  -O                                                                        (1 = 14.3%) {85.7%}
20  ... 

Histogram: ManagedUsers.BlockedIframeCount recorded 1 samples, mean = 0.0 (flags = 0x41)
0  -O                                                                        (1 = 100.0%)
1  ... 

Histogram: Manifest.HasProperty.description recorded 1 samples, mean = 0.0 (flags = 0x41)
0  -O                                                                        (1 = 100.0%)
1  ... 

Histogram: Manifest.HasProperty.display recorded 1 samples, mean = 1.0 (flags = 0x41)
0  O                                                                         (0 = 0.0%)
1  -O                                                                        (1 = 100.0%) {0.0%}
2  O                                                                         (0 = 0.0%) {100.0%}

Histogram: Manifest.HasProperty.gcm_sender_id recorded 1 samples, mean = 0.0 (flags = 0x41)
0  -O                                                                        (1 = 100.0%)
1  ... 

Histogram: Manifest.HasProperty.icons recorded 1 samples, mean = 1.0 (flags = 0x41)
0  O                                                                         (0 = 0.0%)
1  -O                                                                        (1 = 100.0%) {0.0%}
2  O                                                                         (0 = 0.0%) {100.0%}

Histogram: Manifest.HasProperty.name recorded 1 samples, mean = 1.0 (flags = 0x41)
0  O                                                                         (0 = 0.0%)
1  -O                                                                        (1 = 100.0%) {0.0%}
2  O                                                                         (0 = 0.0%) {100.0%}

Histogram: Manifest.HasProperty.orientation recorded 1 samples, mean = 0.0 (flags = 0x41)
0  -O                                                                        (1 = 100.0%)
1  ... 

Histogram: Manifest.HasProperty.protocol_handlers recorded 1 samples, mean = 0.0 (flags = 0x41)
0  -O                                                                        (1 = 100.0%)
1  ... 

Histogram: Manifest.HasProperty.screenshots recorded 1 samples, mean = 0.0 (flags = 0x41)
0  -O                                                                        (1 = 100.0%)
1  ... 

Histogram: Manifest.HasProperty.share_target recorded 1 samples, mean = 0.0 (flags = 0x41)
0  -O                                                                        (1 = 100.0%)
1  ... 

Histogram: Manifest.HasProperty.short_name recorded 1 samples, mean = 1.0 (flags = 0x41)
0  O                                                                         (0 = 0.0%)
1  -O                                                                        (1 = 100.0%) {0.0%}
2  O                                                                         (0 = 0.0%) {100.0%}

Histogram: Manifest.HasProperty.start_url recorded 1 samples, mean = 1.0 (flags = 0x41)
0  O                                                                         (0 = 0.0%)
1  -O                                                                        (1 = 100.0%) {0.0%}
2  O                                                                         (0 = 0.0%) {100.0%}

Histogram: Manifest.ParseIdResult recorded 1 samples, mean = 1.0 (flags = 0x41)
0  O                                                                         (0 = 0.0%)
1  -O                                                                        (1 = 100.0%) {0.0%}
2  ... 

Histogram: Media.GPU.VideoDecoderType recorded 1 samples, mean = 11.0 (flags = 0x41)
0   ... 
11  -O                                                                        (1 = 100.0%) {0.0%}
12  ... 

Histogram: Media.MediaHistory.DatabaseExists recorded 1 samples, mean = 0.0 (flags = 0x41)
0  -O                                                                        (1 = 100.0%)
1  ... 

Histogram: MediaRouter.Cast.Discovery.ConnectedDevicesCount recorded 1 samples, mean = 0.0 (flags = 0x41)
0  -O                                                                        (1 = 100.0%)
1  ... 

Histogram: MediaRouter.Cast.Discovery.KnownDevicesCount recorded 1 samples, mean = 0.0 (flags = 0x41)
0  -O                                                                        (1 = 100.0%)
1  ... 

Histogram: MediaRouter.Dial.AvailableDevicesCount recorded 1 samples, mean = 0.0 (flags = 0x41)
0  -O                                                                        (1 = 100.0%)
1  ... 

Histogram: MediaRouter.Dial.KnownDevicesCount recorded 1 samples, mean = 0.0 (flags = 0x41)
0  -O                                                                        (1 = 100.0%)
1  ... 

Histogram: Memory.Discardable.FreelistSize.Foreground recorded 4 samples, mean = 0.0 (flags = 0x41)
0  ----O                                                                     (4 = 100.0%)
1  ... 

Histogram: Memory.Discardable.Size.Foreground recorded 4 samples, mean = 0.0 (flags = 0x41)
0  ----O                                                                     (4 = 100.0%)
1  ... 

Histogram: Memory.Discardable.VirtualSize.Foreground recorded 4 samples, mean = 0.0 (flags = 0x41)
0  ----O                                                                     (4 = 100.0%)
1  ... 

Histogram: Memory.Experimental.AvailableMemoryMB recorded 156 samples, mean = 9414.9 (flags = 0x41)
0     ... 
903   -O                                                                        (1 = 0.6%) {0.0%}
997   ... 
1483  -O                                                                        (1 = 0.6%) {0.6%}
1637  ... 
5376  ----O                                                                     (4 = 2.6%) {1.3%}
5936  ... 
7237  -O                                                                        (1 = 0.6%) {3.8%}
7991  ----O                                                                     (4 = 2.6%) {4.5%}
8823  ------------------------------------------------------------------------O (73 = 46.8%) {7.1%}
9742  -----------------------------------------------------------------------O  (72 = 46.2%) {53.8%}
10757 ... 

Histogram: Memory.Experimental.AvailableMemoryPercent recorded 156 samples, mean = 28.8 (flags = 0x41)
0   ... 
2   -O                                                                        (1 = 0.6%) {0.0%}
3   O                                                                         (0 = 0.0%) {0.6%}
4   -O                                                                        (1 = 0.6%) {0.6%}
5   ... 
17  --O                                                                       (2 = 1.3%) {1.3%}
18  --O                                                                       (2 = 1.3%) {2.6%}
19  ... 
24  -O                                                                        (1 = 0.6%) {3.8%}
25  -O                                                                        (1 = 0.6%) {4.5%}
26  --O                                                                       (2 = 1.3%) {5.1%}
27  -----O                                                                    (5 = 3.2%) {6.4%}
28  ----------------O                                                         (16 = 10.3%) {9.6%}
29  --------------------------------------O                                   (38 = 24.4%) {19.9%}
30  ------------------------------------------------------------O             (60 = 38.5%) {44.2%}
31  --------------------------O                                               (26 = 16.7%) {82.7%}
32  -O                                                                        (1 = 0.6%) {99.4%}
33  ... 

Histogram: Memory.Experimental.Renderer.HighestPrivateMemoryFootprint.0to2min recorded 1 samples, mean = 79.0 (flags = 0x41)
0   ... 
75  -O                                                                        (1 = 100.0%) {0.0%}
84  ... 

Histogram: Memory.Experimental.Renderer.HighestPrivateMemoryFootprint.2to4min recorded 1 samples, mean = 62.0 (flags = 0x41)
0   ... 
60  -O                                                                        (1 = 100.0%) {0.0%}
67  ... 

Histogram: Memory.Experimental.Renderer.HighestPrivateMemoryFootprint.4to8min recorded 1 samples, mean = 62.0 (flags = 0x41)
0   ... 
60  -O                                                                        (1 = 100.0%) {0.0%}
67  ... 

Histogram: Memory.Experimental.Renderer.HighestPrivateMemoryFootprint.8to16min recorded 1 samples, mean = 62.0 (flags = 0x41)
0   ... 
60  -O                                                                        (1 = 100.0%) {0.0%}
67  ... 

Histogram: Memory.GPU.PeakMemoryAllocationSource2.PageLoad.SharedContextState recorded 1 samples, mean = 0.0 (flags = 0x41)
0  -O                                                                        (1 = 100.0%)
1  ... 

Histogram: Memory.GPU.PeakMemoryAllocationSource2.PageLoad.Skia recorded 1 samples, mean = 0.0 (flags = 0x41)
0  -O                                                                        (1 = 100.0%)
1  ... 

Histogram: Memory.GPU.PeakMemoryUsage2.PageLoad recorded 1 samples, mean = 0.0 (flags = 0x41)
0  -O                                                                        (1 = 100.0%)
1  ... 

Histogram: Memory.ParkableString.Compression.Latency recorded 18 samples, mean = 13250.9 (flags = 0x41)
0      -O                                                                        (1 = 5.6%)
500    ... 
737    -O                                                                        (1 = 5.6%) {5.6%}
796    O                                                                         (0 = 0.0%) {11.1%}
860    -O                                                                        (1 = 5.6%) {11.1%}
929    O                                                                         (0 = 0.0%) {16.7%}
1004   -O                                                                        (1 = 5.6%) {16.7%}
1085   ... 
1370   -O                                                                        (1 = 5.6%) {22.2%}
1480   ... 
2018   -O                                                                        (1 = 5.6%) {27.8%}
2181   -O                                                                        (1 = 5.6%) {33.3%}
2357   ... 
4383   -O                                                                        (1 = 5.6%) {38.9%}
4737   --O                                                                       (2 = 11.1%) {44.4%}
5119   O                                                                         (0 = 0.0%) {55.6%}
5532   -O                                                                        (1 = 5.6%) {55.6%}
5978   ... 
9521   -O                                                                        (1 = 5.6%) {61.1%}
10289  ... 
22349  -O                                                                        (1 = 5.6%) {66.7%}
24152  -O                                                                        (1 = 5.6%) {72.2%}
26100  -O                                                                        (1 = 5.6%) {77.8%}
28205  -O                                                                        (1 = 5.6%) {83.3%}
30480  ... 
44922  --O                                                                       (2 = 11.1%) {88.9%}
48545  ... 

Histogram: Memory.ParkableString.Compression.SizeKb recorded 18 samples, mean = 275.3 (flags = 0x41)
0    ... 
14   -O                                                                        (1 = 5.6%) {0.0%}
16   ... 
20   -O                                                                        (1 = 5.6%) {5.6%}
23   ... 
29   --O                                                                       (2 = 11.1%) {11.1%}
33   ... 
60   -O                                                                        (1 = 5.6%) {22.2%}
67   O                                                                         (0 = 0.0%) {27.8%}
75   -O                                                                        (1 = 5.6%) {27.8%}
84   -O                                                                        (1 = 5.6%) {33.3%}
95   O                                                                         (0 = 0.0%) {38.9%}
107  -O                                                                        (1 = 5.6%) {38.9%}
120  O                                                                         (0 = 0.0%) {44.4%}
135  -O                                                                        (1 = 5.6%) {44.4%}
152  O                                                                         (0 = 0.0%) {50.0%}
171  --O                                                                       (2 = 11.1%) {50.0%}
192  -O                                                                        (1 = 5.6%) {61.1%}
216  ... 
307  -O                                                                        (1 = 5.6%) {66.7%}
345  O                                                                         (0 = 0.0%) {72.2%}
388  -O                                                                        (1 = 5.6%) {72.2%}
437  ... 
623  -O                                                                        (1 = 5.6%) {77.8%}
701  -O                                                                        (1 = 5.6%) {83.3%}
789  --O                                                                       (2 = 11.1%) {88.9%}
888  ... 

Histogram: Memory.ParkableString.Decompression.Latency recorded 3 samples, mean = 533.7 (flags = 0x41)
0    --O                                                                       (2 = 66.7%)
500  ... 
796  -O                                                                        (1 = 33.3%) {66.7%}
860  ... 

Histogram: Memory.ParkableString.Decompression.ThroughputMBps recorded 3 samples, mean = 216.3 (flags = 0x41)
0    ... 
67   -O                                                                        (1 = 33.3%) {0.0%}
75   ... 
192  -O                                                                        (1 = 33.3%) {33.3%}
216  ... 
345  -O                                                                        (1 = 33.3%) {66.7%}
388  ... 

Histogram: Memory.ParkableString.DiskReadTime.5min recorded 1 samples, mean = 0.0 (flags = 0x41)
0  -O                                                                        (1 = 100.0%)
1  ... 

Histogram: Memory.ParkableString.DiskWriteTime.5min recorded 1 samples, mean = 29.0 (flags = 0x41)
0   ... 
29  -O                                                                        (1 = 100.0%) {0.0%}
34  ... 

Histogram: Memory.ParkableString.OnDiskSizeKb.5min recorded 1 samples, mean = 977.0 (flags = 0x41)
0    ... 
896  -O                                                                        (1 = 100.0%) {0.0%}
1122 ... 

Histogram: Memory.ParkableString.Read.Latency recorded 3 samples, mean = 153.3 (flags = 0x41)
0  ---O                                                                      (3 = 100.0%)
500... 

Histogram: Memory.ParkableString.TotalParkingThreadTime.5min recorded 1 samples, mean = 153.0 (flags = 0x41)
0    ... 
135  -O                                                                        (1 = 100.0%) {0.0%}
160  ... 

Histogram: Memory.ParkableString.TotalUnparkingTime.5min recorded 1 samples, mean = 0.0 (flags = 0x41)
0  -O                                                                        (1 = 100.0%)
1  ... 

Histogram: Memory.PartitionAlloc.MemoryReclaim recorded 18342 samples, mean = 751.7 (flags = 0x41)
0     ... 
86    -O                                                                        (24 = 0.1%) {0.0%}
113   --------------------------------------O                                   (1286 = 7.0%) {0.1%}
149   ------------------------------------------------------------------O       (2232 = 12.2%) {7.1%}
196   --------------------------------------------------------------------O     (2305 = 12.6%) {19.3%}
258   -------------------------------------------------O                        (1673 = 9.1%) {31.9%}
340   ------------------------------O                                           (1023 = 5.6%) {41.0%}
448   --------------------------------------------------O                       (1713 = 9.3%) {46.6%}
590   ----------------------------------O                                       (1154 = 6.3%) {55.9%}
777   ------------------------------------------------------------------------O (2444 = 13.3%) {62.2%}
1023  -----------------------------------------------O                          (1582 = 8.6%) {75.5%}
1347  -------------------------------O                                          (1065 = 5.8%) {84.2%}
1774  ---------------------------------O                                        (1104 = 6.0%) {90.0%}
2336  ------------O                                                             (402 = 2.2%) {96.0%}
3077  ---------O                                                                (307 = 1.7%) {98.2%}
4053  -O                                                                        (26 = 0.1%) {99.8%}
5338  O                                                                         (2 = 0.0%) {100.0%}
7031  ... 

Histogram: Memory.PartitionAlloc.PartitionRoot.ExtrasSize recorded 1 samples, mean = 4.0 (flags = 0x41)
0  ... 
4  -O                                                                        (1 = 100.0%) {0.0%}
5  ... 

Histogram: Memory.PartitionAlloc.PeriodicPurge recorded 1923 samples, mean = 46.1 (flags = 0x41)
0    ... 
5    -O                                                                        (4 = 0.2%) {0.0%}
7    ---O                                                                      (16 = 0.8%) {0.2%}
9    ----------O                                                               (55 = 2.9%) {1.0%}
12   -----------------O                                                        (91 = 4.7%) {3.9%}
16   --------------------------O                                               (140 = 7.3%) {8.6%}
21   ----------------------------------------------O                           (249 = 12.9%) {15.9%}
28   ------------------------------------------------------------------------O (390 = 20.3%) {28.9%}
37   --------------------------------------------------------------------O     (370 = 19.2%) {49.1%}
49   ----------------------------------------------------O                     (283 = 14.7%) {68.4%}
65   ----------------------------O                                             (149 = 7.7%) {83.1%}
86   ------------------O                                                       (98 = 5.1%) {90.8%}
113  -------O                                                                  (38 = 2.0%) {95.9%}
149  ----O                                                                     (19 = 1.0%) {97.9%}
196  --O                                                                       (13 = 0.7%) {98.9%}
258  -O                                                                        (5 = 0.3%) {99.6%}
340  O                                                                         (1 = 0.1%) {99.8%}
448  O                                                                         (2 = 0.1%) {99.9%}
590  ... 

Histogram: Memory.PressureLevel2 recorded 23184 samples, mean = 0.0 (flags = 0x41)
0  ------------------------------------------------------------------------O (23074 = 99.5%)
1  O                                                                         (105 = 0.5%) {99.5%}
2  O                                                                         (5 = 0.0%) {100.0%}
3  O                                                                         (0 = 0.0%) {100.0%}

Histogram: Memory.PressureWindowDuration.CriticalToModerate recorded 1 samples, mean = 5000.0 (flags = 0x41)
0     ... 
4951  -O                                                                        (1 = 100.0%) {0.0%}
5657  ... 

Histogram: Memory.PressureWindowDuration.ModerateToCritical recorded 1 samples, mean = 10298.0 (flags = 0x41)
0     ... 
9640  -O                                                                        (1 = 100.0%) {0.0%}
11014 ... 

Histogram: Memory.PressureWindowDuration.ModerateToNone recorded 1 samples, mean = 95003.0 (flags = 0x41)
0      ... 
92884  -O                                                                        (1 = 100.0%) {0.0%}
106124 ... 

Histogram: Mojo.Channel.WriteReceiveMessageProcessType recorded 14 samples, mean = 1.4 (flags = 0x41)
0  --------O                                                                 (8 = 57.1%)
1  O                                                                         (0 = 0.0%) {57.1%}
2  -----O                                                                    (5 = 35.7%) {57.1%}
3  ... 
9  -O                                                                        (1 = 7.1%) {92.9%}
10 ... 

Histogram: NQE.ContentObserver.NetworkQualityMeaningfullyChanged recorded 6 samples, mean = 0.8 (flags = 0x40)
0  -O                                                                        (1 = 16.7%)
1  -----O                                                                    (5 = 83.3%) {16.7%}
2  O                                                                         (0 = 0.0%) {100.0%}

Histogram: NQE.RTT.Error.Absolute recorded 7 samples, mean = 127.1 (flags = 0x41)
0    ... 
24   --O                                                                       (2 = 28.6%) {0.0%}
29   ... 
48   -O                                                                        (1 = 14.3%) {28.6%}
57   ... 
96   -O                                                                        (1 = 14.3%) {42.9%}
114  O                                                                         (0 = 0.0%) {57.1%}
135  -O                                                                        (1 = 14.3%) {57.1%}
160  ... 
226  -O                                                                        (1 = 14.3%) {71.4%}
268  -O                                                                        (1 = 14.3%) {85.7%}
318  ... 

Histogram: NQE.RTT.Error.IsZero recorded 7 samples, mean = 0.0 (flags = 0x41)
0  -------O                                                                  (7 = 100.0%)
1  ... 

Histogram: NQE.RTT.Error.Negative recorded 3 samples, mean = 73.3 (flags = 0x41)
0    ... 
24   -O                                                                        (1 = 33.3%) {0.0%}
29   ... 
48   -O                                                                        (1 = 33.3%) {33.3%}
57   ... 
135  -O                                                                        (1 = 33.3%) {66.7%}
160  ... 

Histogram: NQE.RTT.Error.Positive recorded 4 samples, mean = 167.5 (flags = 0x41)
0    ... 
24   -O                                                                        (1 = 25.0%) {0.0%}
29   ... 
96   -O                                                                        (1 = 25.0%) {25.0%}
114  ... 
226  -O                                                                        (1 = 25.0%) {50.0%}
268  -O                                                                        (1 = 25.0%) {75.0%}
318  ... 

Histogram: NQE.RTT.HittingThreshold.EndToEnd.FallbackSuccess recorded 7 samples, mean = 0.0 (flags = 0x41)
0  -------O                                                                  (7 = 100.0%)
1  ... 

Histogram: NQE.RTT.HittingThreshold.Transport.FallbackSuccess recorded 1 samples, mean = 0.0 (flags = 0x41)
0  -O                                                                        (1 = 100.0%)
1  ... 

Histogram: NQE.RTT.ObservationSource recorded 51 samples, mean = 2.0 (flags = 0x41)
0  -------O                                                                  (7 = 13.7%)
1  O                                                                         (0 = 0.0%) {13.7%}
2  ----------------------------------------O                                 (40 = 78.4%) {13.7%}
3  -O                                                                        (1 = 2.0%) {92.2%}
4  -O                                                                        (1 = 2.0%) {94.1%}
5  O                                                                         (0 = 0.0%) {96.1%}
6  -O                                                                        (1 = 2.0%) {96.1%}
7  -O                                                                        (1 = 2.0%) {98.0%}
8  ... 

Histogram: NQE.RTT.OnECTComputation recorded 16 samples, mean = 209.8 (flags = 0x41)
0    ... 
114  ----O                                                                     (4 = 25.0%) {0.0%}
135  O                                                                         (0 = 0.0%) {25.0%}
160  -----O                                                                    (5 = 31.2%) {25.0%}
190  O                                                                         (0 = 0.0%) {56.2%}
226  --O                                                                       (2 = 12.5%) {56.2%}
268  -----O                                                                    (5 = 31.2%) {68.8%}
318  ... 

Histogram: NQE.RenderThreadNotified recorded 19 samples, mean = 1.0 (flags = 0x40)
0  O                                                                         (0 = 0.0%)
1  -------------------O                                                      (19 = 100.0%) {0.0%}
2  O                                                                         (0 = 0.0%) {100.0%}

Histogram: NQE.TransportRTT.OnECTComputation recorded 15 samples, mean = 138.6 (flags = 0x41)
0    ... 
57   ---O                                                                      (3 = 20.0%) {0.0%}
68   ... 
96   -O                                                                        (1 = 6.7%) {20.0%}
114  --------O                                                                 (8 = 53.3%) {26.7%}
135  -O                                                                        (1 = 6.7%) {80.0%}
160  ... 
318  --O                                                                       (2 = 13.3%) {86.7%}
378  ... 

Histogram: Navigation.BeginNavigationImpl.MainFrame recorded 2 samples, mean = 0.0 (flags = 0x41)
0  --O                                                                       (2 = 100.0%)
1  ... 

Histogram: Navigation.BrowserInitiatedSessionHistoryCount recorded 1 samples, mean = 0.0 (flags = 0x41)
0  -O                                                                        (1 = 100.0%)
1  ... 

Histogram: Navigation.CommitRenderFrame recorded 1 samples, mean = 18.0 (flags = 0x41)
0   ... 
17  -O                                                                        (1 = 100.0%) {0.0%}
20  ... 

Histogram: Navigation.CommitToCompositorCreation recorded 1 samples, mean = 149.0 (flags = 0x41)
0    ... 
131  -O                                                                        (1 = 100.0%) {0.0%}
170  ... 

Histogram: Navigation.CompositorRequestedBeforeCommit2 recorded 1 samples, mean = 0.0 (flags = 0x41)
0  -O                                                                        (1 = 100.0%)
1  ... 

Histogram: Navigation.CompositorRequestedBeforeSwapRFH2 recorded 1 samples, mean = 0.0 (flags = 0x41)
0  -O                                                                        (1 = 100.0%)
1  ... 

Histogram: Navigation.CreateSpeculativeRFH recorded 1 samples, mean = 7.0 (flags = 0x41)
0  ... 
7  -O                                                                        (1 = 100.0%) {0.0%}
8  ... 

Histogram: Navigation.DidCommitSameDocumentNavigation.Duration recorded 1 samples, mean = 1.0 (flags = 0x41)
0  O                                                                         (0 = 0.0%)
1  -O                                                                        (1 = 100.0%) {0.0%}
2  ... 

Histogram: Navigation.DidStartLoading.MainFrame recorded 3 samples, mean = 0.0 (flags = 0x41)
0  ---O                                                                      (3 = 100.0%)
1  ... 

Histogram: Navigation.DidStartLoading.Subframe recorded 2 samples, mean = 0.0 (flags = 0x41)
0  --O                                                                       (2 = 100.0%)
1  ... 

Histogram: Navigation.EarlyRenderFrameHostSwapType recorded 6 samples, mean = 0.0 (flags = 0x41)
0  ------O                                                                   (6 = 100.0%)
1  ... 

Histogram: Navigation.EngagementTime.HTTPS recorded 1 samples, mean = 23177872.0 (flags = 0x41)
0        ... 
3600000  -O                                                                        (1 = 100.0%) {0.0%}

Histogram: Navigation.GetFrameHostForNavigation recorded 4 samples, mean = 4.5 (flags = 0x41)
0   --O                                                                       (2 = 50.0%)
1   ... 
7   -O                                                                        (1 = 25.0%) {50.0%}
8   O                                                                         (0 = 0.0%) {75.0%}
10  -O                                                                        (1 = 25.0%) {75.0%}
12  ... 

Histogram: Navigation.GetFrameHostForNavigationTime.InDidCreateNavigationRequest.IsHTTPOrHTTPS recorded 3 samples, mean = 3982.0 (flags = 0x41)
0      ... 
105    -O                                                                        (1 = 33.3%) {0.0%}
146    ... 
282    -O                                                                        (1 = 33.3%) {33.3%}
391    ... 
10321  -O                                                                        (1 = 33.3%) {66.7%}
14319  ... 

Histogram: Navigation.IsGuest recorded 1 samples, mean = 0.0 (flags = 0x41)
0  -O                                                                        (1 = 100.0%)
1  ... 

Histogram: Navigation.IsLockedProcess recorded 1 samples, mean = 1.0 (flags = 0x41)
0  O                                                                         (0 = 0.0%)
1  -O                                                                        (1 = 100.0%) {0.0%}
2  O                                                                         (0 = 0.0%) {100.0%}

Histogram: Navigation.IsLockedProcess.HTTPOrHTTPS recorded 1 samples, mean = 1.0 (flags = 0x41)
0  O                                                                         (0 = 0.0%)
1  -O                                                                        (1 = 100.0%) {0.0%}
2  O                                                                         (0 = 0.0%) {100.0%}

Histogram: Navigation.IsProcessBackgrounded.OnCommit recorded 1 samples, mean = 0.0 (flags = 0x41)
0  -O                                                                        (1 = 100.0%)
1  ... 

Histogram: Navigation.IsProcessBackgrounded.OnDOMContentLoaded recorded 1 samples, mean = 0.0 (flags = 0x41)
0  -O                                                                        (1 = 100.0%)
1  ... 

Histogram: Navigation.IsSameBrowsingInstance recorded 1 samples, mean = 0.0 (flags = 0x41)
0  -O                                                                        (1 = 100.0%)
1  ... 

Histogram: Navigation.IsSameSiteInstance recorded 1 samples, mean = 0.0 (flags = 0x41)
0  -O                                                                        (1 = 100.0%)
1  ... 

Histogram: Navigation.IsSameSiteInstance.MainFrame recorded 1 samples, mean = 0.0 (flags = 0x41)
0  -O                                                                        (1 = 100.0%)
1  ... 

Histogram: Navigation.LoaderCreateToRequestStart.MainFrame recorded 1 samples, mean = 0.0 (flags = 0x41)
0  -O                                                                        (1 = 100.0%)
1  ... 

Histogram: Navigation.MainFrame.FrameCount recorded 1 samples, mean = 2.0 (flags = 0x41)
0  ... 
2  -O                                                                        (1 = 100.0%) {0.0%}
3  ... 

Histogram: Navigation.MainFrame.MaxFrameCount recorded 3 samples, mean = 2.0 (flags = 0x41)
0  O                                                                         (0 = 0.0%)
1  -O                                                                        (1 = 33.3%) {0.0%}
2  -O                                                                        (1 = 33.3%) {33.3%}
3  -O                                                                        (1 = 33.3%) {66.7%}
4  ... 

Histogram: Navigation.MainFrame.NewNavigation.IgnoreRestore.IsHTTPOrHTTPS.BeginNavigationToLoaderStart.Time2 recorded 1 samples, mean = 1.0 (flags = 0x41)
0  O                                                                         (0 = 0.0%)
1  -O                                                                        (1 = 100.0%) {0.0%}
2  ... 

Histogram: Navigation.MainFrame.NewNavigation.IgnoreRestore.IsHTTPOrHTTPS.FetchStart.Time2 recorded 1 samples, mean = 0.0 (flags = 0x41)
0  -O                                                                        (1 = 100.0%)
1  ... 

Histogram: Navigation.MainFrame.NewNavigation.IgnoreRestore.IsHTTPOrHTTPS.LoaderStartToFetchStart.Time2 recorded 1 samples, mean = 6407.0 (flags = 0x41)
0     ... 
5961  -O                                                                        (1 = 100.0%) {0.0%}
7083  ... 

Histogram: Navigation.MainFrame.NewNavigation.IgnoreRestore.IsHTTPOrHTTPS.LoaderStartToReceiveResponse.Time2 recorded 1 samples, mean = 7234.0 (flags = 0x41)
0     ... 
7083  -O                                                                        (1 = 100.0%) {0.0%}
8416  ... 

Histogram: Navigation.MainFrame.NewNavigation.IgnoreRestore.IsHTTPOrHTTPS.NavigationStartToBeginNavigation.Time2 recorded 1 samples, mean = 7033.0 (flags = 0x41)
0     ... 
5961  -O                                                                        (1 = 100.0%) {0.0%}
7083  ... 

Histogram: Navigation.MainFrame.NewNavigation.IgnoreRestore.IsHTTPOrHTTPS.ReceiveHeaders.Time2 recorded 1 samples, mean = 818.0 (flags = 0x41)
0    ... 
752  -O                                                                        (1 = 100.0%) {0.0%}
894  ... 

Histogram: Navigation.MainFrame.NewNavigation.IgnoreRestore.IsHTTPOrHTTPS.ReceiveHeadersToReceiveResponse.Time2 recorded 1 samples, mean = 7.0 (flags = 0x41)
0  ... 
7  -O                                                                        (1 = 100.0%) {0.0%}
8  ... 

Histogram: Navigation.MainFrame.NewNavigation.IgnoreRestore.IsHTTPOrHTTPS.ReceiveResponseToCommitNavigation.Time2 recorded 1 samples, mean = 11.0 (flags = 0x41)
0   ... 
10  -O                                                                        (1 = 100.0%) {0.0%}
12  ... 

Histogram: Navigation.MainFrame.RendererInitiated.InitiatorFramePresentAtStart recorded 1 samples, mean = 0.0 (flags = 0x41)
0  -O                                                                        (1 = 100.0%)
1  ... 

Histogram: Navigation.MainFrame.SiteEngagementLevel recorded 1 samples, mean = 3.0 (flags = 0x41)
0  ... 
3  -O                                                                        (1 = 100.0%) {0.0%}
4  ... 

Histogram: Navigation.MainFrame.ThirdPartyCookieBlockingEnabled recorded 2 samples, mean = 0.0 (flags = 0x41)
0  --O                                                                       (2 = 100.0%)
1  ... 

Histogram: Navigation.MainFrameHasRTLDomain2 recorded 2 samples, mean = 0.0 (flags = 0x41)
0  --O                                                                       (2 = 100.0%)
1  ... 

Histogram: Navigation.MainFrameHasRTLDomainDifferentPage2 recorded 1 samples, mean = 0.0 (flags = 0x41)
0  -O                                                                        (1 = 100.0%)
1  ... 

Histogram: Navigation.MainFrameProfileType2 recorded 2 samples, mean = 0.0 (flags = 0x41)
0  --O                                                                       (2 = 100.0%)
1  ... 

Histogram: Navigation.MainFrameScheme2 recorded 2 samples, mean = 2.0 (flags = 0x41)
0  ... 
2  --O                                                                       (2 = 100.0%) {0.0%}
3  ... 

Histogram: Navigation.MainFrameSchemeDifferentPage2 recorded 1 samples, mean = 2.0 (flags = 0x41)
0  ... 
2  -O                                                                        (1 = 100.0%) {0.0%}
3  ... 

Histogram: Navigation.OnBeforeUnloadOverheadTime recorded 2 samples, mean = 3522.0 (flags = 0x41)
0     ... 
10    -O                                                                        (1 = 50.0%) {0.0%}
12    ... 
5961  -O                                                                        (1 = 50.0%) {50.0%}
7083  ... 

Histogram: Navigation.OnBeforeUnloadTotalTime recorded 2 samples, mean = 0.0 (flags = 0x41)
0  --O                                                                       (2 = 100.0%)
1  ... 

Histogram: Navigation.OriginAgentCluster.Result recorded 1 samples, mean = 9.0 (flags = 0x41)
0  ... 
9  -O                                                                        (1 = 100.0%) {0.0%}
10 O                                                                         (0 = 0.0%) {100.0%}

Histogram: Navigation.PendingCommit.DidBlockGetFrameHostForNavigation.Regular recorded 1 samples, mean = 0.0 (flags = 0x41)
0  -O                                                                        (1 = 100.0%)
1  ... 

Histogram: Navigation.PendingCommit.Duration.Regular recorded 1 samples, mean = 76.0 (flags = 0x41)
0   ... 
68  -O                                                                        (1 = 100.0%) {0.0%}
81  ... 

Histogram: Navigation.Preconnect.PreresolveJobQueueLength recorded 16 samples, mean = 0.5 (flags = 0x41)
0  --------O                                                                 (8 = 50.0%)
1  --------O                                                                 (8 = 50.0%) {50.0%}
2  ... 

Histogram: Navigation.Preconnect.PreresolveJobQueueingTime recorded 8 samples, mean = 0.0 (flags = 0x41)
0  --------O                                                                 (8 = 100.0%)
1  ... 

Histogram: Navigation.Preconnect.ProxyLookupCallbackQueueingTime recorded 8 samples, mean = 1759.0 (flags = 0x41)
0     ... 
3     -O                                                                        (1 = 12.5%) {0.0%}
4     O                                                                         (0 = 0.0%) {12.5%}
5     --O                                                                       (2 = 25.0%) {12.5%}
6     ... 
268   -O                                                                        (1 = 12.5%) {37.5%}
318   -O                                                                        (1 = 12.5%) {50.0%}
378   ... 
894   -O                                                                        (1 = 12.5%) {62.5%}
1062  ... 
5961  --O                                                                       (2 = 25.0%) {75.0%}
7083  ... 

Histogram: Navigation.Preconnect.ProxyLookupLatency recorded 8 samples, mean = 2652.0 (flags = 0x41)
0      ... 
4      -O                                                                        (1 = 12.5%) {0.0%}
5      ... 
14     --O                                                                       (2 = 25.0%) {12.5%}
17     ... 
268    -O                                                                        (1 = 12.5%) {37.5%}
318    -O                                                                        (1 = 12.5%) {50.0%}
378    ... 
894    -O                                                                        (1 = 12.5%) {62.5%}
1062   ... 
5961   -O                                                                        (1 = 12.5%) {75.0%}
7083   ... 
10000  -O                                                                        (1 = 12.5%) {87.5%}

Histogram: Navigation.Preconnect.ResolveHostCallbackQueueingTime recorded 8 samples, mean = 42.1 (flags = 0x41)
0    ---O                                                                      (3 = 37.5%)
1    O                                                                         (0 = 0.0%) {37.5%}
2    --O                                                                       (2 = 25.0%) {37.5%}
3    ... 
6    --O                                                                       (2 = 25.0%) {62.5%}
7    ... 
318  -O                                                                        (1 = 12.5%) {87.5%}
378  ... 

Histogram: Navigation.Preconnect.ResolveHostLatency recorded 8 samples, mean = 197.4 (flags = 0x41)
0    --O                                                                       (2 = 25.0%)
1    -O                                                                        (1 = 12.5%) {25.0%}
2    O                                                                         (0 = 0.0%) {37.5%}
3    --O                                                                       (2 = 25.0%) {37.5%}
4    ... 
449  -O                                                                        (1 = 12.5%) {62.5%}
533  --O                                                                       (2 = 25.0%) {75.0%}
633  ... 

Histogram: Navigation.ProcessNavigationThrottlesTime.WillStartRequest.MainFrame recorded 2 samples, mean = 1.0 (flags = 0x41)
0  O                                                                         (0 = 0.0%)
1  --O                                                                       (2 = 100.0%) {0.0%}
2  ... 

Histogram: Navigation.QueueTime.OnReceiveRedirect.MainFrame recorded 1 samples, mean = 318.0 (flags = 0x41)
0    ... 
318  -O                                                                        (1 = 100.0%) {0.0%}
378  ... 

Histogram: Navigation.QueueTime.OnReceiveResponse.MainFrame recorded 1 samples, mean = 3.0 (flags = 0x41)
0  ... 
3  -O                                                                        (1 = 100.0%) {0.0%}
4  ... 

Histogram: Navigation.ReadyToCommitUntilCommit2 recorded 1 samples, mean = 76.0 (flags = 0x41)
0   ... 
66  -O                                                                        (1 = 100.0%) {0.0%}
84  ... 

Histogram: Navigation.ReadyToCommitUntilCommit2.ForegroundProcessPriority recorded 1 samples, mean = 76.0 (flags = 0x41)
0   ... 
66  -O                                                                        (1 = 100.0%) {0.0%}
84  ... 

Histogram: Navigation.ReadyToCommitUntilCommit2.NewNavigation recorded 1 samples, mean = 76.0 (flags = 0x41)
0   ... 
66  -O                                                                        (1 = 100.0%) {0.0%}
84  ... 

Histogram: Navigation.RegisterNavigationThrottlesTime.MainFrame recorded 2 samples, mean = 0.0 (flags = 0x41)
0  --O                                                                       (2 = 100.0%)
1  ... 

Histogram: Navigation.RenderFrameDelete recorded 1 samples, mean = 2.0 (flags = 0x41)
0  ... 
2  -O                                                                        (1 = 100.0%) {0.0%}
3  ... 

Histogram: Navigation.RenderFrameHostConstructor recorded 4 samples, mean = 0.0 (flags = 0x41)
0  ----O                                                                     (4 = 100.0%)
1  ... 

Histogram: Navigation.RenderFrameHostDestructor recorded 4 samples, mean = 1.0 (flags = 0x41)
0  -O                                                                        (1 = 25.0%)
1  --O                                                                       (2 = 50.0%) {25.0%}
2  -O                                                                        (1 = 25.0%) {75.0%}
3  ... 

Histogram: Navigation.RenderViewHostConstructor recorded 2 samples, mean = 0.0 (flags = 0x41)
0  --O                                                                       (2 = 100.0%)
1  ... 

Histogram: Navigation.RenderViewHostDestructor recorded 2 samples, mean = 0.5 (flags = 0x41)
0  -O                                                                        (1 = 50.0%)
1  -O                                                                        (1 = 50.0%) {50.0%}
2  ... 

Histogram: Navigation.RenderWidgetHostConstructor recorded 2 samples, mean = 0.0 (flags = 0x41)
0  --O                                                                       (2 = 100.0%)
1  ... 

Histogram: Navigation.RenderWidgetHostDestructor recorded 2 samples, mean = 0.0 (flags = 0x41)
0  --O                                                                       (2 = 100.0%)
1  ... 

Histogram: Navigation.RendererCommitDelay.MainFrame recorded 1 samples, mean = 11.0 (flags = 0x41)
0   ... 
10  -O                                                                        (1 = 100.0%) {0.0%}
12  ... 

Histogram: Navigation.RendererCommitQueueTime.MainFrame recorded 1 samples, mean = 10.0 (flags = 0x41)
0   ... 
10  -O                                                                        (1 = 100.0%) {0.0%}
12  ... 

Histogram: Navigation.RendererDidNavigateTime.MainFrame recorded 1 samples, mean = 0.0 (flags = 0x41)
0  -O                                                                        (1 = 100.0%)
1  ... 

Histogram: Navigation.RendererDidNavigateTime.Subframe recorded 2 samples, mean = 0.0 (flags = 0x41)
0  --O                                                                       (2 = 100.0%)
1  ... 

Histogram: Navigation.RequiresDedicatedProcess recorded 1 samples, mean = 1.0 (flags = 0x41)
0  O                                                                         (0 = 0.0%)
1  -O                                                                        (1 = 100.0%) {0.0%}
2  O                                                                         (0 = 0.0%) {100.0%}

Histogram: Navigation.RequiresDedicatedProcess.HTTPOrHTTPS recorded 1 samples, mean = 1.0 (flags = 0x41)
0  O                                                                         (0 = 0.0%)
1  -O                                                                        (1 = 100.0%) {0.0%}
2  O                                                                         (0 = 0.0%) {100.0%}

Histogram: Navigation.SameDocumentNavigationWithScreenshot recorded 1 samples, mean = 0.0 (flags = 0x41)
0  -O                                                                        (1 = 100.0%)
1  ... 

Histogram: Navigation.SendCommitNavigationTime.MainFrame recorded 1 samples, mean = 0.0 (flags = 0x41)
0  -O                                                                        (1 = 100.0%)
1  ... 

Histogram: Navigation.StartToCommit recorded 3 samples, mean = 4785.3 (flags = 0x41)
0      -O                                                                        (1 = 33.3%)
1      -O                                                                        (1 = 33.3%) {33.3%}
2      ... 
12916  -O                                                                        (1 = 33.3%) {66.7%}
16411  ... 

Histogram: Navigation.StartToCommit.CrossProcess recorded 1 samples, mean = 14355.0 (flags = 0x41)
0      ... 
12916  -O                                                                        (1 = 100.0%) {0.0%}
16411  ... 

Histogram: Navigation.StartToCommit.CrossProcess.ForegroundProcessPriority recorded 1 samples, mean = 14355.0 (flags = 0x41)
0      ... 
12916  -O                                                                        (1 = 100.0%) {0.0%}
16411  ... 

Histogram: Navigation.StartToCommit.CrossProcess.MainFrame recorded 1 samples, mean = 14355.0 (flags = 0x41)
0      ... 
12916  -O                                                                        (1 = 100.0%) {0.0%}
16411  ... 

Histogram: Navigation.StartToCommit.CrossProcess.MainFrame.ForegroundProcessPriority recorded 1 samples, mean = 14355.0 (flags = 0x41)
0      ... 
12916  -O                                                                        (1 = 100.0%) {0.0%}
16411  ... 

Histogram: Navigation.StartToCommit.CrossProcess.MainFrame.NewNavigation recorded 1 samples, mean = 14355.0 (flags = 0x41)
0      ... 
12916  -O                                                                        (1 = 100.0%) {0.0%}
16411  ... 

Histogram: Navigation.StartToCommit.CrossProcess.NewNavigation recorded 1 samples, mean = 14355.0 (flags = 0x41)
0      ... 
12916  -O                                                                        (1 = 100.0%) {0.0%}
16411  ... 

Histogram: Navigation.StartToCommit.ForegroundProcessPriority recorded 3 samples, mean = 4785.3 (flags = 0x41)
0      -O                                                                        (1 = 33.3%)
1      -O                                                                        (1 = 33.3%) {33.3%}
2      ... 
12916  -O                                                                        (1 = 33.3%) {66.7%}
16411  ... 

Histogram: Navigation.StartToCommit.MainFrame recorded 1 samples, mean = 14355.0 (flags = 0x41)
0      ... 
12916  -O                                                                        (1 = 100.0%) {0.0%}
16411  ... 

Histogram: Navigation.StartToCommit.MainFrame.ForegroundProcessPriority recorded 1 samples, mean = 14355.0 (flags = 0x41)
0      ... 
12916  -O                                                                        (1 = 100.0%) {0.0%}
16411  ... 

Histogram: Navigation.StartToCommit.MainFrame.NewNavigation recorded 1 samples, mean = 14355.0 (flags = 0x41)
0      ... 
12916  -O                                                                        (1 = 100.0%) {0.0%}
16411  ... 

Histogram: Navigation.StartToCommit.NewNavigation recorded 3 samples, mean = 4785.3 (flags = 0x41)
0      -O                                                                        (1 = 33.3%)
1      -O                                                                        (1 = 33.3%) {33.3%}
2      ... 
12916  -O                                                                        (1 = 33.3%) {66.7%}
16411  ... 

Histogram: Navigation.StartToCommit.SameProcess recorded 2 samples, mean = 0.5 (flags = 0x41)
0  -O                                                                        (1 = 50.0%)
1  -O                                                                        (1 = 50.0%) {50.0%}
2  ... 

Histogram: Navigation.StartToCommit.SameProcess.ForegroundProcessPriority recorded 2 samples, mean = 0.5 (flags = 0x41)
0  -O                                                                        (1 = 50.0%)
1  -O                                                                        (1 = 50.0%) {50.0%}
2  ... 

Histogram: Navigation.StartToCommit.SameProcess.NewNavigation recorded 2 samples, mean = 0.5 (flags = 0x41)
0  -O                                                                        (1 = 50.0%)
1  -O                                                                        (1 = 50.0%) {50.0%}
2  ... 

Histogram: Navigation.StartToCommit.SameProcess.Subframe recorded 2 samples, mean = 0.5 (flags = 0x41)
0  -O                                                                        (1 = 50.0%)
1  -O                                                                        (1 = 50.0%) {50.0%}
2  ... 

Histogram: Navigation.StartToCommit.SameProcess.Subframe.ForegroundProcessPriority recorded 2 samples, mean = 0.5 (flags = 0x41)
0  -O                                                                        (1 = 50.0%)
1  -O                                                                        (1 = 50.0%) {50.0%}
2  ... 

Histogram: Navigation.StartToCommit.SameProcess.Subframe.NewNavigation recorded 2 samples, mean = 0.5 (flags = 0x41)
0  -O                                                                        (1 = 50.0%)
1  -O                                                                        (1 = 50.0%) {50.0%}
2  ... 

Histogram: Navigation.StartToCommit.Subframe recorded 2 samples, mean = 0.5 (flags = 0x41)
0  -O                                                                        (1 = 50.0%)
1  -O                                                                        (1 = 50.0%) {50.0%}
2  ... 

Histogram: Navigation.StartToCommit.Subframe.ForegroundProcessPriority recorded 2 samples, mean = 0.5 (flags = 0x41)
0  -O                                                                        (1 = 50.0%)
1  -O                                                                        (1 = 50.0%) {50.0%}
2  ... 

Histogram: Navigation.StartToCommit.Subframe.NewNavigation recorded 2 samples, mean = 0.5 (flags = 0x41)
0  -O                                                                        (1 = 50.0%)
1  -O                                                                        (1 = 50.0%) {50.0%}
2  ... 

Histogram: Navigation.SuddenTerminationDisabler.AllOrigins recorded 1 samples, mean = 13.0 (flags = 0x41)
0   ... 
13  -O                                                                        (1 = 100.0%) {0.0%}
14  ... 

Histogram: Navigation.SuddenTerminationDisabler.SameOrigin recorded 1 samples, mean = 13.0 (flags = 0x41)
0   ... 
13  -O                                                                        (1 = 100.0%) {0.0%}
14  ... 

Histogram: Navigation.SwapRFHToCompositorCreation recorded 1 samples, mean = 78.0 (flags = 0x41)
0   ... 
78  -O                                                                        (1 = 100.0%) {0.0%}
101 ... 

Histogram: Navigation.ThrottleCount recorded 2 samples, mean = 20.0 (flags = 0x41)
0   ... 
20  --O                                                                       (2 = 100.0%) {0.0%}
21  ... 

Histogram: Navigation.ThrottleEventDurationTime.WillProcessResponse recorded 1 samples, mean = 0.0 (flags = 0x41)
0  -O                                                                        (1 = 100.0%)
1  ... 

Histogram: Navigation.ThrottleEventDurationTime.WillRedirectRequest recorded 1 samples, mean = 0.0 (flags = 0x41)
0  -O                                                                        (1 = 100.0%)
1  ... 

Histogram: Navigation.ThrottleEventDurationTime.WillStartRequest recorded 2 samples, mean = 0.5 (flags = 0x41)
0  -O                                                                        (1 = 50.0%)
1  -O                                                                        (1 = 50.0%) {50.0%}
2  ... 

Histogram: Navigation.ThrottleEventExecutionTime.WillProcessResponse recorded 1 samples, mean = 0.0 (flags = 0x41)
0  -O                                                                        (1 = 100.0%)
1  ... 

Histogram: Navigation.ThrottleEventExecutionTime.WillRedirectRequest recorded 1 samples, mean = 0.0 (flags = 0x41)
0  -O                                                                        (1 = 100.0%)
1  ... 

Histogram: Navigation.ThrottleEventExecutionTime.WillStartRequest recorded 2 samples, mean = 0.5 (flags = 0x41)
0  -O                                                                        (1 = 50.0%)
1  -O                                                                        (1 = 50.0%) {50.0%}
2  ... 

Histogram: Navigation.ThrottleExecutionTime.WillProcessResponse recorded 20 samples, mean = 0.0 (flags = 0x41)
0  --------------------O                                                     (20 = 100.0%)
1  ... 

Histogram: Navigation.ThrottleExecutionTime.WillRedirectRequest recorded 20 samples, mean = 0.0 (flags = 0x41)
0  --------------------O                                                     (20 = 100.0%)
1  ... 

Histogram: Navigation.ThrottleExecutionTime.WillStartRequest recorded 40 samples, mean = 0.0 (flags = 0x41)
0  ----------------------------------------O                                 (40 = 100.0%)
1  ... 

Histogram: Navigation.ThrottleTotalDeferCount recorded 5 samples, mean = 0.0 (flags = 0x41)
0  -----O                                                                    (5 = 100.0%)
1  ... 

Histogram: Navigation.ThrottleTotalDeferCount.Request recorded 5 samples, mean = 0.0 (flags = 0x41)
0  -----O                                                                    (5 = 100.0%)
1  ... 

Histogram: Navigation.ThrottleTotalDeferTime recorded 5 samples, mean = 0.0 (flags = 0x41)
0  -----O                                                                    (5 = 100.0%)
1  ... 

Histogram: Navigation.ThrottleTotalDeferTime.Request recorded 5 samples, mean = 0.0 (flags = 0x41)
0  -----O                                                                    (5 = 100.0%)
1  ... 

Histogram: Navigation.Throttles.PolicyBlocklist.DeferDurationTime recorded 2 samples, mean = 0.0 (flags = 0x41)
0  --O                                                                       (2 = 100.0%)
1  ... 

Histogram: Navigation.Throttles.PolicyBlocklist.RequestThrottleAction recorded 2 samples, mean = 2.5 (flags = 0x41)
0  O                                                                         (0 = 0.0%)
1  -O                                                                        (1 = 50.0%) {0.0%}
2  ... 
4  -O                                                                        (1 = 50.0%) {50.0%}
5  ... 

Histogram: Navigation.Throttles.PolicyBlocklist.RequestToResponseTime recorded 1 samples, mean = 0.0 (flags = 0x41)
0  -O                                                                        (1 = 100.0%)
1  ... 

Histogram: Navigation.TimeToReadyToCommit2 recorded 1 samples, mean = 14278.0 (flags = 0x41)
0      ... 
12916  -O                                                                        (1 = 100.0%) {0.0%}
16411  ... 

Histogram: Navigation.TimeToReadyToCommit2.CrossProcess recorded 1 samples, mean = 14278.0 (flags = 0x41)
0      ... 
12916  -O                                                                        (1 = 100.0%) {0.0%}
16411  ... 

Histogram: Navigation.TimeToReadyToCommit2.CrossProcess.NewNavigation recorded 1 samples, mean = 14278.0 (flags = 0x41)
0      ... 
12916  -O                                                                        (1 = 100.0%) {0.0%}
16411  ... 

Histogram: Navigation.TimeToReadyToCommit2.MainFrame recorded 1 samples, mean = 14278.0 (flags = 0x41)
0      ... 
12916  -O                                                                        (1 = 100.0%) {0.0%}
16411  ... 

Histogram: Navigation.TimeToReadyToCommit2.MainFrame.NewNavigation recorded 1 samples, mean = 14278.0 (flags = 0x41)
0      ... 
12916  -O                                                                        (1 = 100.0%) {0.0%}
16411  ... 

Histogram: Navigation.TimeToReadyToCommit2.NewNavigation recorded 1 samples, mean = 14278.0 (flags = 0x41)
0      ... 
12916  -O                                                                        (1 = 100.0%) {0.0%}
16411  ... 

Histogram: Navigation.Unload recorded 1 samples, mean = 0.0 (flags = 0x41)
0  -O                                                                        (1 = 100.0%)
1  ... 

Histogram: Navigation.UserAgentStringType recorded 4 samples, mean = 1.0 (flags = 0x41)
0  O                                                                         (0 = 0.0%)
1  ----O                                                                     (4 = 100.0%) {0.0%}
2  ... 

Histogram: Navigation.WillStartRequestToLoaderStart.MainFrame recorded 2 samples, mean = 0.5 (flags = 0x41)
0  -O                                                                        (1 = 50.0%)
1  -O                                                                        (1 = 50.0%) {50.0%}
2  ... 

Histogram: NavigationPredictor.SearchEnginePreconnector.IsBrowserAppLikelyInForeground recorded 308 samples, mean = 0.0 (flags = 0x41)
0  ------------------------------------------------------------------------O (305 = 99.0%)
1  -O                                                                        (3 = 1.0%) {99.0%}
2  O                                                                         (0 = 0.0%) {100.0%}

Histogram: NavigationSuggestion.GetDomainInfoDelayBeforeAllowingNavigation recorded 1 samples, mean = 0.0 (flags = 0x41)
0  -O                                                                        (1 = 100.0%)
1  ... 

Histogram: NavigationSuggestion.IsLookalikeUrlDelayBeforeAllowingNavigation recorded 1 samples, mean = 0.0 (flags = 0x41)
0  -O                                                                        (1 = 100.0%)
1  ... 

Histogram: NavigationSuggestion.PerformChecksDelayBeforeAllowingNavigation recorded 1 samples, mean = 0.0 (flags = 0x41)
0  -O                                                                        (1 = 100.0%)
1  ... 

Histogram: Net.AlternateProtocolBrokenLocation recorded 2 samples, mean = 2.0 (flags = 0x41)
0  ... 
2  --O                                                                       (2 = 100.0%) {0.0%}
3  ... 

Histogram: Net.AlternateProtocolUsage recorded 21 samples, mean = 3.2 (flags = 0x41)
0  ------O                                                                   (6 = 28.6%)
1  --O                                                                       (2 = 9.5%) {28.6%}
2  --O                                                                       (2 = 9.5%) {38.1%}
3  ----O                                                                     (4 = 19.0%) {47.6%}
4  ... 
7  -------O                                                                  (7 = 33.3%) {66.7%}
8  O                                                                         (0 = 0.0%) {100.0%}

Histogram: Net.AlternateProtocolUsageGoogle recorded 3 samples, mean = 3.7 (flags = 0x41)
0  O                                                                         (0 = 0.0%)
1  -O                                                                        (1 = 33.3%) {0.0%}
2  O                                                                         (0 = 0.0%) {33.3%}
3  -O                                                                        (1 = 33.3%) {33.3%}
4  ... 
7  -O                                                                        (1 = 33.3%) {66.7%}
8  O                                                                         (0 = 0.0%) {100.0%}

Histogram: Net.AlternateServiceForDnsAlpnH3Failed recorded 2 samples (flags = 0x41)
356  --O                                                                       (2 = 100.0%)

Histogram: Net.AlternativeServiceTypeForRequest recorded 27 samples, mean = 0.3 (flags = 0x41)
0  ------------------O                                                       (18 = 66.7%)
1  ---------O                                                                (9 = 33.3%) {66.7%}
2  ... 

Histogram: Net.CertVerifier.PathBuilderIterationCount recorded 10 samples, mean = 2.1 (flags = 0x41)
0  ... 
2  ---------O                                                                (9 = 90.0%) {0.0%}
3  -O                                                                        (1 = 10.0%) {90.0%}
4  ... 

Histogram: Net.CertVerifier_First_Job_Latency recorded 1 samples, mean = 3199.0 (flags = 0x41)
0     ... 
2876  -O                                                                        (1 = 100.0%) {0.0%}
3256  ... 

Histogram: Net.CertVerifier_Job_Latency recorded 10 samples, mean = 365.6 (flags = 0x41)
0     ... 
8     -O                                                                        (1 = 10.0%) {0.0%}
9     ... 
16    -O                                                                        (1 = 10.0%) {10.0%}
18    ... 
23    -O                                                                        (1 = 10.0%) {20.0%}
26    -O                                                                        (1 = 10.0%) {30.0%}
29    ... 
42    -O                                                                        (1 = 10.0%) {40.0%}
48    -O                                                                        (1 = 10.0%) {50.0%}
54    -O                                                                        (1 = 10.0%) {60.0%}
61    ... 
78    -O                                                                        (1 = 10.0%) {70.0%}
88    ... 
128   -O                                                                        (1 = 10.0%) {80.0%}
145   ... 
2876  -O                                                                        (1 = 10.0%) {90.0%}
3256  ... 

Histogram: Net.Certificate.TrustAnchor.Request recorded 17 samples (flags = 0x41)
210  ----O                                                                     (4 = 23.5%)
483  --O                                                                       (2 = 11.8%)
486  ----------O                                                               (10 = 58.8%)
535  -O                                                                        (1 = 5.9%)

Histogram: Net.Certificate.TrustAnchor.Verify recorded 10 samples (flags = 0x41)
210  --O                                                                       (2 = 20.0%)
483  ----O                                                                     (4 = 40.0%)
486  ---O                                                                      (3 = 30.0%)
535  -O                                                                        (1 = 10.0%)

Histogram: Net.ConnectionInfo.MainFrame recorded 1 samples, mean = 4.0 (flags = 0x41)
0  ... 
4  -O                                                                        (1 = 100.0%) {0.0%}
5  ... 

Histogram: Net.ConnectionInfo.SubResource recorded 12 samples, mean = 21.8 (flags = 0x41)
0   O                                                                         (0 = 0.0%)
1   -O                                                                        (1 = 8.3%) {0.0%}
2   ... 
4   -----O                                                                    (5 = 41.7%) {8.3%}
5   ... 
40  ------O                                                                   (6 = 50.0%) {50.0%}
41  ... 

Histogram: Net.ContentEncodingType recorded 50 samples, mean = 0.8 (flags = 0x41)
0  -------------O                                                            (13 = 26.0%)
1  ---------------------------------O                                        (33 = 66.0%) {26.0%}
2  ----O                                                                     (4 = 8.0%) {92.0%}
3  ... 

Histogram: Net.Cors.AccessCheckResult recorded 10 samples, mean = 0.0 (flags = 0x41)
0  ----------O                                                               (10 = 100.0%)
1  ... 

Histogram: Net.CountOfBrokenAlternativeServices recorded 1 samples, mean = 1.0 (flags = 0x41)
0  O                                                                         (0 = 0.0%)
1  -O                                                                        (1 = 100.0%) {0.0%}
2  ... 

Histogram: Net.CountOfQuicServerInfos recorded 1 samples, mean = 0.0 (flags = 0x41)
0  -O                                                                        (1 = 100.0%)
1  ... 

Histogram: Net.CountOfRecentlyBrokenAlternativeServices recorded 1 samples, mean = 5.0 (flags = 0x41)
0  ... 
5  -O                                                                        (1 = 100.0%) {0.0%}
6  ... 

Histogram: Net.DNS.DnsConfig.DnsClientCapability recorded 41 samples, mean = 1.0 (flags = 0x41)
0  O                                                                         (0 = 0.0%)
1  -----------------------------------------O                                (41 = 100.0%) {0.0%}
2  ... 

Histogram: Net.DNS.DnsConfig.SecureDnsMode recorded 1 samples, mean = 4.0 (flags = 0x41)
0  ... 
4  -O                                                                        (1 = 100.0%) {0.0%}
5  ... 

Histogram: Net.DNS.DnsConfig.Windows.Compatibility recorded 12 samples, mean = 0.0 (flags = 0x41)
0  ------------O                                                             (12 = 100.0%)
1  ... 

Histogram: Net.DNS.DnsConfig.Windows.ReadSystemSettings0 recorded 12 samples, mean = 0.0 (flags = 0x41)
0  ------------O                                                             (12 = 100.0%)
1  ... 

Histogram: Net.DNS.DnsHosts.Count recorded 2 samples, mean = 0.0 (flags = 0x41)
0  --O                                                                       (2 = 100.0%)
1  ... 

Histogram: Net.DNS.DnsHosts.EstimateMemoryUsage recorded 2 samples, mean = 0.0 (flags = 0x41)
0  --O                                                                       (2 = 100.0%)
1000... 

Histogram: Net.DNS.DnsHosts.FileSize recorded 2 samples, mean = 822.0 (flags = 0x41)
0    ... 
737  --O                                                                       (2 = 100.0%) {0.0%}
1065 ... 

Histogram: Net.DNS.DnsTask.SuccessTime recorded 9 samples, mean = 351.1 (flags = 0x41)
0    ... 
6    -O                                                                        (1 = 11.1%) {0.0%}
7    -O                                                                        (1 = 11.1%) {11.1%}
8    ... 
24   -O                                                                        (1 = 11.1%) {22.2%}
28   ... 
119  -O                                                                        (1 = 11.1%) {33.3%}
137  ... 
322  -O                                                                        (1 = 11.1%) {44.4%}
372  ... 
495  -O                                                                        (1 = 11.1%) {55.6%}
571  -O                                                                        (1 = 11.1%) {66.7%}
659  --O                                                                       (2 = 22.2%) {77.8%}
761  ... 

Histogram: Net.DNS.DnsTask.SvcbHttpsTransactionError recorded 8 samples, mean = 0.0 (flags = 0x41)
0  --------O                                                                 (8 = 100.0%)
1  ... 

Histogram: Net.DNS.DnsTransaction.AttemptType recorded 18 samples, mean = 0.0 (flags = 0x41)
0  ------------------O                                                       (18 = 100.0%)
1  ... 

Histogram: Net.DNS.DnsTransaction.Insecure.Other.SuccessTime recorded 17 samples, mean = 335.3 (flags = 0x41)
0    ... 
5    --O                                                                       (2 = 11.8%) {0.0%}
6    --O                                                                       (2 = 11.8%) {11.8%}
8    ... 
20   --O                                                                       (2 = 11.8%) {23.5%}
25   ... 
107  --O                                                                       (2 = 11.8%) {35.3%}
136  ... 
356  --O                                                                       (2 = 11.8%) {47.1%}
452  -O                                                                        (1 = 5.9%) {58.8%}
574  --O                                                                       (2 = 11.8%) {64.7%}
729  ----O                                                                     (4 = 23.5%) {76.5%}
926  ... 

Histogram: Net.DNS.H3SupportedGoogleHost.TaskTypeMetadataAvailability2 recorded 1 samples, mean = 3.0 (flags = 0x41)
0  ... 
3  -O                                                                        (1 = 100.0%) {0.0%}
4  ... 

Histogram: Net.DNS.HTTPSSVC.RecordHttps.Insecure.ExpectNoerror.DnsRcode recorded 9 samples, mean = 2.7 (flags = 0x41)
0  -O                                                                        (1 = 11.1%)
1  ... 
3  --------O                                                                 (8 = 88.9%) {11.1%}
4  ... 

Histogram: Net.DNS.HTTPSSVC.RecordHttps.Insecure.ExpectNoerror.Parsable recorded 4 samples, mean = 1.0 (flags = 0x41)
0  O                                                                         (0 = 0.0%)
1  ----O                                                                     (4 = 100.0%) {0.0%}
2  O                                                                         (0 = 0.0%) {100.0%}

Histogram: Net.DNS.HTTPSSVC.RecordHttps.Insecure.ExpectNoerror.ResolveTimeAddress recorded 9 samples, mean = 344.3 (flags = 0x41)
0    ... 
5    -O                                                                        (1 = 11.1%) {0.0%}
6    -O                                                                        (1 = 11.1%) {11.1%}
8    ... 
20   -O                                                                        (1 = 11.1%) {22.2%}
25   ... 
107  -O                                                                        (1 = 11.1%) {33.3%}
136  ... 
356  -O                                                                        (1 = 11.1%) {44.4%}
452  -O                                                                        (1 = 11.1%) {55.6%}
574  -O                                                                        (1 = 11.1%) {66.7%}
729  --O                                                                       (2 = 22.2%) {77.8%}
926  ... 

Histogram: Net.DNS.HTTPSSVC.RecordHttps.Insecure.ExpectNoerror.ResolveTimeExperimental recorded 9 samples, mean = 351.1 (flags = 0x41)
0    ... 
6    --O                                                                       (2 = 22.2%) {0.0%}
8    ... 
25   -O                                                                        (1 = 11.1%) {22.2%}
32   ... 
107  -O                                                                        (1 = 11.1%) {33.3%}
136  ... 
356  -O                                                                        (1 = 11.1%) {44.4%}
452  -O                                                                        (1 = 11.1%) {55.6%}
574  -O                                                                        (1 = 11.1%) {66.7%}
729  --O                                                                       (2 = 22.2%) {77.8%}
926  ... 

Histogram: Net.DNS.HTTPSSVC.RecordHttps.Insecure.ExpectNoerror.ResolveTimeRatio recorded 9 samples, mean = 10.2 (flags = 0x41)
0   ... 
9   -O                                                                        (1 = 11.1%) {0.0%}
10  -----O                                                                    (5 = 55.6%) {11.1%}
11  ---O                                                                      (3 = 33.3%) {66.7%}
12  ... 

Histogram: Net.DNS.JobQueueTime.PerTransaction recorded 18 samples, mean = 0.2 (flags = 0x41)
0  ---------------O                                                          (15 = 83.3%)
1  ---O                                                                      (3 = 16.7%) {83.3%}
2  ... 

Histogram: Net.DNS.JobQueueTime.Success recorded 9 samples, mean = 0.3 (flags = 0x41)
0  ------O                                                                   (6 = 66.7%)
1  ---O                                                                      (3 = 33.3%) {66.7%}
2  ... 

Histogram: Net.DNS.Request.TotalTime recorded 141 samples, mean = 21.5 (flags = 0x41)
0    ------------------------------------------------------------------------O (135 = 95.7%)
10   ... 
22   -O                                                                        (1 = 0.7%) {95.7%}
27   ... 
317  -O                                                                        (1 = 0.7%) {96.5%}
389  O                                                                         (0 = 0.0%) {97.2%}
477  -O                                                                        (2 = 1.4%) {97.2%}
585  O                                                                         (0 = 0.0%) {98.6%}
718  -O                                                                        (2 = 1.4%) {98.6%}
881  ... 

Histogram: Net.DNS.Request.TotalTimeAsync recorded 15 samples, mean = 202.5 (flags = 0x41)
0    ---------O                                                                (9 = 60.0%)
10   ... 
22   -O                                                                        (1 = 6.7%) {60.0%}
27   ... 
317  -O                                                                        (1 = 6.7%) {66.7%}
389  O                                                                         (0 = 0.0%) {73.3%}
477  --O                                                                       (2 = 13.3%) {73.3%}
585  O                                                                         (0 = 0.0%) {86.7%}
718  --O                                                                       (2 = 13.3%) {86.7%}
881  ... 

Histogram: Net.DNS.ResolveCategory recorded 16 samples, mean = 0.6 (flags = 0x41)
0  --------O                                                                 (8 = 50.0%)
1  -------O                                                                  (7 = 43.8%) {50.0%}
2  -O                                                                        (1 = 6.2%) {93.8%}
3  ... 

Histogram: Net.DNS.ResolveError.Fast recorded 7 samples (flags = 0x41)
105  -------O                                                                  (7 = 100.0%)

Histogram: Net.DNS.ResolveFailureTime recorded 7 samples, mean = 0.9 (flags = 0x41)
0  ------O                                                                   (6 = 85.7%)
1  ... 
6  -O                                                                        (1 = 14.3%) {85.7%}
7  ... 

Histogram: Net.DNS.ResolveSuccessTime recorded 8 samples, mean = 378.8 (flags = 0x41)
0    ... 
6    -O                                                                        (1 = 12.5%) {0.0%}
7    -O                                                                        (1 = 12.5%) {12.5%}
8    ... 
24   -O                                                                        (1 = 12.5%) {25.0%}
28   ... 
322  -O                                                                        (1 = 12.5%) {37.5%}
372  ... 
495  -O                                                                        (1 = 12.5%) {50.0%}
571  -O                                                                        (1 = 12.5%) {62.5%}
659  --O                                                                       (2 = 25.0%) {75.0%}
761  ... 

Histogram: Net.DNS.SystemTask.FailureTime recorded 7 samples, mean = 0.9 (flags = 0x41)
0  ------O                                                                   (6 = 85.7%)
1  ... 
6  -O                                                                        (1 = 14.3%) {85.7%}
7  ... 

Histogram: Net.DNS.UpgradeConfig.HasPublicInsecureNameserver recorded 1 samples, mean = 0.0 (flags = 0x41)
0  -O                                                                        (1 = 100.0%)
1  ... 

Histogram: Net.DNS.UpgradeConfig.Ineligible.DohSpecified recorded 1 samples, mean = 0.0 (flags = 0x41)
0  -O                                                                        (1 = 100.0%)
1  ... 

Histogram: Net.DNS.UpgradeConfig.Ineligible.UnhandledOptions recorded 1 samples, mean = 0.0 (flags = 0x41)
0  -O                                                                        (1 = 100.0%)
1  ... 

Histogram: Net.DNS.UpgradeConfig.InsecureUpgradeSucceeded recorded 1 samples, mean = 0.0 (flags = 0x41)
0  -O                                                                        (1 = 100.0%)
1  ... 

Histogram: Net.DNS_Resolution_And_TCP_Connection_Latency2 recorded 14 samples, mean = 2054.4 (flags = 0x41)
0      ... 
78     -O                                                                        (1 = 7.1%) {0.0%}
88     O                                                                         (0 = 0.0%) {7.1%}
100    --O                                                                       (2 = 14.3%) {7.1%}
113    O                                                                         (0 = 0.0%) {21.4%}
128    ---O                                                                      (3 = 21.4%) {21.4%}
145    -O                                                                        (1 = 7.1%) {42.9%}
164    ... 
211    -O                                                                        (1 = 7.1%) {50.0%}
239    -O                                                                        (1 = 7.1%) {57.1%}
271    ... 
1981   --O                                                                       (2 = 14.3%) {64.3%}
2243   ... 
2876   -O                                                                        (1 = 7.1%) {78.6%}
3256   ... 
4727   -O                                                                        (1 = 7.1%) {85.7%}
5352   ... 
14454  -O                                                                        (1 = 7.1%) {92.9%}
16365  ... 

Histogram: Net.ErrorCodesForMainFrame4 recorded 2 samples (flags = 0x41)
0  -O                                                                        (1 = 50.0%)
3  -O                                                                        (1 = 50.0%)

Histogram: Net.ErrorCodesForSubresources3 recorded 47 samples (flags = 0x41)
0  -----------------------------------------------O                          (47 = 100.0%)

Histogram: Net.HttpJob.BytesReceived2 recorded 17 samples, mean = 8606.8 (flags = 0x41)
0      ... 
56     -O                                                                        (1 = 5.9%) {0.0%}
80     ... 
340    --O                                                                       (2 = 11.8%) {5.9%}
488    -----O                                                                    (5 = 29.4%) {17.6%}
700    -O                                                                        (1 = 5.9%) {47.1%}
1004   -O                                                                        (1 = 5.9%) {52.9%}
1440   ... 
2961   ----O                                                                     (4 = 23.5%) {58.8%}
4246   ... 
8732   -O                                                                        (1 = 5.9%) {82.4%}
12523  O                                                                         (0 = 0.0%) {88.2%}
17959  -O                                                                        (1 = 5.9%) {88.2%}
25755  ... 
75961  -O                                                                        (1 = 5.9%) {94.1%}
108935 ... 

Histogram: Net.HttpJob.BytesSent2 recorded 17 samples, mean = 1612.0 (flags = 0x41)
0      ... 
19     -O                                                                        (1 = 5.9%) {0.0%}
27     ... 
165    -O                                                                        (1 = 5.9%) {5.9%}
237    O                                                                         (0 = 0.0%) {11.8%}
340    ---O                                                                      (3 = 17.6%) {11.8%}
488    ---O                                                                      (3 = 17.6%) {29.4%}
700    -------O                                                                  (7 = 41.2%) {47.1%}
1004   -O                                                                        (1 = 5.9%) {88.2%}
1440   ... 
12523  -O                                                                        (1 = 5.9%) {94.1%}
17959  ... 

Histogram: Net.HttpJob.MainJobWaitTimeWithoutAvailableSpdySession recorded 8 samples, mean = 112.5 (flags = 0x41)
0    -----O                                                                    (5 = 62.5%)
1    ... 
268  ---O                                                                      (3 = 37.5%) {62.5%}
318  ... 

Histogram: Net.HttpJob.PrefilterBytesRead recorded 53 samples, mean = 26433.4 (flags = 0x41)
0       -----O                                                                    (5 = 9.4%)
1       ... 
13      -O                                                                        (1 = 1.9%) {9.4%}
19      -O                                                                        (1 = 1.9%) {11.3%}
27      O                                                                         (0 = 0.0%) {13.2%}
39      -O                                                                        (1 = 1.9%) {13.2%}
56      -O                                                                        (1 = 1.9%) {15.1%}
80      -O                                                                        (1 = 1.9%) {17.0%}
115     O                                                                         (0 = 0.0%) {18.9%}
165     -O                                                                        (1 = 1.9%) {18.9%}
237     O                                                                         (0 = 0.0%) {20.8%}
340     -O                                                                        (1 = 1.9%) {20.8%}
488     ----O                                                                     (4 = 7.5%) {22.6%}
700     --O                                                                       (2 = 3.8%) {30.2%}
1004    ---O                                                                      (3 = 5.7%) {34.0%}
1440    -O                                                                        (1 = 1.9%) {39.6%}
2065    ---O                                                                      (3 = 5.7%) {41.5%}
2961    -O                                                                        (1 = 1.9%) {47.2%}
4246    --O                                                                       (2 = 3.8%) {49.1%}
6089    --O                                                                       (2 = 3.8%) {52.8%}
8732    ---O                                                                      (3 = 5.7%) {56.6%}
12523   -O                                                                        (1 = 1.9%) {62.3%}
17959   ----O                                                                     (4 = 7.5%) {64.2%}
25755   ---O                                                                      (3 = 5.7%) {71.7%}
36935   ----O                                                                     (4 = 7.5%) {77.4%}
52968   O                                                                         (0 = 0.0%) {84.9%}
75961   -----O                                                                    (5 = 9.4%) {84.9%}
108935  --O                                                                       (2 = 3.8%) {94.3%}
156223  -O                                                                        (1 = 1.9%) {98.1%}
224038  ... 

Histogram: Net.HttpJob.PrefilterBytesRead.Cache recorded 39 samples, mean = 32698.6 (flags = 0x41)
0       -O                                                                        (1 = 2.6%)
1       ... 
165     -O                                                                        (1 = 2.6%) {2.6%}
237     O                                                                         (0 = 0.0%) {5.1%}
340     -O                                                                        (1 = 2.6%) {5.1%}
488     ----O                                                                     (4 = 10.3%) {7.7%}
700     --O                                                                       (2 = 5.1%) {17.9%}
1004    --O                                                                       (2 = 5.1%) {23.1%}
1440    -O                                                                        (1 = 2.6%) {28.2%}
2065    --O                                                                       (2 = 5.1%) {30.8%}
2961    -O                                                                        (1 = 2.6%) {35.9%}
4246    --O                                                                       (2 = 5.1%) {38.5%}
6089    --O                                                                       (2 = 5.1%) {43.6%}
8732    --O                                                                       (2 = 5.1%) {48.7%}
12523   O                                                                         (0 = 0.0%) {53.8%}
17959   ----O                                                                     (4 = 10.3%) {53.8%}
25755   ---O                                                                      (3 = 7.7%) {64.1%}
36935   ----O                                                                     (4 = 10.3%) {71.8%}
52968   O                                                                         (0 = 0.0%) {82.1%}
75961   ----O                                                                     (4 = 10.3%) {82.1%}
108935  --O                                                                       (2 = 5.1%) {92.3%}
156223  -O                                                                        (1 = 2.6%) {97.4%}
224038  ... 

Histogram: Net.HttpJob.PrefilterBytesRead.Net recorded 14 samples, mean = 8980.1 (flags = 0x41)
0      ----O                                                                     (4 = 28.6%)
1      ... 
13     -O                                                                        (1 = 7.1%) {28.6%}
19     -O                                                                        (1 = 7.1%) {35.7%}
27     O                                                                         (0 = 0.0%) {42.9%}
39     -O                                                                        (1 = 7.1%) {42.9%}
56     -O                                                                        (1 = 7.1%) {50.0%}
80     -O                                                                        (1 = 7.1%) {57.1%}
115    ... 
1004   -O                                                                        (1 = 7.1%) {64.3%}
1440   O                                                                         (0 = 0.0%) {71.4%}
2065   -O                                                                        (1 = 7.1%) {71.4%}
2961   ... 
8732   -O                                                                        (1 = 7.1%) {78.6%}
12523  -O                                                                        (1 = 7.1%) {85.7%}
17959  ... 
75961  -O                                                                        (1 = 7.1%) {92.9%}
108935 ... 

Histogram: Net.HttpJob.ProxyTypeSuccess recorded 17 samples, mean = 1.0 (flags = 0x41)
0  O                                                                         (0 = 0.0%)
1  -----------------O                                                        (17 = 100.0%) {0.0%}
2  ... 

Histogram: Net.HttpJob.TotalTime recorded 53 samples, mean = 329.2 (flags = 0x41)
0     O                                                                         (0 = 0.0%)
1     -O                                                                        (1 = 1.9%) {0.0%}
2     O                                                                         (0 = 0.0%) {1.9%}
3     -O                                                                        (1 = 1.9%) {1.9%}
4     ... 
8     -O                                                                        (1 = 1.9%) {3.8%}
10    ... 
17    -O                                                                        (1 = 1.9%) {5.7%}
20    --O                                                                       (2 = 3.8%) {7.5%}
24    O                                                                         (0 = 0.0%) {11.3%}
29    -O                                                                        (1 = 1.9%) {11.3%}
34    --O                                                                       (2 = 3.8%) {13.2%}
40    O                                                                         (0 = 0.0%) {17.0%}
48    --O                                                                       (2 = 3.8%) {17.0%}
57    ----O                                                                     (4 = 7.5%) {20.8%}
68    -O                                                                        (1 = 1.9%) {28.3%}
81    O                                                                         (0 = 0.0%) {30.2%}
96    ---O                                                                      (3 = 5.7%) {30.2%}
114   O                                                                         (0 = 0.0%) {35.8%}
135   ----O                                                                     (4 = 7.5%) {35.8%}
160   --------------O                                                           (14 = 26.4%) {43.4%}
190   -O                                                                        (1 = 1.9%) {69.8%}
226   O                                                                         (0 = 0.0%) {71.7%}
268   -O                                                                        (1 = 1.9%) {71.7%}
318   -O                                                                        (1 = 1.9%) {73.6%}
378   O                                                                         (0 = 0.0%) {75.5%}
449   --O                                                                       (2 = 3.8%) {75.5%}
533   --O                                                                       (2 = 3.8%) {79.2%}
633   O                                                                         (0 = 0.0%) {83.0%}
752   -O                                                                        (1 = 1.9%) {83.0%}
894   ---O                                                                      (3 = 5.7%) {84.9%}
1062  --O                                                                       (2 = 3.8%) {90.6%}
1262  ---O                                                                      (3 = 5.7%) {94.3%}
1500  ... 

Histogram: Net.HttpJob.TotalTime.Secure.Quic recorded 1 samples, mean = 1077.0 (flags = 0x41)
0    ... 
926  -O                                                                        (1 = 100.0%) {0.0%}
1177 ... 

Histogram: Net.HttpJob.TotalTime.TLS13.Google recorded 1 samples, mean = 1496.0 (flags = 0x41)
0     ... 
1262  -O                                                                        (1 = 100.0%) {0.0%}
1500  ... 

Histogram: Net.HttpJob.TotalTimeCached recorded 39 samples, mean = 169.3 (flags = 0x41)
0     O                                                                         (0 = 0.0%)
1     -O                                                                        (1 = 2.6%) {0.0%}
2     O                                                                         (0 = 0.0%) {2.6%}
3     -O                                                                        (1 = 2.6%) {2.6%}
4     ... 
8     -O                                                                        (1 = 2.6%) {5.1%}
10    ... 
17    -O                                                                        (1 = 2.6%) {7.7%}
20    --O                                                                       (2 = 5.1%) {10.3%}
24    O                                                                         (0 = 0.0%) {15.4%}
29    -O                                                                        (1 = 2.6%) {15.4%}
34    --O                                                                       (2 = 5.1%) {17.9%}
40    O                                                                         (0 = 0.0%) {23.1%}
48    --O                                                                       (2 = 5.1%) {23.1%}
57    ----O                                                                     (4 = 10.3%) {28.2%}
68    -O                                                                        (1 = 2.6%) {38.5%}
81    O                                                                         (0 = 0.0%) {41.0%}
96    --O                                                                       (2 = 5.1%) {41.0%}
114   O                                                                         (0 = 0.0%) {46.2%}
135   ----O                                                                     (4 = 10.3%) {46.2%}
160   --------------O                                                           (14 = 35.9%) {56.4%}
190   ... 
533   -O                                                                        (1 = 2.6%) {92.3%}
633   ... 
894   -O                                                                        (1 = 2.6%) {94.9%}
1062  -O                                                                        (1 = 2.6%) {97.4%}
1262  ... 

Histogram: Net.HttpJob.TotalTimeNotCached recorded 14 samples, mean = 774.6 (flags = 0x41)
0     ... 
96    -O                                                                        (1 = 7.1%) {0.0%}
114   ... 
190   -O                                                                        (1 = 7.1%) {7.1%}
226   O                                                                         (0 = 0.0%) {14.3%}
268   -O                                                                        (1 = 7.1%) {14.3%}
318   -O                                                                        (1 = 7.1%) {21.4%}
378   O                                                                         (0 = 0.0%) {28.6%}
449   --O                                                                       (2 = 14.3%) {28.6%}
533   -O                                                                        (1 = 7.1%) {42.9%}
633   O                                                                         (0 = 0.0%) {50.0%}
752   -O                                                                        (1 = 7.1%) {50.0%}
894   --O                                                                       (2 = 14.3%) {57.1%}
1062  -O                                                                        (1 = 7.1%) {71.4%}
1262  ---O                                                                      (3 = 21.4%) {78.6%}
1500  ... 

Histogram: Net.HttpJob.TotalTimeNotCached.Secure.Quic recorded 1 samples, mean = 1077.0 (flags = 0x41)
0    ... 
926  -O                                                                        (1 = 100.0%) {0.0%}
1177 ... 

Histogram: Net.HttpJob.TotalTimeSuccess recorded 53 samples, mean = 329.2 (flags = 0x41)
0     O                                                                         (0 = 0.0%)
1     -O                                                                        (1 = 1.9%) {0.0%}
2     O                                                                         (0 = 0.0%) {1.9%}
3     -O                                                                        (1 = 1.9%) {1.9%}
4     ... 
8     -O                                                                        (1 = 1.9%) {3.8%}
10    ... 
17    -O                                                                        (1 = 1.9%) {5.7%}
20    --O                                                                       (2 = 3.8%) {7.5%}
24    O                                                                         (0 = 0.0%) {11.3%}
29    -O                                                                        (1 = 1.9%) {11.3%}
34    --O                                                                       (2 = 3.8%) {13.2%}
40    O                                                                         (0 = 0.0%) {17.0%}
48    --O                                                                       (2 = 3.8%) {17.0%}
57    ----O                                                                     (4 = 7.5%) {20.8%}
68    -O                                                                        (1 = 1.9%) {28.3%}
81    O                                                                         (0 = 0.0%) {30.2%}
96    ---O                                                                      (3 = 5.7%) {30.2%}
114   O                                                                         (0 = 0.0%) {35.8%}
135   ----O                                                                     (4 = 7.5%) {35.8%}
160   --------------O                                                           (14 = 26.4%) {43.4%}
190   -O                                                                        (1 = 1.9%) {69.8%}
226   O                                                                         (0 = 0.0%) {71.7%}
268   -O                                                                        (1 = 1.9%) {71.7%}
318   -O                                                                        (1 = 1.9%) {73.6%}
378   O                                                                         (0 = 0.0%) {75.5%}
449   --O                                                                       (2 = 3.8%) {75.5%}
533   --O                                                                       (2 = 3.8%) {79.2%}
633   O                                                                         (0 = 0.0%) {83.0%}
752   -O                                                                        (1 = 1.9%) {83.0%}
894   ---O                                                                      (3 = 5.7%) {84.9%}
1062  --O                                                                       (2 = 3.8%) {90.6%}
1262  ---O                                                                      (3 = 5.7%) {94.3%}
1500  ... 

Histogram: Net.HttpJob.TotalTimeSuccess.Priority1 recorded 3 samples, mean = 925.3 (flags = 0x41)
0     ... 
190   -O                                                                        (1 = 33.3%) {0.0%}
226   ... 
1062  -O                                                                        (1 = 33.3%) {33.3%}
1262  -O                                                                        (1 = 33.3%) {66.7%}
1500  ... 

Histogram: Net.HttpJob.TotalTimeSuccess.Priority2 recorded 29 samples, mean = 277.1 (flags = 0x41)
0     ... 
3     -O                                                                        (1 = 3.4%) {0.0%}
4     ... 
20    -O                                                                        (1 = 3.4%) {3.4%}
24    O                                                                         (0 = 0.0%) {6.9%}
29    -O                                                                        (1 = 3.4%) {6.9%}
34    -O                                                                        (1 = 3.4%) {10.3%}
40    ... 
68    -O                                                                        (1 = 3.4%) {13.8%}
81    O                                                                         (0 = 0.0%) {17.2%}
96    --O                                                                       (2 = 6.9%) {17.2%}
114   O                                                                         (0 = 0.0%) {24.1%}
135   ----O                                                                     (4 = 13.8%) {24.1%}
160   -------------O                                                            (13 = 44.8%) {37.9%}
190   ... 
318   -O                                                                        (1 = 3.4%) {82.8%}
378   O                                                                         (0 = 0.0%) {86.2%}
449   -O                                                                        (1 = 3.4%) {86.2%}
533   ... 
894   -O                                                                        (1 = 3.4%) {89.7%}
1062  O                                                                         (0 = 0.0%) {93.1%}
1262  --O                                                                       (2 = 6.9%) {93.1%}
1500  ... 

Histogram: Net.HttpJob.TotalTimeSuccess.Priority3 recorded 1 samples, mean = 548.0 (flags = 0x41)
0    ... 
533  -O                                                                        (1 = 100.0%) {0.0%}
633  ... 

Histogram: Net.HttpJob.TotalTimeSuccess.Priority4 recorded 7 samples, mean = 523.3 (flags = 0x41)
0    ... 
17   -O                                                                        (1 = 14.3%) {0.0%}
20   ... 
96   -O                                                                        (1 = 14.3%) {14.3%}
114  ... 
268  -O                                                                        (1 = 14.3%) {28.6%}
318  ... 
449  -O                                                                        (1 = 14.3%) {42.9%}
533  ... 
752  -O                                                                        (1 = 14.3%) {57.1%}
894  --O                                                                       (2 = 28.6%) {71.4%}
1062 ... 

Histogram: Net.HttpJob.TotalTimeSuccess.Priority5 recorded 13 samples, mean = 186.4 (flags = 0x41)
0     O                                                                         (0 = 0.0%)
1     -O                                                                        (1 = 7.7%) {0.0%}
2     ... 
8     -O                                                                        (1 = 7.7%) {7.7%}
10    ... 
20    -O                                                                        (1 = 7.7%) {15.4%}
24    ... 
34    -O                                                                        (1 = 7.7%) {23.1%}
40    O                                                                         (0 = 0.0%) {30.8%}
48    --O                                                                       (2 = 15.4%) {30.8%}
57    ----O                                                                     (4 = 30.8%) {46.2%}
68    ... 
160   -O                                                                        (1 = 7.7%) {76.9%}
190   ... 
533   -O                                                                        (1 = 7.7%) {84.6%}
633   ... 
1062  -O                                                                        (1 = 7.7%) {92.3%}
1262  ... 

Histogram: Net.HttpRequestSSLUpgradeDecision recorded 2 samples, mean = 5.0 (flags = 0x41)
0  ... 
5  --O                                                                       (2 = 100.0%) {0.0%}
6  O                                                                         (0 = 0.0%) {100.0%}

Histogram: Net.HttpRequestStsState recorded 2 samples, mean = 2.0 (flags = 0x41)
0  ... 
2  --O                                                                       (2 = 100.0%) {0.0%}
3  ... 

Histogram: Net.HttpResponseCode recorded 68 samples, mean = 215.3 (flags = 0x41)
0    ... 
200  ---------------------------------------------------------O                (57 = 83.8%) {0.0%}
201  ... 
204  --O                                                                       (2 = 2.9%) {83.8%}
205  ... 
302  ----O                                                                     (4 = 5.9%) {86.8%}
303  O                                                                         (0 = 0.0%) {92.6%}
304  ---O                                                                      (3 = 4.4%) {92.6%}
305  ... 
308  -O                                                                        (1 = 1.5%) {97.1%}
309  ... 
403  -O                                                                        (1 = 1.5%) {98.5%}
404  ... 

Histogram: Net.HttpTimeToFirstByte recorded 53 samples, mean = 371.5 (flags = 0x41)
0     ------------------------------O                                           (30 = 56.6%)
10    ... 
22    ----O                                                                     (4 = 7.5%) {56.6%}
27    ... 
50    -O                                                                        (1 = 1.9%) {64.2%}
61    ... 
92    -O                                                                        (1 = 1.9%) {66.0%}
113   ... 
171   --O                                                                       (2 = 3.8%) {67.9%}
210   -O                                                                        (1 = 1.9%) {71.7%}
258   -O                                                                        (1 = 1.9%) {73.6%}
317   -O                                                                        (1 = 1.9%) {75.5%}
389   -O                                                                        (1 = 1.9%) {77.4%}
477   --O                                                                       (2 = 3.8%) {79.2%}
585   O                                                                         (0 = 0.0%) {83.0%}
718   -O                                                                        (1 = 1.9%) {83.0%}
881   ---O                                                                      (3 = 5.7%) {84.9%}
1081  --O                                                                       (2 = 3.8%) {90.6%}
1326  --O                                                                       (2 = 3.8%) {94.3%}
1627  ... 
6812  -O                                                                        (1 = 1.9%) {98.1%}
8359  ... 

Histogram: Net.HttpTimeToFirstByte.TLS13.Google recorded 1 samples, mean = 1496.0 (flags = 0x41)
0     ... 
1496  -O                                                                        (1 = 100.0%) {0.0%}
1901  ... 

Histogram: Net.NetworkChangeNotifier.NewConnectionCost recorded 2 samples, mean = 1.0 (flags = 0x41)
0  O                                                                         (0 = 0.0%)
1  --O                                                                       (2 = 100.0%) {0.0%}
2  ... 

Histogram: Net.NumQuicSessionsAtShutdown recorded 3 samples, mean = 0.0 (flags = 0x41)
0  ---O                                                                      (3 = 100.0%)
1  ... 

Histogram: Net.OnTransferSizeUpdated.Experimental.OverridenBy recorded 48 samples, mean = 12.2 (flags = 0x41)
0   O                                                                         (0 = 0.0%)
1   ------------------O                                                       (18 = 37.5%) {0.0%}
2   ... 
11  -------------O                                                            (13 = 27.1%) {37.5%}
12  ---O                                                                      (3 = 6.2%) {64.6%}
13  ... 
26  -O                                                                        (1 = 2.1%) {70.8%}
27  O                                                                         (0 = 0.0%) {72.9%}
28  -------------O                                                            (13 = 27.1%) {72.9%}
29  ... 

Histogram: Net.QuicActiveSessions recorded 6 samples, mean = 1.0 (flags = 0x41)
0  ---O                                                                      (3 = 50.0%)
1  -O                                                                        (1 = 16.7%) {50.0%}
2  -O                                                                        (1 = 16.7%) {66.7%}
3  -O                                                                        (1 = 16.7%) {83.3%}
4  ... 

Histogram: Net.QuicChromiumClientStream.HandleOnCloseConnectionError recorded 8 samples (flags = 0x41)
0  --------O                                                                 (8 = 100.0%)

Histogram: Net.QuicChromiumClientStream.HandleOnCloseNetError recorded 8 samples (flags = 0x41)
100  --------O                                                                 (8 = 100.0%)

Histogram: Net.QuicChromiumClientStream.HandleOnCloseStreamError recorded 8 samples (flags = 0x41)
0  --------O                                                                 (8 = 100.0%)

Histogram: Net.QuicChromiumClientStream.HeaderDecodingDelay recorded 8 samples, mean = 0.0 (flags = 0x41)
0  --------O                                                                 (8 = 100.0%)
1  ... 

Histogram: Net.QuicChromiumClientStream.HeaderDecodingDelayGoogle recorded 1 samples, mean = 0.0 (flags = 0x41)
0  -O                                                                        (1 = 100.0%)
1  ... 

Histogram: Net.QuicConnection.WritePacketStatus recorded 146 samples, mean = 0.0 (flags = 0x41)
0  ------------------------------------------------------------------------O (146 = 100.0%)
1  ... 

Histogram: Net.QuicCryptoClientConfig.PopulatedFromCanonicalConfig recorded 6 samples, mean = 0.0 (flags = 0x41)
0  ------O                                                                   (6 = 100.0%)
1  ... 

Histogram: Net.QuicDroppedPacketReason recorded 8 samples, mean = 6.0 (flags = 0x41)
0  ... 
6  --------O                                                                 (8 = 100.0%) {0.0%}
7  O                                                                         (0 = 0.0%) {100.0%}

Histogram: Net.QuicHandshakeNotConfirmedNumPacketsReceived recorded 2 samples, mean = 15.5 (flags = 0x41)
0   ... 
12  -O                                                                        (1 = 50.0%) {0.0%}
16  -O                                                                        (1 = 50.0%) {50.0%}
21  ... 

Histogram: Net.QuicHandshakeState recorded 22 samples, mean = 1.1 (flags = 0x41)
0  --------O                                                                 (8 = 36.4%)
1  ------O                                                                   (6 = 27.3%) {36.4%}
2  ------O                                                                   (6 = 27.3%) {63.6%}
3  --O                                                                       (2 = 9.1%) {90.9%}
4  O                                                                         (0 = 0.0%) {100.0%}

Histogram: Net.QuicHttpStream.ProcessResponseHeaderSuccess recorded 8 samples, mean = 1.0 (flags = 0x41)
0  O                                                                         (0 = 0.0%)
1  --------O                                                                 (8 = 100.0%) {0.0%}
2  O                                                                         (0 = 0.0%) {100.0%}

Histogram: Net.QuicSession.AbortedPendingStreamRequests recorded 8 samples, mean = 0.0 (flags = 0x41)
0  --------O                                                                 (8 = 100.0%)
1  ... 

Histogram: Net.QuicSession.AcceptChForOrigin recorded 8 samples, mean = 0.1 (flags = 0x41)
0  -------O                                                                  (7 = 87.5%)
1  -O                                                                        (1 = 12.5%) {87.5%}
2  O                                                                         (0 = 0.0%) {100.0%}

Histogram: Net.QuicSession.AcceptChFrameReceivedViaAlps recorded 4 samples, mean = 1.0 (flags = 0x41)
0  O                                                                         (0 = 0.0%)
1  ----O                                                                     (4 = 100.0%) {0.0%}
2  ... 

Histogram: Net.QuicSession.AsyncRead recorded 136 samples, mean = 0.7 (flags = 0x41)
0  --------------------------------------O                                   (47 = 34.6%)
1  ------------------------------------------------------------------------O (89 = 65.4%) {34.6%}
2  O                                                                         (0 = 0.0%) {100.0%}

Histogram: Net.QuicSession.BlockedFrames.Received recorded 8 samples, mean = 0.0 (flags = 0x41)
0  --------O                                                                 (8 = 100.0%)
1  ... 

Histogram: Net.QuicSession.BlockedFrames.Sent recorded 8 samples, mean = 0.0 (flags = 0x41)
0  --------O                                                                 (8 = 100.0%)
1  ... 

Histogram: Net.QuicSession.CertVerificationResult recorded 6 samples (flags = 0x41)
0  ------O                                                                   (6 = 100.0%)

Histogram: Net.QuicSession.ClientSideMtu recorded 6 samples (flags = 0x41)
1250  ------O                                                                   (6 = 100.0%)

Histogram: Net.QuicSession.CloseAllSessionsError recorded 3 samples (flags = 0x41)
3  ---O                                                                      (3 = 100.0%)

Histogram: Net.QuicSession.ClosedDuringInitializeSession recorded 8 samples, mean = 0.0 (flags = 0x41)
0  --------O                                                                 (8 = 100.0%)
1  ... 

Histogram: Net.QuicSession.CoalesceStreamFrameStatus recorded 36 samples, mean = 0.2 (flags = 0x41)
0  -----------------------------O                                            (29 = 80.6%)
1  -------O                                                                  (7 = 19.4%) {80.6%}
2  O                                                                         (0 = 0.0%) {100.0%}

Histogram: Net.QuicSession.ConnectAfterBroken recorded 5 samples, mean = 0.6 (flags = 0x41)
0  --O                                                                       (2 = 40.0%)
1  ---O                                                                      (3 = 60.0%) {40.0%}
2  O                                                                         (0 = 0.0%) {100.0%}

Histogram: Net.QuicSession.ConnectRandomPortForHTTPS recorded 6 samples, mean = 0.0 (flags = 0x41)
0  ------O                                                                   (6 = 100.0%)
1  ... 

Histogram: Net.QuicSession.ConnectRandomPortRequiringConfirmationForHTTPS recorded 4 samples, mean = 0.0 (flags = 0x41)
0  ----O                                                                     (4 = 100.0%)
1  ... 

Histogram: Net.QuicSession.ConnectionClose.HandshakeFailureUnknown.QuicError recorded 2 samples (flags = 0x41)
67  --O                                                                       (2 = 100.0%)

Histogram: Net.QuicSession.ConnectionClose.HandshakeNotConfirmed.Reason recorded 2 samples, mean = 0.0 (flags = 0x41)
0  --O                                                                       (2 = 100.0%)
1  ... 

Histogram: Net.QuicSession.ConnectionClose.NumOpenStreams.TimedOut recorded 6 samples, mean = 0.0 (flags = 0x41)
0  ------O                                                                   (6 = 100.0%)
1  ... 

Histogram: Net.QuicSession.ConnectionCloseErrorCodeClient recorded 8 samples (flags = 0x41)
25  ------O                                                                   (6 = 75.0%)
67  --O                                                                       (2 = 25.0%)

Histogram: Net.QuicSession.ConnectionCloseErrorCodeClient.HandshakeConfirmed recorded 6 samples (flags = 0x41)
25  ------O                                                                   (6 = 100.0%)

Histogram: Net.QuicSession.ConnectionCloseErrorCodeClient.HandshakeNotConfirmed recorded 2 samples (flags = 0x41)
67  --O                                                                       (2 = 100.0%)

Histogram: Net.QuicSession.ConnectionCloseErrorCodeClientGoogle recorded 4 samples (flags = 0x41)
25  ----O                                                                     (4 = 100.0%)

Histogram: Net.QuicSession.ConnectionCloseErrorCodeClientGoogle.HandshakeConfirmed recorded 4 samples (flags = 0x41)
25  ----O                                                                     (4 = 100.0%)

Histogram: Net.QuicSession.ConnectionDuration recorded 6 samples, mean = 30302.3 (flags = 0x41)
0      ... 
27425  -----O                                                                    (5 = 83.3%) {0.0%}
31655  -O                                                                        (1 = 16.7%) {83.3%}
36538  ... 

Histogram: Net.QuicSession.ConnectionFlowControlBlocked recorded 82 samples, mean = 1.0 (flags = 0x41)
0  O                                                                         (0 = 0.0%)
1  ------------------------------------------------------------------------O (82 = 100.0%) {0.0%}
2  O                                                                         (0 = 0.0%) {100.0%}

Histogram: Net.QuicSession.ConnectionIpPooled recorded 6 samples, mean = 0.0 (flags = 0x41)
0  ------O                                                                   (6 = 100.0%)
1  ... 

Histogram: Net.QuicSession.ConnectionTypeFromSelf recorded 8 samples, mean = 1.0 (flags = 0x41)
0  O                                                                         (0 = 0.0%)
1  --------O                                                                 (8 = 100.0%) {0.0%}
2  O                                                                         (0 = 0.0%) {100.0%}

Histogram: Net.QuicSession.CryptoRetransmitCount.HandshakeConfirmed recorded 6 samples, mean = 0.2 (flags = 0x41)
0  -----O                                                                    (5 = 83.3%)
1  -O                                                                        (1 = 16.7%) {83.3%}
2  ... 

Histogram: Net.QuicSession.CryptoRetransmitCount.HandshakeNotConfirmed recorded 2 samples, mean = 21.5 (flags = 0x41)
0   ... 
21  -O                                                                        (1 = 50.0%) {0.0%}
22  -O                                                                        (1 = 50.0%) {50.0%}
23  ... 

Histogram: Net.QuicSession.DuplicatePacketsReceived recorded 8 samples, mean = 0.0 (flags = 0x41)
0  --------O                                                                 (8 = 100.0%)
1  ... 

Histogram: Net.QuicSession.EcnMarksObserved recorded 8 samples, mean = 1.0 (flags = 0x41)
0  O                                                                         (0 = 0.0%)
1  --------O                                                                 (8 = 100.0%) {0.0%}
2  ... 

Histogram: Net.QuicSession.EncryptionEstablishedTime recorded 6 samples, mean = 132.7 (flags = 0x41)
0    ... 
2    -O                                                                        (1 = 16.7%) {0.0%}
3    ... 
14   -O                                                                        (1 = 16.7%) {16.7%}
17   ... 
81   -O                                                                        (1 = 16.7%) {33.3%}
96   --O                                                                       (2 = 33.3%) {50.0%}
114  ... 
449  -O                                                                        (1 = 16.7%) {83.3%}
533  ... 

Histogram: Net.QuicSession.FinchConfigIsValid recorded 3 samples, mean = 1.0 (flags = 0x41)
0  O                                                                         (0 = 0.0%)
1  ---O                                                                      (3 = 100.0%) {0.0%}
2  O                                                                         (0 = 0.0%) {100.0%}

Histogram: Net.QuicSession.FindMatchingIpSessionResult recorded 14 samples, mean = 2.0 (flags = 0x41)
0  ... 
2  --------------O                                                           (14 = 100.0%) {0.0%}
3  O                                                                         (0 = 0.0%) {100.0%}

Histogram: Net.QuicSession.FindMatchingIpSessionResultGoogle recorded 8 samples, mean = 2.0 (flags = 0x41)
0  ... 
2  --------O                                                                 (8 = 100.0%) {0.0%}
3  O                                                                         (0 = 0.0%) {100.0%}

Histogram: Net.QuicSession.HandshakeConfirmedTime recorded 6 samples, mean = 135.7 (flags = 0x41)
0    ... 
14   -O                                                                        (1 = 16.7%) {0.0%}
17   -O                                                                        (1 = 16.7%) {16.7%}
20   ... 
81   -O                                                                        (1 = 16.7%) {33.3%}
96   --O                                                                       (2 = 33.3%) {50.0%}
114  ... 
449  -O                                                                        (1 = 16.7%) {83.3%}
533  ... 

Histogram: Net.QuicSession.HandshakeTimeout.PathDegradingDetected recorded 2 samples, mean = 0.0 (flags = 0x41)
0  --O                                                                       (2 = 100.0%)
1  ... 

Histogram: Net.QuicSession.HeaderCompressionRatioQpackReceived recorded 8 samples, mean = 60.8 (flags = 0x41)
0   O                                                                         (0 = 0.0%)
1   -O                                                                        (1 = 12.5%) {0.0%}
2   ... 
67  -O                                                                        (1 = 12.5%) {12.5%}
68  -O                                                                        (1 = 12.5%) {25.0%}
69  ----O                                                                     (4 = 50.0%) {37.5%}
70  ... 
74  -O                                                                        (1 = 12.5%) {87.5%}
75  ... 

Histogram: Net.QuicSession.HeaderCompressionRatioQpackSent recorded 8 samples, mean = 72.4 (flags = 0x41)
0   ... 
64  -O                                                                        (1 = 12.5%) {0.0%}
65  ... 
69  -O                                                                        (1 = 12.5%) {12.5%}
70  ... 
72  -O                                                                        (1 = 12.5%) {25.0%}
73  O                                                                         (0 = 0.0%) {37.5%}
74  -O                                                                        (1 = 12.5%) {37.5%}
75  ----O                                                                     (4 = 50.0%) {50.0%}
76  ... 

Histogram: Net.QuicSession.HostResolution.HandshakeConfirmedTime recorded 6 samples, mean = 136.5 (flags = 0x41)
0    ... 
14   -O                                                                        (1 = 16.7%) {0.0%}
17   -O                                                                        (1 = 16.7%) {16.7%}
20   ... 
81   -O                                                                        (1 = 16.7%) {33.3%}
96   --O                                                                       (2 = 33.3%) {50.0%}
114  ... 
449  -O                                                                        (1 = 16.7%) {83.3%}
533  ... 

Histogram: Net.QuicSession.IncorrectConnectionIDsReceived recorded 8 samples, mean = 0.0 (flags = 0x41)
0  --------O                                                                 (8 = 100.0%)
1  ... 

Histogram: Net.QuicSession.InitialRttEsitmateSource recorded 8 samples, mean = 0.2 (flags = 0x41)
0  ------O                                                                   (6 = 75.0%)
1  --O                                                                       (2 = 25.0%) {75.0%}
2  ... 

Histogram: Net.QuicSession.KeyUpdate.PerConnection2 recorded 6 samples, mean = 0.0 (flags = 0x41)
0  ------O                                                                   (6 = 100.0%)
1  ... 

Histogram: Net.QuicSession.KeyUpdate.PotentialPeerKeyUpdateAttemptCount recorded 6 samples, mean = 0.0 (flags = 0x41)
0  ------O                                                                   (6 = 100.0%)
1  ... 

Histogram: Net.QuicSession.MaxConsecutiveRtoWithForwardProgress recorded 6 samples, mean = 0.5 (flags = 0x41)
0  ---O                                                                      (3 = 50.0%)
1  ---O                                                                      (3 = 50.0%) {50.0%}
2  ... 

Histogram: Net.QuicSession.MinRTT recorded 8 samples, mean = 50.4 (flags = 0x41)
0    ... 
8    --O                                                                       (2 = 25.0%) {0.0%}
10   O                                                                         (0 = 0.0%) {25.0%}
12   --O                                                                       (2 = 25.0%) {25.0%}
14   ... 
48   -O                                                                        (1 = 12.5%) {50.0%}
57   O                                                                         (0 = 0.0%) {62.5%}
68   -O                                                                        (1 = 12.5%) {62.5%}
81   -O                                                                        (1 = 12.5%) {75.0%}
96   ... 
135  -O                                                                        (1 = 12.5%) {87.5%}
160  ... 

Histogram: Net.QuicSession.MtuProbesSent recorded 6 samples, mean = 0.0 (flags = 0x41)
0  ------O                                                                   (6 = 100.0%)
1  ... 

Histogram: Net.QuicSession.NumDefaultPathDegrading recorded 8 samples, mean = 0.0 (flags = 0x41)
0  --------O                                                                 (8 = 100.0%)
1  ... 

Histogram: Net.QuicSession.NumMigrations recorded 6 samples, mean = 0.0 (flags = 0x41)
0  ------O                                                                   (6 = 100.0%)
1  ... 

Histogram: Net.QuicSession.NumOpenStreams recorded 8 samples, mean = 1.2 (flags = 0x41)
0  O                                                                         (0 = 0.0%)
1  ------O                                                                   (6 = 75.0%) {0.0%}
2  --O                                                                       (2 = 25.0%) {75.0%}
3  ... 

Histogram: Net.QuicSession.NumPingsSent recorded 6 samples, mean = 0.0 (flags = 0x41)
0  ------O                                                                   (6 = 100.0%)
1  ... 

Histogram: Net.QuicSession.NumQueuedPacketsBeforeWrite recorded 177 samples, mean = 0.0 (flags = 0x41)
0  ------------------------------------------------------------------------O (177 = 100.0%)
1  ... 

Histogram: Net.QuicSession.NumTotalStreams recorded 8 samples, mean = 1.0 (flags = 0x41)
0  -----O                                                                    (5 = 62.5%)
1  --O                                                                       (2 = 25.0%) {62.5%}
2  ... 
5  -O                                                                        (1 = 12.5%) {87.5%}
7  ... 

Histogram: Net.QuicSession.OutOfOrderGapReceived recorded 1 samples, mean = 5.0 (flags = 0x41)
0  ... 
5  -O                                                                        (1 = 100.0%) {0.0%}
7  ... 

Histogram: Net.QuicSession.OutOfOrderLargePacketsReceived recorded 8 samples, mean = 0.0 (flags = 0x41)
0  --------O                                                                 (8 = 100.0%)
1  ... 

Histogram: Net.QuicSession.OutOfOrderPacketsReceived recorded 8 samples, mean = 0.1 (flags = 0x41)
0  -------O                                                                  (7 = 87.5%)
1  -O                                                                        (1 = 12.5%) {87.5%}
2  ... 

Histogram: Net.QuicSession.PacketGapReceived recorded 17 samples, mean = 1.9 (flags = 0x41)
0  O                                                                         (0 = 0.0%)
1  --------O                                                                 (8 = 47.1%) {0.0%}
2  --O                                                                       (2 = 11.8%) {47.1%}
3  -------O                                                                  (7 = 41.2%) {58.8%}
4  ... 

Histogram: Net.QuicSession.PacketGapReceivedNearPing recorded 29 samples, mean = 1.8 (flags = 0x41)
0  O                                                                         (0 = 0.0%)
1  -----------------O                                                        (17 = 58.6%) {0.0%}
2  ------O                                                                   (6 = 20.7%) {58.6%}
3  O                                                                         (0 = 0.0%) {79.3%}
4  ------O                                                                   (6 = 20.7%) {79.3%}
5  ... 

Histogram: Net.QuicSession.PacketLossRate_CONNECTION_WIFI recorded 3 samples, mean = 326.3 (flags = 0x41)
0    ... 
102  -O                                                                        (1 = 33.3%) {0.0%}
110  ... 
395  -O                                                                        (1 = 33.3%) {33.3%}
424  O                                                                         (0 = 0.0%) {66.7%}
455  -O                                                                        (1 = 33.3%) {66.7%}
489  ... 

Histogram: Net.QuicSession.PacketWriteTime.Synchronous recorded 142 samples, mean = 0.0 (flags = 0x41)
0  ------------------------------------------------------------------------O (140 = 98.6%)
1  -O                                                                        (2 = 1.4%) {98.6%}
2  ... 

Histogram: Net.QuicSession.PacketsBeforeEcnTransition recorded 8 samples, mean = 0.0 (flags = 0x41)
0  --------O                                                                 (8 = 100.0%)
1  ... 

Histogram: Net.QuicSession.PreferAesGcm recorded 1 samples, mean = 1.0 (flags = 0x41)
0  O                                                                         (0 = 0.0%)
1  -O                                                                        (1 = 100.0%) {0.0%}
2  O                                                                         (0 = 0.0%) {100.0%}

Histogram: Net.QuicSession.Qpack.HeaderListCountWhenBlockedStreamLimited recorded 7 samples, mean = 3.1 (flags = 0x41)
0  O                                                                         (0 = 0.0%)
1  --O                                                                       (2 = 28.6%) {0.0%}
2  -O                                                                        (1 = 14.3%) {28.6%}
3  -O                                                                        (1 = 14.3%) {42.9%}
4  -O                                                                        (1 = 14.3%) {57.1%}
5  -O                                                                        (1 = 14.3%) {71.4%}
6  -O                                                                        (1 = 14.3%) {85.7%}
7  ... 

Histogram: Net.QuicSession.Qpack.HeaderListCountWhenInsertionNotBlocked recorded 8 samples, mean = 2.9 (flags = 0x41)
0  O                                                                         (0 = 0.0%)
1  ---O                                                                      (3 = 37.5%) {0.0%}
2  -O                                                                        (1 = 12.5%) {37.5%}
3  -O                                                                        (1 = 12.5%) {50.0%}
4  -O                                                                        (1 = 12.5%) {62.5%}
5  -O                                                                        (1 = 12.5%) {75.0%}
6  -O                                                                        (1 = 12.5%) {87.5%}
7  ... 

Histogram: Net.QuicSession.Qpack.HeaderListCountWhenNotBlockedStreamLimited recorded 1 samples, mean = 1.0 (flags = 0x41)
0  O                                                                         (0 = 0.0%)
1  -O                                                                        (1 = 100.0%) {0.0%}
2  ... 

Histogram: Net.QuicSession.QuicVersion recorded 8 samples (flags = 0x41)
80  --------O                                                                 (8 = 100.0%)

Histogram: Net.QuicSession.ReceivedSettings.BlockedStreams recorded 4 samples, mean = 100.0 (flags = 0x41)
0   ... 
95  ----O                                                                     (4 = 100.0%) {0.0%}
107 ... 

Histogram: Net.QuicSession.ReceivedSettings.CountPlusOne recorded 6 samples, mean = 5.7 (flags = 0x41)
0  ... 
3  --O                                                                       (2 = 33.3%) {0.0%}
4  ... 
7  ----O                                                                     (4 = 66.7%) {33.3%}
8  ... 

Histogram: Net.QuicSession.ReceivedSettings.MaxHeaderListSize2 recorded 6 samples, mean = 87381.3 (flags = 0x41)
0       ... 
63662   ----O                                                                     (4 = 66.7%) {0.0%}
83848   O                                                                         (0 = 0.0%) {66.7%}
110434  --O                                                                       (2 = 33.3%) {66.7%}
145450  ... 

Histogram: Net.QuicSession.ReceivedSettings.MaxTableCapacity2 recorded 4 samples, mean = 65536.0 (flags = 0x41)
0      ... 
63662  ----O                                                                     (4 = 100.0%) {0.0%}
83848  ... 

Histogram: Net.QuicSession.ReceivedSettings.ReservedCountPlusOne recorded 6 samples, mean = 2.0 (flags = 0x41)
0  ... 
2  ------O                                                                   (6 = 100.0%) {0.0%}
3  ... 

Histogram: Net.QuicSession.RstStreamErrorCodeServer recorded 2 samples (flags = 0x41)
20  --O                                                                       (2 = 100.0%)

Histogram: Net.QuicSession.SendPacketSize.0RTT recorded 1 samples, mean = 79.0 (flags = 0x41)
0   ... 
77  -O                                                                        (1 = 100.0%) {0.0%}
87  ... 

Histogram: Net.QuicSession.SendPacketSize.ForwardSecure recorded 64 samples, mean = 439.9 (flags = 0x41)
0     ... 
28    -----O                                                                    (5 = 7.8%) {0.0%}
32    ------O                                                                   (6 = 9.4%) {7.8%}
36    O                                                                         (0 = 0.0%) {17.2%}
41    -----------------O                                                        (17 = 26.6%) {17.2%}
47    -----O                                                                    (5 = 7.8%) {43.8%}
53    ... 
68    ----O                                                                     (4 = 6.2%) {51.6%}
77    --O                                                                       (2 = 3.1%) {57.8%}
87    ... 
128   -O                                                                        (1 = 1.6%) {60.9%}
145   ... 
406   -O                                                                        (1 = 1.6%) {62.5%}
461   O                                                                         (0 = 0.0%) {64.1%}
524   -O                                                                        (1 = 1.6%) {64.1%}
595   ... 
872   ---O                                                                      (3 = 4.7%) {65.6%}
991   ------O                                                                   (6 = 9.4%) {70.3%}
1126  -------------O                                                            (13 = 20.3%) {79.7%}
1279  ... 

Histogram: Net.QuicSession.SendPacketSize.Handshake recorded 15 samples, mean = 58.9 (flags = 0x41)
0   ... 
36  -----O                                                                    (5 = 33.3%) {0.0%}
41  --O                                                                       (2 = 13.3%) {33.3%}
47  --O                                                                       (2 = 13.3%) {46.7%}
53  ... 
77  -----O                                                                    (5 = 33.3%) {60.0%}
87  -O                                                                        (1 = 6.7%) {93.3%}
99  ... 

Histogram: Net.QuicSession.SendPacketSize.Initial recorded 66 samples, mean = 325.6 (flags = 0x41)
0     ... 
41    --O                                                                       (2 = 3.0%) {0.0%}
47    -------------------------------------------O                              (43 = 65.2%) {3.0%}
53    ... 
145   --O                                                                       (2 = 3.0%) {68.2%}
165   ... 
524   ----O                                                                     (4 = 6.1%) {71.2%}
595   ---O                                                                      (3 = 4.5%) {77.3%}
676   ... 
1126  ------------O                                                             (12 = 18.2%) {81.8%}
1279  ... 

Histogram: Net.QuicSession.ServerSideMtu recorded 6 samples (flags = 0x41)
1200  --O                                                                       (2 = 33.3%)
1250  ----O                                                                     (4 = 66.7%)

Histogram: Net.QuicSession.SmoothedRTT recorded 8 samples, mean = 104.2 (flags = 0x41)
0    ... 
12   -O                                                                        (1 = 12.5%) {0.0%}
14   -O                                                                        (1 = 12.5%) {12.5%}
17   ... 
81   --O                                                                       (2 = 25.0%) {25.0%}
96   --O                                                                       (2 = 25.0%) {50.0%}
114  -O                                                                        (1 = 12.5%) {75.0%}
135  ... 
268  -O                                                                        (1 = 12.5%) {87.5%}
318  ... 

Histogram: Net.QuicSession.StopSendingErrorCodeClient recorded 2 samples (flags = 0x41)
20  --O                                                                       (2 = 100.0%)

Histogram: Net.QuicSession.StreamFlowControlBlocked recorded 82 samples, mean = 1.0 (flags = 0x41)
0  O                                                                         (0 = 0.0%)
1  ------------------------------------------------------------------------O (82 = 100.0%) {0.0%}
2  O                                                                         (0 = 0.0%) {100.0%}

Histogram: Net.QuicSession.StreamFrameDuplicatedShortConnection recorded 3 samples, mean = 0.0 (flags = 0x41)
0  ---O                                                                      (3 = 100.0%)
1  ... 

Histogram: Net.QuicSession.TimeFromResolveHostToConfirmConnection recorded 8 samples, mean = 2742.6 (flags = 0x41)
0      ... 
3      -O                                                                        (1 = 12.5%) {0.0%}
4      ... 
14     -O                                                                        (1 = 12.5%) {12.5%}
17     ... 
81     -O                                                                        (1 = 12.5%) {25.0%}
96     -O                                                                        (1 = 12.5%) {37.5%}
114    ... 
449    -O                                                                        (1 = 12.5%) {50.0%}
533    ... 
752    -O                                                                        (1 = 12.5%) {62.5%}
894    ... 
10000  --O                                                                       (2 = 25.0%) {75.0%}

Histogram: Net.QuicSession.TooManyOpenStreams recorded 8 samples, mean = 0.0 (flags = 0x41)
0  --------O                                                                 (8 = 100.0%)
1  ... 

Histogram: Net.QuicSession.TooSmallInitialSentPacket recorded 55 samples, mean = 1059.3 (flags = 0x41)
0     ... 
48    -O                                                                        (1 = 1.8%) {0.0%}
54    ... 
505   -O                                                                        (1 = 1.8%) {1.8%}
571   --O                                                                       (2 = 3.6%) {3.6%}
646   ----O                                                                     (4 = 7.3%) {7.3%}
731   ... 
936   --O                                                                       (2 = 3.6%) {14.5%}
1060  ---------------------------------------------O                            (45 = 81.8%) {18.2%}
1200  O                                                                         (0 = 0.0%) {100.0%}

Histogram: Net.QuicSession.UndecryptablePacketsReceived recorded 8 samples, mean = 1.0 (flags = 0x41)
0  ------O                                                                   (6 = 75.0%)
1  O                                                                         (0 = 0.0%) {75.0%}
2  -O                                                                        (1 = 12.5%) {75.0%}
3  ... 
5  -O                                                                        (1 = 12.5%) {87.5%}
7  ... 

Histogram: Net.QuicSession.UndecryptablePacketsReceivedWithDecrypter recorded 8 samples, mean = 0.0 (flags = 0x41)
0  --------O                                                                 (8 = 100.0%)
1  ... 

Histogram: Net.QuicSession.ValidConnectionTime recorded 1 samples, mean = 3.0 (flags = 0x41)
0  ... 
3  -O                                                                        (1 = 100.0%) {0.0%}
4  ... 

Histogram: Net.QuicSession.VerifyProofTime recorded 6 samples, mean = 28.8 (flags = 0x41)
0    ----O                                                                     (4 = 66.7%)
1    ... 
24   -O                                                                        (1 = 16.7%) {66.7%}
29   ... 
135  -O                                                                        (1 = 16.7%) {83.3%}
160  ... 

Histogram: Net.QuicSession.VerifyProofTime.google recorded 3 samples, mean = 49.0 (flags = 0x41)
0    --O                                                                       (2 = 66.7%)
1    ... 
135  -O                                                                        (1 = 33.3%) {66.7%}
160  ... 

Histogram: Net.QuicSession.ZeroRttReason recorded 6 samples, mean = 4.5 (flags = 0x41)
0  ... 
2  -O                                                                        (1 = 16.7%) {0.0%}
3  ... 
5  -----O                                                                    (5 = 83.3%) {16.7%}
6  ... 

Histogram: Net.QuicSession.ZeroRttReasonGoogle recorded 4 samples, mean = 4.2 (flags = 0x41)
0  ... 
2  -O                                                                        (1 = 25.0%) {0.0%}
3  ... 
5  ---O                                                                      (3 = 75.0%) {25.0%}
6  ... 

Histogram: Net.QuicSession.ZeroRttReasonNonGoogle recorded 2 samples, mean = 5.0 (flags = 0x41)
0  ... 
5  --O                                                                       (2 = 100.0%) {0.0%}
6  ... 

Histogram: Net.QuicSession.ZeroRttState recorded 6 samples, mean = 1.7 (flags = 0x41)
0  -O                                                                        (1 = 16.7%)
1  O                                                                         (0 = 0.0%) {16.7%}
2  -----O                                                                    (5 = 83.3%) {16.7%}
3  O                                                                         (0 = 0.0%) {100.0%}

Histogram: Net.QuicStreamFactory.DoConnectFailureLocation recorded 2 samples, mean = 5.0 (flags = 0x41)
0  ... 
5  --O                                                                       (2 = 100.0%) {0.0%}
6  O                                                                         (0 = 0.0%) {100.0%}

Histogram: Net.RestrictedCookieManager.GetCookiesString.Count30Seconds recorded 617 samples, mean = 0.0 (flags = 0x41)
0  ------------------------------------------------------------------------O (616 = 99.8%)
1  O                                                                         (0 = 0.0%) {99.8%}
2  O                                                                         (1 = 0.2%) {99.8%}
3  ... 

Histogram: Net.RestrictedCookieManager.SiteForCookiesOK recorded 2 samples, mean = 1.0 (flags = 0x41)
0  O                                                                         (0 = 0.0%)
1  --O                                                                       (2 = 100.0%) {0.0%}
2  O                                                                         (0 = 0.0%) {100.0%}

Histogram: Net.RestrictedCookieManager.TopFrameOriginOK recorded 2 samples, mean = 1.0 (flags = 0x41)
0  O                                                                         (0 = 0.0%)
1  --O                                                                       (2 = 100.0%) {0.0%}
2  O                                                                         (0 = 0.0%) {100.0%}

Histogram: Net.SSLHandshakeDetails recorded 14 samples, mean = 6.3 (flags = 0x41)
0  ... 
6  ----------O                                                               (10 = 71.4%) {0.0%}
7  ----O                                                                     (4 = 28.6%) {71.4%}
8  ... 

Histogram: Net.SSLNegotiatedAlpnProtocol recorded 14 samples, mean = 1.9 (flags = 0x41)
0  O                                                                         (0 = 0.0%)
1  --O                                                                       (2 = 14.3%) {0.0%}
2  ------------O                                                             (12 = 85.7%) {14.3%}
3  ... 

Histogram: Net.SSLRenegotiationInfoSupported recorded 14 samples, mean = 1.0 (flags = 0x41)
0  O                                                                         (0 = 0.0%)
1  --------------O                                                           (14 = 100.0%) {0.0%}
2  O                                                                         (0 = 0.0%) {100.0%}

Histogram: Net.SSLSignatureAlgorithm recorded 14 samples (flags = 0x41)
1027  ----------O                                                               (10 = 71.4%)
2052  ----O                                                                     (4 = 28.6%)

Histogram: Net.SSLVersion recorded 14 samples, mean = 6.0 (flags = 0x41)
0  ... 
6  --------------O                                                           (14 = 100.0%) {0.0%}
7  ... 

Histogram: Net.SSL_CipherSuite recorded 14 samples (flags = 0x41)
4865  -------------O                                                            (13 = 92.9%)
4866  -O                                                                        (1 = 7.1%)

Histogram: Net.SSL_Connection_Error recorded 14 samples (flags = 0x41)
0  --------------O                                                           (14 = 100.0%)

Histogram: Net.SSL_Connection_Latency_2 recorded 14 samples, mean = 398.8 (flags = 0x41)
0     ... 
19    -O                                                                        (1 = 7.1%) {0.0%}
21    ... 
56    -O                                                                        (1 = 7.1%) {7.1%}
62    O                                                                         (0 = 0.0%) {14.3%}
68    -O                                                                        (1 = 7.1%) {14.3%}
75    ... 
149   ---O                                                                      (3 = 21.4%) {21.4%}
164   -O                                                                        (1 = 7.1%) {42.9%}
181   ... 
221   --O                                                                       (2 = 14.3%) {50.0%}
244   ---O                                                                      (3 = 21.4%) {64.3%}
269   -O                                                                        (1 = 7.1%) {85.7%}
297   ... 
3140  -O                                                                        (1 = 7.1%) {92.9%}
3464  ... 

Histogram: Net.SSL_KeyExchange.ECDHE recorded 14 samples (flags = 0x41)
29     ------O                                                                   (6 = 42.9%)
25497  --------O                                                                 (8 = 57.1%)

Histogram: Net.SharedDictionaryStorageOnDisk.IsMetadataReadyOnFirstUse recorded 1 samples, mean = 1.0 (flags = 0x41)
0  O                                                                         (0 = 0.0%)
1  -O                                                                        (1 = 100.0%) {0.0%}
2  O                                                                         (0 = 0.0%) {100.0%}

Histogram: Net.SharedDictionaryStorageOnDisk.MetadataReadTime.Empty recorded 1 samples, mean = 0.0 (flags = 0x41)
0  -O                                                                        (1 = 100.0%)
1  ... 

Histogram: Net.SharedDictionaryStore.DeleteExpiredDictionaries.Error recorded 2 samples, mean = 0.0 (flags = 0x41)
0  --O                                                                       (2 = 100.0%)
1  ... 

Histogram: Net.SharedDictionaryStore.GetDictionaries.Error recorded 1 samples, mean = 0.0 (flags = 0x41)
0  -O                                                                        (1 = 100.0%)
1  ... 

Histogram: Net.SharedDictionaryStore.ProcessEviction.Error recorded 1 samples, mean = 0.0 (flags = 0x41)
0  -O                                                                        (1 = 100.0%)
1  ... 

Histogram: Net.SpdyFrameStreamAndSessionFlowControlState recorded 1 samples, mean = 0.0 (flags = 0x41)
0  -O                                                                        (1 = 100.0%)
1  ... 

Histogram: Net.SpdyHeadersCompressionPercentage recorded 8 samples, mean = 44.4 (flags = 0x41)
0   ... 
34  --O                                                                       (2 = 25.0%) {0.0%}
35  ... 
40  -O                                                                        (1 = 12.5%) {25.0%}
41  --O                                                                       (2 = 25.0%) {37.5%}
42  -O                                                                        (1 = 12.5%) {62.5%}
43  O                                                                         (0 = 0.0%) {75.0%}
44  -O                                                                        (1 = 12.5%) {75.0%}
45  ... 
79  -O                                                                        (1 = 12.5%) {87.5%}
80  ... 

Histogram: Net.SpdyResponseCode recorded 8 samples (flags = 0x41)
200  ---O                                                                      (3 = 37.5%)
204  -O                                                                        (1 = 12.5%)
302  -O                                                                        (1 = 12.5%)
304  --O                                                                       (2 = 25.0%)
403  -O                                                                        (1 = 12.5%)

Histogram: Net.SpdySession.AcceptChForOrigin recorded 8 samples, mean = 0.1 (flags = 0x41)
0  -------O                                                                  (7 = 87.5%)
1  -O                                                                        (1 = 12.5%) {87.5%}
2  O                                                                         (0 = 0.0%) {100.0%}

Histogram: Net.SpdySession.AlpsAcceptChEntries recorded 1 samples, mean = 1.0 (flags = 0x41)
0  O                                                                         (0 = 0.0%)
1  -O                                                                        (1 = 100.0%) {0.0%}
2  ... 

Histogram: Net.SpdySession.AlpsDecoderStatus recorded 1 samples, mean = 0.0 (flags = 0x41)
0  -O                                                                        (1 = 100.0%)
1  ... 

Histogram: Net.SpdySession.AlpsDecoderStatus.Bypassed recorded 1 samples, mean = 0.0 (flags = 0x41)
0  -O                                                                        (1 = 100.0%)
1  ... 

Histogram: Net.SpdySession.AlpsSettingParameterCount recorded 1 samples, mean = 0.0 (flags = 0x41)
0  -O                                                                        (1 = 100.0%)
1  ... 

Histogram: Net.SpdySession.ClosedOnError recorded 7 samples (flags = 0x41)
3  -------O                                                                  (7 = 100.0%)

Histogram: Net.SpdySession.CreateStreamWithSocketConnected recorded 8 samples, mean = 1.0 (flags = 0x41)
0  O                                                                         (0 = 0.0%)
1  --------O                                                                 (8 = 100.0%) {0.0%}
2  O                                                                         (0 = 0.0%) {100.0%}

Histogram: Net.SpdySession.OnSettings.ActiveStreamCount2 recorded 7 samples, mean = 0.9 (flags = 0x41)
0  -O                                                                        (1 = 14.3%)
1  ------O                                                                   (6 = 85.7%) {14.3%}
2  ... 

Histogram: Net.SpdySession.OnSettings.CreatedAndActiveStreamCount2 recorded 7 samples, mean = 0.9 (flags = 0x41)
0  -O                                                                        (1 = 14.3%)
1  ------O                                                                   (6 = 85.7%) {14.3%}
2  ... 

Histogram: Net.SpdySession.OnSettings.CreatedStreamCount2 recorded 7 samples, mean = 0.0 (flags = 0x41)
0  -------O                                                                  (7 = 100.0%)
1  ... 

Histogram: Net.SpdySession.OnSettings.PendingStreamCount2 recorded 7 samples, mean = 0.0 (flags = 0x41)
0  -------O                                                                  (7 = 100.0%)
1  ... 

Histogram: Net.SpdySession.ServerSupportsWebSocket recorded 7 samples, mean = 0.0 (flags = 0x41)
0  -------O                                                                  (7 = 100.0%)
1  ... 

Histogram: Net.SpdySessionGet recorded 8 samples, mean = 2.8 (flags = 0x41)
0  O                                                                         (0 = 0.0%)
1  -O                                                                        (1 = 12.5%) {0.0%}
2  O                                                                         (0 = 0.0%) {12.5%}
3  -------O                                                                  (7 = 87.5%) {12.5%}
4  O                                                                         (0 = 0.0%) {100.0%}

Histogram: Net.SpdyStreamsAbandonedPerSession recorded 7 samples, mean = 0.0 (flags = 0x41)
0  -------O                                                                  (7 = 100.0%)
1  ... 

Histogram: Net.SpdyStreamsPerSession recorded 7 samples, mean = 1.1 (flags = 0x41)
0  O                                                                         (0 = 0.0%)
1  ------O                                                                   (6 = 85.7%) {0.0%}
2  -O                                                                        (1 = 14.3%) {85.7%}
3  ... 

Histogram: Net.TCP_Connection_Latency recorded 14 samples, mean = 2054.4 (flags = 0x41)
0      ... 
78     -O                                                                        (1 = 7.1%) {0.0%}
88     O                                                                         (0 = 0.0%) {7.1%}
100    --O                                                                       (2 = 14.3%) {7.1%}
113    O                                                                         (0 = 0.0%) {21.4%}
128    ---O                                                                      (3 = 21.4%) {21.4%}
145    -O                                                                        (1 = 7.1%) {42.9%}
164    ... 
211    -O                                                                        (1 = 7.1%) {50.0%}
239    -O                                                                        (1 = 7.1%) {57.1%}
271    ... 
1981   --O                                                                       (2 = 14.3%) {64.3%}
2243   ... 
2876   -O                                                                        (1 = 7.1%) {78.6%}
3256   ... 
4727   -O                                                                        (1 = 7.1%) {85.7%}
5352   ... 
14454  -O                                                                        (1 = 7.1%) {92.9%}
16365  ... 

Histogram: Net.TcpConnectAttempt.Latency.Success recorded 14 samples, mean = 2054.4 (flags = 0x41)
0      ... 
75     -O                                                                        (1 = 7.1%) {0.0%}
92     --O                                                                       (2 = 14.3%) {7.1%}
113    --O                                                                       (2 = 14.3%) {21.4%}
139    --O                                                                       (2 = 14.3%) {35.7%}
171    O                                                                         (0 = 0.0%) {50.0%}
210    --O                                                                       (2 = 14.3%) {50.0%}
258    ... 
1996   --O                                                                       (2 = 14.3%) {64.3%}
2449   O                                                                         (0 = 0.0%) {78.6%}
3005   -O                                                                        (1 = 7.1%) {78.6%}
3687   O                                                                         (0 = 0.0%) {85.7%}
4524   -O                                                                        (1 = 7.1%) {85.7%}
5551   ... 
12586  -O                                                                        (1 = 7.1%) {92.9%}
15444  ... 

Histogram: Net.UDPSocketWinClose recorded 191 samples, mean = 0.0 (flags = 0x41)
0  ------------------------------------------------------------------------O (191 = 100.0%)
1  ... 

Histogram: Net.URLLoaderThrottle.OnReceiveResponseTime recorded 48 samples, mean = 0.3 (flags = 0x41)
0   ------------------------------------------O                               (42 = 87.5%)
1   -----O                                                                    (5 = 10.4%) {87.5%}
2   ... 
10  -O                                                                        (1 = 2.1%) {97.9%}
12  ... 

Histogram: Net.URLLoaderThrottleExecutionTime.BeforeWillProcessResponse recorded 242 samples, mean = 0.0 (flags = 0x41)
0  ------------------------------------------------------------------------O (242 = 100.0%)
1  ... 

Histogram: Net.URLLoaderThrottleExecutionTime.WillProcessResponse recorded 242 samples, mean = 0.0 (flags = 0x41)
0  ------------------------------------------------------------------------O (242 = 100.0%)
1  ... 

Histogram: Net.URLLoaderThrottleExecutionTime.WillRedirectRequest recorded 21 samples, mean = 0.0 (flags = 0x41)
0  ---------------------O                                                    (21 = 100.0%)
1  ... 

Histogram: Net.URLLoaderThrottleExecutionTime.WillStartRequest recorded 242 samples, mean = 0.0 (flags = 0x41)
0  ------------------------------------------------------------------------O (242 = 100.0%)
1  ... 

Histogram: Net.URLRequest.ReferrerHasInformativePath.CrossOrigin recorded 45 samples, mean = 0.0 (flags = 0x41)
0  ---------------------------------------------O                            (45 = 100.0%)
1  ... 

Histogram: Net.URLRequest.ReferrerHasInformativePath.SameOrigin recorded 8 samples, mean = 1.0 (flags = 0x41)
0  O                                                                         (0 = 0.0%)
1  --------O                                                                 (8 = 100.0%) {0.0%}
2  O                                                                         (0 = 0.0%) {100.0%}

Histogram: Net.URLRequest.ReferrerPolicyForRequest.CrossOrigin recorded 45 samples, mean = 1.1 (flags = 0x41)
0  O                                                                         (0 = 0.0%)
1  -------------------------------------------O                              (43 = 95.6%) {0.0%}
2  O                                                                         (0 = 0.0%) {95.6%}
3  --O                                                                       (2 = 4.4%) {95.6%}
4  ... 

Histogram: Net.URLRequest.ReferrerPolicyForRequest.SameOrigin recorded 8 samples, mean = 1.0 (flags = 0x41)
0  O                                                                         (0 = 0.0%)
1  --------O                                                                 (8 = 100.0%) {0.0%}
2  ... 

Histogram: Network.Mdns.Googlecast recorded 3 samples, mean = 0.0 (flags = 0x41)
0  ---O                                                                      (3 = 100.0%)
1  ... 

Histogram: NetworkService.DeletedOldCacheData recorded 1 samples, mean = 0.0 (flags = 0x41)
0  -O                                                                        (1 = 100.0%)
1  ... 

Histogram: NetworkService.GrantSandboxResult recorded 3 samples, mean = 9.0 (flags = 0x41)
0   ... 
7   -O                                                                        (1 = 33.3%) {0.0%}
8   ... 
10  --O                                                                       (2 = 66.7%) {33.3%}
11  ... 

Histogram: NetworkService.NetworkLoaderCompletionTime2.DiskCache recorded 38 samples, mean = 186.8 (flags = 0x41)
0     ... 
5     -O                                                                        (1 = 2.6%) {0.0%}
6     ... 
12    -O                                                                        (1 = 2.6%) {2.6%}
14    O                                                                         (0 = 0.0%) {5.3%}
17    -O                                                                        (1 = 2.6%) {5.3%}
20    O                                                                         (0 = 0.0%) {7.9%}
24    --O                                                                       (2 = 5.3%) {7.9%}
29    ... 
40    -O                                                                        (1 = 2.6%) {13.2%}
48    O                                                                         (0 = 0.0%) {15.8%}
57    ------O                                                                   (6 = 15.8%) {15.8%}
68    -O                                                                        (1 = 2.6%) {31.6%}
81    O                                                                         (0 = 0.0%) {34.2%}
96    --O                                                                       (2 = 5.3%) {34.2%}
114   --O                                                                       (2 = 5.3%) {39.5%}
135   -O                                                                        (1 = 2.6%) {44.7%}
160   ---------------O                                                          (15 = 39.5%) {47.4%}
190   --O                                                                       (2 = 5.3%) {86.8%}
226   ... 
633   -O                                                                        (1 = 2.6%) {92.1%}
752   O                                                                         (0 = 0.0%) {94.7%}
894   -O                                                                        (1 = 2.6%) {94.7%}
1062  -O                                                                        (1 = 2.6%) {97.4%}
1262  ... 

Histogram: NetworkService.NetworkLoaderCompletionTime2.Network recorded 12 samples, mean = 1278.4 (flags = 0x41)
0     ... 
96    -O                                                                        (1 = 8.3%) {0.0%}
114   ... 
190   -O                                                                        (1 = 8.3%) {8.3%}
226   O                                                                         (0 = 0.0%) {16.7%}
268   -O                                                                        (1 = 8.3%) {16.7%}
318   ... 
449   --O                                                                       (2 = 16.7%) {25.0%}
533   -O                                                                        (1 = 8.3%) {41.7%}
633   O                                                                         (0 = 0.0%) {50.0%}
752   -O                                                                        (1 = 8.3%) {50.0%}
894   --O                                                                       (2 = 16.7%) {58.3%}
1062  O                                                                         (0 = 0.0%) {75.0%}
1262  --O                                                                       (2 = 16.7%) {75.0%}
1500  ... 
7083  -O                                                                        (1 = 8.3%) {91.7%}
8416  ... 

Histogram: NetworkService.TimeToGrantCacheAccess recorded 1 samples, mean = 53.0 (flags = 0x41)
0   ... 
48  -O                                                                        (1 = 100.0%) {0.0%}
57  ... 

Histogram: NetworkService.TimeToGrantDataAccess recorded 2 samples, mean = 2.5 (flags = 0x41)
0  ... 
2  -O                                                                        (1 = 50.0%) {0.0%}
3  -O                                                                        (1 = 50.0%) {50.0%}
4  ... 

Histogram: NetworkService.TimeToGrantSharedDictionaryAccess recorded 1 samples, mean = 3.0 (flags = 0x41)
0  ... 
3  -O                                                                        (1 = 100.0%) {0.0%}
4  ... 

Histogram: NetworkedProfile.Check recorded 1 samples, mean = 4.0 (flags = 0x41)
0  ... 
4  -O                                                                        (1 = 100.0%) {0.0%}
5  ... 

Histogram: NewTabPage.MostVisited.DeciScore.0.Local recorded 1 samples, mean = 520.0 (flags = 0x41)
0    ... 
448  -O                                                                        (1 = 100.0%) {0.0%}
590  ... 

Histogram: NewTabPage.MostVisited.DeciScore.1.Local recorded 1 samples, mean = 456.0 (flags = 0x41)
0    ... 
448  -O                                                                        (1 = 100.0%) {0.0%}
590  ... 

Histogram: NewTabPage.MostVisited.DeciScore.2.Local recorded 1 samples, mean = 74.0 (flags = 0x41)
0   ... 
65  -O                                                                        (1 = 100.0%) {0.0%}
86  ... 

Histogram: Notifications.UsingSystemNotificationCenter recorded 1 samples, mean = 0.0 (flags = 0x41)
0  -O                                                                        (1 = 100.0%)
1  ... 

Histogram: Notifications.Windows.GetDisplayedStatus recorded 1 samples, mean = 0.0 (flags = 0x41)
0  -O                                                                        (1 = 100.0%)
1  ... 

Histogram: Notifications.Windows.GetSettingStatusStartup recorded 1 samples, mean = 1.0 (flags = 0x41)
0  O                                                                         (0 = 0.0%)
1  -O                                                                        (1 = 100.0%) {0.0%}
2  O                                                                         (0 = 0.0%) {100.0%}

Histogram: Notifications.Windows.HistoryStatus recorded 1 samples, mean = 0.0 (flags = 0x41)
0  -O                                                                        (1 = 100.0%)
1  ... 

Histogram: Notifications.Windows.SetReadyCallbackStatus2 recorded 1 samples, mean = 3.0 (flags = 0x41)
0  ... 
3  -O                                                                        (1 = 100.0%) {0.0%}
4  ... 

Histogram: Notifications.Windows.StartMenuShortcutStatus recorded 1 samples, mean = 2.0 (flags = 0x41)
0  ... 
2  -O                                                                        (1 = 100.0%) {0.0%}
3  ... 

Histogram: OSCrypt.AppBoundEncryption.SupportLevel recorded 1 samples, mean = 4.0 (flags = 0x41)
0  ... 
4  -O                                                                        (1 = 100.0%) {0.0%}
5  ... 

Histogram: OSCrypt.AppBoundProvider.KeyRetrieval.Status recorded 1 samples, mean = 1.0 (flags = 0x41)
0  O                                                                         (0 = 0.0%)
1  -O                                                                        (1 = 100.0%) {0.0%}
2  ... 

Histogram: OSCrypt.AsyncInitialization.Result recorded 1 samples, mean = 1.0 (flags = 0x41)
0  O                                                                         (0 = 0.0%)
1  -O                                                                        (1 = 100.0%) {0.0%}
2  O                                                                         (0 = 0.0%) {100.0%}

Histogram: OSCrypt.AsyncInitialization.Time recorded 1 samples, mean = 1.0 (flags = 0x41)
0  O                                                                         (0 = 0.0%)
1  -O                                                                        (1 = 100.0%) {0.0%}
2  ... 

Histogram: OSCrypt.DPAPIProvider.Status recorded 1 samples, mean = 0.0 (flags = 0x41)
0  -O                                                                        (1 = 100.0%)
1  ... 

Histogram: OSCrypt.Win.Decrypt.Result recorded 1 samples, mean = 1.0 (flags = 0x41)
0  O                                                                         (0 = 0.0%)
1  -O                                                                        (1 = 100.0%) {0.0%}
2  O                                                                         (0 = 0.0%) {100.0%}

Histogram: OSCrypt.Win.Decrypt.Time recorded 1 samples, mean = 0.0 (flags = 0x41)
0  -O                                                                        (1 = 100.0%)
1  ... 

Histogram: Omnibox.TemplateUrl.RlzPresent recorded 319 samples, mean = 0.0 (flags = 0x41)
0  ------------------------------------------------------------------------O (319 = 100.0%)
1  ... 

Histogram: Omnibox.TemplateUrl.SearchClientPresent recorded 319 samples, mean = 0.0 (flags = 0x41)
0  ------------------------------------------------------------------------O (319 = 100.0%)
1  ... 

Histogram: OptimizationGuide.ApplyDecision.AboutThisSite recorded 1 samples, mean = 8.0 (flags = 0x41)
0  ... 
8  -O                                                                        (1 = 100.0%) {0.0%}
9  ... 

Histogram: OptimizationGuide.ApplyDecision.HistoryClusters recorded 4 samples, mean = 8.0 (flags = 0x41)
0  ... 
8  ----O                                                                     (4 = 100.0%) {0.0%}
9  ... 

Histogram: OptimizationGuide.ApplyDecision.V8CompileHints recorded 1 samples, mean = 8.0 (flags = 0x41)
0  ... 
8  -O                                                                        (1 = 100.0%) {0.0%}
9  ... 

Histogram: OptimizationGuide.HintCacheLevelDBStore.Status recorded 3 samples, mean = 1.3 (flags = 0x41)
0  -O                                                                        (1 = 33.3%)
1  -O                                                                        (1 = 33.3%) {33.3%}
2  O                                                                         (0 = 0.0%) {66.7%}
3  -O                                                                        (1 = 33.3%) {66.7%}
4  O                                                                         (0 = 0.0%) {100.0%}

Histogram: OptimizationGuide.HintsManager.HintCacheInitialized recorded 1 samples, mean = 1.0 (flags = 0x40)
0  O                                                                         (0 = 0.0%)
1  -O                                                                        (1 = 100.0%) {0.0%}
2  O                                                                         (0 = 0.0%) {100.0%}

Histogram: OptimizationGuide.LoadedHint.Result recorded 4 samples, mean = 0.0 (flags = 0x40)
0  ----O                                                                     (4 = 100.0%)
1  ... 

Histogram: OptimizationGuide.ModelExecution.FeatureCurrentlyEnabledResult.Compose recorded 1 samples, mean = 1.0 (flags = 0x41)
0  O                                                                         (0 = 0.0%)
1  -O                                                                        (1 = 100.0%) {0.0%}
2  ... 

Histogram: OptimizationGuide.ModelExecution.FeatureCurrentlyEnabledResult.HistorySearch recorded 2 samples, mean = 3.0 (flags = 0x41)
0  ... 
3  --O                                                                       (2 = 100.0%) {0.0%}
4  ... 

Histogram: OptimizationGuide.ModelExecution.FeatureCurrentlyEnabledResult.TabOrganization recorded 1 samples, mean = 3.0 (flags = 0x41)
0  ... 
3  -O                                                                        (1 = 100.0%) {0.0%}
4  ... 

Histogram: OptimizationGuide.ModelExecution.FeatureCurrentlyEnabledResult.WallpaperSearch recorded 1 samples, mean = 1.0 (flags = 0x41)
0  O                                                                         (0 = 0.0%)
1  -O                                                                        (1 = 100.0%) {0.0%}
2  ... 

Histogram: OptimizationGuide.ModelExecution.FeatureEnabledAtStartup.Compose recorded 1 samples, mean = 0.0 (flags = 0x41)
0  -O                                                                        (1 = 100.0%)
1  ... 

Histogram: OptimizationGuide.ModelExecution.FeatureEnabledAtStartup.HistorySearch recorded 1 samples, mean = 0.0 (flags = 0x41)
0  -O                                                                        (1 = 100.0%)
1  ... 

Histogram: OptimizationGuide.ModelExecution.FeatureEnabledAtStartup.TabOrganization recorded 1 samples, mean = 0.0 (flags = 0x41)
0  -O                                                                        (1 = 100.0%)
1  ... 

Histogram: OptimizationGuide.ModelExecution.FeatureEnabledAtStartup.WallpaperSearch recorded 1 samples, mean = 0.0 (flags = 0x41)
0  -O                                                                        (1 = 100.0%)
1  ... 

Histogram: OptimizationGuide.ModelExecution.OnDeviceModelInstallCriteria.AtRegistration.All recorded 1 samples, mean = 0.0 (flags = 0x41)
0  -O                                                                        (1 = 100.0%)
1  ... 

Histogram: OptimizationGuide.ModelExecution.OnDeviceModelInstallCriteria.AtRegistration.DeviceCapability recorded 1 samples, mean = 0.0 (flags = 0x41)
0  -O                                                                        (1 = 100.0%)
1  ... 

Histogram: OptimizationGuide.ModelExecution.OnDeviceModelInstallCriteria.AtRegistration.DiskSpace recorded 1 samples, mean = 1.0 (flags = 0x41)
0  O                                                                         (0 = 0.0%)
1  -O                                                                        (1 = 100.0%) {0.0%}
2  O                                                                         (0 = 0.0%) {100.0%}

Histogram: OptimizationGuide.ModelExecution.OnDeviceModelInstallCriteria.AtRegistration.EnabledByEnterprisePolicy recorded 1 samples, mean = 1.0 (flags = 0x41)
0  O                                                                         (0 = 0.0%)
1  -O                                                                        (1 = 100.0%) {0.0%}
2  O                                                                         (0 = 0.0%) {100.0%}

Histogram: OptimizationGuide.ModelExecution.OnDeviceModelInstallCriteria.AtRegistration.EnabledByFeature recorded 1 samples, mean = 0.0 (flags = 0x41)
0  -O                                                                        (1 = 100.0%)
1  ... 

Histogram: OptimizationGuide.ModelExecution.OnDeviceModelInstallCriteria.AtRegistration.FeatureUse recorded 1 samples, mean = 0.0 (flags = 0x41)
0  -O                                                                        (1 = 100.0%)
1  ... 

Histogram: OptimizationGuide.ModelExecutor.ExecutionStatus.PageVisibility recorded 4 samples, mean = 3.0 (flags = 0x41)
0  ... 
3  ----O                                                                     (4 = 100.0%) {0.0%}
4  ... 

Histogram: OptimizationGuide.ModelExecutor.ModelAvailableToLoad.PageVisibility recorded 4 samples, mean = 0.0 (flags = 0x41)
0  ----O                                                                     (4 = 100.0%)
1  ... 

Histogram: OptimizationGuide.ModelExecutor.TaskExecutionLatency.PageVisibility recorded 4 samples, mean = 70.0 (flags = 0x41)
0   ... 
32  -O                                                                        (1 = 25.0%) {0.0%}
41  ... 
66  ---O                                                                      (3 = 75.0%) {25.0%}
84  ... 

Histogram: OptimizationGuide.ModelExecutor.TaskSchedulingLatency.PageVisibility recorded 4 samples, mean = 0.0 (flags = 0x41)
0  ----O                                                                     (4 = 100.0%)
1  ... 

Histogram: OptimizationGuide.ModelHandler.HandlerCreated.GeolocationPermissions recorded 1 samples, mean = 1.0 (flags = 0x41)
0  O                                                                         (0 = 0.0%)
1  -O                                                                        (1 = 100.0%) {0.0%}
2  O                                                                         (0 = 0.0%) {100.0%}

Histogram: OptimizationGuide.ModelHandler.HandlerCreated.NewTabPageHistoryClustersModuleRanking recorded 1 samples, mean = 1.0 (flags = 0x41)
0  O                                                                         (0 = 0.0%)
1  -O                                                                        (1 = 100.0%) {0.0%}
2  O                                                                         (0 = 0.0%) {100.0%}

Histogram: OptimizationGuide.ModelHandler.HandlerCreated.NotificationPermissions recorded 1 samples, mean = 1.0 (flags = 0x41)
0  O                                                                         (0 = 0.0%)
1  -O                                                                        (1 = 100.0%) {0.0%}
2  O                                                                         (0 = 0.0%) {100.0%}

Histogram: OptimizationGuide.ModelHandler.HandlerCreated.OmniboxUrlScoring recorded 1 samples, mean = 1.0 (flags = 0x41)
0  O                                                                         (0 = 0.0%)
1  -O                                                                        (1 = 100.0%) {0.0%}
2  O                                                                         (0 = 0.0%) {100.0%}

Histogram: OptimizationGuide.ModelHandler.HandlerCreated.PageTopicsV2 recorded 1 samples, mean = 1.0 (flags = 0x41)
0  O                                                                         (0 = 0.0%)
1  -O                                                                        (1 = 100.0%) {0.0%}
2  O                                                                         (0 = 0.0%) {100.0%}

Histogram: OptimizationGuide.ModelHandler.HandlerCreated.PageVisibility recorded 1 samples, mean = 1.0 (flags = 0x41)
0  O                                                                         (0 = 0.0%)
1  -O                                                                        (1 = 100.0%) {0.0%}
2  O                                                                         (0 = 0.0%) {100.0%}

Histogram: OptimizationGuide.PageContentAnnotations.AnnotateVisitResultCached recorded 4 samples, mean = 0.0 (flags = 0x41)
0  ----O                                                                     (4 = 100.0%)
1  ... 

Histogram: OptimizationGuide.PageContentAnnotations.BatchRequestedSize.ContentVisibility recorded 1 samples, mean = 4.0 (flags = 0x41)
0  ... 
4  -O                                                                        (1 = 100.0%) {0.0%}
5  ... 

Histogram: OptimizationGuide.PageContentAnnotations.BatchSuccess.ContentVisibility recorded 1 samples, mean = 0.0 (flags = 0x41)
0  -O                                                                        (1 = 100.0%)
1  ... 

Histogram: OptimizationGuide.PageContentAnnotations.JobExecutionTime.ContentVisibility recorded 1 samples, mean = 83.0 (flags = 0x41)
0   ... 
66  -O                                                                        (1 = 100.0%) {0.0%}
84  ... 

Histogram: OptimizationGuide.PageContentAnnotations.JobScheduleTime.ContentVisibility recorded 1 samples, mean = 0.0 (flags = 0x41)
0  -O                                                                        (1 = 100.0%)
1  ... 

Histogram: OptimizationGuide.PageContentAnnotationsService.ContentAnnotated recorded 4 samples, mean = 0.0 (flags = 0x41)
0  ----O                                                                     (4 = 100.0%)
1  ... 

Histogram: OptimizationGuide.PredictionManager.DownloadServiceAvailabilityBlockedFetch recorded 2 samples, mean = 0.5 (flags = 0x41)
0  -O                                                                        (1 = 50.0%)
1  -O                                                                        (1 = 50.0%) {50.0%}
2  O                                                                         (0 = 0.0%) {100.0%}

Histogram: OptimizationGuide.PredictionManager.FirstModelFetchSinceServiceInit recorded 1 samples, mean = 13410.0 (flags = 0x41)
0      ... 
12916  -O                                                                        (1 = 100.0%) {0.0%}
16411  ... 

Histogram: OptimizationGuide.PredictionManager.ModelAvailableAtRegistration.ClientSidePhishing recorded 1 samples, mean = 0.0 (flags = 0x41)
0  -O                                                                        (1 = 100.0%)
1  ... 

Histogram: OptimizationGuide.PredictionManager.ModelAvailableAtRegistration.GeolocationPermissions recorded 1 samples, mean = 0.0 (flags = 0x41)
0  -O                                                                        (1 = 100.0%)
1  ... 

Histogram: OptimizationGuide.PredictionManager.ModelAvailableAtRegistration.LanguageDetection recorded 2 samples, mean = 0.0 (flags = 0x41)
0  --O                                                                       (2 = 100.0%)
1  ... 

Histogram: OptimizationGuide.PredictionManager.ModelAvailableAtRegistration.NewTabPageHistoryClustersModuleRanking recorded 1 samples, mean = 0.0 (flags = 0x41)
0  -O                                                                        (1 = 100.0%)
1  ... 

Histogram: OptimizationGuide.PredictionManager.ModelAvailableAtRegistration.NotificationPermissions recorded 1 samples, mean = 0.0 (flags = 0x41)
0  -O                                                                        (1 = 100.0%)
1  ... 

Histogram: OptimizationGuide.PredictionManager.ModelAvailableAtRegistration.OmniboxUrlScoring recorded 1 samples, mean = 0.0 (flags = 0x41)
0  -O                                                                        (1 = 100.0%)
1  ... 

Histogram: OptimizationGuide.PredictionManager.ModelAvailableAtRegistration.PageTopicsV2 recorded 1 samples, mean = 0.0 (flags = 0x41)
0  -O                                                                        (1 = 100.0%)
1  ... 

Histogram: OptimizationGuide.PredictionManager.ModelAvailableAtRegistration.PageVisibility recorded 1 samples, mean = 0.0 (flags = 0x41)
0  -O                                                                        (1 = 100.0%)
1  ... 

Histogram: OptimizationGuide.PredictionManager.ModelAvailableAtRegistration.TextSafety recorded 1 samples, mean = 0.0 (flags = 0x41)
0  -O                                                                        (1 = 100.0%)
1  ... 

Histogram: OptimizationGuide.PredictionManager.ModelAvailableAtRegistration.VisualSearchClassification recorded 1 samples, mean = 0.0 (flags = 0x41)
0  -O                                                                        (1 = 100.0%)
1  ... 

Histogram: OptimizationGuide.PredictionManager.ModelDeliveryEvents.ClientSidePhishing recorded 3 samples, mean = 6.0 (flags = 0x41)
0  ... 
3  -O                                                                        (1 = 33.3%) {0.0%}
4  ... 
7  -O                                                                        (1 = 33.3%) {33.3%}
8  -O                                                                        (1 = 33.3%) {66.7%}
9  ... 

Histogram: OptimizationGuide.PredictionManager.ModelDeliveryEvents.GeolocationPermissions recorded 3 samples, mean = 6.0 (flags = 0x41)
0  ... 
3  -O                                                                        (1 = 33.3%) {0.0%}
4  ... 
7  -O                                                                        (1 = 33.3%) {33.3%}
8  -O                                                                        (1 = 33.3%) {66.7%}
9  ... 

Histogram: OptimizationGuide.PredictionManager.ModelDeliveryEvents.LanguageDetection recorded 3 samples, mean = 6.0 (flags = 0x41)
0  ... 
3  -O                                                                        (1 = 33.3%) {0.0%}
4  ... 
7  -O                                                                        (1 = 33.3%) {33.3%}
8  -O                                                                        (1 = 33.3%) {66.7%}
9  ... 

Histogram: OptimizationGuide.PredictionManager.ModelDeliveryEvents.NewTabPageHistoryClustersModuleRanking recorded 3 samples, mean = 6.0 (flags = 0x41)
0  ... 
3  -O                                                                        (1 = 33.3%) {0.0%}
4  ... 
7  -O                                                                        (1 = 33.3%) {33.3%}
8  -O                                                                        (1 = 33.3%) {66.7%}
9  ... 

Histogram: OptimizationGuide.PredictionManager.ModelDeliveryEvents.NotificationPermissions recorded 3 samples, mean = 6.0 (flags = 0x41)
0  ... 
3  -O                                                                        (1 = 33.3%) {0.0%}
4  ... 
7  -O                                                                        (1 = 33.3%) {33.3%}
8  -O                                                                        (1 = 33.3%) {66.7%}
9  ... 

Histogram: OptimizationGuide.PredictionManager.ModelDeliveryEvents.OmniboxUrlScoring recorded 3 samples, mean = 6.0 (flags = 0x41)
0  ... 
3  -O                                                                        (1 = 33.3%) {0.0%}
4  ... 
7  -O                                                                        (1 = 33.3%) {33.3%}
8  -O                                                                        (1 = 33.3%) {66.7%}
9  ... 

Histogram: OptimizationGuide.PredictionManager.ModelDeliveryEvents.PageTopicsV2 recorded 3 samples, mean = 6.0 (flags = 0x41)
0  ... 
3  -O                                                                        (1 = 33.3%) {0.0%}
4  ... 
7  -O                                                                        (1 = 33.3%) {33.3%}
8  -O                                                                        (1 = 33.3%) {66.7%}
9  ... 

Histogram: OptimizationGuide.PredictionManager.ModelDeliveryEvents.PageVisibility recorded 3 samples, mean = 6.0 (flags = 0x41)
0  ... 
3  -O                                                                        (1 = 33.3%) {0.0%}
4  ... 
7  -O                                                                        (1 = 33.3%) {33.3%}
8  -O                                                                        (1 = 33.3%) {66.7%}
9  ... 

Histogram: OptimizationGuide.PredictionManager.ModelDeliveryEvents.TextSafety recorded 3 samples, mean = 6.0 (flags = 0x41)
0  ... 
3  -O                                                                        (1 = 33.3%) {0.0%}
4  ... 
7  -O                                                                        (1 = 33.3%) {33.3%}
8  -O                                                                        (1 = 33.3%) {66.7%}
9  ... 

Histogram: OptimizationGuide.PredictionManager.ModelDeliveryEvents.VisualSearchClassification recorded 3 samples, mean = 6.0 (flags = 0x41)
0  ... 
3  -O                                                                        (1 = 33.3%) {0.0%}
4  ... 
7  -O                                                                        (1 = 33.3%) {33.3%}
8  -O                                                                        (1 = 33.3%) {66.7%}
9  ... 

Histogram: OptimizationGuide.PredictionManager.RegistrationTimeSinceServiceInit.ClientSidePhishing recorded 1 samples, mean = 0.0 (flags = 0x41)
0  -O                                                                        (1 = 100.0%)
1  ... 

Histogram: OptimizationGuide.PredictionManager.RegistrationTimeSinceServiceInit.GeolocationPermissions recorded 1 samples, mean = 0.0 (flags = 0x41)
0  -O                                                                        (1 = 100.0%)
1  ... 

Histogram: OptimizationGuide.PredictionManager.RegistrationTimeSinceServiceInit.LanguageDetection recorded 2 samples, mean = 6.0 (flags = 0x41)
0   -O                                                                        (1 = 50.0%)
1   ... 
10  -O                                                                        (1 = 50.0%) {50.0%}
13  ... 

Histogram: OptimizationGuide.PredictionManager.RegistrationTimeSinceServiceInit.NewTabPageHistoryClustersModuleRanking recorded 1 samples, mean = 0.0 (flags = 0x41)
0  -O                                                                        (1 = 100.0%)
1  ... 

Histogram: OptimizationGuide.PredictionManager.RegistrationTimeSinceServiceInit.NotificationPermissions recorded 1 samples, mean = 0.0 (flags = 0x41)
0  -O                                                                        (1 = 100.0%)
1  ... 

Histogram: OptimizationGuide.PredictionManager.RegistrationTimeSinceServiceInit.OmniboxUrlScoring recorded 1 samples, mean = 0.0 (flags = 0x41)
0  -O                                                                        (1 = 100.0%)
1  ... 

Histogram: OptimizationGuide.PredictionManager.RegistrationTimeSinceServiceInit.PageTopicsV2 recorded 1 samples, mean = 0.0 (flags = 0x41)
0  -O                                                                        (1 = 100.0%)
1  ... 

Histogram: OptimizationGuide.PredictionManager.RegistrationTimeSinceServiceInit.PageVisibility recorded 1 samples, mean = 0.0 (flags = 0x41)
0  -O                                                                        (1 = 100.0%)
1  ... 

Histogram: OptimizationGuide.PredictionManager.RegistrationTimeSinceServiceInit.TextSafety recorded 1 samples, mean = 0.0 (flags = 0x41)
0  -O                                                                        (1 = 100.0%)
1  ... 

Histogram: OptimizationGuide.PredictionManager.RegistrationTimeSinceServiceInit.VisualSearchClassification recorded 1 samples, mean = 0.0 (flags = 0x41)
0  -O                                                                        (1 = 100.0%)
1  ... 

Histogram: OptimizationGuide.PredictionManager.StoreInitialized recorded 1 samples, mean = 1.0 (flags = 0x40)
0  O                                                                         (0 = 0.0%)
1  -O                                                                        (1 = 100.0%) {0.0%}
2  O                                                                         (0 = 0.0%) {100.0%}

Histogram: OptimizationGuide.PredictionManager.SupportedModelEngineVersion recorded 2 samples, mean = 18.0 (flags = 0x40)
0   ... 
18  --O                                                                       (2 = 100.0%) {0.0%}
19  ... 

Histogram: OptimizationGuide.PredictionModelFetcher.GetModelsResponse.NetErrorCode recorded 1 samples (flags = 0x41)
379  -O                                                                        (1 = 100.0%)

Histogram: OptimizationGuide.PredictionModelFetcher.GetModelsResponse.NetErrorCode.ClientSidePhishing recorded 1 samples (flags = 0x41)
379  -O                                                                        (1 = 100.0%)

Histogram: OptimizationGuide.PredictionModelFetcher.GetModelsResponse.NetErrorCode.GeolocationPermissions recorded 1 samples (flags = 0x41)
379  -O                                                                        (1 = 100.0%)

Histogram: OptimizationGuide.PredictionModelFetcher.GetModelsResponse.NetErrorCode.LanguageDetection recorded 1 samples (flags = 0x41)
379  -O                                                                        (1 = 100.0%)

Histogram: OptimizationGuide.PredictionModelFetcher.GetModelsResponse.NetErrorCode.NewTabPageHistoryClustersModuleRanking recorded 1 samples (flags = 0x41)
379  -O                                                                        (1 = 100.0%)

Histogram: OptimizationGuide.PredictionModelFetcher.GetModelsResponse.NetErrorCode.NotificationPermissions recorded 1 samples (flags = 0x41)
379  -O                                                                        (1 = 100.0%)

Histogram: OptimizationGuide.PredictionModelFetcher.GetModelsResponse.NetErrorCode.OmniboxUrlScoring recorded 1 samples (flags = 0x41)
379  -O                                                                        (1 = 100.0%)

Histogram: OptimizationGuide.PredictionModelFetcher.GetModelsResponse.NetErrorCode.PageTopicsV2 recorded 1 samples (flags = 0x41)
379  -O                                                                        (1 = 100.0%)

Histogram: OptimizationGuide.PredictionModelFetcher.GetModelsResponse.NetErrorCode.PageVisibility recorded 1 samples (flags = 0x41)
379  -O                                                                        (1 = 100.0%)

Histogram: OptimizationGuide.PredictionModelFetcher.GetModelsResponse.NetErrorCode.TextSafety recorded 1 samples (flags = 0x41)
379  -O                                                                        (1 = 100.0%)

Histogram: OptimizationGuide.PredictionModelFetcher.GetModelsResponse.NetErrorCode.VisualSearchClassification recorded 1 samples (flags = 0x41)
379  -O                                                                        (1 = 100.0%)

Histogram: OptimizationGuide.PredictionModelFetcher.GetModelsResponse.Status recorded 1 samples, mean = 403.0 (flags = 0x41)
0    ... 
403  -O                                                                        (1 = 100.0%) {0.0%}
404  ... 

Histogram: OptimizationGuide.PredictionModelFetcher.GetModelsResponse.Status.ClientSidePhishing recorded 1 samples, mean = 403.0 (flags = 0x41)
0    ... 
403  -O                                                                        (1 = 100.0%) {0.0%}
404  ... 

Histogram: OptimizationGuide.PredictionModelFetcher.GetModelsResponse.Status.GeolocationPermissions recorded 1 samples, mean = 403.0 (flags = 0x41)
0    ... 
403  -O                                                                        (1 = 100.0%) {0.0%}
404  ... 

Histogram: OptimizationGuide.PredictionModelFetcher.GetModelsResponse.Status.LanguageDetection recorded 1 samples, mean = 403.0 (flags = 0x41)
0    ... 
403  -O                                                                        (1 = 100.0%) {0.0%}
404  ... 

Histogram: OptimizationGuide.PredictionModelFetcher.GetModelsResponse.Status.NewTabPageHistoryClustersModuleRanking recorded 1 samples, mean = 403.0 (flags = 0x41)
0    ... 
403  -O                                                                        (1 = 100.0%) {0.0%}
404  ... 

Histogram: OptimizationGuide.PredictionModelFetcher.GetModelsResponse.Status.NotificationPermissions recorded 1 samples, mean = 403.0 (flags = 0x41)
0    ... 
403  -O                                                                        (1 = 100.0%) {0.0%}
404  ... 

Histogram: OptimizationGuide.PredictionModelFetcher.GetModelsResponse.Status.OmniboxUrlScoring recorded 1 samples, mean = 403.0 (flags = 0x41)
0    ... 
403  -O                                                                        (1 = 100.0%) {0.0%}
404  ... 

Histogram: OptimizationGuide.PredictionModelFetcher.GetModelsResponse.Status.PageTopicsV2 recorded 1 samples, mean = 403.0 (flags = 0x41)
0    ... 
403  -O                                                                        (1 = 100.0%) {0.0%}
404  ... 

Histogram: OptimizationGuide.PredictionModelFetcher.GetModelsResponse.Status.PageVisibility recorded 1 samples, mean = 403.0 (flags = 0x41)
0    ... 
403  -O                                                                        (1 = 100.0%) {0.0%}
404  ... 

Histogram: OptimizationGuide.PredictionModelFetcher.GetModelsResponse.Status.TextSafety recorded 1 samples, mean = 403.0 (flags = 0x41)
0    ... 
403  -O                                                                        (1 = 100.0%) {0.0%}
404  ... 

Histogram: OptimizationGuide.PredictionModelFetcher.GetModelsResponse.Status.VisualSearchClassification recorded 1 samples, mean = 403.0 (flags = 0x41)
0    ... 
403  -O                                                                        (1 = 100.0%) {0.0%}
404  ... 

Histogram: OptimizationGuide.ProcessingComponentAtShutdown recorded 1 samples, mean = 0.0 (flags = 0x41)
0  -O                                                                        (1 = 100.0%)
1  ... 

Histogram: OptimizationGuide.RemoteFetchingEnabled recorded 1 samples, mean = 0.0 (flags = 0x41)
0  -O                                                                        (1 = 100.0%)
1  ... 

Histogram: OriginTrials.PersistentOriginTrial.LevelDbInitSuccess recorded 1 samples, mean = 0.0 (flags = 0x41)
0  -O                                                                        (1 = 100.0%)
1  ... 

Histogram: PageActionController.ExtensionsWithPageActions recorded 1 samples, mean = 0.0 (flags = 0x41)
0  -O                                                                        (1 = 100.0%)
1  ... 

Histogram: PageContentAnnotations.AnnotateVisit.AnnotationRequestQueued recorded 4 samples, mean = 1.0 (flags = 0x40)
0  O                                                                         (0 = 0.0%)
1  ----O                                                                     (4 = 100.0%) {0.0%}
2  O                                                                         (0 = 0.0%) {100.0%}

Histogram: PageContentAnnotations.AnnotateVisit.AnnotationRequested recorded 4 samples, mean = 1.0 (flags = 0x40)
0  O                                                                         (0 = 0.0%)
1  ----O                                                                     (4 = 100.0%) {0.0%}
2  O                                                                         (0 = 0.0%) {100.0%}

Histogram: PageContentAnnotations.AnnotateVisit.BatchAnnotationStarted recorded 1 samples, mean = 1.0 (flags = 0x40)
0  O                                                                         (0 = 0.0%)
1  -O                                                                        (1 = 100.0%) {0.0%}
2  O                                                                         (0 = 0.0%) {100.0%}

Histogram: PageLoad.Clients.Ads.AllPages.NonAdNetworkBytes recorded 1 samples, mean = 140.0 (flags = 0x41)
0    ... 
108  -O                                                                        (1 = 100.0%) {0.0%}
141  ... 

Histogram: PageLoad.Clients.Ads.AllPages.PercentNetworkBytesAds recorded 1 samples, mean = 0.0 (flags = 0x41)
0  -O                                                                        (1 = 100.0%)
1  ... 

Histogram: PageLoad.Clients.Ads.AllPages.PercentTotalBytesAds recorded 1 samples, mean = 0.0 (flags = 0x41)
0  -O                                                                        (1 = 100.0%)
1  ... 

Histogram: PageLoad.Clients.Ads.AverageViewportAdDensity recorded 1 samples, mean = 0.0 (flags = 0x41)
0  -O                                                                        (1 = 100.0%)
1  ... 

Histogram: PageLoad.Clients.Ads.FrameCounts.AdFrames.Total recorded 1 samples, mean = 0.0 (flags = 0x41)
0  -O                                                                        (1 = 100.0%)
1  ... 

Histogram: PageLoad.Clients.Ads.NonVisible.FrameCounts.AdFrames.Total recorded 1 samples, mean = 0.0 (flags = 0x41)
0  -O                                                                        (1 = 100.0%)
1  ... 

Histogram: PageLoad.Clients.Ads.Visible.FrameCounts.AdFrames.Total recorded 1 samples, mean = 0.0 (flags = 0x41)
0  -O                                                                        (1 = 100.0%)
1  ... 

Histogram: PageLoad.Clients.CrossOrigin.LayoutInstability.CumulativeShiftScore recorded 1 samples, mean = 0.0 (flags = 0x41)
0  -O                                                                        (1 = 100.0%)
1  ... 

Histogram: PageLoad.Clients.CrossOrigin.LayoutInstability.CumulativeShiftScore.MainFrame recorded 1 samples, mean = 0.0 (flags = 0x41)
0  -O                                                                        (1 = 100.0%)
1  ... 

Histogram: PageLoad.Clients.Leakage2.AbandonReasonAt.LoaderStart recorded 1 samples, mean = 10.0 (flags = 0x41)
0   ... 
10  -O                                                                        (1 = 100.0%) {0.0%}
11  ... 

Histogram: PageLoad.Clients.Leakage2.LastMilestoneBeforeAbandon.NewReloadNavigation recorded 1 samples, mean = 1.0 (flags = 0x41)
0  O                                                                         (0 = 0.0%)
1  -O                                                                        (1 = 100.0%) {0.0%}
2  ... 

Histogram: PageLoad.Clients.Leakage2.LoaderStartToAbandon.NewReloadNavigation recorded 1 samples, mean = 7092.0 (flags = 0x41)
0     ... 
6697  -O                                                                        (1 = 100.0%) {0.0%}
7494  ... 

Histogram: PageLoad.Clients.Leakage2.NavigationStart recorded 2 samples, mean = 10743.0 (flags = 0x41)
0      ... 
6697   -O                                                                        (1 = 50.0%) {0.0%}
7494   ... 
13144  -O                                                                        (1 = 50.0%) {50.0%}
14707  ... 

Histogram: PageLoad.Clients.Leakage2.NavigationStartToCommitReceived recorded 1 samples, mean = 14292.0 (flags = 0x41)
0      ... 
13144  -O                                                                        (1 = 100.0%) {0.0%}
14707  ... 

Histogram: PageLoad.Clients.Leakage2.NavigationStartToCommitSent recorded 1 samples, mean = 14280.0 (flags = 0x41)
0      ... 
13144  -O                                                                        (1 = 100.0%) {0.0%}
14707  ... 

Histogram: PageLoad.Clients.Leakage2.NavigationStartToDOMContentLoaded recorded 1 samples, mean = 15900.0 (flags = 0x41)
0      ... 
14707  -O                                                                        (1 = 100.0%) {0.0%}
16456  ... 

Histogram: PageLoad.Clients.Leakage2.NavigationStartToDidCommit recorded 1 samples, mean = 14354.0 (flags = 0x41)
0      ... 
13144  -O                                                                        (1 = 100.0%) {0.0%}
14707  ... 

Histogram: PageLoad.Clients.Leakage2.NavigationStartToFirstRedirectResponseLoaderCallback recorded 1 samples, mean = 13763.0 (flags = 0x41)
0      ... 
13144  -O                                                                        (1 = 100.0%) {0.0%}
14707  ... 

Histogram: PageLoad.Clients.Leakage2.NavigationStartToFirstRedirectResponseStart recorded 1 samples, mean = 13444.0 (flags = 0x41)
0      ... 
13144  -O                                                                        (1 = 100.0%) {0.0%}
14707  ... 

Histogram: PageLoad.Clients.Leakage2.NavigationStartToFirstRedirectedRequestStart recorded 1 samples, mean = 13443.0 (flags = 0x41)
0      ... 
13144  -O                                                                        (1 = 100.0%) {0.0%}
14707  ... 

Histogram: PageLoad.Clients.Leakage2.NavigationStartToLoadStarted recorded 1 samples, mean = 15997.0 (flags = 0x41)
0      ... 
14707  -O                                                                        (1 = 100.0%) {0.0%}
16456  ... 

Histogram: PageLoad.Clients.Leakage2.NavigationStartToLoaderStart recorded 2 samples, mean = 3536.0 (flags = 0x41)
0     ... 
34    -O                                                                        (1 = 50.0%) {0.0%}
38    ... 
6697  -O                                                                        (1 = 50.0%) {50.0%}
7494  ... 

Histogram: PageLoad.Clients.Leakage2.NavigationStartToNonRedirectResponseLoaderCallback recorded 1 samples, mean = 14269.0 (flags = 0x41)
0      ... 
13144  -O                                                                        (1 = 100.0%) {0.0%}
14707  ... 

Histogram: PageLoad.Clients.Leakage2.NavigationStartToNonRedirectResponseStart recorded 1 samples, mean = 14261.0 (flags = 0x41)
0      ... 
13144  -O                                                                        (1 = 100.0%) {0.0%}
14707  ... 

Histogram: PageLoad.Clients.Leakage2.NavigationStartToNonRedirectedRequestStart recorded 1 samples, mean = 13788.0 (flags = 0x41)
0      ... 
13144  -O                                                                        (1 = 100.0%) {0.0%}
14707  ... 

Histogram: PageLoad.Clients.Leakage2.NavigationStartToParseStart recorded 1 samples, mean = 14298.0 (flags = 0x41)
0      ... 
13144  -O                                                                        (1 = 100.0%) {0.0%}
14707  ... 

Histogram: PageLoad.Clients.Leakage2.RendererProcessCreatedBeforeNav recorded 1 samples, mean = 1.0 (flags = 0x41)
0  O                                                                         (0 = 0.0%)
1  -O                                                                        (1 = 100.0%) {0.0%}
2  O                                                                         (0 = 0.0%) {100.0%}

Histogram: PageLoad.Clients.LinkPreview.Usage recorded 1 samples, mean = 0.0 (flags = 0x41)
0  -O                                                                        (1 = 100.0%)
1  ... 

Histogram: PageLoad.Clients.MultiTabLoading.WithTabCount_0.DocumentTiming.NavigationToDOMContentLoadedEventFired recorded 1 samples, mean = 15900.0 (flags = 0x41)
0      ... 
14707  -O                                                                        (1 = 100.0%) {0.0%}
16456  ... 

Histogram: PageLoad.Clients.MultiTabLoading.WithTabCount_0.DocumentTiming.NavigationToLoadEventFired recorded 1 samples, mean = 15997.0 (flags = 0x41)
0      ... 
14707  -O                                                                        (1 = 100.0%) {0.0%}
16456  ... 

Histogram: PageLoad.Clients.MultiTabLoading.With_0_OtherLoading.DocumentTiming.NavigationToDOMContentLoadedEventFired recorded 1 samples, mean = 15900.0 (flags = 0x41)
0      ... 
14707  -O                                                                        (1 = 100.0%) {0.0%}
16456  ... 

Histogram: PageLoad.Clients.MultiTabLoading.With_0_OtherLoading.DocumentTiming.NavigationToLoadEventFired recorded 1 samples, mean = 15997.0 (flags = 0x41)
0      ... 
14707  -O                                                                        (1 = 100.0%) {0.0%}
16456  ... 

Histogram: PageLoad.Clients.PerformanceManager.LoadedIdleWithoutLCP recorded 1 samples, mean = 19026.0 (flags = 0x41)
0      ... 
16411  -O                                                                        (1 = 100.0%) {0.0%}
20852  ... 

Histogram: PageLoad.Clients.PerformanceManager.LoadedIdleWithoutLCP.Foreground recorded 1 samples, mean = 19026.0 (flags = 0x41)
0      ... 
16411  -O                                                                        (1 = 100.0%) {0.0%}
20852  ... 

Histogram: PageLoad.Clients.Protocol.H2.DocumentTiming.NavigationToDOMContentLoadedEventFired recorded 1 samples, mean = 15900.0 (flags = 0x41)
0      ... 
14707  -O                                                                        (1 = 100.0%) {0.0%}
16456  ... 

Histogram: PageLoad.Clients.Protocol.H2.DocumentTiming.NavigationToLoadEventFired recorded 1 samples, mean = 15997.0 (flags = 0x41)
0      ... 
14707  -O                                                                        (1 = 100.0%) {0.0%}
16456  ... 

Histogram: PageLoad.Clients.Protocol.H2.ParseTiming.NavigationToParseStart recorded 1 samples, mean = 14298.0 (flags = 0x41)
0      ... 
13144  -O                                                                        (1 = 100.0%) {0.0%}
14707  ... 

Histogram: PageLoad.Clients.Scheme.HTTPS.ParseTiming.NavigationToParseStart recorded 1 samples, mean = 14298.0 (flags = 0x41)
0      ... 
13144  -O                                                                        (1 = 100.0%) {0.0%}
14707  ... 

Histogram: PageLoad.Clients.SubresourceLoading.DaysSinceLastVisitToOrigin recorded 1 samples, mean = 0.0 (flags = 0x40)
0  -O                                                                        (1 = 100.0%)
1  ... 

Histogram: PageLoad.Clients.SubresourceLoading.HasPreviousVisitToOrigin recorded 1 samples, mean = 1.0 (flags = 0x40)
0  O                                                                         (0 = 0.0%)
1  -O                                                                        (1 = 100.0%) {0.0%}
2  O                                                                         (0 = 0.0%) {100.0%}

Histogram: PageLoad.Clients.TPCD.CookieAccess.ThirdPartyCookieAllowMechanism3 recorded 1 samples, mean = 2.0 (flags = 0x41)
0  ... 
2  -O                                                                        (1 = 100.0%) {0.0%}
3  ... 

Histogram: PageLoad.Clients.TPCD.ThirdPartyCookieAccessBlockedByExperiment2 recorded 1 samples, mean = 0.0 (flags = 0x41)
0  -O                                                                        (1 = 100.0%)
1  ... 

Histogram: PageLoad.Clients.ThirdParty.Origins.CookieRead2 recorded 1 samples, mean = 0.0 (flags = 0x41)
0  -O                                                                        (1 = 100.0%)
1  ... 

Histogram: PageLoad.Cpu.TotalUsage recorded 1 samples, mean = 544.0 (flags = 0x41)
0    ... 
505  -O                                                                        (1 = 100.0%) {0.0%}
565  ... 

Histogram: PageLoad.Cpu.TotalUsageForegrounded recorded 1 samples, mean = 544.0 (flags = 0x41)
0    ... 
505  -O                                                                        (1 = 100.0%) {0.0%}
565  ... 

Histogram: PageLoad.DocumentTiming.NavigationToDOMContentLoadedEventFired recorded 1 samples, mean = 15900.0 (flags = 0x41)
0      ... 
14707  -O                                                                        (1 = 100.0%) {0.0%}
16456  ... 

Histogram: PageLoad.DocumentTiming.NavigationToLoadEventFired recorded 1 samples, mean = 15997.0 (flags = 0x41)
0      ... 
14707  -O                                                                        (1 = 100.0%) {0.0%}
16456  ... 

Histogram: PageLoad.Experimental.NavigationTiming.FinalLoaderCallbackToNavigationCommitSent recorded 1 samples, mean = 10.0 (flags = 0x41)
0   O                                                                         (0 = 0.0%)
10  -O                                                                        (1 = 100.0%) {0.0%}
11  ... 

Histogram: PageLoad.Experimental.NavigationTiming.FinalRequestStartToFinalResponseStart recorded 1 samples, mean = 473.0 (flags = 0x41)
0    ... 
451  -O                                                                        (1 = 100.0%) {0.0%}
505  ... 

Histogram: PageLoad.Experimental.NavigationTiming.FinalResponseStartToFinalLoaderCallback recorded 1 samples, mean = 8.0 (flags = 0x41)
0  -O                                                                        (1 = 100.0%)
10 ... 

Histogram: PageLoad.Experimental.NavigationTiming.FirstRequestStartToFirstResponseStart recorded 1 samples, mean = 1.0 (flags = 0x41)
0  -O                                                                        (1 = 100.0%)
10 ... 

Histogram: PageLoad.Experimental.NavigationTiming.FirstResponseStartToFirstLoaderCallback recorded 1 samples, mean = 319.0 (flags = 0x41)
0    ... 
288  -O                                                                        (1 = 100.0%) {0.0%}
322  ... 

Histogram: PageLoad.Experimental.NavigationTiming.NavigationStartToFinalLoaderCallback recorded 1 samples, mean = 14269.0 (flags = 0x41)
0      ... 
13144  -O                                                                        (1 = 100.0%) {0.0%}
14707  ... 

Histogram: PageLoad.Experimental.NavigationTiming.NavigationStartToFinalRequestStart recorded 1 samples, mean = 13788.0 (flags = 0x41)
0      ... 
13144  -O                                                                        (1 = 100.0%) {0.0%}
14707  ... 

Histogram: PageLoad.Experimental.NavigationTiming.NavigationStartToFinalResponseStart recorded 1 samples, mean = 14261.0 (flags = 0x41)
0      ... 
13144  -O                                                                        (1 = 100.0%) {0.0%}
14707  ... 

Histogram: PageLoad.Experimental.NavigationTiming.NavigationStartToFirstLoaderCallback recorded 1 samples, mean = 13763.0 (flags = 0x41)
0      ... 
13144  -O                                                                        (1 = 100.0%) {0.0%}
14707  ... 

Histogram: PageLoad.Experimental.NavigationTiming.NavigationStartToFirstRequestStart recorded 1 samples, mean = 13443.0 (flags = 0x41)
0      ... 
13144  -O                                                                        (1 = 100.0%) {0.0%}
14707  ... 

Histogram: PageLoad.Experimental.NavigationTiming.NavigationStartToFirstResponseStart recorded 1 samples, mean = 13444.0 (flags = 0x41)
0      ... 
13144  -O                                                                        (1 = 100.0%) {0.0%}
14707  ... 

Histogram: PageLoad.Experimental.NavigationTiming.NavigationStartToNavigationCommitSent recorded 1 samples, mean = 14280.0 (flags = 0x41)
0      ... 
13144  -O                                                                        (1 = 100.0%) {0.0%}
14707  ... 

Histogram: PageLoad.Experimental.PageTiming.CachedResourceLoadTime. recorded 1 samples, mean = 954.0 (flags = 0x41)
0    ... 
926  -O                                                                        (1 = 100.0%) {0.0%}
1177 ... 

Histogram: PageLoad.Experimental.PageTiming.CachedResourceLoadTime.font recorded 5 samples, mean = 2.4 (flags = 0x41)
0  ... 
2  ----O                                                                     (4 = 80.0%) {0.0%}
3  O                                                                         (0 = 0.0%) {80.0%}
4  -O                                                                        (1 = 20.0%) {80.0%}
5  ... 

Histogram: PageLoad.Experimental.PageTiming.CachedResourceLoadTime.manifest recorded 1 samples, mean = 546.0 (flags = 0x41)
0    ... 
452  -O                                                                        (1 = 100.0%) {0.0%}
574  ... 

Histogram: PageLoad.Experimental.PageTiming.CachedResourceLoadTime.script recorded 24 samples, mean = 17.8 (flags = 0x41)
0    ... 
2    ---O                                                                      (3 = 12.5%) {0.0%}
3    -O                                                                        (1 = 4.2%) {12.5%}
4    O                                                                         (0 = 0.0%) {16.7%}
5    -O                                                                        (1 = 4.2%) {16.7%}
6    -------------O                                                            (13 = 54.2%) {20.8%}
8    ... 
20   ----O                                                                     (4 = 16.7%) {75.0%}
25   ... 
52   -O                                                                        (1 = 4.2%) {91.7%}
66   ... 
173  -O                                                                        (1 = 4.2%) {95.8%}
220  ... 

Histogram: PageLoad.Experimental.PageTiming.CachedResourceLoadTime.style recorded 7 samples, mean = 178.4 (flags = 0x41)
0     ... 
3     -O                                                                        (1 = 14.3%) {0.0%}
4     O                                                                         (0 = 0.0%) {14.3%}
5     -O                                                                        (1 = 14.3%) {14.3%}
6     ---O                                                                      (3 = 42.9%) {28.6%}
8     -O                                                                        (1 = 14.3%) {71.4%}
10    ... 
1177  -O                                                                        (1 = 14.3%) {85.7%}
1496  ... 

Histogram: PageLoad.Experimental.PageTiming.CommitSentToFirstSubresourceLoadStart recorded 1 samples, mean = 140.0 (flags = 0x41)
0    ... 
131  -O                                                                        (1 = 100.0%) {0.0%}
147  ... 

Histogram: PageLoad.Experimental.PageTiming.NavigationToFirstSubresourceLoadStart recorded 1 samples, mean = 14421.0 (flags = 0x41)
0      ... 
13144  -O                                                                        (1 = 100.0%) {0.0%}
14707  ... 

Histogram: PageLoad.Experimental.PageTiming.ResourceLoadTime. recorded 6 samples, mean = 480.7 (flags = 0x41)
0    ... 
84   -O                                                                        (1 = 16.7%) {0.0%}
107  ... 
173  -O                                                                        (1 = 16.7%) {16.7%}
220  -O                                                                        (1 = 16.7%) {33.3%}
280  ... 
452  -O                                                                        (1 = 16.7%) {50.0%}
574  O                                                                         (0 = 0.0%) {66.7%}
729  -O                                                                        (1 = 16.7%) {66.7%}
926  -O                                                                        (1 = 16.7%) {83.3%}
1177 ... 

Histogram: PageLoad.Experimental.PageTiming.ResourceLoadTime.document recorded 1 samples, mean = 475.0 (flags = 0x41)
0    ... 
452  -O                                                                        (1 = 100.0%) {0.0%}
574  ... 

Histogram: PageLoad.Experimental.PageTiming.ResourceLoadTime.image recorded 1 samples, mean = 972.0 (flags = 0x41)
0    ... 
926  -O                                                                        (1 = 100.0%) {0.0%}
1177 ... 

Histogram: PageLoad.Experimental.PageTiming.ResourceLoadTime.script recorded 2 samples, mean = 752.0 (flags = 0x41)
0     ... 
220   -O                                                                        (1 = 50.0%) {0.0%}
280   ... 
1177  -O                                                                        (1 = 50.0%) {50.0%}
1496  ... 

Histogram: PageLoad.Experimental.PageVisitFinalStatus recorded 1 samples, mean = 1.0 (flags = 0x41)
0  O                                                                         (0 = 0.0%)
1  -O                                                                        (1 = 100.0%) {0.0%}
2  ... 

Histogram: PageLoad.Experimental.PageVisitType2 recorded 1 samples, mean = 6.0 (flags = 0x41)
0  ... 
6  -O                                                                        (1 = 100.0%) {0.0%}
7  ... 

Histogram: PageLoad.Experimental.PaintTiming.FirstEligibleToPaintToFirstPaint recorded 1 samples, mean = 617.0 (flags = 0x41)
0    ... 
565  -O                                                                        (1 = 100.0%) {0.0%}
632  ... 

Histogram: PageLoad.Experimental.TotalForegroundDuration recorded 1 samples, mean = 23184908.0 (flags = 0x41)
0        ... 
3600000  -O                                                                        (1 = 100.0%) {0.0%}

Histogram: PageLoad.Experimental.TotalForegroundDuration.AllVisit recorded 1 samples, mean = 23184908.0 (flags = 0x41)
0        ... 
3600000  -O                                                                        (1 = 100.0%) {0.0%}

Histogram: PageLoad.Experimental.TotalForegroundDuration.IndependentUIVisit recorded 1 samples, mean = 23184908.0 (flags = 0x41)
0        ... 
3600000  -O                                                                        (1 = 100.0%) {0.0%}

Histogram: PageLoad.Expermental.SoftNavigations.Count recorded 1 samples, mean = 0.0 (flags = 0x41)
0  -O                                                                        (1 = 100.0%)
1  ... 

Histogram: PageLoad.Internal.PageLoadTimingStatus recorded 17 samples, mean = 0.0 (flags = 0x41)
0  -----------------O                                                        (17 = 100.0%)
1  ... 

Histogram: PageLoad.Internal.PageLoadTimingStatus.AtTimingCallbackDispatch recorded 3 samples, mean = 0.0 (flags = 0x41)
0  ---O                                                                      (3 = 100.0%)
1  ... 

Histogram: PageLoad.Internal.PageType recorded 2 samples, mean = 0.0 (flags = 0x41)
0  --O                                                                       (2 = 100.0%)
1  ... 

Histogram: PageLoad.Internal.SuppressedEventsBeforeMissingFirstPaint recorded 1 samples, mean = 0.0 (flags = 0x41)
0  -O                                                                        (1 = 100.0%)
1  ... 

Histogram: PageLoad.Internal.SuppressedEventsCountBeforePaint3 recorded 1 samples, mean = 0.0 (flags = 0x41)
0  -O                                                                        (1 = 100.0%)
1  ... 

Histogram: PageLoad.Internal.SuppressedEventsTimingBeforePaint3 recorded 1 samples, mean = 0.0 (flags = 0x41)
0  -O                                                                        (1 = 100.0%)
1  ... 

Histogram: PageLoad.Internal.SuppressedInteractionsCountBeforePaint3 recorded 1 samples, mean = 0.0 (flags = 0x41)
0  -O                                                                        (1 = 100.0%)
1  ... 

Histogram: PageLoad.LayoutInstability.CumulativeShiftScore recorded 1 samples, mean = 0.0 (flags = 0x41)
0  -O                                                                        (1 = 100.0%)
1  ... 

Histogram: PageLoad.LayoutInstability.CumulativeShiftScore.MainFrame recorded 1 samples, mean = 0.0 (flags = 0x41)
0  -O                                                                        (1 = 100.0%)
1  ... 

Histogram: PageLoad.LayoutInstability.MaxCumulativeShiftScore.SessionWindow.Gap1000ms.Max5000ms recorded 1 samples, mean = 0.0 (flags = 0x41)
0  -O                                                                        (1 = 100.0%)
1  ... 

Histogram: PageLoad.LayoutInstability.MaxCumulativeShiftScore.SessionWindow.Gap1000ms.Max5000ms2 recorded 1 samples, mean = 0.0 (flags = 0x41)
0  -O                                                                        (1 = 100.0%)
1  ... 

Histogram: PageLoad.PageTiming.ForegroundDuration recorded 1 samples, mean = 23184908.0 (flags = 0x41)
0        ... 
3600000  -O                                                                        (1 = 100.0%) {0.0%}

Histogram: PageLoad.PageTiming.ForegroundDuration.AfterPaint recorded 1 samples, mean = 23168552.0 (flags = 0x41)
0        ... 
3600000  -O                                                                        (1 = 100.0%) {0.0%}

Histogram: PageLoad.PageTiming.ForegroundDuration.NoCommit recorded 1 samples, mean = 95.0 (flags = 0x41)
0   ... 
92  -O                                                                        (1 = 100.0%) {0.0%}
105 ... 

Histogram: PageLoad.PageTiming.ForegroundDuration.WithPaint recorded 1 samples, mean = 23184908.0 (flags = 0x41)
0        ... 
3600000  -O                                                                        (1 = 100.0%) {0.0%}

Histogram: PageLoad.PaintTiming.NavigationToFirstPaint recorded 1 samples, mean = 16355.0 (flags = 0x41)
0      ... 
14707  -O                                                                        (1 = 100.0%) {0.0%}
16456  ... 

Histogram: PageLoad.ParseTiming.NavigationToParseStart recorded 1 samples, mean = 14298.0 (flags = 0x41)
0      ... 
13144  -O                                                                        (1 = 100.0%) {0.0%}
14707  ... 

Histogram: PageLoad.ParseTiming.NavigationToParseStart.LoadType.NewNavigation recorded 1 samples, mean = 14298.0 (flags = 0x41)
0      ... 
13144  -O                                                                        (1 = 100.0%) {0.0%}
14707  ... 

Histogram: PageLoad.ParseTiming.ParseBlockedOnScriptExecution recorded 1 samples, mean = 5.0 (flags = 0x41)
0  -O                                                                        (1 = 100.0%)
10 ... 

Histogram: PageLoad.ParseTiming.ParseBlockedOnScriptExecutionFromDocumentWrite recorded 1 samples, mean = 0.0 (flags = 0x41)
0  -O                                                                        (1 = 100.0%)
10 ... 

Histogram: PageLoad.ParseTiming.ParseBlockedOnScriptLoad recorded 1 samples, mean = 1379.0 (flags = 0x41)
0     ... 
1240  -O                                                                        (1 = 100.0%) {0.0%}
1388  ... 

Histogram: PaintHolding.CommitTrigger2 recorded 1 samples, mean = 3.0 (flags = 0x41)
0  ... 
3  -O                                                                        (1 = 100.0%) {0.0%}
4  ... 

Histogram: PasswordManager.AccountStore.InaccessiblePasswords3 recorded 1 samples, mean = 0.0 (flags = 0x41)
0  -O                                                                        (1 = 100.0%)
1  ... 

Histogram: PasswordManager.AccountStore.LoginDatabaseEncryptionStatus recorded 1 samples, mean = 0.0 (flags = 0x41)
0  -O                                                                        (1 = 100.0%)
1  ... 

Histogram: PasswordManager.AffiliationDatabase.DatabaseSize recorded 1 samples, mean = 52.0 (flags = 0x41)
0  -O                                                                        (1 = 100.0%)
1000... 

Histogram: PasswordManager.BubbleSuppression.AccountsInStatisticsTable2 recorded 1 samples, mean = 0.0 (flags = 0x41)
0  -O                                                                        (1 = 100.0%)
1  ... 

Histogram: PasswordManager.GetAllLogins.TimeSinceInit recorded 2 samples, mean = 30209.5 (flags = 0x41)
0      ... 
26495  --O                                                                       (2 = 100.0%) {0.0%}
33665  ... 

Histogram: PasswordManager.GetAutofillableLogins.TimeSinceInit recorded 2 samples, mean = 14376.5 (flags = 0x41)
0      ... 
12916  --O                                                                       (2 = 100.0%) {0.0%}
16411  ... 

Histogram: PasswordManager.LoginDatabaseInit2 recorded 2 samples, mean = 0.0 (flags = 0x41)
0  --O                                                                       (2 = 100.0%)
1  ... 

Histogram: PasswordManager.OnEncryptorReceived.Success recorded 2 samples, mean = 1.0 (flags = 0x41)
0  O                                                                         (0 = 0.0%)
1  --O                                                                       (2 = 100.0%) {0.0%}
2  O                                                                         (0 = 0.0%) {100.0%}

Histogram: PasswordManager.PasswordStore.InitTime recorded 2 samples, mean = 7137.5 (flags = 0x41)
0     ... 
7083  --O                                                                       (2 = 100.0%) {0.0%}
8416  ... 

Histogram: PasswordManager.PasswordStoreBackend.GetAllLoginsAsync recorded 4 samples, mean = 1.0 (flags = 0x41)
0  --O                                                                       (2 = 50.0%)
1  O                                                                         (0 = 0.0%) {50.0%}
2  --O                                                                       (2 = 50.0%) {50.0%}
3  ... 

Histogram: PasswordManager.PasswordStoreBackend.GetAllLoginsAsync.Latency recorded 2 samples, mean = 0.0 (flags = 0x41)
0  --O                                                                       (2 = 100.0%)
1  ... 

Histogram: PasswordManager.PasswordStoreBackend.GetAllLoginsAsync.Success recorded 2 samples, mean = 1.0 (flags = 0x41)
0  O                                                                         (0 = 0.0%)
1  --O                                                                       (2 = 100.0%) {0.0%}
2  O                                                                         (0 = 0.0%) {100.0%}

Histogram: PasswordManager.PasswordStoreBackend.GetAutofillableLoginsAsync recorded 4 samples, mean = 1.0 (flags = 0x41)
0  --O                                                                       (2 = 50.0%)
1  O                                                                         (0 = 0.0%) {50.0%}
2  --O                                                                       (2 = 50.0%) {50.0%}
3  ... 

Histogram: PasswordManager.PasswordStoreBackend.GetAutofillableLoginsAsync.Latency recorded 2 samples, mean = 70.5 (flags = 0x41)
0   ... 
66  --O                                                                       (2 = 100.0%) {0.0%}
84  ... 

Histogram: PasswordManager.PasswordStoreBackend.GetAutofillableLoginsAsync.Success recorded 2 samples, mean = 1.0 (flags = 0x41)
0  O                                                                         (0 = 0.0%)
1  --O                                                                       (2 = 100.0%) {0.0%}
2  O                                                                         (0 = 0.0%) {100.0%}

Histogram: PasswordManager.PasswordStoreBuiltInBackend.GetAllLoginsAsync recorded 4 samples, mean = 1.0 (flags = 0x41)
0  --O                                                                       (2 = 50.0%)
1  O                                                                         (0 = 0.0%) {50.0%}
2  --O                                                                       (2 = 50.0%) {50.0%}
3  ... 

Histogram: PasswordManager.PasswordStoreBuiltInBackend.GetAllLoginsAsync.Latency recorded 2 samples, mean = 0.0 (flags = 0x41)
0  --O                                                                       (2 = 100.0%)
1  ... 

Histogram: PasswordManager.PasswordStoreBuiltInBackend.GetAllLoginsAsync.Success recorded 2 samples, mean = 1.0 (flags = 0x41)
0  O                                                                         (0 = 0.0%)
1  --O                                                                       (2 = 100.0%) {0.0%}
2  O                                                                         (0 = 0.0%) {100.0%}

Histogram: PasswordManager.PasswordStoreBuiltInBackend.GetAutofillableLoginsAsync recorded 4 samples, mean = 1.0 (flags = 0x41)
0  --O                                                                       (2 = 50.0%)
1  O                                                                         (0 = 0.0%) {50.0%}
2  --O                                                                       (2 = 50.0%) {50.0%}
3  ... 

Histogram: PasswordManager.PasswordStoreBuiltInBackend.GetAutofillableLoginsAsync.Latency recorded 2 samples, mean = 70.5 (flags = 0x41)
0   ... 
66  --O                                                                       (2 = 100.0%) {0.0%}
84  ... 

Histogram: PasswordManager.PasswordStoreBuiltInBackend.GetAutofillableLoginsAsync.Success recorded 2 samples, mean = 1.0 (flags = 0x41)
0  O                                                                         (0 = 0.0%)
1  --O                                                                       (2 = 100.0%) {0.0%}
2  O                                                                         (0 = 0.0%) {100.0%}

Histogram: PasswordManager.ProfileStore.InaccessiblePasswords3 recorded 1 samples, mean = 0.0 (flags = 0x41)
0  -O                                                                        (1 = 100.0%)
1  ... 

Histogram: PasswordManager.ProfileStore.LoginDatabaseEncryptionStatus recorded 1 samples, mean = 0.0 (flags = 0x41)
0  -O                                                                        (1 = 100.0%)
1  ... 

Histogram: PasswordManager.SavedGaiaPasswordHashCount2 recorded 1 samples, mean = 0.0 (flags = 0x41)
0  -O                                                                        (1 = 100.0%)
1  ... 

Histogram: PasswordManager.SyncMetadataReadError2 recorded 2 samples, mean = 0.0 (flags = 0x41)
0  --O                                                                       (2 = 100.0%)
1  ... 

Histogram: PaymentRequest.IsCanMakePaymentAllowedByPref.Startup recorded 1 samples, mean = 1.0 (flags = 0x41)
0  O                                                                         (0 = 0.0%)
1  -O                                                                        (1 = 100.0%) {0.0%}
2  O                                                                         (0 = 0.0%) {100.0%}

Histogram: PerformanceManager.LoadingNotQuiescentPageCount.All recorded 617 samples, mean = 0.0 (flags = 0x41)
0  ------------------------------------------------------------------------O (617 = 100.0%)
1  ... 

Histogram: PerformanceManager.LoadingNotQuiescentPageCount.Hidden recorded 617 samples, mean = 0.0 (flags = 0x41)
0  ------------------------------------------------------------------------O (617 = 100.0%)
1  ... 

Histogram: PerformanceManager.LoadingNotQuiescentPageCount.MixedVisibility recorded 617 samples, mean = 0.0 (flags = 0x41)
0  ------------------------------------------------------------------------O (617 = 100.0%)
1  ... 

Histogram: PerformanceManager.LoadingNotQuiescentPageCount.Visible recorded 617 samples, mean = 0.0 (flags = 0x41)
0  ------------------------------------------------------------------------O (617 = 100.0%)
1  ... 

Histogram: PerformanceManager.QuiescentPageCount recorded 617 samples, mean = 1.0 (flags = 0x41)
0  O                                                                         (0 = 0.0%)
1  ------------------------------------------------------------------------O (617 = 100.0%) {0.0%}
2  ... 

Histogram: PerformanceManager.SiteDB.DatabaseInit recorded 1 samples, mean = 0.0 (flags = 0x41)
0  -O                                                                        (1 = 100.0%)
1  ... 

Histogram: PerformanceManager.SiteDB.OnDiskSize recorded 1 samples, mean = 3.0 (flags = 0x41)
0  -O                                                                        (1 = 100.0%)
1000... 

Histogram: PerformanceManager.SiteDB.WriteCompleted.WriteSiteDataIntoStore recorded 1 samples, mean = 1.0 (flags = 0x41)
0  O                                                                         (0 = 0.0%)
1  -O                                                                        (1 = 100.0%) {0.0%}
2  O                                                                         (0 = 0.0%) {100.0%}

Histogram: PerformanceManager.SiteDB.WriteScheduled.WriteSiteDataIntoStore recorded 1 samples, mean = 1.0 (flags = 0x41)
0  O                                                                         (0 = 0.0%)
1  -O                                                                        (1 = 100.0%) {0.0%}
2  O                                                                         (0 = 0.0%) {100.0%}

Histogram: PerformanceManager.TabRevisitTracker.TimeToClose2 recorded 1 samples, mean = 23185.0 (flags = 0x41)
0      ... 
22530  -O                                                                        (1 = 100.0%) {0.0%}
23707  ... 

Histogram: PerformanceManager.UserTuning.BatterySaverModeEnabledPercent recorded 1 samples, mean = 0.0 (flags = 0x41)
0  -O                                                                        (1 = 100.0%)
1  ... 

Histogram: PerformanceManager.UserTuning.MemorySaverModeEnabledPercent recorded 1 samples, mean = 0.0 (flags = 0x41)
0  -O                                                                        (1 = 100.0%)
1  ... 

Histogram: PerformanceMonitor.AverageCPU8.BrowserProcess recorded 154 samples, mean = 7264.6 (flags = 0x41)
0      ... 
15     -O                                                                        (1 = 0.6%) {0.0%}
18     ... 
33     -O                                                                        (1 = 0.6%) {0.6%}
40     ... 
558    -O                                                                        (1 = 0.6%) {1.3%}
674    ... 
1187   -------------------------------------------------------O                  (55 = 35.7%) {1.9%}
1433   --------------------O                                                     (20 = 13.0%) {37.7%}
1730   -O                                                                        (1 = 0.6%) {50.6%}
2088   ------O                                                                   (6 = 3.9%) {51.3%}
2521   -O                                                                        (1 = 0.6%) {55.2%}
3043   --O                                                                       (2 = 1.3%) {55.8%}
3673   ----O                                                                     (4 = 2.6%) {57.1%}
4434   ----O                                                                     (4 = 2.6%) {59.7%}
5353   -------O                                                                  (7 = 4.5%) {62.3%}
6462   --O                                                                       (2 = 1.3%) {66.9%}
7801   ------O                                                                   (6 = 3.9%) {68.2%}
9417   ---O                                                                      (3 = 1.9%) {72.1%}
11368  -----O                                                                    (5 = 3.2%) {74.0%}
13724  -O                                                                        (1 = 0.6%) {77.3%}
16567  ----O                                                                     (4 = 2.6%) {77.9%}
20000  ------------------------------O                                           (30 = 19.5%) {80.5%}

Histogram: PerformanceMonitor.AverageCPU8.GPUProcess recorded 154 samples, mean = 6.3 (flags = 0x41)
0    --O                                                                       (3 = 1.9%)
1    ------------------------------------------------------------------------O (95 = 61.7%) {1.9%}
2    -----------O                                                              (15 = 9.7%) {63.6%}
3    ----O                                                                     (5 = 3.2%) {73.4%}
4    -----O                                                                    (6 = 3.9%) {76.6%}
5    --O                                                                       (2 = 1.3%) {80.5%}
6    -----O                                                                    (6 = 3.9%) {81.8%}
7    ------O                                                                   (8 = 5.2%) {85.7%}
8    ----O                                                                     (5 = 3.2%) {90.9%}
10   --O                                                                       (2 = 1.3%) {94.2%}
12   ---O                                                                      (4 = 2.6%) {95.5%}
15   O                                                                         (0 = 0.0%) {98.1%}
18   --O                                                                       (2 = 1.3%) {98.1%}
22   ... 
462  -O                                                                        (1 = 0.6%) {99.4%}
558  ... 

Histogram: PerformanceMonitor.AverageCPU8.NetworkProcess recorded 154 samples, mean = 3.3 (flags = 0x41)
0   --O                                                                       (2 = 1.3%)
1   -O                                                                        (1 = 0.6%) {1.3%}
2   ------------------------------------------------------------------------O (87 = 56.5%) {1.9%}
3   ---------------------O                                                    (25 = 16.2%) {58.4%}
4   ---------------------O                                                    (25 = 16.2%) {74.7%}
5   ... 
7   --O                                                                       (2 = 1.3%) {90.9%}
8   ------O                                                                   (7 = 4.5%) {92.2%}
10  O                                                                         (0 = 0.0%) {96.8%}
12  ---O                                                                      (4 = 2.6%) {96.8%}
15  ... 
33  -O                                                                        (1 = 0.6%) {99.4%}
40  ... 

Histogram: PerformanceMonitor.AverageCPU8.OtherProcess recorded 154 samples, mean = 0.0 (flags = 0x41)
0  ------------------------------------------------------------------------O (154 = 100.0%)
1  ... 

Histogram: PerformanceMonitor.AverageCPU8.RendererExtensionEventProcess recorded 154 samples, mean = 0.0 (flags = 0x41)
0  ------------------------------------------------------------------------O (154 = 100.0%)
1  ... 

Histogram: PerformanceMonitor.AverageCPU8.RendererExtensionPersistentProcess recorded 154 samples, mean = 0.0 (flags = 0x41)
0  ------------------------------------------------------------------------O (154 = 100.0%)
1  ... 

Histogram: PerformanceMonitor.AverageCPU8.RendererProcess recorded 154 samples, mean = 1.6 (flags = 0x41)
0    ------------------------------------------------------------------------O (102 = 66.2%)
1    ------------------------------------O                                     (51 = 33.1%) {66.2%}
2    ... 
181  -O                                                                        (1 = 0.6%) {99.4%}
218  ... 

Histogram: PerformanceMonitor.AverageCPU8.Total recorded 154 samples, mean = 7274.6 (flags = 0x41)
0      ... 
15     -O                                                                        (1 = 0.6%) {0.0%}
18     ... 
33     -O                                                                        (1 = 0.6%) {0.6%}
40     ... 
558    -O                                                                        (1 = 0.6%) {1.3%}
674    ... 
1187   -------------------------------------------------O                        (49 = 31.8%) {1.9%}
1433   -------------------------O                                                (25 = 16.2%) {33.8%}
1730   --O                                                                       (2 = 1.3%) {50.0%}
2088   ------O                                                                   (6 = 3.9%) {51.3%}
2521   -O                                                                        (1 = 0.6%) {55.2%}
3043   --O                                                                       (2 = 1.3%) {55.8%}
3673   ----O                                                                     (4 = 2.6%) {57.1%}
4434   ----O                                                                     (4 = 2.6%) {59.7%}
5353   -------O                                                                  (7 = 4.5%) {62.3%}
6462   --O                                                                       (2 = 1.3%) {66.9%}
7801   ------O                                                                   (6 = 3.9%) {68.2%}
9417   ---O                                                                      (3 = 1.9%) {72.1%}
11368  -----O                                                                    (5 = 3.2%) {74.0%}
13724  -O                                                                        (1 = 0.6%) {77.3%}
16567  ----O                                                                     (4 = 2.6%) {77.9%}
20000  ------------------------------O                                           (30 = 19.5%) {80.5%}

Histogram: PerformanceMonitor.AverageCPU8.Total.ZeroWindow recorded 154 samples, mean = 7274.6 (flags = 0x41)
0      ... 
15     -O                                                                        (1 = 0.6%) {0.0%}
18     ... 
33     -O                                                                        (1 = 0.6%) {0.6%}
40     ... 
558    -O                                                                        (1 = 0.6%) {1.3%}
674    ... 
1187   -------------------------------------------------O                        (49 = 31.8%) {1.9%}
1433   -------------------------O                                                (25 = 16.2%) {33.8%}
1730   --O                                                                       (2 = 1.3%) {50.0%}
2088   ------O                                                                   (6 = 3.9%) {51.3%}
2521   -O                                                                        (1 = 0.6%) {55.2%}
3043   --O                                                                       (2 = 1.3%) {55.8%}
3673   ----O                                                                     (4 = 2.6%) {57.1%}
4434   ----O                                                                     (4 = 2.6%) {59.7%}
5353   -------O                                                                  (7 = 4.5%) {62.3%}
6462   --O                                                                       (2 = 1.3%) {66.9%}
7801   ------O                                                                   (6 = 3.9%) {68.2%}
9417   ---O                                                                      (3 = 1.9%) {72.1%}
11368  -----O                                                                    (5 = 3.2%) {74.0%}
13724  -O                                                                        (1 = 0.6%) {77.3%}
16567  ----O                                                                     (4 = 2.6%) {77.9%}
20000  ------------------------------O                                           (30 = 19.5%) {80.5%}

Histogram: PerformanceMonitor.AverageCPU8.UtilityProcess recorded 154 samples, mean = 5.1 (flags = 0x41)
0    -----------O                                                              (20 = 13.0%)
1    ------------------------------------------------------------------------O (133 = 86.4%) {13.0%}
2    ... 
558  -O                                                                        (1 = 0.6%) {99.4%}
674  ... 

Histogram: PerformanceMonitor.HasPreciseCPUUsage recorded 9 samples, mean = 1.0 (flags = 0x41)
0  O                                                                         (0 = 0.0%)
1  ---------O                                                                (9 = 100.0%) {0.0%}
2  O                                                                         (0 = 0.0%) {100.0%}

Histogram: PerformanceMonitor.UsageScenario.LongInterval recorded 154 samples, mean = 13.0 (flags = 0x41)
0   ... 
13  ------------------------------------------------------------------------O (154 = 100.0%) {0.0%}
14  ... 

Histogram: Permissions.API.CreatedPermissionStatusObjects recorded 1 samples, mean = 0.0 (flags = 0x41)
0  -O                                                                        (1 = 100.0%)
1  ... 

Histogram: Permissions.Experimental.PrimaryMainNavigationFinished.AudioCapture.TopLevelHeaderPolicy recorded 1 samples, mean = 0.0 (flags = 0x41)
0  -O                                                                        (1 = 100.0%)
1  ... 

Histogram: Permissions.Experimental.PrimaryMainNavigationFinished.Geolocation.TopLevelHeaderPolicy recorded 1 samples, mean = 0.0 (flags = 0x41)
0  -O                                                                        (1 = 100.0%)
1  ... 

Histogram: Permissions.Experimental.PrimaryMainNavigationFinished.VideoCapture.TopLevelHeaderPolicy recorded 1 samples, mean = 0.0 (flags = 0x41)
0  -O                                                                        (1 = 100.0%)
1  ... 

Histogram: Permissions.QuietNotificationPrompts.RegularProfile.IsEnabledInPrefs recorded 1 samples, mean = 0.0 (flags = 0x41)
0  -O                                                                        (1 = 100.0%)
1  ... 

Histogram: Platform.IntelMaxMicroArchitecture recorded 1 samples, mean = 13.0 (flags = 0x41)
0   ... 
13  -O                                                                        (1 = 100.0%) {0.0%}
14  O                                                                         (0 = 0.0%) {100.0%}

Histogram: Power.BatteryDischargeGranularityIsOrdered recorded 466 samples, mean = 1.0 (flags = 0x41)
0  O                                                                         (0 = 0.0%)
1  ------------------------------------------------------------------------O (466 = 100.0%) {0.0%}
2  O                                                                         (0 = 0.0%) {100.0%}

Histogram: Power.BatteryDischargeMode5 recorded 310 samples, mean = 1.0 (flags = 0x41)
0  O                                                                         (0 = 0.0%)
1  ------------------------------------------------------------------------O (310 = 100.0%) {0.0%}
2  ... 

Histogram: Power.BatteryDischargeMode5.Initial recorded 1 samples, mean = 1.0 (flags = 0x41)
0  O                                                                         (0 = 0.0%)
1  -O                                                                        (1 = 100.0%) {0.0%}
2  ... 

Histogram: Power.BatteryDischargeMode5.Periodic recorded 309 samples, mean = 1.0 (flags = 0x41)
0  O                                                                         (0 = 0.0%)
1  ------------------------------------------------------------------------O (309 = 100.0%) {0.0%}
2  ... 

Histogram: Power.BatteryDischargeMode5.TenMinutes recorded 31 samples, mean = 1.0 (flags = 0x41)
0  O                                                                         (0 = 0.0%)
1  -------------------------------O                                          (31 = 100.0%) {0.0%}
2  ... 

Histogram: Power.BatteryDischargeMode5.ZeroWindow recorded 310 samples, mean = 1.0 (flags = 0x41)
0  O                                                                         (0 = 0.0%)
1  ------------------------------------------------------------------------O (310 = 100.0%) {0.0%}
2  ... 

Histogram: Power.BatteryDischargeMode5.ZeroWindow.Initial recorded 1 samples, mean = 1.0 (flags = 0x41)
0  O                                                                         (0 = 0.0%)
1  -O                                                                        (1 = 100.0%) {0.0%}
2  ... 

Histogram: Power.BatteryDischargeMode5.ZeroWindow.Periodic recorded 309 samples, mean = 1.0 (flags = 0x41)
0  O                                                                         (0 = 0.0%)
1  ------------------------------------------------------------------------O (309 = 100.0%) {0.0%}
2  ... 

Histogram: Power.HasPreciseBatteryDischargeGranularity recorded 310 samples, mean = 0.0 (flags = 0x41)
0  ------------------------------------------------------------------------O (310 = 100.0%)
1  ... 

Histogram: Prefs.JSonStore.SetValueKey recorded 41 samples (flags = 0x41)
174384190   --O                                                                       (2 = 4.9%)
372921139   ---O                                                                      (3 = 7.3%)
852125461   --O                                                                       (2 = 4.9%)
1526276751  ---O                                                                      (3 = 7.3%)
1923415074  ------------------------O                                                 (24 = 58.5%)
1927273959  -O                                                                        (1 = 2.4%)
1936820420  --O                                                                       (2 = 4.9%)
1956100443  --O                                                                       (2 = 4.9%)
2056672062  -O                                                                        (1 = 2.4%)
2082524502  -O                                                                        (1 = 2.4%)

Histogram: Privacy.CookieControlsSetting.RegularProfile recorded 1 samples, mean = 2.0 (flags = 0x41)
0  ... 
2  -O                                                                        (1 = 100.0%) {0.0%}
3  O                                                                         (0 = 0.0%) {100.0%}

Histogram: Privacy.DIPS.BounceCategoryServer.Block3PC recorded 1 samples, mean = 0.0 (flags = 0x41)
0  -O                                                                        (1 = 100.0%)
1  ... 

Histogram: Privacy.DIPS.ClearedSitesCount.Block3PC recorded 7 samples, mean = 0.0 (flags = 0x41)
0  -------O                                                                  (7 = 100.0%)
1  ... 

Histogram: Privacy.DIPS.DIPSErrorCodes recorded 3 samples, mean = 2.0 (flags = 0x41)
0  --O                                                                       (2 = 66.7%)
1  ... 
6  -O                                                                        (1 = 33.3%) {66.7%}
7  ... 

Histogram: Privacy.DIPS.Database.Operation.FilterSitesWithProtectiveEventTime recorded 1 samples, mean = 0.0 (flags = 0x41)
0  -O                                                                        (1 = 100.0%)
1  ... 

Histogram: Privacy.DIPS.Database.Operation.GetSitesThatBouncedWithStateTime recorded 7 samples, mean = 0.0 (flags = 0x41)
0  -------O                                                                  (7 = 100.0%)
1  ... 

Histogram: Privacy.DIPS.Database.Operation.InitTime recorded 1 samples, mean = 84.0 (flags = 0x41)
0   ... 
81  -O                                                                        (1 = 100.0%) {0.0%}
96  ... 

Histogram: Privacy.DIPS.Database.Operation.ReadPopupTime recorded 1 samples, mean = 43.0 (flags = 0x41)
0   ... 
40  -O                                                                        (1 = 100.0%) {0.0%}
48  ... 

Histogram: Privacy.DIPS.Database.Operation.ReadTime recorded 3 samples, mean = 0.3 (flags = 0x41)
0  --O                                                                       (2 = 66.7%)
1  -O                                                                        (1 = 33.3%) {66.7%}
2  ... 

Histogram: Privacy.DIPS.Database.Operation.RemoveRowsTime recorded 1 samples, mean = 1545.0 (flags = 0x41)
0     ... 
1500  -O                                                                        (1 = 100.0%) {0.0%}
1782  ... 

Histogram: Privacy.DIPS.Database.Operation.WriteTime recorded 1 samples, mean = 303.0 (flags = 0x41)
0    ... 
268  -O                                                                        (1 = 100.0%) {0.0%}
318  ... 

Histogram: Privacy.DIPS.DatabaseEntryCount recorded 1 samples, mean = 1.0 (flags = 0x41)
0  O                                                                         (0 = 0.0%)
1  -O                                                                        (1 = 100.0%) {0.0%}
2  ... 

Histogram: Privacy.DIPS.DatabaseHealthMetricsTime recorded 1 samples, mean = 0.0 (flags = 0x41)
0  -O                                                                        (1 = 100.0%)
1  ... 

Histogram: Privacy.DIPS.DatabaseInit recorded 1 samples, mean = 1.0 (flags = 0x41)
0  O                                                                         (0 = 0.0%)
1  -O                                                                        (1 = 100.0%) {0.0%}
2  ... 

Histogram: Privacy.DIPS.DatabaseSize recorded 1 samples, mean = 36.0 (flags = 0x41)
0  -O                                                                        (1 = 100.0%)
1000... 

Histogram: Privacy.DoNotTrackSetting2 recorded 1 samples, mean = 0.0 (flags = 0x41)
0  -O                                                                        (1 = 100.0%)
1  ... 

Histogram: Privacy.ThirdPartyCookieBlockingSetting.RegularProfile recorded 1 samples, mean = 0.0 (flags = 0x41)
0  -O                                                                        (1 = 100.0%)
1  ... 

Histogram: PrivacyBudget.Identifiability.FinchConfigValidationResult recorded 1 samples, mean = 1.0 (flags = 0x41)
0  O                                                                         (0 = 0.0%)
1  -O                                                                        (1 = 100.0%) {0.0%}
2  O                                                                         (0 = 0.0%) {100.0%}

Histogram: PrivacyBudget.Identifiability.RecordedSample recorded 91 samples, mean = 0.0 (flags = 0x41)
0  ------------------------------------------------------------------------O (91 = 100.0%)
1  ... 

Histogram: PrivacySandbox.NoticeRequirement.IsVariationCountryEmpty recorded 3 samples, mean = 1.0 (flags = 0x41)
0  O                                                                         (0 = 0.0%)
1  ---O                                                                      (3 = 100.0%) {0.0%}
2  O                                                                         (0 = 0.0%) {100.0%}

Histogram: PrivacySandbox.NoticeRequirement.IsVariationServiceReady recorded 3 samples, mean = 1.0 (flags = 0x41)
0  O                                                                         (0 = 0.0%)
1  ---O                                                                      (3 = 100.0%) {0.0%}
2  O                                                                         (0 = 0.0%) {100.0%}

Histogram: PrivacySandbox.TrackingProtection.OnboardingStartup.State recorded 1 samples, mean = 0.0 (flags = 0x41)
0  -O                                                                        (1 = 100.0%)
1  ... 

Histogram: PrivacySandbox.TrackingProtection.SilentOnboardingStartup.State recorded 1 samples, mean = 0.0 (flags = 0x41)
0  -O                                                                        (1 = 100.0%)
1  ... 

Histogram: Profile.AppCount recorded 1 samples, mean = 0.0 (flags = 0x41)
0  -O                                                                        (1 = 100.0%)
1  ... 

Histogram: Profile.BookmarksSize recorded 1 samples, mean = 0.0 (flags = 0x41)
0  -O                                                                        (1 = 100.0%)
1  ... 

Histogram: Profile.CookiesSize recorded 1 samples, mean = 0.0 (flags = 0x41)
0  -O                                                                        (1 = 100.0%)
1  ... 

Histogram: Profile.Destroyer.OffTheRecord recorded 1 samples, mean = 1.0 (flags = 0x41)
0  O                                                                         (0 = 0.0%)
1  -O                                                                        (1 = 100.0%) {0.0%}
2  ... 

Histogram: Profile.DidDestroyProfileBeforeShutdown recorded 1 samples, mean = 0.0 (flags = 0x41)
0  -O                                                                        (1 = 100.0%)
1  ... 

Histogram: Profile.ExtensionSize recorded 1 samples, mean = 0.0 (flags = 0x41)
0  -O                                                                        (1 = 100.0%)
1  ... 

Histogram: Profile.FaviconsSize recorded 1 samples, mean = 0.0 (flags = 0x41)
0  -O                                                                        (1 = 100.0%)
1  ... 

Histogram: Profile.HistorySize recorded 1 samples, mean = 0.0 (flags = 0x41)
0  -O                                                                        (1 = 100.0%)
1  ... 

Histogram: Profile.KeepAliveLeakAtShutdown recorded 2 samples, mean = 3.5 (flags = 0x41)
0  -O                                                                        (1 = 50.0%)
1  ... 
7  -O                                                                        (1 = 50.0%) {50.0%}
8  ... 

Histogram: Profile.LiveProfileCount recorded 12 samples, mean = 1.0 (flags = 0x41)
0  O                                                                         (0 = 0.0%)
1  ------------O                                                             (12 = 100.0%) {0.0%}
2  ... 

Histogram: Profile.TopSitesSize recorded 1 samples, mean = 0.0 (flags = 0x41)
0  -O                                                                        (1 = 100.0%)
1  ... 

Histogram: Profile.TotalHistorySize recorded 1 samples, mean = 0.0 (flags = 0x41)
0  -O                                                                        (1 = 100.0%)
1  ... 

Histogram: Profile.TotalSize recorded 1 samples, mean = 0.0 (flags = 0x41)
0  -O                                                                        (1 = 100.0%)
1  ... 

Histogram: Profile.TotalSizeRecursive recorded 1 samples, mean = 16.0 (flags = 0x41)
0   ... 
14  -O                                                                        (1 = 100.0%) {0.0%}
17  ... 

Histogram: Profile.TriggeredReset recorded 1 samples, mean = 0.0 (flags = 0x41)
0  -O                                                                        (1 = 100.0%)
1  ... 

Histogram: Profile.VisitedLinksSize recorded 1 samples, mean = 0.0 (flags = 0x41)
0  -O                                                                        (1 = 100.0%)
1  ... 

Histogram: Profile.WebDataSize recorded 1 samples, mean = 0.0 (flags = 0x41)
0  -O                                                                        (1 = 100.0%)
1  ... 

Histogram: Profile.ZombieProfileCount recorded 12 samples, mean = 0.0 (flags = 0x41)
0  ------------O                                                             (12 = 100.0%)
1  ... 

Histogram: ProfilePicker.StartupMode.CreateInitialProfile recorded 1 samples, mean = 0.0 (flags = 0x41)
0  -O                                                                        (1 = 100.0%)
1  ... 

Histogram: ProfilePicker.StartupMode.GetStartupProfile recorded 1 samples, mean = 0.0 (flags = 0x41)
0  -O                                                                        (1 = 100.0%)
1  ... 

Histogram: ProfilePicker.StartupReason.GetStartupProfile recorded 1 samples, mean = 27.0 (flags = 0x41)
0   ... 
27  -O                                                                        (1 = 100.0%) {0.0%}
28  ... 

Histogram: ProtoDB.DestroySuccess.DownloadDB recorded 3 samples, mean = 1.0 (flags = 0x41)
0  O                                                                         (0 = 0.0%)
1  ---O                                                                      (3 = 100.0%) {0.0%}
2  O                                                                         (0 = 0.0%) {100.0%}

Histogram: ProtoDB.DestroySuccess.DownloadService recorded 1 samples, mean = 1.0 (flags = 0x41)
0  O                                                                         (0 = 0.0%)
1  -O                                                                        (1 = 100.0%) {0.0%}
2  O                                                                         (0 = 0.0%) {100.0%}

Histogram: ProtoDB.DestroySuccess.PreviewsHintCacheStore recorded 1 samples, mean = 1.0 (flags = 0x41)
0  O                                                                         (0 = 0.0%)
1  -O                                                                        (1 = 100.0%) {0.0%}
2  O                                                                         (0 = 0.0%) {100.0%}

Histogram: ProtoDB.InitStatus.BudgetManager recorded 1 samples, mean = 4.0 (flags = 0x41)
0  ... 
4  -O                                                                        (1 = 100.0%) {0.0%}
5  ... 

Histogram: ProtoDB.InitStatus.CartDatabase recorded 1 samples, mean = 4.0 (flags = 0x41)
0  ... 
4  -O                                                                        (1 = 100.0%) {0.0%}
5  ... 

Histogram: ProtoDB.InitStatus.ClientCertificatesDatabase recorded 1 samples, mean = 4.0 (flags = 0x41)
0  ... 
4  -O                                                                        (1 = 100.0%) {0.0%}
5  ... 

Histogram: ProtoDB.InitStatus.CommerceParcelTrackingDatabase recorded 1 samples, mean = 4.0 (flags = 0x41)
0  ... 
4  -O                                                                        (1 = 100.0%) {0.0%}
5  ... 

Histogram: ProtoDB.InitStatus.CommerceSubscriptionDatabase recorded 1 samples, mean = 4.0 (flags = 0x41)
0  ... 
4  -O                                                                        (1 = 100.0%) {0.0%}
5  ... 

Histogram: ProtoDB.InitStatus.CouponDatabase recorded 1 samples, mean = 4.0 (flags = 0x41)
0  ... 
4  -O                                                                        (1 = 100.0%) {0.0%}
5  ... 

Histogram: ProtoDB.InitStatus.DiscountsDatabase recorded 1 samples, mean = 4.0 (flags = 0x41)
0  ... 
4  -O                                                                        (1 = 100.0%) {0.0%}
5  ... 

Histogram: ProtoDB.InitStatus.DownloadDB recorded 3 samples, mean = 4.0 (flags = 0x41)
0  ... 
4  ---O                                                                      (3 = 100.0%) {0.0%}
5  ... 

Histogram: ProtoDB.InitStatus.DownloadService recorded 2 samples, mean = 4.0 (flags = 0x41)
0  ... 
4  --O                                                                       (2 = 100.0%) {0.0%}
5  ... 

Histogram: ProtoDB.InitStatus.FeatureEngagementTrackerAvailabilityStore recorded 1 samples, mean = 4.0 (flags = 0x41)
0  ... 
4  -O                                                                        (1 = 100.0%) {0.0%}
5  ... 

Histogram: ProtoDB.InitStatus.FeatureEngagementTrackerEventStore recorded 1 samples, mean = 4.0 (flags = 0x41)
0  ... 
4  -O                                                                        (1 = 100.0%) {0.0%}
5  ... 

Histogram: ProtoDB.InitStatus.Metadata recorded 4 samples, mean = 5.0 (flags = 0x41)
0  ... 
5  ----O                                                                     (4 = 100.0%) {0.0%}
6  O                                                                         (0 = 0.0%) {100.0%}

Histogram: ProtoDB.InitStatus.PersistentOriginTrials recorded 1 samples, mean = 4.0 (flags = 0x41)
0  ... 
4  -O                                                                        (1 = 100.0%) {0.0%}
5  ... 

Histogram: ProtoDB.InitStatus.PreviewsHintCacheStore recorded 1 samples, mean = 4.0 (flags = 0x41)
0  ... 
4  -O                                                                        (1 = 100.0%) {0.0%}
5  ... 

Histogram: ProtoDB.InitStatus.SegmentInfoDatabase recorded 1 samples, mean = 4.0 (flags = 0x41)
0  ... 
4  -O                                                                        (1 = 100.0%) {0.0%}
5  ... 

Histogram: ProtoDB.InitStatus.SignalDatabase recorded 1 samples, mean = 4.0 (flags = 0x41)
0  ... 
4  -O                                                                        (1 = 100.0%) {0.0%}
5  ... 

Histogram: ProtoDB.InitStatus.SignalStorageConfigDatabase recorded 1 samples, mean = 4.0 (flags = 0x41)
0  ... 
4  -O                                                                        (1 = 100.0%) {0.0%}
5  ... 

Histogram: ProtoDB.InitStatus.StrikeService recorded 4 samples, mean = 4.0 (flags = 0x41)
0  ... 
4  ----O                                                                     (4 = 100.0%) {0.0%}
5  ... 

Histogram: ProtoDB.SharedDbInitStatus recorded 77 samples, mean = 9.4 (flags = 0x41)
0   ---------------------------O                                              (27 = 35.1%)
1   ... 
3   -----------------------O                                                  (23 = 29.9%) {35.1%}
4   ... 
24  -----------------------O                                                  (23 = 29.9%) {64.9%}
25  O                                                                         (0 = 0.0%) {94.8%}
26  ----O                                                                     (4 = 5.2%) {94.8%}
27  ... 

Histogram: Quota.AvailableDiskSpace recorded 18 samples, mean = 347230.2 (flags = 0x41)
0       ... 
303278  ------------------O                                                       (18 = 100.0%) {0.0%}
353788  ... 

Histogram: Quota.AvailableDiskSpace2 recorded 6 samples, mean = 347086.0 (flags = 0x41)
0       ... 
303278  ------O                                                                   (6 = 100.0%) {0.0%}
353788  ... 

Histogram: Quota.EvictedBucketsPerHour recorded 6 samples, mean = 0.0 (flags = 0x41)
0  ------O                                                                   (6 = 100.0%)
1  ... 

Histogram: Quota.EvictionRoundsPerHour recorded 6 samples, mean = 2.0 (flags = 0x41)
0  ... 
2  ------O                                                                   (6 = 100.0%) {0.0%}
3  ... 

Histogram: Quota.GlobalTemporaryPoolSize recorded 13 samples, mean = 761311.0 (flags = 0x41)
0       ... 
655169  -------------O                                                            (13 = 100.0%) {0.0%}
764286  ... 

Histogram: Quota.GlobalUsageOfTemporaryStorage recorded 6 samples, mean = 0.0 (flags = 0x41)
0  ------O                                                                   (6 = 100.0%)
1  ... 

Histogram: Quota.PercentDiskAvailable recorded 18 samples, mean = 36.0 (flags = 0x41)
0   ... 
36  ------------------O                                                       (18 = 100.0%) {0.0%}
37  ... 

Histogram: Quota.PercentDiskAvailable2 recorded 6 samples, mean = 36.0 (flags = 0x41)
0   ... 
36  ------O                                                                   (6 = 100.0%) {0.0%}
37  ... 

Histogram: Quota.PercentUsedForTemporaryStorage2 recorded 6 samples, mean = 0.0 (flags = 0x41)
0  ------O                                                                   (6 = 100.0%)
1  ... 

Histogram: Quota.SkippedEvictionRoundsPerHour recorded 6 samples, mean = 2.0 (flags = 0x41)
0  ... 
2  ------O                                                                   (6 = 100.0%) {0.0%}
3  ... 

Histogram: Quota.StorageKeyNonceCount recorded 6 samples, mean = 0.0 (flags = 0x41)
0  ------O                                                                   (6 = 100.0%)
1  ... 

Histogram: Quota.TotalBucketCount recorded 6 samples, mean = 0.0 (flags = 0x41)
0  ------O                                                                   (6 = 100.0%)
1  ... 

Histogram: Quota.TotalDiskSpace recorded 18 samples, mean = 951638.0 (flags = 0x41)
0       ... 
891576  ------------------O                                                       (18 = 100.0%) {0.0%}
1040066 ... 

Histogram: Quota.TotalDiskSpaceIsZero recorded 13 samples, mean = 0.0 (flags = 0x41)
0  -------------O                                                            (13 = 100.0%)
1  ... 

Histogram: Renderer.BrowserLaunchToRunLoopStart recorded 1 samples, mean = 143.0 (flags = 0x41)
0    ... 
135  -O                                                                        (1 = 100.0%) {0.0%}
160  ... 

Histogram: Renderer.Core.Timing.Performance.SwapsPerPerformanceEntryInsertion recorded 52 samples, mean = 1.4 (flags = 0x41)
0   ----------------------------------O                                       (34 = 65.4%)
1   -----O                                                                    (5 = 9.6%) {65.4%}
2   ---O                                                                      (3 = 5.8%) {75.0%}
3   ---O                                                                      (3 = 5.8%) {80.8%}
4   --O                                                                       (2 = 3.8%) {86.5%}
5   ... 
7   ---O                                                                      (3 = 5.8%) {90.4%}
8   O                                                                         (0 = 0.0%) {96.2%}
9   -O                                                                        (1 = 1.9%) {96.2%}
10  ... 
12  -O                                                                        (1 = 1.9%) {98.1%}
14  ... 

Histogram: Renderer.CriticalFonts.BlockingResourcesLoadTime recorded 1 samples, mean = 15713.0 (flags = 0x41)
0      ... 
10000  -O                                                                        (1 = 100.0%) {0.0%}

Histogram: Renderer.CriticalFonts.CriticalFontDelay recorded 1 samples, mean = 0.0 (flags = 0x41)
0  -O                                                                        (1 = 100.0%)
1  ... 

Histogram: Renderer.CriticalFonts.PreloadedFontsLoadTime recorded 1 samples, mean = 14441.0 (flags = 0x41)
0      ... 
10000  -O                                                                        (1 = 100.0%) {0.0%}

Histogram: Renderer.Font.PrimaryFont.DomContentLoaded recorded 1 samples, mean = 0.0 (flags = 0x41)
0  -O                                                                        (1 = 100.0%)
1  ... 

Histogram: Renderer.Font.PrimaryFont.DomContentLoaded.Style recorded 1 samples, mean = 0.0 (flags = 0x41)
0  -O                                                                        (1 = 100.0%)
1  ... 

Histogram: Renderer.Font.SystemFallback.DomContentLoaded recorded 1 samples, mean = 0.0 (flags = 0x41)
0  -O                                                                        (1 = 100.0%)
1  ... 

Histogram: Renderer.Layout.TextWrapBalance recorded 4 samples, mean = 0.8 (flags = 0x41)
0  ---O                                                                      (3 = 75.0%)
1  ... 
3  -O                                                                        (1 = 25.0%) {75.0%}
4  ... 

Histogram: Renderer.ProcessLifetime3 recorded 3 samples, mean = 15451944.0 (flags = 0x41)
0         ... 
7186      -O                                                                        (1 = 33.3%) {0.0%}
8070      ... 
21481176  --O                                                                       (2 = 66.7%) {33.3%}
24122891  ... 

Histogram: Renderer.ProcessLifetime3.Empty recorded 1 samples, mean = 23170576.0 (flags = 0x41)
0         ... 
21481176  -O                                                                        (1 = 100.0%) {0.0%}
24122891  ... 

Histogram: Renderer.ProcessLifetime3.MainFrame recorded 1 samples, mean = 23177872.0 (flags = 0x41)
0         ... 
21481176  -O                                                                        (1 = 100.0%) {0.0%}
24122891  ... 

Histogram: Renderer.ProcessLifetime3.Speculative recorded 1 samples, mean = 7386.0 (flags = 0x41)
0     ... 
7186  -O                                                                        (1 = 100.0%) {0.0%}
8070  ... 

Histogram: Renderer.ReduceSubresourceResponseIPC.DidNotifyBrowser recorded 47 samples, mean = 1.0 (flags = 0x41)
0  O                                                                         (0 = 0.0%)
1  -----------------------------------------------O                          (47 = 100.0%) {0.0%}
2  O                                                                         (0 = 0.0%) {100.0%}

Histogram: Renderer.RenderThreadImpl.Init recorded 1 samples, mean = 18.0 (flags = 0x41)
0   ... 
17  -O                                                                        (1 = 100.0%) {0.0%}
20  ... 

Histogram: Renderer4.GpuRasterizationEnabled recorded 1 samples, mean = 1.0 (flags = 0x41)
0  O                                                                         (0 = 0.0%)
1  -O                                                                        (1 = 100.0%) {0.0%}
2  O                                                                         (0 = 0.0%) {100.0%}

Histogram: RendererScheduler.RendererMainThreadLoad5 recorded 14564 samples, mean = 0.0 (flags = 0x41)
0    ------------------------------------------------------------------------O (14551 = 99.9%)
1    O                                                                         (0 = 0.0%) {99.9%}
2    O                                                                         (1 = 0.0%) {99.9%}
3    ... 
5    O                                                                         (1 = 0.0%) {99.9%}
6    ... 
13   O                                                                         (1 = 0.0%) {99.9%}
14   ... 
17   O                                                                         (1 = 0.0%) {99.9%}
18   ... 
25   O                                                                         (1 = 0.0%) {99.9%}
26   ... 
31   O                                                                         (1 = 0.0%) {99.9%}
32   ... 
34   O                                                                         (1 = 0.0%) {100.0%}
35   ... 
93   O                                                                         (1 = 0.0%) {100.0%}
94   ... 
100  O                                                                         (5 = 0.0%) {100.0%}
101  O                                                                         (0 = 0.0%) {100.0%}

Histogram: RendererScheduler.RendererMainThreadLoad5.Background recorded 7275 samples, mean = 0.0 (flags = 0x41)
0  ------------------------------------------------------------------------O (7275 = 100.0%)
1  ... 

Histogram: RendererScheduler.RendererMainThreadLoad5.Background.AfterFifthMinute recorded 6969 samples, mean = 0.0 (flags = 0x41)
0  ------------------------------------------------------------------------O (6969 = 100.0%)
1  ... 

Histogram: RendererScheduler.RendererMainThreadLoad5.Background.AfterFirstMinute recorded 7209 samples, mean = 0.0 (flags = 0x41)
0  ------------------------------------------------------------------------O (7209 = 100.0%)
1  ... 

Histogram: RendererScheduler.RendererMainThreadLoad5.Background.AfterTenthMinute recorded 6669 samples, mean = 0.0 (flags = 0x41)
0  ------------------------------------------------------------------------O (6669 = 100.0%)
1  ... 

Histogram: RendererScheduler.RendererMainThreadLoad5.Foreground recorded 14 samples, mean = 44.8 (flags = 0x41)
0    -------O                                                                  (7 = 50.0%)
1    ... 
34   -O                                                                        (1 = 7.1%) {50.0%}
35   ... 
93   -O                                                                        (1 = 7.1%) {57.1%}
94   ... 
100  -----O                                                                    (5 = 35.7%) {64.3%}
101  O                                                                         (0 = 0.0%) {100.0%}

Histogram: RendererScheduler.RendererMainThreadLoad5.Foreground.AfterFirstMinute recorded 7209 samples, mean = 0.0 (flags = 0x41)
0  ------------------------------------------------------------------------O (7209 = 100.0%)
1  ... 

Histogram: ReportingAndNEL.NumberOfLoadedNELPolicies recorded 1 samples, mean = 0.0 (flags = 0x41)
0  -O                                                                        (1 = 100.0%)
1  ... 

Histogram: ReportingAndNEL.NumberOfLoadedNELPolicies2 recorded 1 samples, mean = 0.0 (flags = 0x41)
0  -O                                                                        (1 = 100.0%)
1  ... 

Histogram: ReportingAndNEL.TimeInitializeDB recorded 1 samples, mean = 5.0 (flags = 0x41)
0  ... 
5  -O                                                                        (1 = 100.0%) {0.0%}
6  ... 

Histogram: ResourceScheduler.RequestQueuingDuration.Priority1 recorded 3 samples, mean = 0.0 (flags = 0x41)
0  ---O                                                                      (3 = 100.0%)
1  ... 

Histogram: ResourceScheduler.RequestQueuingDuration.Priority2 recorded 29 samples, mean = 6.7 (flags = 0x41)
0   ---------------------------O                                              (27 = 93.1%)
1   ... 
84  --O                                                                       (2 = 6.9%) {93.1%}
107 ... 

Histogram: ResourceScheduler.RequestQueuingDuration.Priority3 recorded 1 samples, mean = 144.0 (flags = 0x41)
0    ... 
136  -O                                                                        (1 = 100.0%) {0.0%}
173  ... 

Histogram: ResourceScheduler.RequestQueuingDuration.Priority4 recorded 7 samples, mean = 0.0 (flags = 0x41)
0  -------O                                                                  (7 = 100.0%)
1  ... 

Histogram: ResourceScheduler.RequestQueuingDuration.Priority5 recorded 13 samples, mean = 0.0 (flags = 0x41)
0  -------------O                                                            (13 = 100.0%)
1  ... 

Histogram: SBClientPhishing.Classifier.Event recorded 2 samples, mean = 1.0 (flags = 0x41)
0  O                                                                         (0 = 0.0%)
1  --O                                                                       (2 = 100.0%) {0.0%}
2  ... 

Histogram: SBClientPhishing.HighConfidenceAllowlistCheckDuration recorded 1 samples, mean = 69.0 (flags = 0x41)
0   ... 
66  -O                                                                        (1 = 100.0%) {0.0%}
84  ... 

Histogram: SBClientPhishing.ImageEmbedder.Event recorded 2 samples, mean = 1.0 (flags = 0x41)
0  O                                                                         (0 = 0.0%)
1  --O                                                                       (2 = 100.0%) {0.0%}
2  ... 

Histogram: SBClientPhishing.LoadReportTimesFromPrefAtServiceCreationSuccessful recorded 1 samples, mean = 1.0 (flags = 0x41)
0  O                                                                         (0 = 0.0%)
1  -O                                                                        (1 = 100.0%) {0.0%}
2  O                                                                         (0 = 0.0%) {100.0%}

Histogram: SBClientPhishing.MatchHighConfidenceAllowlist recorded 1 samples, mean = 3.0 (flags = 0x41)
0  ... 
3  -O                                                                        (1 = 100.0%) {0.0%}
4  O                                                                         (0 = 0.0%) {100.0%}

Histogram: SBClientPhishing.MatchHighConfidenceAllowlist.TriggerModel recorded 1 samples, mean = 3.0 (flags = 0x41)
0  ... 
3  -O                                                                        (1 = 100.0%) {0.0%}
4  O                                                                         (0 = 0.0%) {100.0%}

Histogram: SBClientPhishing.PreClassificationCheckResult recorded 1 samples, mean = 3.0 (flags = 0x41)
0  ... 
3  -O                                                                        (1 = 100.0%) {0.0%}
4  ... 

Histogram: SBIRS.DroppedIncident recorded 2 samples, mean = 1.0 (flags = 0x41)
0  O                                                                         (0 = 0.0%)
1  --O                                                                       (2 = 100.0%) {0.0%}
2  ... 

Histogram: SBIRS.ReceivedIncident recorded 2 samples, mean = 1.0 (flags = 0x41)
0  O                                                                         (0 = 0.0%)
1  --O                                                                       (2 = 100.0%) {0.0%}
2  ... 

Histogram: SSL.Experimental.SubresourceResponse recorded 47 samples, mean = 0.0 (flags = 0x41)
0  -----------------------------------------------O                          (47 = 100.0%)
1  ... 

Histogram: SafeBrowsing.AsyncCheck.CommittedNavigationIdsSize recorded 5 samples, mean = 1.6 (flags = 0x41)
0  -O                                                                        (1 = 20.0%)
1  -O                                                                        (1 = 20.0%) {20.0%}
2  --O                                                                       (2 = 40.0%) {40.0%}
3  -O                                                                        (1 = 20.0%) {80.0%}
4  ... 

Histogram: SafeBrowsing.BrowserThrottle.CheckerOnIOLifetime recorded 1 samples, mean = 7234.0 (flags = 0x41)
0     ... 
6296  -O                                                                        (1 = 100.0%) {0.0%}
8000  ... 

Histogram: SafeBrowsing.BrowserThrottle.IntervalBetweenStartAndProcess recorded 1 samples, mean = 7234.0 (flags = 0x41)
0     ... 
7083  -O                                                                        (1 = 100.0%) {0.0%}
8416  ... 

Histogram: SafeBrowsing.BrowserThrottle.IntervalBetweenStartAndProcess.FromNetwork recorded 1 samples, mean = 7234.0 (flags = 0x41)
0     ... 
7083  -O                                                                        (1 = 100.0%) {0.0%}
8416  ... 

Histogram: SafeBrowsing.BrowserThrottle.IsCheckCompletedOnProcessResponse recorded 1 samples, mean = 1.0 (flags = 0x41)
0  O                                                                         (0 = 0.0%)
1  -O                                                                        (1 = 100.0%) {0.0%}
2  O                                                                         (0 = 0.0%) {100.0%}

Histogram: SafeBrowsing.BrowserThrottle.RequestDestination recorded 1 samples, mean = 3.0 (flags = 0x41)
0  ... 
3  -O                                                                        (1 = 100.0%) {0.0%}
4  ... 

Histogram: SafeBrowsing.BrowserThrottle.RequestDestination.Checked recorded 1 samples, mean = 3.0 (flags = 0x41)
0  ... 
3  -O                                                                        (1 = 100.0%) {0.0%}
4  ... 

Histogram: SafeBrowsing.BrowserThrottle.TotalDelay2.FromNetwork recorded 1 samples, mean = 0.0 (flags = 0x41)
0  -O                                                                        (1 = 100.0%)
1  ... 

Histogram: SafeBrowsing.BrowserThrottle.TotalDelay2.HashPrefixDatabaseCheck recorded 2 samples, mean = 0.0 (flags = 0x41)
0  --O                                                                       (2 = 100.0%)
1  ... 

Histogram: SafeBrowsing.BrowserThrottle.WillProcessResponseCount recorded 1 samples, mean = 1.0 (flags = 0x41)
0  O                                                                         (0 = 0.0%)
1  -O                                                                        (1 = 100.0%) {0.0%}
2  ... 

Histogram: SafeBrowsing.CheckBrowseUrl.HasLocalMatch recorded 2 samples, mean = 1.0 (flags = 0x41)
0  O                                                                         (0 = 0.0%)
1  --O                                                                       (2 = 100.0%) {0.0%}
2  O                                                                         (0 = 0.0%) {100.0%}

Histogram: SafeBrowsing.CheckUrl.Action recorded 2 samples, mean = 0.0 (flags = 0x41)
0  --O                                                                       (2 = 100.0%)
1  ... 

Histogram: SafeBrowsing.CheckUrl.FirstRequestThreatType2 recorded 1 samples, mean = 1.0 (flags = 0x41)
0  O                                                                         (0 = 0.0%)
1  -O                                                                        (1 = 100.0%) {0.0%}
2  ... 

Histogram: SafeBrowsing.CheckUrl.FirstRequestThreatType2.LocalPVer4 recorded 1 samples, mean = 1.0 (flags = 0x41)
0  O                                                                         (0 = 0.0%)
1  -O                                                                        (1 = 100.0%) {0.0%}
2  ... 

Histogram: SafeBrowsing.CheckUrl.FirstRequestTimedOut recorded 1 samples, mean = 0.0 (flags = 0x41)
0  -O                                                                        (1 = 100.0%)
1  ... 

Histogram: SafeBrowsing.CheckUrl.FirstRequestTimedOut.LocalPVer4 recorded 1 samples, mean = 0.0 (flags = 0x41)
0  -O                                                                        (1 = 100.0%)
1  ... 

Histogram: SafeBrowsing.CheckUrl.IsDocumentCheckPrefetch recorded 2 samples, mean = 0.0 (flags = 0x41)
0  --O                                                                       (2 = 100.0%)
1  ... 

Histogram: SafeBrowsing.CheckUrl.TimeTaken.HashDatabase recorded 2 samples, mean = 2678.5 (flags = 0x41)
0     ... 
2     -O                                                                        (1 = 50.0%) {0.0%}
3     ... 
5017  -O                                                                        (1 = 50.0%) {50.0%}
5961  ... 

Histogram: SafeBrowsing.CheckUrl.Timeout recorded 2 samples, mean = 0.0 (flags = 0x41)
0  --O                                                                       (2 = 100.0%)
1  ... 

Histogram: SafeBrowsing.CheckUrl.UrlScheme recorded 2 samples, mean = 10.0 (flags = 0x41)
0   ... 
10  --O                                                                       (2 = 100.0%) {0.0%}
11  ... 

Histogram: SafeBrowsing.ClientSidePhishingDetection.AllowlistMatchResult recorded 1 samples, mean = 1.0 (flags = 0x41)
0  O                                                                         (0 = 0.0%)
1  -O                                                                        (1 = 100.0%) {0.0%}
2  ... 

Histogram: SafeBrowsing.FileTypeUpdate.ResourceBundleResult recorded 1 samples (flags = 0x41)
1  -O                                                                        (1 = 100.0%)

Histogram: SafeBrowsing.FileTypeUpdate.ResourceBundleVersion recorded 1 samples (flags = 0x41)
66  -O                                                                        (1 = 100.0%)

Histogram: SafeBrowsing.HPRT.Cache.FullHashCount recorded 13 samples, mean = 0.0 (flags = 0x41)
0  -------------O                                                            (13 = 100.0%)
1  ... 

Histogram: SafeBrowsing.HPRT.Cache.HashPrefixCount recorded 13 samples, mean = 0.0 (flags = 0x41)
0  -------------O                                                            (13 = 100.0%)
1  ... 

Histogram: SafeBrowsing.HPRT.Ineligible.FeatureOff recorded 1 samples, mean = 0.0 (flags = 0x41)
0  -O                                                                        (1 = 100.0%)
1  ... 

Histogram: SafeBrowsing.HPRT.Ineligible.IneligibleForLocation recorded 1 samples, mean = 0.0 (flags = 0x41)
0  -O                                                                        (1 = 100.0%)
1  ... 

Histogram: SafeBrowsing.HPRT.Ineligible.IneligibleForSessionOrLocation recorded 1 samples, mean = 1.0 (flags = 0x41)
0  O                                                                         (0 = 0.0%)
1  -O                                                                        (1 = 100.0%) {0.0%}
2  O                                                                         (0 = 0.0%) {100.0%}

Histogram: SafeBrowsing.HPRT.Ineligible.NoGoogleChromeBranding recorded 1 samples, mean = 1.0 (flags = 0x41)
0  O                                                                         (0 = 0.0%)
1  -O                                                                        (1 = 100.0%) {0.0%}
2  O                                                                         (0 = 0.0%) {100.0%}

Histogram: SafeBrowsing.HPRT.Ineligible.NotAllowedByPolicy recorded 1 samples, mean = 0.0 (flags = 0x41)
0  -O                                                                        (1 = 100.0%)
1  ... 

Histogram: SafeBrowsing.HPRT.Ineligible.NotStandardProtection recorded 1 samples, mean = 0.0 (flags = 0x41)
0  -O                                                                        (1 = 100.0%)
1  ... 

Histogram: SafeBrowsing.HPRT.Ineligible.OffTheRecord recorded 1 samples, mean = 0.0 (flags = 0x41)
0  -O                                                                        (1 = 100.0%)
1  ... 

Histogram: SafeBrowsing.HasCookieAtStartup2 recorded 1 samples, mean = 0.0 (flags = 0x41)
0  -O                                                                        (1 = 100.0%)
1  ... 

Histogram: SafeBrowsing.PageLoadToken.TokenCount recorded 13 samples, mean = 0.0 (flags = 0x41)
0  -------------O                                                            (13 = 100.0%)
1  ... 

Histogram: SafeBrowsing.Pref.Enhanced recorded 1 samples, mean = 0.0 (flags = 0x41)
0  -O                                                                        (1 = 100.0%)
1  ... 

Histogram: SafeBrowsing.Pref.Enhanced.RegularProfile recorded 1 samples, mean = 0.0 (flags = 0x41)
0  -O                                                                        (1 = 100.0%)
1  ... 

Histogram: SafeBrowsing.Pref.Extended recorded 1 samples, mean = 0.0 (flags = 0x41)
0  -O                                                                        (1 = 100.0%)
1  ... 

Histogram: SafeBrowsing.Pref.General recorded 1 samples, mean = 1.0 (flags = 0x41)
0  O                                                                         (0 = 0.0%)
1  -O                                                                        (1 = 100.0%) {0.0%}
2  O                                                                         (0 = 0.0%) {100.0%}

Histogram: SafeBrowsing.RT.CacheManager.CleanUpTime recorded 13 samples, mean = 5.2 (flags = 0x41)
0   ------------O                                                             (12 = 92.3%)
1   ... 
68  -O                                                                        (1 = 7.7%) {92.3%}
81  ... 

Histogram: SafeBrowsing.RT.CanCheckDatabase recorded 2 samples, mean = 1.0 (flags = 0x41)
0  O                                                                         (0 = 0.0%)
1  --O                                                                       (2 = 100.0%) {0.0%}
2  O                                                                         (0 = 0.0%) {100.0%}

Histogram: SafeBrowsing.RT.ConsumerVersionReason recorded 2 samples, mean = 1.0 (flags = 0x41)
0  -O                                                                        (1 = 50.0%)
1  O                                                                         (0 = 0.0%) {50.0%}
2  -O                                                                        (1 = 50.0%) {50.0%}
3  ... 

Histogram: SafeBrowsing.RendererThrottle.IsCheckCompletedOnProcessResponse recorded 47 samples, mean = 1.0 (flags = 0x41)
0  O                                                                         (0 = 0.0%)
1  -----------------------------------------------O                          (47 = 100.0%) {0.0%}
2  O                                                                         (0 = 0.0%) {100.0%}

Histogram: SafeBrowsing.RendererThrottle.RequestDestination recorded 47 samples, mean = 10.5 (flags = 0x41)
0   -------O                                                                  (7 = 14.9%)
1   ... 
5   -----O                                                                    (5 = 10.6%) {14.9%}
6   ... 
8   -O                                                                        (1 = 2.1%) {25.5%}
9   -O                                                                        (1 = 2.1%) {27.7%}
10  ... 
13  --------------------------O                                               (26 = 55.3%) {29.8%}
14  ... 
16  -------O                                                                  (7 = 14.9%) {85.1%}
17  ... 

Histogram: SafeBrowsing.V4Database.Size recorded 1 samples, mean = 0.0 (flags = 0x41)
0  -O                                                                        (1 = 100.0%)
1  ... 

Histogram: SafeBrowsing.V4Database.Size.ChromeExtMalware recorded 1 samples, mean = 0.0 (flags = 0x41)
0  -O                                                                        (1 = 100.0%)
1  ... 

Histogram: SafeBrowsing.V4Database.Size.UrlBilling recorded 1 samples, mean = 0.0 (flags = 0x41)
0  -O                                                                        (1 = 100.0%)
1  ... 

Histogram: SafeBrowsing.V4Database.Size.UrlCsdDownloadAllowlist recorded 1 samples, mean = 0.0 (flags = 0x41)
0  -O                                                                        (1 = 100.0%)
1  ... 

Histogram: SafeBrowsing.V4Database.Size.UrlMalBin recorded 1 samples, mean = 0.0 (flags = 0x41)
0  -O                                                                        (1 = 100.0%)
1  ... 

Histogram: SafeBrowsing.V4Database.Size.UrlMalware recorded 1 samples, mean = 0.0 (flags = 0x41)
0  -O                                                                        (1 = 100.0%)
1  ... 

Histogram: SafeBrowsing.V4Database.Size.UrlSoceng recorded 1 samples, mean = 0.0 (flags = 0x41)
0  -O                                                                        (1 = 100.0%)
1  ... 

Histogram: SafeBrowsing.V4Database.Size.UrlUws recorded 1 samples, mean = 0.0 (flags = 0x41)
0  -O                                                                        (1 = 100.0%)
1  ... 

Histogram: SafeBrowsing.V4Database.SizeLinear recorded 1 samples, mean = 0.0 (flags = 0x41)
0  -O                                                                        (1 = 100.0%)
1  ... 

Histogram: SafeBrowsing.V4Database.SizeLinear.ChromeExtMalware recorded 1 samples, mean = 0.0 (flags = 0x41)
0  -O                                                                        (1 = 100.0%)
1  ... 

Histogram: SafeBrowsing.V4Database.SizeLinear.UrlMalBin recorded 1 samples, mean = 0.0 (flags = 0x41)
0  -O                                                                        (1 = 100.0%)
1  ... 

Histogram: SafeBrowsing.V4Database.SizeLinear.UrlSoceng recorded 1 samples, mean = 0.0 (flags = 0x41)
0  -O                                                                        (1 = 100.0%)
1  ... 

Histogram: SafeBrowsing.V4DatabaseInitializationTime recorded 1 samples, mean = 7145.0 (flags = 0x41)
0     ... 
7083  -O                                                                        (1 = 100.0%) {0.0%}
8416  ... 

Histogram: SafeBrowsing.V4Store.IsStoreValid recorded 7 samples, mean = 0.0 (flags = 0x41)
0  -------O                                                                  (7 = 100.0%)
1  ... 

Histogram: SafeBrowsing.V4Store.IsStoreValid.ChromeExtMalware recorded 1 samples, mean = 0.0 (flags = 0x41)
0  -O                                                                        (1 = 100.0%)
1  ... 

Histogram: SafeBrowsing.V4Store.IsStoreValid.UrlBilling recorded 1 samples, mean = 0.0 (flags = 0x41)
0  -O                                                                        (1 = 100.0%)
1  ... 

Histogram: SafeBrowsing.V4Store.IsStoreValid.UrlCsdDownloadAllowlist recorded 1 samples, mean = 0.0 (flags = 0x41)
0  -O                                                                        (1 = 100.0%)
1  ... 

Histogram: SafeBrowsing.V4Store.IsStoreValid.UrlMalBin recorded 1 samples, mean = 0.0 (flags = 0x41)
0  -O                                                                        (1 = 100.0%)
1  ... 

Histogram: SafeBrowsing.V4Store.IsStoreValid.UrlMalware recorded 1 samples, mean = 0.0 (flags = 0x41)
0  -O                                                                        (1 = 100.0%)
1  ... 

Histogram: SafeBrowsing.V4Store.IsStoreValid.UrlSoceng recorded 1 samples, mean = 0.0 (flags = 0x41)
0  -O                                                                        (1 = 100.0%)
1  ... 

Histogram: SafeBrowsing.V4Store.IsStoreValid.UrlUws recorded 1 samples, mean = 0.0 (flags = 0x41)
0  -O                                                                        (1 = 100.0%)
1  ... 

Histogram: SafeBrowsing.V4Store.ReadyOnStartup recorded 7 samples, mean = 0.0 (flags = 0x41)
0  -------O                                                                  (7 = 100.0%)
1  ... 

Histogram: SafeBrowsing.V4StoreRead.Result recorded 7 samples, mean = 2.0 (flags = 0x41)
0  ... 
2  -------O                                                                  (7 = 100.0%) {0.0%}
3  ... 

Histogram: Scheduling.MessagePumpTimeKeeper.BrowserIO recorded 400 samples, mean = 4.0 (flags = 0x41)
0  O                                                                         (0 = 0.0%)
1  ------------------------O                                                 (100 = 25.0%) {0.0%}
2  ... 
5  ------------------------------------------------------------------------O (300 = 75.0%) {25.0%}
6  ... 

Histogram: Scheduling.MessagePumpTimeKeeper.BrowserUI recorded 152905 samples, mean = 1.3 (flags = 0x41)
0  O                                                                         (0 = 0.0%)
1  ------------------------------------------------------------------------O (136075 = 89.0%) {0.0%}
2  ----O                                                                     (8500 = 5.6%) {89.0%}
3  O                                                                         (0 = 0.0%) {94.6%}
4  --O                                                                       (3400 = 2.2%) {94.6%}
5  ---O                                                                      (4930 = 3.2%) {96.8%}
6  ... 

Histogram: Scheduling.Renderer.DrawInterval2 recorded 1 samples, mean = 12177.0 (flags = 0x41)
0      ... 
11905  -O                                                                        (1 = 100.0%) {0.0%}
12500  ... 

Histogram: Scheduling.ThreadController.ActiveIntervalDuration.Any.BrowserIO recorded 3 samples, mean = 0.0 (flags = 0x41)
0  ---O                                                                      (3 = 100.0%)
1  ... 

Histogram: Scheduling.ThreadController.ActiveIntervalDuration.Any.BrowserUI recorded 427 samples, mean = 0.0 (flags = 0x41)
0  ------------------------------------------------------------------------O (424 = 99.3%)
1  O                                                                         (2 = 0.5%) {99.3%}
2  ... 
6  O                                                                         (1 = 0.2%) {99.8%}
7  ... 

Histogram: Scheduling.ThreadController.ActiveIntervalDuration.Any.Other recorded 127 samples, mean = 0.1 (flags = 0x41)
0  ------------------------------------------------------------------------O (122 = 96.1%)
1  -O                                                                        (2 = 1.6%) {96.1%}
2  -O                                                                        (1 = 0.8%) {97.6%}
3  ... 
6  -O                                                                        (1 = 0.8%) {98.4%}
7  O                                                                         (0 = 0.0%) {99.2%}
8  -O                                                                        (1 = 0.8%) {99.2%}
10 ... 

Histogram: Scheduling.ThreadController.ActiveIntervalDuration.Medium.BrowserUI recorded 3 samples, mean = 2.7 (flags = 0x41)
0  O                                                                         (0 = 0.0%)
1  --O                                                                       (2 = 66.7%) {0.0%}
2  ... 
6  -O                                                                        (1 = 33.3%) {66.7%}
7  ... 

Histogram: Scheduling.ThreadController.ActiveIntervalDuration.Medium.Other recorded 5 samples, mean = 3.6 (flags = 0x41)
0  O                                                                         (0 = 0.0%)
1  --O                                                                       (2 = 40.0%) {0.0%}
2  -O                                                                        (1 = 20.0%) {40.0%}
3  ... 
6  -O                                                                        (1 = 20.0%) {60.0%}
7  O                                                                         (0 = 0.0%) {80.0%}
8  -O                                                                        (1 = 20.0%) {80.0%}
9  ... 

Histogram: Scheduling.ThreadController.ActiveIntervalDuration.Short.BrowserIO recorded 3 samples, mean = 122.7 (flags = 0x41)
0    ... 
9    -O                                                                        (1 = 33.3%) {0.0%}
10   ... 
100  -O                                                                        (1 = 33.3%) {33.3%}
105  ... 
245  -O                                                                        (1 = 33.3%) {66.7%}
258  ... 

Histogram: Scheduling.ThreadController.ActiveIntervalDuration.Short.BrowserUI recorded 424 samples, mean = 4.4 (flags = 0x41)
0   ----------------O                                                         (48 = 11.3%)
1   ------------------------------------------------------------------------O (222 = 52.4%) {11.3%}
2   ------------------O                                                       (55 = 13.0%) {63.7%}
3   -------O                                                                  (22 = 5.2%) {76.7%}
4   ---O                                                                      (9 = 2.1%) {81.8%}
5   -O                                                                        (2 = 0.5%) {84.0%}
6   O                                                                         (1 = 0.2%) {84.4%}
7   ... 
9   O                                                                         (1 = 0.2%) {84.7%}
10  -O                                                                        (4 = 0.9%) {84.9%}
11  --O                                                                       (5 = 1.2%) {85.8%}
12  -O                                                                        (2 = 0.5%) {87.0%}
13  -O                                                                        (2 = 0.5%) {87.5%}
14  O                                                                         (0 = 0.0%) {88.0%}
15  -O                                                                        (3 = 0.7%) {88.0%}
16  O                                                                         (1 = 0.2%) {88.7%}
17  -O                                                                        (4 = 0.9%) {88.9%}
18  -O                                                                        (4 = 0.9%) {89.9%}
19  --O                                                                       (7 = 1.7%) {90.8%}
20  --O                                                                       (6 = 1.4%) {92.5%}
21  -O                                                                        (3 = 0.7%) {93.9%}
22  --O                                                                       (7 = 1.7%) {94.6%}
23  O                                                                         (0 = 0.0%) {96.2%}
24  O                                                                         (1 = 0.2%) {96.2%}
25  O                                                                         (0 = 0.0%) {96.5%}
26  O                                                                         (1 = 0.2%) {96.5%}
27  -O                                                                        (3 = 0.7%) {96.7%}
28  O                                                                         (0 = 0.0%) {97.4%}
29  -O                                                                        (2 = 0.5%) {97.4%}
31  O                                                                         (1 = 0.2%) {97.9%}
33  O                                                                         (1 = 0.2%) {98.1%}
35  ... 
39  -O                                                                        (2 = 0.5%) {98.3%}
41  O                                                                         (1 = 0.2%) {98.8%}
43  O                                                                         (1 = 0.2%) {99.1%}
45  O                                                                         (1 = 0.2%) {99.3%}
47  ... 
52  O                                                                         (1 = 0.2%) {99.5%}
55  ... 
82  O                                                                         (1 = 0.2%) {99.8%}
86  ... 

Histogram: Scheduling.ThreadController.ActiveIntervalDuration.Short.Other recorded 122 samples, mean = 114.5 (flags = 0x41)
0    ... 
6    --O                                                                       (2 = 1.6%) {0.0%}
7    -O                                                                        (1 = 0.8%) {1.6%}
8    O                                                                         (0 = 0.0%) {2.5%}
9    -O                                                                        (1 = 0.8%) {2.5%}
10   -O                                                                        (1 = 0.8%) {3.3%}
11   --O                                                                       (2 = 1.6%) {4.1%}
12   ----O                                                                     (4 = 3.3%) {5.7%}
13   -----O                                                                    (5 = 4.1%) {9.0%}
14   ---O                                                                      (3 = 2.5%) {13.1%}
15   O                                                                         (0 = 0.0%) {15.6%}
16   --O                                                                       (2 = 1.6%) {15.6%}
17   ----O                                                                     (4 = 3.3%) {17.2%}
18   -O                                                                        (1 = 0.8%) {20.5%}
19   -O                                                                        (1 = 0.8%) {21.3%}
20   --O                                                                       (2 = 1.6%) {22.1%}
21   -O                                                                        (1 = 0.8%) {23.8%}
22   -O                                                                        (1 = 0.8%) {24.6%}
23   --O                                                                       (2 = 1.6%) {25.4%}
24   --O                                                                       (2 = 1.6%) {27.0%}
25   O                                                                         (0 = 0.0%) {28.7%}
26   --O                                                                       (2 = 1.6%) {28.7%}
27   --O                                                                       (2 = 1.6%) {30.3%}
28   --O                                                                       (2 = 1.6%) {32.0%}
29   --O                                                                       (2 = 1.6%) {33.6%}
31   -O                                                                        (1 = 0.8%) {35.2%}
33   O                                                                         (0 = 0.0%) {36.1%}
35   --O                                                                       (2 = 1.6%) {36.1%}
37   O                                                                         (0 = 0.0%) {37.7%}
39   -O                                                                        (1 = 0.8%) {37.7%}
41   --O                                                                       (2 = 1.6%) {38.5%}
43   -O                                                                        (1 = 0.8%) {40.2%}
45   -O                                                                        (1 = 0.8%) {41.0%}
47   ... 
52   -O                                                                        (1 = 0.8%) {41.8%}
55   --O                                                                       (2 = 1.6%) {42.6%}
58   --O                                                                       (2 = 1.6%) {44.3%}
61   -O                                                                        (1 = 0.8%) {45.9%}
64   -O                                                                        (1 = 0.8%) {46.7%}
67   ---O                                                                      (3 = 2.5%) {47.5%}
70   -O                                                                        (1 = 0.8%) {50.0%}
74   --O                                                                       (2 = 1.6%) {50.8%}
78   -O                                                                        (1 = 0.8%) {52.5%}
82   -O                                                                        (1 = 0.8%) {53.3%}
86   ----O                                                                     (4 = 3.3%) {54.1%}
90   --O                                                                       (2 = 1.6%) {57.4%}
95   ----O                                                                     (4 = 3.3%) {59.0%}
100  -O                                                                        (1 = 0.8%) {62.3%}
105  O                                                                         (0 = 0.0%) {63.1%}
110  -O                                                                        (1 = 0.8%) {63.1%}
116  --O                                                                       (2 = 1.6%) {63.9%}
122  -O                                                                        (1 = 0.8%) {65.6%}
128  -----O                                                                    (5 = 4.1%) {66.4%}
135  ... 
149  -O                                                                        (1 = 0.8%) {70.5%}
157  -O                                                                        (1 = 0.8%) {71.3%}
165  --O                                                                       (2 = 1.6%) {72.1%}
173  -O                                                                        (1 = 0.8%) {73.8%}
182  --O                                                                       (2 = 1.6%) {74.6%}
191  -O                                                                        (1 = 0.8%) {76.2%}
201  -O                                                                        (1 = 0.8%) {77.0%}
211  --O                                                                       (2 = 1.6%) {77.9%}
222  ---O                                                                      (3 = 2.5%) {79.5%}
233  ---O                                                                      (3 = 2.5%) {82.0%}
245  --O                                                                       (2 = 1.6%) {84.4%}
258  --O                                                                       (2 = 1.6%) {86.1%}
271  --O                                                                       (2 = 1.6%) {87.7%}
285  O                                                                         (0 = 0.0%) {89.3%}
300  -O                                                                        (1 = 0.8%) {89.3%}
315  ---O                                                                      (3 = 2.5%) {90.2%}
331  -O                                                                        (1 = 0.8%) {92.6%}
348  -O                                                                        (1 = 0.8%) {93.4%}
366  ----O                                                                     (4 = 3.3%) {94.3%}
385  -O                                                                        (1 = 0.8%) {97.5%}
405  O                                                                         (0 = 0.0%) {98.4%}
426  -O                                                                        (1 = 0.8%) {98.4%}
448  O                                                                         (0 = 0.0%) {99.2%}
471  -O                                                                        (1 = 0.8%) {99.2%}
495  ... 

Histogram: Scheduling.ThreadController.ActiveIntervalOffCpuDuration.Any.BrowserIO recorded 3 samples, mean = 0.0 (flags = 0x41)
0  ---O                                                                      (3 = 100.0%)
1  ... 

Histogram: Scheduling.ThreadController.ActiveIntervalOffCpuDuration.Any.BrowserUI recorded 427 samples, mean = 0.0 (flags = 0x41)
0  ------------------------------------------------------------------------O (427 = 100.0%)
1  ... 

Histogram: Scheduling.ThreadController.ActiveIntervalOffCpuDuration.Any.Other recorded 127 samples, mean = 0.0 (flags = 0x41)
0  ------------------------------------------------------------------------O (127 = 100.0%)
1  ... 

Histogram: Scheduling.ThreadController.ActiveIntervalOffCpuDuration.Medium.BrowserUI recorded 3 samples, mean = 0.0 (flags = 0x41)
0  ---O                                                                      (3 = 100.0%)
1  ... 

Histogram: Scheduling.ThreadController.ActiveIntervalOffCpuDuration.Medium.Other recorded 5 samples, mean = 0.0 (flags = 0x41)
0  -----O                                                                    (5 = 100.0%)
1  ... 

Histogram: Scheduling.ThreadController.ActiveIntervalOffCpuDuration.Short.BrowserIO recorded 3 samples, mean = 50.7 (flags = 0x41)
0    O                                                                         (0 = 0.0%)
1    -O                                                                        (1 = 33.3%) {0.0%}
2    ... 
6    -O                                                                        (1 = 33.3%) {33.3%}
7    ... 
142  -O                                                                        (1 = 33.3%) {66.7%}
149  ... 

Histogram: Scheduling.ThreadController.ActiveIntervalOffCpuDuration.Short.BrowserUI recorded 424 samples, mean = 1.0 (flags = 0x41)
0   ------------------------------------------------------------------------O (187 = 44.1%)
1   --------------------------------------------------------------O           (160 = 37.7%) {44.1%}
2   -------------O                                                            (33 = 7.8%) {81.8%}
3   -----------O                                                              (28 = 6.6%) {89.6%}
4   --O                                                                       (5 = 1.2%) {96.2%}
5   --O                                                                       (5 = 1.2%) {97.4%}
6   O                                                                         (1 = 0.2%) {98.6%}
7   -O                                                                        (2 = 0.5%) {98.8%}
8   ... 
10  O                                                                         (1 = 0.2%) {99.3%}
11  ... 
14  O                                                                         (1 = 0.2%) {99.5%}
15  ... 
17  O                                                                         (1 = 0.2%) {99.8%}
18  ... 

Histogram: Scheduling.ThreadController.ActiveIntervalOffCpuDuration.Short.Other recorded 122 samples, mean = 22.0 (flags = 0x41)
0    -O                                                                        (1 = 0.8%)
1    --------------------O                                                     (20 = 16.4%) {0.8%}
2    ---------------------------------O                                        (33 = 27.0%) {17.2%}
3    -----------------O                                                        (17 = 13.9%) {44.3%}
4    -------O                                                                  (7 = 5.7%) {58.2%}
5    --O                                                                       (2 = 1.6%) {63.9%}
6    --O                                                                       (2 = 1.6%) {65.6%}
7    ... 
9    -O                                                                        (1 = 0.8%) {67.2%}
10   ... 
13   --O                                                                       (2 = 1.6%) {68.0%}
14   -O                                                                        (1 = 0.8%) {69.7%}
15   -O                                                                        (1 = 0.8%) {70.5%}
16   -O                                                                        (1 = 0.8%) {71.3%}
17   -O                                                                        (1 = 0.8%) {72.1%}
18   --O                                                                       (2 = 1.6%) {73.0%}
19   O                                                                         (0 = 0.0%) {74.6%}
20   -O                                                                        (1 = 0.8%) {74.6%}
21   -O                                                                        (1 = 0.8%) {75.4%}
22   -O                                                                        (1 = 0.8%) {76.2%}
23   O                                                                         (0 = 0.0%) {77.0%}
24   ---O                                                                      (3 = 2.5%) {77.0%}
25   O                                                                         (0 = 0.0%) {79.5%}
26   --O                                                                       (2 = 1.6%) {79.5%}
27   -O                                                                        (1 = 0.8%) {81.1%}
28   O                                                                         (0 = 0.0%) {82.0%}
29   ---O                                                                      (3 = 2.5%) {82.0%}
31   -O                                                                        (1 = 0.8%) {84.4%}
33   O                                                                         (0 = 0.0%) {85.2%}
35   --O                                                                       (2 = 1.6%) {85.2%}
37   O                                                                         (0 = 0.0%) {86.9%}
39   -O                                                                        (1 = 0.8%) {86.9%}
41   O                                                                         (0 = 0.0%) {87.7%}
43   -O                                                                        (1 = 0.8%) {87.7%}
45   ---O                                                                      (3 = 2.5%) {88.5%}
47   O                                                                         (0 = 0.0%) {91.0%}
49   -O                                                                        (1 = 0.8%) {91.0%}
52   -O                                                                        (1 = 0.8%) {91.8%}
55   -O                                                                        (1 = 0.8%) {92.6%}
58   ... 
74   -O                                                                        (1 = 0.8%) {93.4%}
78   ... 
100  --O                                                                       (2 = 1.6%) {94.3%}
105  ... 
142  -O                                                                        (1 = 0.8%) {95.9%}
149  ... 
245  -O                                                                        (1 = 0.8%) {96.7%}
258  --O                                                                       (2 = 1.6%) {97.5%}
271  ... 
366  -O                                                                        (1 = 0.8%) {99.2%}
385  ... 

Histogram: Scheduling.ThreadController.ActiveIntervalOnCpuDuration.Any.BrowserIO recorded 3 samples, mean = 0.0 (flags = 0x41)
0  ---O                                                                      (3 = 100.0%)
1  ... 

Histogram: Scheduling.ThreadController.ActiveIntervalOnCpuDuration.Any.BrowserUI recorded 427 samples, mean = 0.0 (flags = 0x41)
0  ------------------------------------------------------------------------O (424 = 99.3%)
1  O                                                                         (2 = 0.5%) {99.3%}
2  ... 
5  O                                                                         (1 = 0.2%) {99.8%}
6  ... 

Histogram: Scheduling.ThreadController.ActiveIntervalOnCpuDuration.Any.Other recorded 127 samples, mean = 0.1 (flags = 0x41)
0  ------------------------------------------------------------------------O (122 = 96.1%)
1  -O                                                                        (2 = 1.6%) {96.1%}
2  -O                                                                        (1 = 0.8%) {97.6%}
3  ... 
6  -O                                                                        (1 = 0.8%) {98.4%}
7  O                                                                         (0 = 0.0%) {99.2%}
8  -O                                                                        (1 = 0.8%) {99.2%}
10 ... 

Histogram: Scheduling.ThreadController.ActiveIntervalOnCpuDuration.Medium.BrowserUI recorded 3 samples, mean = 2.3 (flags = 0x41)
0  O                                                                         (0 = 0.0%)
1  --O                                                                       (2 = 66.7%) {0.0%}
2  ... 
5  -O                                                                        (1 = 33.3%) {66.7%}
6  ... 

Histogram: Scheduling.ThreadController.ActiveIntervalOnCpuDuration.Medium.Other recorded 5 samples, mean = 3.6 (flags = 0x41)
0  O                                                                         (0 = 0.0%)
1  --O                                                                       (2 = 40.0%) {0.0%}
2  -O                                                                        (1 = 20.0%) {40.0%}
3  ... 
6  -O                                                                        (1 = 20.0%) {60.0%}
7  O                                                                         (0 = 0.0%) {80.0%}
8  -O                                                                        (1 = 20.0%) {80.0%}
9  ... 

Histogram: Scheduling.ThreadController.ActiveIntervalOnCpuDuration.Short.BrowserIO recorded 3 samples, mean = 72.0 (flags = 0x41)
0    ... 
8    -O                                                                        (1 = 33.3%) {0.0%}
9    ... 
95   -O                                                                        (1 = 33.3%) {33.3%}
100  ... 
110  -O                                                                        (1 = 33.3%) {66.7%}
116  ... 

Histogram: Scheduling.ThreadController.ActiveIntervalOnCpuDuration.Short.BrowserUI recorded 424 samples, mean = 3.4 (flags = 0x41)
0   ------------------------------------------------------O                   (141 = 33.3%)
1   ------------------------------------------------------------------------O (189 = 44.6%) {33.3%}
2   ----------O                                                               (27 = 6.4%) {77.8%}
3   -O                                                                        (3 = 0.7%) {84.2%}
4   ... 
8   -O                                                                        (2 = 0.5%) {84.9%}
9   --O                                                                       (4 = 0.9%) {85.4%}
10  --O                                                                       (4 = 0.9%) {86.3%}
11  -O                                                                        (3 = 0.7%) {87.3%}
12  O                                                                         (1 = 0.2%) {88.0%}
13  O                                                                         (1 = 0.2%) {88.2%}
14  --O                                                                       (4 = 0.9%) {88.4%}
15  --O                                                                       (6 = 1.4%) {89.4%}
16  ---O                                                                      (8 = 1.9%) {90.8%}
17  ---O                                                                      (7 = 1.7%) {92.7%}
18  -O                                                                        (2 = 0.5%) {94.3%}
19  ---O                                                                      (7 = 1.7%) {94.8%}
20  -O                                                                        (2 = 0.5%) {96.5%}
21  O                                                                         (1 = 0.2%) {96.9%}
22  ... 
25  -O                                                                        (3 = 0.7%) {97.2%}
26  O                                                                         (1 = 0.2%) {97.9%}
27  ... 
29  O                                                                         (1 = 0.2%) {98.1%}
31  O                                                                         (0 = 0.0%) {98.3%}
33  O                                                                         (1 = 0.2%) {98.3%}
35  O                                                                         (1 = 0.2%) {98.6%}
37  O                                                                         (1 = 0.2%) {98.8%}
39  -O                                                                        (2 = 0.5%) {99.1%}
41  ... 
49  O                                                                         (1 = 0.2%) {99.5%}
52  ... 
67  O                                                                         (1 = 0.2%) {99.8%}
70  ... 

Histogram: Scheduling.ThreadController.ActiveIntervalOnCpuDuration.Short.Other recorded 122 samples, mean = 92.5 (flags = 0x41)
0    ---O                                                                      (3 = 2.5%)
1    ... 
4    -O                                                                        (1 = 0.8%) {2.5%}
5    -O                                                                        (1 = 0.8%) {3.3%}
6    -O                                                                        (1 = 0.8%) {4.1%}
7    -O                                                                        (1 = 0.8%) {4.9%}
8    O                                                                         (0 = 0.0%) {5.7%}
9    --O                                                                       (2 = 1.6%) {5.7%}
10   --O                                                                       (2 = 1.6%) {7.4%}
11   -------O                                                                  (7 = 5.7%) {9.0%}
12   ---O                                                                      (3 = 2.5%) {14.8%}
13   -O                                                                        (1 = 0.8%) {17.2%}
14   ---O                                                                      (3 = 2.5%) {18.0%}
15   --O                                                                       (2 = 1.6%) {20.5%}
16   --O                                                                       (2 = 1.6%) {22.1%}
17   -O                                                                        (1 = 0.8%) {23.8%}
18   ---O                                                                      (3 = 2.5%) {24.6%}
19   -O                                                                        (1 = 0.8%) {27.0%}
20   O                                                                         (0 = 0.0%) {27.9%}
21   ----O                                                                     (4 = 3.3%) {27.9%}
22   O                                                                         (0 = 0.0%) {31.1%}
23   --O                                                                       (2 = 1.6%) {31.1%}
24   --O                                                                       (2 = 1.6%) {32.8%}
25   --O                                                                       (2 = 1.6%) {34.4%}
26   --O                                                                       (2 = 1.6%) {36.1%}
27   -O                                                                        (1 = 0.8%) {37.7%}
28   ... 
33   -O                                                                        (1 = 0.8%) {38.5%}
35   ---O                                                                      (3 = 2.5%) {39.3%}
37   -O                                                                        (1 = 0.8%) {41.8%}
39   -O                                                                        (1 = 0.8%) {42.6%}
41   -O                                                                        (1 = 0.8%) {43.4%}
43   ... 
49   -O                                                                        (1 = 0.8%) {44.3%}
52   -O                                                                        (1 = 0.8%) {45.1%}
55   --O                                                                       (2 = 1.6%) {45.9%}
58   ---O                                                                      (3 = 2.5%) {47.5%}
61   ---O                                                                      (3 = 2.5%) {50.0%}
64   --O                                                                       (2 = 1.6%) {52.5%}
67   O                                                                         (0 = 0.0%) {54.1%}
70   --O                                                                       (2 = 1.6%) {54.1%}
74   -O                                                                        (1 = 0.8%) {55.7%}
78   -O                                                                        (1 = 0.8%) {56.6%}
82   --O                                                                       (2 = 1.6%) {57.4%}
86   --O                                                                       (2 = 1.6%) {59.0%}
90   --O                                                                       (2 = 1.6%) {60.7%}
95   ---O                                                                      (3 = 2.5%) {62.3%}
100  ---O                                                                      (3 = 2.5%) {64.8%}
105  ---O                                                                      (3 = 2.5%) {67.2%}
110  --O                                                                       (2 = 1.6%) {69.7%}
116  -O                                                                        (1 = 0.8%) {71.3%}
122  -O                                                                        (1 = 0.8%) {72.1%}
128  ---O                                                                      (3 = 2.5%) {73.0%}
135  O                                                                         (0 = 0.0%) {75.4%}
142  -O                                                                        (1 = 0.8%) {75.4%}
149  ---O                                                                      (3 = 2.5%) {76.2%}
157  O                                                                         (0 = 0.0%) {78.7%}
165  -O                                                                        (1 = 0.8%) {78.7%}
173  ----O                                                                     (4 = 3.3%) {79.5%}
182  -O                                                                        (1 = 0.8%) {82.8%}
191  -O                                                                        (1 = 0.8%) {83.6%}
201  --O                                                                       (2 = 1.6%) {84.4%}
211  -O                                                                        (1 = 0.8%) {86.1%}
222  ----O                                                                     (4 = 3.3%) {86.9%}
233  -O                                                                        (1 = 0.8%) {90.2%}
245  -O                                                                        (1 = 0.8%) {91.0%}
258  -O                                                                        (1 = 0.8%) {91.8%}
271  -O                                                                        (1 = 0.8%) {92.6%}
285  --O                                                                       (2 = 1.6%) {93.4%}
300  --O                                                                       (2 = 1.6%) {95.1%}
315  --O                                                                       (2 = 1.6%) {96.7%}
331  O                                                                         (0 = 0.0%) {98.4%}
348  -O                                                                        (1 = 0.8%) {98.4%}
366  ... 
405  -O                                                                        (1 = 0.8%) {99.2%}
426  ... 

Histogram: Scheduling.ThreadController.ActiveIntervalOnCpuPercentage.Any.BrowserIO recorded 3 samples, mean = 75.0 (flags = 0x41)
0   ... 
43  -O                                                                        (1 = 33.3%) {0.0%}
44  ... 
88  -O                                                                        (1 = 33.3%) {33.3%}
89  ... 
94  -O                                                                        (1 = 33.3%) {66.7%}
95  ... 

Histogram: Scheduling.ThreadController.ActiveIntervalOnCpuPercentage.Any.BrowserUI recorded 427 samples, mean = 66.6 (flags = 0x41)
0    ------------------------------------O                                     (93 = 21.8%)
1    ... 
9    O                                                                         (1 = 0.2%) {21.8%}
10   ... 
25   -O                                                                        (3 = 0.7%) {22.0%}
26   ... 
33   ---O                                                                      (8 = 1.9%) {22.7%}
34   ... 
40   O                                                                         (1 = 0.2%) {24.6%}
41   ... 
50   -------------------O                                                      (50 = 11.7%) {24.8%}
51   ... 
53   O                                                                         (1 = 0.2%) {36.5%}
54   ... 
60   O                                                                         (1 = 0.2%) {36.8%}
61   ... 
66   ------O                                                                   (15 = 3.5%) {37.0%}
67   ... 
71   O                                                                         (1 = 0.2%) {40.5%}
72   O                                                                         (0 = 0.0%) {40.7%}
73   O                                                                         (1 = 0.2%) {40.7%}
74   O                                                                         (1 = 0.2%) {41.0%}
75   -O                                                                        (2 = 0.5%) {41.2%}
76   ... 
78   O                                                                         (1 = 0.2%) {41.7%}
79   O                                                                         (0 = 0.0%) {41.9%}
80   --O                                                                       (4 = 0.9%) {41.9%}
81   -O                                                                        (2 = 0.5%) {42.9%}
82   -O                                                                        (2 = 0.5%) {43.3%}
83   --O                                                                       (4 = 0.9%) {43.8%}
84   --O                                                                       (6 = 1.4%) {44.7%}
85   ---O                                                                      (7 = 1.6%) {46.1%}
86   ---O                                                                      (8 = 1.9%) {47.8%}
87   --O                                                                       (4 = 0.9%) {49.6%}
88   ---O                                                                      (7 = 1.6%) {50.6%}
89   -O                                                                        (2 = 0.5%) {52.2%}
90   ---O                                                                      (7 = 1.6%) {52.7%}
91   O                                                                         (1 = 0.2%) {54.3%}
92   -O                                                                        (2 = 0.5%) {54.6%}
93   O                                                                         (1 = 0.2%) {55.0%}
94   ... 
96   O                                                                         (1 = 0.2%) {55.3%}
97   O                                                                         (1 = 0.2%) {55.5%}
98   O                                                                         (0 = 0.0%) {55.7%}
99   -O                                                                        (2 = 0.5%) {55.7%}
100  ------------------------------------------------------------------------O (187 = 43.8%) {56.2%}
101  O                                                                         (0 = 0.0%) {100.0%}

Histogram: Scheduling.ThreadController.ActiveIntervalOnCpuPercentage.Any.Other recorded 127 samples, mean = 86.3 (flags = 0x41)
0    ---O                                                                      (3 = 2.4%)
1    ... 
46   -O                                                                        (1 = 0.8%) {2.4%}
47   ... 
54   -O                                                                        (1 = 0.8%) {3.1%}
55   ... 
60   -O                                                                        (1 = 0.8%) {3.9%}
61   ... 
66   -O                                                                        (1 = 0.8%) {4.7%}
67   ... 
70   -O                                                                        (1 = 0.8%) {5.5%}
71   ... 
74   -O                                                                        (1 = 0.8%) {6.3%}
75   -O                                                                        (1 = 0.8%) {7.1%}
76   --O                                                                       (2 = 1.6%) {7.9%}
77   -O                                                                        (1 = 0.8%) {9.4%}
78   ----O                                                                     (4 = 3.1%) {10.2%}
79   --O                                                                       (2 = 1.6%) {13.4%}
80   -O                                                                        (1 = 0.8%) {15.0%}
81   ---O                                                                      (3 = 2.4%) {15.7%}
82   --O                                                                       (2 = 1.6%) {18.1%}
83   ----O                                                                     (4 = 3.1%) {19.7%}
84   ---O                                                                      (3 = 2.4%) {22.8%}
85   ---------O                                                                (9 = 7.1%) {25.2%}
86   --------O                                                                 (8 = 6.3%) {32.3%}
87   --------O                                                                 (8 = 6.3%) {38.6%}
88   ---O                                                                      (3 = 2.4%) {44.9%}
89   ----O                                                                     (4 = 3.1%) {47.2%}
90   ------O                                                                   (6 = 4.7%) {50.4%}
91   -------O                                                                  (7 = 5.5%) {55.1%}
92   -------O                                                                  (7 = 5.5%) {60.6%}
93   --O                                                                       (2 = 1.6%) {66.1%}
94   ------O                                                                   (6 = 4.7%) {67.7%}
95   ---O                                                                      (3 = 2.4%) {72.4%}
96   -----O                                                                    (5 = 3.9%) {74.8%}
97   ----------O                                                               (10 = 7.9%) {78.7%}
98   -----------O                                                              (11 = 8.7%) {86.6%}
99   -----O                                                                    (5 = 3.9%) {95.3%}
100  -O                                                                        (1 = 0.8%) {99.2%}
101  O                                                                         (0 = 0.0%) {100.0%}

Histogram: Scheduling.ThreadController.ActiveIntervalOnCpuPercentage.Medium.BrowserUI recorded 3 samples, mean = 98.3 (flags = 0x41)
0   ... 
97  -O                                                                        (1 = 33.3%) {0.0%}
98  O                                                                         (0 = 0.0%) {33.3%}
99  --O                                                                       (2 = 66.7%) {33.3%}
100 ... 

Histogram: Scheduling.ThreadController.ActiveIntervalOnCpuPercentage.Medium.Other recorded 5 samples, mean = 93.4 (flags = 0x41)
0   ... 
81  -O                                                                        (1 = 20.0%) {0.0%}
82  ... 
94  -O                                                                        (1 = 20.0%) {20.0%}
95  -O                                                                        (1 = 20.0%) {40.0%}
96  ... 
98  -O                                                                        (1 = 20.0%) {60.0%}
99  -O                                                                        (1 = 20.0%) {80.0%}
100 ... 

Histogram: Scheduling.ThreadController.ActiveIntervalOnCpuPercentage.Short.BrowserIO recorded 3 samples, mean = 75.0 (flags = 0x41)
0   ... 
43  -O                                                                        (1 = 33.3%) {0.0%}
44  ... 
88  -O                                                                        (1 = 33.3%) {33.3%}
89  ... 
94  -O                                                                        (1 = 33.3%) {66.7%}
95  ... 

Histogram: Scheduling.ThreadController.ActiveIntervalOnCpuPercentage.Short.BrowserUI recorded 424 samples, mean = 66.4 (flags = 0x41)
0    ------------------------------------O                                     (93 = 21.9%)
1    ... 
9    O                                                                         (1 = 0.2%) {21.9%}
10   ... 
25   -O                                                                        (3 = 0.7%) {22.2%}
26   ... 
33   ---O                                                                      (8 = 1.9%) {22.9%}
34   ... 
40   O                                                                         (1 = 0.2%) {24.8%}
41   ... 
50   -------------------O                                                      (50 = 11.8%) {25.0%}
51   ... 
53   O                                                                         (1 = 0.2%) {36.8%}
54   ... 
60   O                                                                         (1 = 0.2%) {37.0%}
61   ... 
66   ------O                                                                   (15 = 3.5%) {37.3%}
67   ... 
71   O                                                                         (1 = 0.2%) {40.8%}
72   O                                                                         (0 = 0.0%) {41.0%}
73   O                                                                         (1 = 0.2%) {41.0%}
74   O                                                                         (1 = 0.2%) {41.3%}
75   -O                                                                        (2 = 0.5%) {41.5%}
76   ... 
78   O                                                                         (1 = 0.2%) {42.0%}
79   O                                                                         (0 = 0.0%) {42.2%}
80   --O                                                                       (4 = 0.9%) {42.2%}
81   -O                                                                        (2 = 0.5%) {43.2%}
82   -O                                                                        (2 = 0.5%) {43.6%}
83   --O                                                                       (4 = 0.9%) {44.1%}
84   --O                                                                       (6 = 1.4%) {45.0%}
85   ---O                                                                      (7 = 1.7%) {46.5%}
86   ---O                                                                      (8 = 1.9%) {48.1%}
87   --O                                                                       (4 = 0.9%) {50.0%}
88   ---O                                                                      (7 = 1.7%) {50.9%}
89   -O                                                                        (2 = 0.5%) {52.6%}
90   ---O                                                                      (7 = 1.7%) {53.1%}
91   O                                                                         (1 = 0.2%) {54.7%}
92   -O                                                                        (2 = 0.5%) {55.0%}
93   O                                                                         (1 = 0.2%) {55.4%}
94   ... 
96   O                                                                         (1 = 0.2%) {55.7%}
97   ... 
100  ------------------------------------------------------------------------O (187 = 44.1%) {55.9%}
101  O                                                                         (0 = 0.0%) {100.0%}

Histogram: Scheduling.ThreadController.ActiveIntervalOnCpuPercentage.Short.Other recorded 122 samples, mean = 86.0 (flags = 0x41)
0    ---O                                                                      (3 = 2.5%)
1    ... 
46   -O                                                                        (1 = 0.8%) {2.5%}
47   ... 
54   -O                                                                        (1 = 0.8%) {3.3%}
55   ... 
60   -O                                                                        (1 = 0.8%) {4.1%}
61   ... 
66   -O                                                                        (1 = 0.8%) {4.9%}
67   ... 
70   -O                                                                        (1 = 0.8%) {5.7%}
71   ... 
74   -O                                                                        (1 = 0.8%) {6.6%}
75   -O                                                                        (1 = 0.8%) {7.4%}
76   --O                                                                       (2 = 1.6%) {8.2%}
77   -O                                                                        (1 = 0.8%) {9.8%}
78   ----O                                                                     (4 = 3.3%) {10.7%}
79   --O                                                                       (2 = 1.6%) {13.9%}
80   -O                                                                        (1 = 0.8%) {15.6%}
81   --O                                                                       (2 = 1.6%) {16.4%}
82   --O                                                                       (2 = 1.6%) {18.0%}
83   ----O                                                                     (4 = 3.3%) {19.7%}
84   ---O                                                                      (3 = 2.5%) {23.0%}
85   ---------O                                                                (9 = 7.4%) {25.4%}
86   --------O                                                                 (8 = 6.6%) {32.8%}
87   --------O                                                                 (8 = 6.6%) {39.3%}
88   ---O                                                                      (3 = 2.5%) {45.9%}
89   ----O                                                                     (4 = 3.3%) {48.4%}
90   ------O                                                                   (6 = 4.9%) {51.6%}
91   -------O                                                                  (7 = 5.7%) {56.6%}
92   -------O                                                                  (7 = 5.7%) {62.3%}
93   --O                                                                       (2 = 1.6%) {68.0%}
94   -----O                                                                    (5 = 4.1%) {69.7%}
95   --O                                                                       (2 = 1.6%) {73.8%}
96   -----O                                                                    (5 = 4.1%) {75.4%}
97   ----------O                                                               (10 = 8.2%) {79.5%}
98   ----------O                                                               (10 = 8.2%) {87.7%}
99   ----O                                                                     (4 = 3.3%) {95.9%}
100  -O                                                                        (1 = 0.8%) {99.2%}
101  O                                                                         (0 = 0.0%) {100.0%}

Histogram: Scheduling.ThreadController.IdleDuration.Any.BrowserIO recorded 3 samples, mean = 10.0 (flags = 0x41)
0   -O                                                                        (1 = 33.3%)
1   O                                                                         (0 = 0.0%) {33.3%}
2   -O                                                                        (1 = 33.3%) {33.3%}
3   ... 
24  -O                                                                        (1 = 33.3%) {66.7%}
29  ... 

Histogram: Scheduling.ThreadController.IdleDuration.Any.BrowserUI recorded 360 samples, mean = 0.0 (flags = 0x41)
0  ------------------------------------------------------------------------O (360 = 100.0%)
1  ... 

Histogram: Scheduling.ThreadController.IdleDuration.Any.Other recorded 87 samples, mean = 2296.1 (flags = 0x41)
0      ---------------------------O                                              (27 = 31.0%)
1      -O                                                                        (1 = 1.1%) {31.0%}
2      O                                                                         (0 = 0.0%) {32.2%}
3      -O                                                                        (1 = 1.1%) {32.2%}
4      O                                                                         (0 = 0.0%) {33.3%}
5      -O                                                                        (1 = 1.1%) {33.3%}
6      -O                                                                        (1 = 1.1%) {34.5%}
7      ... 
10     -O                                                                        (1 = 1.1%) {35.6%}
12     O                                                                         (0 = 0.0%) {36.8%}
14     -O                                                                        (1 = 1.1%) {36.8%}
17     ... 
57     -O                                                                        (1 = 1.1%) {37.9%}
68     O                                                                         (0 = 0.0%) {39.1%}
81     --------O                                                                 (8 = 9.2%) {39.1%}
96     --------------O                                                           (14 = 16.1%) {48.3%}
114    ... 
633    --O                                                                       (2 = 2.3%) {64.4%}
752    O                                                                         (0 = 0.0%) {66.7%}
894    -----------O                                                              (11 = 12.6%) {66.7%}
1062   ... 
1500   -O                                                                        (1 = 1.1%) {79.3%}
1782   -O                                                                        (1 = 1.1%) {80.5%}
2117   O                                                                         (0 = 0.0%) {81.6%}
2516   -O                                                                        (1 = 1.1%) {81.6%}
2990   O                                                                         (0 = 0.0%) {82.8%}
3553   ----------O                                                               (10 = 11.5%) {82.8%}
4222   ... 
10000  -----O                                                                    (5 = 5.7%) {94.3%}

Histogram: Scheduling.ThreadController.IdleDuration.Medium.BrowserIO recorded 2 samples, mean = 15.0 (flags = 0x41)
0   ... 
2   -O                                                                        (1 = 50.0%) {0.0%}
3   ... 
28  -O                                                                        (1 = 50.0%) {50.0%}
29  ... 

Histogram: Scheduling.ThreadController.IdleDuration.Medium.Other recorded 18 samples, mean = 63.0 (flags = 0x41)
0   O                                                                         (0 = 0.0%)
1   -O                                                                        (1 = 5.6%) {0.0%}
2   O                                                                         (0 = 0.0%) {5.6%}
3   -O                                                                        (1 = 5.6%) {5.6%}
4   O                                                                         (0 = 0.0%) {11.1%}
5   -O                                                                        (1 = 5.6%) {11.1%}
6   -O                                                                        (1 = 5.6%) {16.7%}
7   ... 
11  -O                                                                        (1 = 5.6%) {22.2%}
12  ... 
15  -O                                                                        (1 = 5.6%) {27.8%}
16  ... 
59  -O                                                                        (1 = 5.6%) {33.3%}
60  ... 
91  ---O                                                                      (3 = 16.7%) {38.9%}
92  --O                                                                       (2 = 11.1%) {55.6%}
93  --O                                                                       (2 = 11.1%) {66.7%}
94  -O                                                                        (1 = 5.6%) {77.8%}
95  ... 
98  ---O                                                                      (3 = 16.7%) {83.3%}
100 O                                                                         (0 = 0.0%) {100.0%}

Histogram: Scheduling.ThreadController.IdleDuration.Short.BrowserIO recorded 1 samples, mean = 439.0 (flags = 0x41)
0    ... 
426  -O                                                                        (1 = 100.0%) {0.0%}
448  ... 

Histogram: Scheduling.ThreadController.IdleDuration.Short.BrowserUI recorded 360 samples, mean = 9.1 (flags = 0x41)
0    ... 
3    ------------------------------------------------------------------------O (104 = 28.9%) {0.0%}
4    --------------------------------------------------------------O           (89 = 24.7%) {28.9%}
5    ---------------------------------O                                        (47 = 13.1%) {53.6%}
6    --------------O                                                           (20 = 5.6%) {66.7%}
7    --------O                                                                 (12 = 3.3%) {72.2%}
8    ----------------O                                                         (23 = 6.4%) {75.6%}
9    -------O                                                                  (10 = 2.8%) {81.9%}
10   -------O                                                                  (10 = 2.8%) {84.7%}
11   ---O                                                                      (4 = 1.1%) {87.5%}
12   ------O                                                                   (9 = 2.5%) {88.6%}
13   -O                                                                        (2 = 0.6%) {91.1%}
14   -O                                                                        (1 = 0.3%) {91.7%}
15   --O                                                                       (3 = 0.8%) {91.9%}
16   -O                                                                        (2 = 0.6%) {92.8%}
17   -O                                                                        (2 = 0.6%) {93.3%}
18   -O                                                                        (1 = 0.3%) {93.9%}
19   -O                                                                        (2 = 0.6%) {94.2%}
20   -O                                                                        (2 = 0.6%) {94.7%}
21   -O                                                                        (2 = 0.6%) {95.3%}
22   -O                                                                        (1 = 0.3%) {95.8%}
23   -O                                                                        (1 = 0.3%) {96.1%}
24   -O                                                                        (1 = 0.3%) {96.4%}
25   --O                                                                       (3 = 0.8%) {96.7%}
26   O                                                                         (0 = 0.0%) {97.5%}
27   --O                                                                       (3 = 0.8%) {97.5%}
28   -O                                                                        (1 = 0.3%) {98.3%}
29   -O                                                                        (2 = 0.6%) {98.6%}
31   O                                                                         (0 = 0.0%) {99.2%}
33   -O                                                                        (1 = 0.3%) {99.2%}
35   ... 
149  -O                                                                        (1 = 0.3%) {99.4%}
157  ... 
859  -O                                                                        (1 = 0.3%) {99.7%}
904  ... 

Histogram: Scheduling.ThreadController.IdleDuration.Short.Other recorded 27 samples, mean = 87.5 (flags = 0x41)
0    ... 
24   -O                                                                        (1 = 3.7%) {0.0%}
25   --O                                                                       (2 = 7.4%) {3.7%}
26   -O                                                                        (1 = 3.7%) {11.1%}
27   -O                                                                        (1 = 3.7%) {14.8%}
28   O                                                                         (0 = 0.0%) {18.5%}
29   -O                                                                        (1 = 3.7%) {18.5%}
31   ... 
35   -O                                                                        (1 = 3.7%) {22.2%}
37   ---O                                                                      (3 = 11.1%) {25.9%}
39   O                                                                         (0 = 0.0%) {37.0%}
41   --O                                                                       (2 = 7.4%) {37.0%}
43   -O                                                                        (1 = 3.7%) {44.4%}
45   ... 
52   ---O                                                                      (3 = 11.1%) {48.1%}
55   -O                                                                        (1 = 3.7%) {59.3%}
58   O                                                                         (0 = 0.0%) {63.0%}
61   -O                                                                        (1 = 3.7%) {63.0%}
64   -O                                                                        (1 = 3.7%) {66.7%}
67   ... 
86   -O                                                                        (1 = 3.7%) {70.4%}
90   -O                                                                        (1 = 3.7%) {74.1%}
95   -O                                                                        (1 = 3.7%) {77.8%}
100  -O                                                                        (1 = 3.7%) {81.5%}
105  ... 
165  -O                                                                        (1 = 3.7%) {85.2%}
173  ... 
191  -O                                                                        (1 = 3.7%) {88.9%}
201  ... 
285  -O                                                                        (1 = 3.7%) {92.6%}
300  ... 
547  -O                                                                        (1 = 3.7%) {96.3%}
575  ... 

Histogram: ScreenLocker.Locked.Duration recorded 2 samples, mean = 2365954.0 (flags = 0x41)
0        ... 
94106    -O                                                                        (1 = 50.0%) {0.0%}
127499   ... 
3600000  -O                                                                        (1 = 50.0%) {50.0%}

Histogram: ScreenLocker.Unlocked.Duration recorded 1 samples, mean = 2162274.0 (flags = 0x41)
0        ... 
1961199  -O                                                                        (1 = 100.0%) {0.0%}
2657126  ... 

Histogram: Search.ChoiceReprompt recorded 1 samples, mean = 6.0 (flags = 0x41)
0  ... 
6  -O                                                                        (1 = 100.0%) {0.0%}
7  O                                                                         (0 = 0.0%) {100.0%}

Histogram: Search.SearchProviderOverrideStatus recorded 1 samples, mean = 0.0 (flags = 0x41)
0  -O                                                                        (1 = 100.0%)
1  ... 

Histogram: Security.GwpAsan.Activated.Malloc.Browser recorded 1 samples, mean = 0.0 (flags = 0x41)
0  -O                                                                        (1 = 100.0%)
1  ... 

Histogram: Security.GwpAsan.Activated.PartitionAlloc.Browser recorded 1 samples, mean = 0.0 (flags = 0x41)
0  -O                                                                        (1 = 100.0%)
1  ... 

Histogram: Security.HttpsFirstMode.SettingEnabledAtStartup recorded 1 samples, mean = 0.0 (flags = 0x41)
0  -O                                                                        (1 = 100.0%)
1  ... 

Histogram: Security.JSONParser.ChromiumExtensionUsage recorded 1 samples, mean = 1.0 (flags = 0x41)
0  O                                                                         (0 = 0.0%)
1  -O                                                                        (1 = 100.0%) {0.0%}
2  ... 

Histogram: Security.JSONParser.ParsingTime recorded 17 samples, mean = 64.0 (flags = 0x41)
0    O                                                                         (0 = 0.0%)
1    -O                                                                        (1 = 5.9%) {0.0%}
2    ... 
4    -O                                                                        (1 = 5.9%) {5.9%}
5    --O                                                                       (2 = 11.8%) {11.8%}
7    O                                                                         (0 = 0.0%) {23.5%}
9    -O                                                                        (1 = 5.9%) {23.5%}
12   O                                                                         (0 = 0.0%) {29.4%}
16   -O                                                                        (1 = 5.9%) {29.4%}
21   --O                                                                       (2 = 11.8%) {35.3%}
28   ... 
65   -----O                                                                    (5 = 29.4%) {47.1%}
86   ---O                                                                      (3 = 17.6%) {76.5%}
113  ... 
258  -O                                                                        (1 = 5.9%) {94.1%}
340  ... 

Histogram: Security.NavigationRequestSecurityLevel recorded 2 samples, mean = 1.0 (flags = 0x41)
0  O                                                                         (0 = 0.0%)
1  --O                                                                       (2 = 100.0%) {0.0%}
2  ... 

Histogram: Security.PageEndReason.SECURE recorded 1 samples, mean = 6.0 (flags = 0x41)
0  ... 
6  -O                                                                        (1 = 100.0%) {0.0%}
7  ... 

Histogram: Security.PageEndReason.SafetyTip_None recorded 1 samples, mean = 6.0 (flags = 0x41)
0  ... 
6  -O                                                                        (1 = 100.0%) {0.0%}
7  ... 

Histogram: Security.PrivateNetworkAccess.CheckResult recorded 49 samples, mean = 2.5 (flags = 0x41)
0   ----O                                                                     (4 = 8.2%)
1   --------------------------------------O                                   (38 = 77.6%) {8.2%}
2   ... 
12  -------O                                                                  (7 = 14.3%) {85.7%}
13  O                                                                         (0 = 0.0%) {100.0%}

Histogram: Security.SCTAuditing.NumPersistedReportsLoaded recorded 1 samples, mean = 0.0 (flags = 0x41)
0  -O                                                                        (1 = 100.0%)
1  ... 

Histogram: Security.SafetyTips.GetReputationStatusWithEngagedSitesTime recorded 1 samples, mean = 0.0 (flags = 0x41)
0  -O                                                                        (1 = 100.0%)
1  ... 

Histogram: Security.SafetyTips.ReputationCheckComplete.DidFinishNavigation recorded 1 samples, mean = 1.0 (flags = 0x41)
0  O                                                                         (0 = 0.0%)
1  -O                                                                        (1 = 100.0%) {0.0%}
2  ... 

Histogram: Security.SafetyTips.SafetyTipShown recorded 1 samples, mean = 1.0 (flags = 0x41)
0  O                                                                         (0 = 0.0%)
1  -O                                                                        (1 = 100.0%) {0.0%}
2  ... 

Histogram: Security.SafetyTips.StatusWithInitiator.Unknown recorded 1 samples, mean = 1.0 (flags = 0x41)
0  O                                                                         (0 = 0.0%)
1  -O                                                                        (1 = 100.0%) {0.0%}
2  ... 

Histogram: Security.SecurityLevel.OnCommit recorded 1 samples, mean = 3.0 (flags = 0x41)
0  ... 
3  -O                                                                        (1 = 100.0%) {0.0%}
4  ... 

Histogram: Security.SecurityLevel.OnComplete recorded 1 samples, mean = 3.0 (flags = 0x41)
0  ... 
3  -O                                                                        (1 = 100.0%) {0.0%}
4  ... 

Histogram: Security.SiteEngagement.SECURE recorded 1 samples, mean = 26.0 (flags = 0x41)
0   ... 
26  -O                                                                        (1 = 100.0%) {0.0%}
27  ... 

Histogram: Security.SiteEngagement.SafetyTip_None recorded 1 samples, mean = 26.0 (flags = 0x41)
0   ... 
26  -O                                                                        (1 = 100.0%) {0.0%}
27  ... 

Histogram: Security.TimeOnPage2.SECURE recorded 1 samples, mean = 23177874.0 (flags = 0x41)
0        ... 
3600000  -O                                                                        (1 = 100.0%) {0.0%}

Histogram: Security.TimeOnPage2.SafetyTip_None recorded 1 samples, mean = 23177874.0 (flags = 0x41)
0        ... 
3600000  -O                                                                        (1 = 100.0%) {0.0%}

Histogram: SegmentationPlatform.Database.UpdateUrlForUkmSource recorded 6 samples, mean = 1.0 (flags = 0x41)
0  ----O                                                                     (4 = 66.7%)
1  -O                                                                        (1 = 16.7%) {66.7%}
2  ... 
5  -O                                                                        (1 = 16.7%) {83.3%}
6  ... 

Histogram: SegmentationPlatform.Init.ProcessCreationToServiceCreationLatency recorded 1 samples, mean = 319233.0 (flags = 0x41)
0       ... 
180000  -O                                                                        (1 = 100.0%) {0.0%}

Histogram: SegmentationPlatform.SelectionFailedReason.ChromeLowUserEngagement recorded 2 samples, mean = 13.5 (flags = 0x41)
0   ... 
10  -O                                                                        (1 = 50.0%) {0.0%}
11  ... 
17  -O                                                                        (1 = 50.0%) {50.0%}
18  ... 

Histogram: SegmentationPlatform.SelectionFailedReason.ComposePromotion recorded 2 samples, mean = 13.5 (flags = 0x41)
0   ... 
10  -O                                                                        (1 = 50.0%) {0.0%}
11  ... 
17  -O                                                                        (1 = 50.0%) {50.0%}
18  ... 

Histogram: SegmentationPlatform.SelectionFailedReason.CrossDeviceUser recorded 2 samples, mean = 13.5 (flags = 0x41)
0   ... 
10  -O                                                                        (1 = 50.0%) {0.0%}
11  ... 
17  -O                                                                        (1 = 50.0%) {50.0%}
18  ... 

Histogram: SegmentationPlatform.SelectionFailedReason.DatabaseApiClients recorded 2 samples, mean = 13.5 (flags = 0x41)
0   ... 
10  -O                                                                        (1 = 50.0%) {0.0%}
11  ... 
17  -O                                                                        (1 = 50.0%) {50.0%}
18  ... 

Histogram: SegmentationPlatform.SelectionFailedReason.DeviceSwitcher recorded 2 samples, mean = 13.5 (flags = 0x41)
0   ... 
10  -O                                                                        (1 = 50.0%) {0.0%}
11  ... 
17  -O                                                                        (1 = 50.0%) {50.0%}
18  ... 

Histogram: SegmentationPlatform.SelectionFailedReason.PasswordManagerUser recorded 2 samples, mean = 13.5 (flags = 0x41)
0   ... 
10  -O                                                                        (1 = 50.0%) {0.0%}
11  ... 
17  -O                                                                        (1 = 50.0%) {50.0%}
18  ... 

Histogram: SegmentationPlatform.SelectionFailedReason.ResumeHeavyUser recorded 2 samples, mean = 13.5 (flags = 0x41)
0   ... 
10  -O                                                                        (1 = 50.0%) {0.0%}
11  ... 
17  -O                                                                        (1 = 50.0%) {50.0%}
18  ... 

Histogram: SegmentationPlatform.SelectionFailedReason.SearchUser recorded 2 samples, mean = 13.5 (flags = 0x41)
0   ... 
10  -O                                                                        (1 = 50.0%) {0.0%}
11  ... 
17  -O                                                                        (1 = 50.0%) {50.0%}
18  ... 

Histogram: SegmentationPlatform.SelectionFailedReason.ShoppingUser recorded 2 samples, mean = 13.5 (flags = 0x41)
0   ... 
10  -O                                                                        (1 = 50.0%) {0.0%}
11  ... 
17  -O                                                                        (1 = 50.0%) {50.0%}
18  ... 

Histogram: SegmentationPlatform.SelectionFailedReason.URLVisitResumptionRanker recorded 2 samples, mean = 13.5 (flags = 0x41)
0   ... 
10  -O                                                                        (1 = 50.0%) {0.0%}
11  ... 
17  -O                                                                        (1 = 50.0%) {50.0%}
18  ... 

Histogram: SegmentationPlatform.SelectionFailedReason.WebAppInstallationPromo recorded 2 samples, mean = 13.5 (flags = 0x41)
0   ... 
10  -O                                                                        (1 = 50.0%) {0.0%}
11  ... 
17  -O                                                                        (1 = 50.0%) {50.0%}
18  ... 

Histogram: SegmentationPlatform.SyncSessions.TabsCountAtStartup recorded 1 samples, mean = 0.0 (flags = 0x41)
0  -O                                                                        (1 = 100.0%)
1  ... 

Histogram: SegmentationPlatform.UkmDatabase.InitTime recorded 1 samples, mean = 4.0 (flags = 0x41)
0  ... 
4  -O                                                                        (1 = 100.0%) {0.0%}
5  ... 

Histogram: ServiceWorker.FindRegistrationForClientUrl.IsCalledForNavigation recorded 5 samples, mean = 0.2 (flags = 0x41)
0  ----O                                                                     (4 = 80.0%)
1  -O                                                                        (1 = 20.0%) {80.0%}
2  O                                                                         (0 = 0.0%) {100.0%}

Histogram: ServiceWorker.FindRegistrationForClientUrl.SkippedMojoCall.OnNavigation recorded 1 samples, mean = 0.0 (flags = 0x41)
0  -O                                                                        (1 = 100.0%)
1  ... 

Histogram: ServiceWorker.OnBrowserStartup.SkipServiceWorkerOnFirstNavigation recorded 1 samples, mean = 0.0 (flags = 0x41)
0  -O                                                                        (1 = 100.0%)
1  ... 

Histogram: ServiceWorker.RegisteredStorageKeyCount recorded 1 samples, mean = 0.0 (flags = 0x41)
0  -O                                                                        (1 = 100.0%)
1  ... 

Histogram: ServiceWorker.SkipCallingFindRegistrationForClientUrl recorded 1 samples, mean = 1.0 (flags = 0x41)
0  O                                                                         (0 = 0.0%)
1  -O                                                                        (1 = 100.0%) {0.0%}
2  O                                                                         (0 = 0.0%) {100.0%}

Histogram: ServiceWorker.Storage.ReadInitialDataFromDB.Time recorded 1 samples, mean = 0.0 (flags = 0x41)
0  -O                                                                        (1 = 100.0%)
1  ... 

Histogram: ServiceWorker.Storage.RegisteredStorageKeyCacheInitialization.Time recorded 1 samples, mean = 7157.0 (flags = 0x41)
0     ... 
6296  -O                                                                        (1 = 100.0%) {0.0%}
8000  ... 

Histogram: SessionRestore.UnrecoverableWriteErrorCount recorded 1 samples, mean = 0.0 (flags = 0x41)
0  -O                                                                        (1 = 100.0%)
1  ... 

Histogram: SessionStorageContext.CachePurgedInKB recorded 1 samples, mean = 0.0 (flags = 0x41)
0  -O                                                                        (1 = 100.0%)
1  ... 

Histogram: SessionStorageContext.CachePurgedInKB.AggressivePurgeTriggered recorded 1 samples, mean = 0.0 (flags = 0x41)
0  -O                                                                        (1 = 100.0%)
1  ... 

Histogram: SessionStorageContext.CommitResult recorded 2 samples, mean = 0.0 (flags = 0x41)
0  --O                                                                       (2 = 100.0%)
1  ... 

Histogram: Settings.AdvancedSpellcheck.OnStartup2 recorded 1 samples, mean = 0.0 (flags = 0x41)
0  -O                                                                        (1 = 100.0%)
1  ... 

Histogram: Settings.AutocompleteSearches.OnStartup2 recorded 1 samples, mean = 1.0 (flags = 0x41)
0  O                                                                         (0 = 0.0%)
1  -O                                                                        (1 = 100.0%) {0.0%}
2  O                                                                         (0 = 0.0%) {100.0%}

Histogram: Settings.FingerprintingProtection.Enabled recorded 1 samples, mean = 0.0 (flags = 0x41)
0  -O                                                                        (1 = 100.0%)
1  ... 

Histogram: Settings.FirstPartySets.State recorded 1 samples, mean = 0.0 (flags = 0x41)
0  -O                                                                        (1 = 100.0%)
1  ... 

Histogram: Settings.IpProtection.Enabled recorded 1 samples, mean = 0.0 (flags = 0x41)
0  -O                                                                        (1 = 100.0%)
1  ... 

Histogram: Settings.PreloadStatus.OnStartup3 recorded 1 samples, mean = 1.0 (flags = 0x41)
0  O                                                                         (0 = 0.0%)
1  -O                                                                        (1 = 100.0%) {0.0%}
2  ... 

Histogram: Settings.PrivacySandbox.AdMeasurement.Enabled recorded 1 samples, mean = 0.0 (flags = 0x41)
0  -O                                                                        (1 = 100.0%)
1  ... 

Histogram: Settings.PrivacySandbox.Fledge.Enabled recorded 1 samples, mean = 0.0 (flags = 0x41)
0  -O                                                                        (1 = 100.0%)
1  ... 

Histogram: Settings.PrivacySandbox.Topics.Enabled recorded 1 samples, mean = 0.0 (flags = 0x41)
0  -O                                                                        (1 = 100.0%)
1  ... 

Histogram: Settings.ShowHomeButton2 recorded 1 samples, mean = 0.0 (flags = 0x41)
0  -O                                                                        (1 = 100.0%)
1  ... 

Histogram: Settings.StartupPageLoadSettings2 recorded 1 samples, mean = 5.0 (flags = 0x41)
0  ... 
5  -O                                                                        (1 = 100.0%) {0.0%}
6  ... 

Histogram: Settings.TrackedPreferenceChanged.FromRegistry recorded 2 samples, mean = 10.0 (flags = 0x41)
0   ... 
5   -O                                                                        (1 = 50.0%) {0.0%}
6   ... 
15  -O                                                                        (1 = 50.0%) {50.0%}
16  ... 

Histogram: Settings.TrackedPreferenceUnchanged recorded 18 samples, mean = 14.5 (flags = 0x41)
0   -O                                                                        (1 = 5.6%)
1   -O                                                                        (1 = 5.6%) {5.6%}
2   -O                                                                        (1 = 5.6%) {11.1%}
3   -O                                                                        (1 = 5.6%) {16.7%}
4   -O                                                                        (1 = 5.6%) {22.2%}
5   -O                                                                        (1 = 5.6%) {27.8%}
6   -O                                                                        (1 = 5.6%) {33.3%}
7   -O                                                                        (1 = 5.6%) {38.9%}
8   ... 
11  -O                                                                        (1 = 5.6%) {44.4%}
12  ... 
14  -O                                                                        (1 = 5.6%) {50.0%}
15  -O                                                                        (1 = 5.6%) {55.6%}
16  ... 
18  -O                                                                        (1 = 5.6%) {61.1%}
19  ... 
23  -O                                                                        (1 = 5.6%) {66.7%}
24  -O                                                                        (1 = 5.6%) {72.2%}
25  ... 
29  -O                                                                        (1 = 5.6%) {77.8%}
30  ... 
32  -O                                                                        (1 = 5.6%) {83.3%}
33  -O                                                                        (1 = 5.6%) {88.9%}
34  -O                                                                        (1 = 5.6%) {94.4%}
35  O                                                                         (0 = 0.0%) {100.0%}

Histogram: Settings.TrackedPreferenceUnchanged.FromRegistry recorded 16 samples, mean = 15.1 (flags = 0x41)
0   -O                                                                        (1 = 6.2%)
1   -O                                                                        (1 = 6.2%) {6.2%}
2   -O                                                                        (1 = 6.2%) {12.5%}
3   -O                                                                        (1 = 6.2%) {18.8%}
4   -O                                                                        (1 = 6.2%) {25.0%}
5   O                                                                         (0 = 0.0%) {31.2%}
6   -O                                                                        (1 = 6.2%) {31.2%}
7   -O                                                                        (1 = 6.2%) {37.5%}
8   ... 
11  -O                                                                        (1 = 6.2%) {43.8%}
12  ... 
14  -O                                                                        (1 = 6.2%) {50.0%}
15  ... 
18  -O                                                                        (1 = 6.2%) {56.2%}
19  ... 
23  -O                                                                        (1 = 6.2%) {62.5%}
24  -O                                                                        (1 = 6.2%) {68.8%}
25  ... 
29  -O                                                                        (1 = 6.2%) {75.0%}
30  ... 
32  -O                                                                        (1 = 6.2%) {81.2%}
33  -O                                                                        (1 = 6.2%) {87.5%}
34  -O                                                                        (1 = 6.2%) {93.8%}
35  O                                                                         (0 = 0.0%) {100.0%}

Histogram: Settings.TrackingProtection.Enabled recorded 1 samples, mean = 0.0 (flags = 0x41)
0  -O                                                                        (1 = 100.0%)
1  ... 

Histogram: SharedDictionary.TimeInitializeDB recorded 1 samples, mean = 4.0 (flags = 0x41)
0  ... 
4  -O                                                                        (1 = 100.0%) {0.0%}
5  ... 

Histogram: Signin.APIKeyMatchesFeatureOnStartup recorded 3 samples, mean = 0.0 (flags = 0x41)
0  ---O                                                                      (3 = 100.0%)
1  ... 

Histogram: Signin.AccountTracker.CountOfLoadedAccounts recorded 1 samples, mean = 0.0 (flags = 0x41)
0  -O                                                                        (1 = 100.0%)
1  ... 

Histogram: Signin.ExplicitSigninMigration recorded 1 samples, mean = 0.0 (flags = 0x41)
0  -O                                                                        (1 = 100.0%)
1  ... 

Histogram: Signin.HadPreviousSyncAccount.SignedOutOnProfileLoad recorded 1 samples, mean = 0.0 (flags = 0x41)
0  -O                                                                        (1 = 100.0%)
1  ... 

Histogram: Signin.HadPreviousSyncAccount.SyncOffOnProfileLoad recorded 1 samples, mean = 0.0 (flags = 0x41)
0  -O                                                                        (1 = 100.0%)
1  ... 

Histogram: Signin.ListAccountsFailure recorded 1 samples, mean = 0.0 (flags = 0x41)
0  -O                                                                        (1 = 100.0%)
1  ... 

Histogram: Signin.PAMInitialize.PrimaryAccountPrefs recorded 1 samples, mean = 2.0 (flags = 0x41)
0  ... 
2  -O                                                                        (1 = 100.0%) {0.0%}
3  ... 

Histogram: Signin.SigninAllowed recorded 1 samples, mean = 0.0 (flags = 0x41)
0  -O                                                                        (1 = 100.0%)
1  ... 

Histogram: Signin.TokenTable.GetAllTokensSqlStatementValidity recorded 1 samples, mean = 1.0 (flags = 0x41)
0  O                                                                         (0 = 0.0%)
1  -O                                                                        (1 = 100.0%) {0.0%}
2  O                                                                         (0 = 0.0%) {100.0%}

Histogram: SimpleCache.App.CacheSizeOnInit recorded 1 samples, mean = 0.0 (flags = 0x41)
0  -O                                                                        (1 = 100.0%)
1000... 

Histogram: SimpleCache.App.ConsistencyResult recorded 1 samples, mean = 0.0 (flags = 0x41)
0  -O                                                                        (1 = 100.0%)
1  ... 

Histogram: SimpleCache.App.CreationToIndex recorded 1 samples, mean = 15.0 (flags = 0x41)
0   ... 
14  -O                                                                        (1 = 100.0%) {0.0%}
17  ... 

Histogram: SimpleCache.App.IndexFileStateOnLoad recorded 1 samples, mean = 2.0 (flags = 0x41)
0  ... 
2  -O                                                                        (1 = 100.0%) {0.0%}
3  ... 

Histogram: SimpleCache.App.IndexInitializeMethod recorded 1 samples, mean = 1.0 (flags = 0x41)
0  O                                                                         (0 = 0.0%)
1  -O                                                                        (1 = 100.0%) {0.0%}
2  ... 

Histogram: SimpleCache.App.IndexNumEntriesOnInit recorded 1 samples, mean = 0.0 (flags = 0x41)
0  -O                                                                        (1 = 100.0%)
1  ... 

Histogram: SimpleCache.App.MaxCacheSizeOnInit recorded 1 samples, mean = 0.0 (flags = 0x41)
0  -O                                                                        (1 = 100.0%)
1000... 

Histogram: SimpleCache.Code.CacheSizeOnInit recorded 1 samples, mean = 3505.0 (flags = 0x41)
0     ... 
3206  -O                                                                        (1 = 100.0%) {0.0%}
3649  ... 

Histogram: SimpleCache.Code.ConsistencyResult recorded 1 samples, mean = 0.0 (flags = 0x41)
0  -O                                                                        (1 = 100.0%)
1  ... 

Histogram: SimpleCache.Code.CreationToIndex recorded 1 samples, mean = 17.0 (flags = 0x41)
0   ... 
17  -O                                                                        (1 = 100.0%) {0.0%}
20  ... 

Histogram: SimpleCache.Code.DiskCloseLatency recorded 28 samples, mean = 0.0 (flags = 0x41)
0  ---------------------------O                                              (27 = 96.4%)
1  -O                                                                        (1 = 3.6%) {96.4%}
2  ... 

Histogram: SimpleCache.Code.DiskCreateLatency recorded 1 samples, mean = 0.0 (flags = 0x40)
0  -O                                                                        (1 = 100.0%)
1  ... 

Histogram: SimpleCache.Code.DiskDoomLatency recorded 1 samples, mean = 0.0 (flags = 0x41)
0  -O                                                                        (1 = 100.0%)
1  ... 

Histogram: SimpleCache.Code.DiskOpenLatency recorded 27 samples, mean = 14.4 (flags = 0x41)
0   ... 
8   --O                                                                       (2 = 7.4%) {0.0%}
10  ----O                                                                     (4 = 14.8%) {7.4%}
12  ------O                                                                   (6 = 22.2%) {22.2%}
14  --------O                                                                 (8 = 29.6%) {44.4%}
17  -----O                                                                    (5 = 18.5%) {74.1%}
20  --O                                                                       (2 = 7.4%) {92.6%}
24  ... 

Histogram: SimpleCache.Code.EntryCreationTime recorded 28 samples, mean = 15.0 (flags = 0x41)
0   -O                                                                        (1 = 3.6%)
1   ... 
8   -O                                                                        (1 = 3.6%) {3.6%}
10  ---O                                                                      (3 = 10.7%) {7.1%}
12  ----O                                                                     (4 = 14.3%) {17.9%}
14  ---------O                                                                (9 = 32.1%) {32.1%}
17  -----O                                                                    (5 = 17.9%) {64.3%}
20  -----O                                                                    (5 = 17.9%) {82.1%}
24  ... 

Histogram: SimpleCache.Code.HeaderSize recorded 3 samples, mean = 36.0 (flags = 0x41)
0   ... 
34  ---O                                                                      (3 = 100.0%) {0.0%}
40  ... 

Histogram: SimpleCache.Code.IndexFileStateOnLoad recorded 1 samples, mean = 2.0 (flags = 0x41)
0  ... 
2  -O                                                                        (1 = 100.0%) {0.0%}
3  ... 

Histogram: SimpleCache.Code.IndexInitializeMethod recorded 1 samples, mean = 1.0 (flags = 0x41)
0  O                                                                         (0 = 0.0%)
1  -O                                                                        (1 = 100.0%) {0.0%}
2  ... 

Histogram: SimpleCache.Code.IndexNumEntriesOnInit recorded 1 samples, mean = 123.0 (flags = 0x41)
0    ... 
119  -O                                                                        (1 = 100.0%) {0.0%}
149  ... 

Histogram: SimpleCache.Code.MaxCacheSizeOnInit recorded 1 samples, mean = 327680.0 (flags = 0x41)
0       ... 
297881  -O                                                                        (1 = 100.0%) {0.0%}
339058  ... 

Histogram: SimpleCache.Code.OpenEntryIndexState recorded 33 samples, mean = 1.8 (flags = 0x41)
0  O                                                                         (0 = 0.0%)
1  ------O                                                                   (6 = 18.2%) {0.0%}
2  ---------------------------O                                              (27 = 81.8%) {18.2%}
3  O                                                                         (0 = 0.0%) {100.0%}

Histogram: SimpleCache.Code.SyncCheckEOFResult recorded 35 samples, mean = 0.0 (flags = 0x40)
0  -----------------------------------O                                      (35 = 100.0%)
1  ... 

Histogram: SimpleCache.Code.SyncCloseResult recorded 28 samples, mean = 0.0 (flags = 0x40)
0  ----------------------------O                                             (28 = 100.0%)
1  ... 

Histogram: SimpleCache.Code.SyncOpenPrefetchMode recorded 27 samples, mean = 0.0 (flags = 0x41)
0  ---------------------------O                                              (27 = 100.0%)
1  ... 

Histogram: SimpleCache.Code.SyncOpenResult recorded 27 samples, mean = 0.0 (flags = 0x40)
0  ---------------------------O                                              (27 = 100.0%)
1  ... 

Histogram: SiteEngagementService.EngagementScore recorded 1 samples, mean = 27.0 (flags = 0x41)
0   ... 
26  -O                                                                        (1 = 100.0%) {0.0%}
28  ... 

Histogram: SiteEngagementService.EngagementType recorded 1 samples, mean = 0.0 (flags = 0x41)
0  -O                                                                        (1 = 100.0%)
1  ... 

Histogram: SiteEngagementService.MeanEngagement recorded 1 samples, mean = 27.0 (flags = 0x41)
0   ... 
26  -O                                                                        (1 = 100.0%) {0.0%}
28  ... 

Histogram: SiteEngagementService.MedianEngagement recorded 1 samples, mean = 27.0 (flags = 0x41)
0   ... 
26  -O                                                                        (1 = 100.0%) {0.0%}
28  ... 

Histogram: SiteEngagementService.OriginsEngaged recorded 1 samples, mean = 1.0 (flags = 0x41)
0  O                                                                         (0 = 0.0%)
1  -O                                                                        (1 = 100.0%) {0.0%}
2  ... 

Histogram: SiteIsolatedCodeCache.JS.Behaviour recorded 34 samples, mean = 0.5 (flags = 0x41)
0  -------------------------O                                                (25 = 73.5%)
1  -----O                                                                    (5 = 14.7%) {73.5%}
2  -O                                                                        (1 = 2.9%) {88.2%}
3  --O                                                                       (2 = 5.9%) {91.2%}
4  -O                                                                        (1 = 2.9%) {97.1%}
5  ... 

Histogram: SiteIsolatedCodeCache.JS.FetchCodeCache recorded 21 samples, mean = 19.0 (flags = 0x41)
0   ... 
12  --O                                                                       (2 = 9.5%) {0.0%}
14  --------O                                                                 (8 = 38.1%) {9.5%}
17  ---O                                                                      (3 = 14.3%) {47.6%}
20  ----O                                                                     (4 = 19.0%) {61.9%}
24  --O                                                                       (2 = 9.5%) {81.0%}
29  --O                                                                       (2 = 9.5%) {90.5%}
34  ... 

Histogram: SiteIsolatedCodeCache.JS.Hit recorded 26 samples, mean = 0.8 (flags = 0x41)
0  -----O                                                                    (5 = 19.2%)
1  ---------------------O                                                    (21 = 80.8%) {19.2%}
2  O                                                                         (0 = 0.0%) {100.0%}

Histogram: SiteIsolatedCodeCache.JS.PotentialMemoryBackedCodeCacheHit recorded 26 samples, mean = 0.0 (flags = 0x41)
0  --------------------------O                                               (26 = 100.0%)
1  ... 

Histogram: SiteIsolatedCodeCache.JS.PotentialMemoryBackedCodeCacheSize2 recorded 63 samples, mean = 1203398.0 (flags = 0x41)
0       ... 
977583  ---------------------------------------------------------------O          (63 = 100.0%) {0.0%}
1404020 ... 

Histogram: SiteIsolatedCodeCache.WASM.Behaviour recorded 6 samples, mean = 1.0 (flags = 0x41)
0  O                                                                         (0 = 0.0%)
1  ------O                                                                   (6 = 100.0%) {0.0%}
2  ... 

Histogram: SiteIsolation.BrowsingInstance.MaxCountPerProcess recorded 3 samples, mean = 0.7 (flags = 0x41)
0  -O                                                                        (1 = 33.3%)
1  --O                                                                       (2 = 66.7%) {33.3%}
2  ... 

Histogram: SiteIsolation.NewProcessUsedForNavigationWhenSameSiteProcessExists recorded 1 samples, mean = 0.0 (flags = 0x41)
0  -O                                                                        (1 = 100.0%)
1  ... 

Histogram: SiteIsolation.ProcessPerSiteWithMainFrameThreshold.IsDevToolsUser recorded 1 samples, mean = 0.0 (flags = 0x41)
0  -O                                                                        (1 = 100.0%)
1  ... 

Histogram: Skia.SubmitRenderPasses recorded 17 samples, mean = 0.5 (flags = 0x41)
0  -------------O                                                            (13 = 76.5%)
1  --O                                                                       (2 = 11.8%) {76.5%}
2  -O                                                                        (1 = 5.9%) {88.2%}
3  O                                                                         (0 = 0.0%) {94.1%}
4  -O                                                                        (1 = 5.9%) {94.1%}
5  ... 

Histogram: Sql.Statement.Affiliation.VMSteps recorded 15 samples, mean = 15.5 (flags = 0x41)
0   ... 
3   ----O                                                                     (4 = 26.7%) {0.0%}
4   O                                                                         (0 = 0.0%) {26.7%}
5   -O                                                                        (1 = 6.7%) {26.7%}
6   -O                                                                        (1 = 6.7%) {33.3%}
7   ... 
12  -----O                                                                    (5 = 33.3%) {40.0%}
14  ... 
20  -O                                                                        (1 = 6.7%) {73.3%}
24  O                                                                         (0 = 0.0%) {80.0%}
29  -O                                                                        (1 = 6.7%) {80.0%}
34  O                                                                         (0 = 0.0%) {86.7%}
40  -O                                                                        (1 = 6.7%) {86.7%}
48  -O                                                                        (1 = 6.7%) {93.3%}
57  ... 

Histogram: Sql.Statement.BrowsingTopics.VMSteps recorded 12 samples, mean = 8.0 (flags = 0x41)
0   ... 
3   ----O                                                                     (4 = 33.3%) {0.0%}
4   O                                                                         (0 = 0.0%) {33.3%}
5   -O                                                                        (1 = 8.3%) {33.3%}
6   ... 
8   --O                                                                       (2 = 16.7%) {41.7%}
10  O                                                                         (0 = 0.0%) {58.3%}
12  -----O                                                                    (5 = 41.7%) {58.3%}
14  ... 

Histogram: Sql.Statement.Cookie.VMSteps recorded 32 samples, mean = 20.8 (flags = 0x41)
0   ... 
3   ------O                                                                   (6 = 18.8%) {0.0%}
4   O                                                                         (0 = 0.0%) {18.8%}
5   --O                                                                       (2 = 6.2%) {18.8%}
6   O                                                                         (0 = 0.0%) {25.0%}
7   -O                                                                        (1 = 3.1%) {25.0%}
8   O                                                                         (0 = 0.0%) {28.1%}
10  -O                                                                        (1 = 3.1%) {28.1%}
12  ----------O                                                               (10 = 31.2%) {31.2%}
14  ... 
20  --O                                                                       (2 = 6.2%) {62.5%}
24  ----O                                                                     (4 = 12.5%) {68.8%}
29  O                                                                         (0 = 0.0%) {81.2%}
34  -O                                                                        (1 = 3.1%) {81.2%}
40  ... 
57  -----O                                                                    (5 = 15.6%) {84.4%}
68  ... 

Histogram: Sql.Statement.DIPS.VMSteps recorded 52 samples, mean = 14.1 (flags = 0x41)
0   ... 
3   --O                                                                       (2 = 3.8%) {0.0%}
4   O                                                                         (0 = 0.0%) {3.8%}
5   -O                                                                        (1 = 1.9%) {3.8%}
6   ... 
8   ----------O                                                               (10 = 19.2%) {5.8%}
10  -O                                                                        (1 = 1.9%) {25.0%}
12  -----------------O                                                        (17 = 32.7%) {26.9%}
14  --O                                                                       (2 = 3.8%) {59.6%}
17  ---------O                                                                (9 = 17.3%) {63.5%}
20  ---------O                                                                (9 = 17.3%) {80.8%}
24  -O                                                                        (1 = 1.9%) {98.1%}
29  ... 

Histogram: Sql.Statement.FirstPartySets.VMSteps recorded 31 samples, mean = 9.2 (flags = 0x41)
0   ... 
3   ----------O                                                               (10 = 32.3%) {0.0%}
4   O                                                                         (0 = 0.0%) {32.3%}
5   -O                                                                        (1 = 3.2%) {32.3%}
6   ... 
8   ----O                                                                     (4 = 12.9%) {35.5%}
10  ---O                                                                      (3 = 9.7%) {48.4%}
12  -----------O                                                              (11 = 35.5%) {58.1%}
14  ... 
20  -O                                                                        (1 = 3.2%) {93.5%}
24  -O                                                                        (1 = 3.2%) {96.8%}
29  ... 

Histogram: Sql.Statement.History.VMSteps recorded 357 samples, mean = 19.8 (flags = 0x41)
0    ... 
3    -----O                                                                    (8 = 2.2%) {0.0%}
4    O                                                                         (0 = 0.0%) {2.2%}
5    -O                                                                        (1 = 0.3%) {2.2%}
6    -O                                                                        (2 = 0.6%) {2.5%}
7    O                                                                         (0 = 0.0%) {3.1%}
8    --O                                                                       (4 = 1.1%) {3.1%}
10   --O                                                                       (4 = 1.1%) {4.2%}
12   ------------------------------------------------------------------------O (123 = 34.5%) {5.3%}
14   --O                                                                       (3 = 0.8%) {39.8%}
17   ------------------------------------------O                               (72 = 20.2%) {40.6%}
20   -------------------------------------------------------------------O      (115 = 32.2%) {60.8%}
24   -----O                                                                    (8 = 2.2%) {93.0%}
29   --O                                                                       (3 = 0.8%) {95.2%}
34   -O                                                                        (1 = 0.3%) {96.1%}
40   O                                                                         (0 = 0.0%) {96.4%}
48   -O                                                                        (1 = 0.3%) {96.4%}
57   -O                                                                        (1 = 0.3%) {96.6%}
68   ---O                                                                      (5 = 1.4%) {96.9%}
81   -O                                                                        (1 = 0.3%) {98.3%}
96   -O                                                                        (1 = 0.3%) {98.6%}
114  O                                                                         (0 = 0.0%) {98.9%}
135  --O                                                                       (3 = 0.8%) {98.9%}
160  ... 
226  -O                                                                        (1 = 0.3%) {99.7%}
268  ... 

Histogram: Sql.Statement.OptOutBlacklist.VMSteps recorded 4 samples, mean = 10.8 (flags = 0x41)
0   ... 
5   -O                                                                        (1 = 25.0%) {0.0%}
6   O                                                                         (0 = 0.0%) {25.0%}
7   -O                                                                        (1 = 25.0%) {25.0%}
8   O                                                                         (0 = 0.0%) {50.0%}
10  -O                                                                        (1 = 25.0%) {50.0%}
12  ... 
20  -O                                                                        (1 = 25.0%) {75.0%}
24  ... 

Histogram: Sql.Statement.Passwords.VMSteps recorded 51 samples, mean = 24.6 (flags = 0x41)
0   ... 
3   ----O                                                                     (4 = 7.8%) {0.0%}
4   O                                                                         (0 = 0.0%) {7.8%}
5   --O                                                                       (2 = 3.9%) {7.8%}
6   ------O                                                                   (6 = 11.8%) {11.8%}
7   ----O                                                                     (4 = 7.8%) {23.5%}
8   ---O                                                                      (3 = 5.9%) {31.4%}
10  O                                                                         (0 = 0.0%) {37.3%}
12  ------------O                                                             (12 = 23.5%) {37.3%}
14  --O                                                                       (2 = 3.9%) {60.8%}
17  O                                                                         (0 = 0.0%) {64.7%}
20  --O                                                                       (2 = 3.9%) {64.7%}
24  ... 
34  --O                                                                       (2 = 3.9%) {68.6%}
40  ----O                                                                     (4 = 7.8%) {72.5%}
48  O                                                                         (0 = 0.0%) {80.4%}
57  ----O                                                                     (4 = 7.8%) {80.4%}
68  ------O                                                                   (6 = 11.8%) {88.2%}
81  ... 

Histogram: Sql.Statement.Predictor.VMSteps recorded 15 samples, mean = 15.9 (flags = 0x41)
0   ... 
3   --O                                                                       (2 = 13.3%) {0.0%}
4   O                                                                         (0 = 0.0%) {13.3%}
5   -O                                                                        (1 = 6.7%) {13.3%}
6   -O                                                                        (1 = 6.7%) {20.0%}
7   O                                                                         (0 = 0.0%) {26.7%}
8   -O                                                                        (1 = 6.7%) {26.7%}
10  ----O                                                                     (4 = 26.7%) {33.3%}
12  -O                                                                        (1 = 6.7%) {60.0%}
14  -O                                                                        (1 = 6.7%) {66.7%}
17  ... 
24  -O                                                                        (1 = 6.7%) {73.3%}
29  -O                                                                        (1 = 6.7%) {80.0%}
34  O                                                                         (0 = 0.0%) {86.7%}
40  -O                                                                        (1 = 6.7%) {86.7%}
48  -O                                                                        (1 = 6.7%) {93.3%}
57  ... 

Histogram: Sql.Statement.Quota.VMSteps recorded 38 samples, mean = 8.3 (flags = 0x41)
0   ... 
3   ----O                                                                     (4 = 10.5%) {0.0%}
4   O                                                                         (0 = 0.0%) {10.5%}
5   -O                                                                        (1 = 2.6%) {10.5%}
6   ------O                                                                   (6 = 15.8%) {13.2%}
7   O                                                                         (0 = 0.0%) {28.9%}
8   -------------O                                                            (13 = 34.2%) {28.9%}
10  ------O                                                                   (6 = 15.8%) {63.2%}
12  --------O                                                                 (8 = 21.1%) {78.9%}
14  ... 

Histogram: Sql.Statement.ReportingAndNEL.VMSteps recorded 12 samples, mean = 13.8 (flags = 0x41)
0   ... 
3   --O                                                                       (2 = 16.7%) {0.0%}
4   O                                                                         (0 = 0.0%) {16.7%}
5   -O                                                                        (1 = 8.3%) {16.7%}
6   -O                                                                        (1 = 8.3%) {25.0%}
7   ... 
12  -----O                                                                    (5 = 41.7%) {33.3%}
14  ... 
20  -O                                                                        (1 = 8.3%) {75.0%}
24  O                                                                         (0 = 0.0%) {83.3%}
29  -O                                                                        (1 = 8.3%) {83.3%}
34  -O                                                                        (1 = 8.3%) {91.7%}
40  ... 

Histogram: Sql.Statement.SharedDictionary.VMSteps recorded 20 samples, mean = 9.1 (flags = 0x41)
0   ... 
3   --------O                                                                 (8 = 40.0%) {0.0%}
4   O                                                                         (0 = 0.0%) {40.0%}
5   -O                                                                        (1 = 5.0%) {40.0%}
6   ... 
8   -O                                                                        (1 = 5.0%) {45.0%}
10  O                                                                         (0 = 0.0%) {50.0%}
12  -------O                                                                  (7 = 35.0%) {50.0%}
14  O                                                                         (0 = 0.0%) {85.0%}
17  --O                                                                       (2 = 10.0%) {85.0%}
20  -O                                                                        (1 = 5.0%) {95.0%}
24  ... 

Histogram: Sql.Statement.SharedStorage.VMSteps recorded 3 samples, mean = 7.7 (flags = 0x41)
0   ... 
5   -O                                                                        (1 = 33.3%) {0.0%}
6   ... 
8   -O                                                                        (1 = 33.3%) {33.3%}
10  -O                                                                        (1 = 33.3%) {66.7%}
12  ... 

Histogram: Sql.Statement.Thumbnail.VMSteps recorded 24 samples, mean = 11.7 (flags = 0x41)
0   ... 
3   --------O                                                                 (8 = 33.3%) {0.0%}
4   O                                                                         (0 = 0.0%) {33.3%}
5   -O                                                                        (1 = 4.2%) {33.3%}
6   ... 
8   -O                                                                        (1 = 4.2%) {37.5%}
10  O                                                                         (0 = 0.0%) {41.7%}
12  ----------O                                                               (10 = 41.7%) {41.7%}
14  ... 
20  -O                                                                        (1 = 4.2%) {83.3%}
24  O                                                                         (0 = 0.0%) {87.5%}
29  ---O                                                                      (3 = 12.5%) {87.5%}
34  ... 

Histogram: Sql.Statement.TopSites.VMSteps recorded 13 samples, mean = 13.5 (flags = 0x41)
0   ... 
3   --O                                                                       (2 = 15.4%) {0.0%}
4   O                                                                         (0 = 0.0%) {15.4%}
5   -O                                                                        (1 = 7.7%) {15.4%}
6   ... 
12  ---------O                                                                (9 = 69.2%) {23.1%}
14  ... 
48  -O                                                                        (1 = 7.7%) {92.3%}
57  ... 

Histogram: Sql.Statement.TrustTokens.VMSteps recorded 16 samples, mean = 14.1 (flags = 0x41)
0   ... 
3   --O                                                                       (2 = 12.5%) {0.0%}
4   O                                                                         (0 = 0.0%) {12.5%}
5   -O                                                                        (1 = 6.2%) {12.5%}
6   ---O                                                                      (3 = 18.8%) {18.8%}
7   ... 
10  -O                                                                        (1 = 6.2%) {37.5%}
12  -----O                                                                    (5 = 31.2%) {43.8%}
14  ... 
20  -O                                                                        (1 = 6.2%) {75.0%}
24  O                                                                         (0 = 0.0%) {81.2%}
29  -O                                                                        (1 = 6.2%) {81.2%}
34  --O                                                                       (2 = 12.5%) {87.5%}
40  ... 

Histogram: Sql.Statement.UKMMetrics.VMSteps recorded 30 samples, mean = 13.1 (flags = 0x41)
0   ... 
3   -----O                                                                    (5 = 16.7%) {0.0%}
4   O                                                                         (0 = 0.0%) {16.7%}
5   -O                                                                        (1 = 3.3%) {16.7%}
6   ... 
8   --------O                                                                 (8 = 26.7%) {20.0%}
10  O                                                                         (0 = 0.0%) {46.7%}
12  ------O                                                                   (6 = 20.0%) {46.7%}
14  ... 
20  --------O                                                                 (8 = 26.7%) {66.7%}
24  O                                                                         (0 = 0.0%) {93.3%}
29  -O                                                                        (1 = 3.3%) {93.3%}
34  O                                                                         (0 = 0.0%) {96.7%}
40  -O                                                                        (1 = 3.3%) {96.7%}
48  ... 

Histogram: Sql.Statement.Web.VMSteps recorded 116 samples, mean = 53.1 (flags = 0x41)
0    ... 
3    --------O                                                                 (8 = 6.9%) {0.0%}
4    -O                                                                        (1 = 0.9%) {6.9%}
5    -O                                                                        (1 = 0.9%) {7.8%}
6    ------------O                                                             (12 = 10.3%) {8.6%}
7    ----------O                                                               (10 = 8.6%) {19.0%}
8    ------O                                                                   (6 = 5.2%) {27.6%}
10   ---------O                                                                (9 = 7.8%) {32.8%}
12   --------------O                                                           (14 = 12.1%) {40.5%}
14   -O                                                                        (1 = 0.9%) {52.6%}
17   ---O                                                                      (3 = 2.6%) {53.4%}
20   -O                                                                        (1 = 0.9%) {56.0%}
24   -O                                                                        (1 = 0.9%) {56.9%}
29   --O                                                                       (2 = 1.7%) {57.8%}
34   --O                                                                       (2 = 1.7%) {59.5%}
40   --O                                                                       (2 = 1.7%) {61.2%}
48   ---O                                                                      (3 = 2.6%) {62.9%}
57   ----O                                                                     (4 = 3.4%) {65.5%}
68   ----O                                                                     (4 = 3.4%) {69.0%}
81   --O                                                                       (2 = 1.7%) {72.4%}
96   -------O                                                                  (7 = 6.0%) {74.1%}
114  -----O                                                                    (5 = 4.3%) {80.2%}
135  -------O                                                                  (7 = 6.0%) {84.5%}
160  -----O                                                                    (5 = 4.3%) {90.5%}
190  ------O                                                                   (6 = 5.2%) {94.8%}
226  ... 

Histogram: Sql.vfs.SyncTime recorded 75 samples, mean = 0.9 (flags = 0x41)
0   ------------------------------O                                           (30 = 40.0%)
1   -----------------------------------O                                      (35 = 46.7%) {40.0%}
2   ------O                                                                   (6 = 8.0%) {86.7%}
3   -O                                                                        (1 = 1.3%) {94.7%}
4   O                                                                         (0 = 0.0%) {96.0%}
5   --O                                                                       (2 = 2.7%) {96.0%}
6   ... 
10  -O                                                                        (1 = 1.3%) {98.7%}
12  ... 

Histogram: Stability.Counts2 recorded 9 samples, mean = 21.8 (flags = 0x43)
0   ... 
2   --O                                                                       (2 = 22.2%) {0.0%}
3   ... 
15  -O                                                                        (1 = 11.1%) {22.2%}
16  ... 
26  ---O                                                                      (3 = 33.3%) {33.3%}
27  ... 
33  ---O                                                                      (3 = 33.3%) {66.7%}
34  O                                                                         (0 = 0.0%) {100.0%}

Histogram: Stability.Experimental.PageLoads recorded 2 samples, mean = 17.0 (flags = 0x41)
0   ... 
17  --O                                                                       (2 = 100.0%) {0.0%}
18  O                                                                         (0 = 0.0%) {100.0%}

Histogram: Startup.AfterStartupTaskCount recorded 1 samples, mean = 2.0 (flags = 0x41)
0  ... 
2  -O                                                                        (1 = 100.0%) {0.0%}
3  ... 

Histogram: Startup.AfterStartupTaskDelayedUntilTime recorded 1 samples, mean = 29848.0 (flags = 0x41)
0      ... 
27929  -O                                                                        (1 = 100.0%) {0.0%}
37840  ... 

Histogram: Startup.BrowserMainRunnerImplInitializeLongTime recorded 1 samples, mean = 130.0 (flags = 0x41)
0    ... 
119  -O                                                                        (1 = 100.0%) {0.0%}
137  ... 

Histogram: Startup.BrowserMessageLoopFirstIdle recorded 1 samples, mean = 7283126.0 (flags = 0x41)
0        ... 
3600000  -O                                                                        (1 = 100.0%) {0.0%}

Histogram: Startup.BrowserMessageLoopStartTime recorded 1 samples, mean = 175.0 (flags = 0x41)
0    ... 
158  -O                                                                        (1 = 100.0%) {0.0%}
182  ... 

Histogram: Startup.CreateFirstProfile recorded 1 samples, mean = 83.0 (flags = 0x41)
0   ... 
64  -O                                                                        (1 = 100.0%) {0.0%}
87  ... 

Histogram: Startup.FirstWebContents.FinishReason recorded 1 samples, mean = 6.0 (flags = 0x41)
0  ... 
6  -O                                                                        (1 = 100.0%) {0.0%}
7  ... 

Histogram: Startup.LoadTime.ApplicationStartToChromeMain recorded 1 samples, mean = 0.0 (flags = 0x41)
0  -O                                                                        (1 = 100.0%)
1  ... 

Histogram: Startup.LoadTime.ProcessCreateToApplicationStart recorded 1 samples, mean = 16267.0 (flags = 0x41)
0      ... 
15215  -O                                                                        (1 = 100.0%) {0.0%}
20614  ... 

Histogram: Startup.LoadTime.RecordedProcessCreation recorded 1 samples, mean = 1.0 (flags = 0x1)
0  O                                                                         (0 = 0.0%)
1  -O                                                                        (1 = 100.0%) {0.0%}
2  O                                                                         (0 = 0.0%) {100.0%}

Histogram: Startup.PreMainMessageLoopRunImplLongTime recorded 1 samples, mean = 91.0 (flags = 0x41)
0   ... 
89  -O                                                                        (1 = 100.0%) {0.0%}
103 ... 

Histogram: Startup.Renderer.LoadTime.ApplicationStartToRendererStartRunLoop recorded 1 samples, mean = 32.0 (flags = 0x41)
0   ... 
32  -O                                                                        (1 = 100.0%) {0.0%}
41  ... 

Histogram: Startup.Renderer.LoadTime.ChromeMainToRendererStartRunLoop recorded 1 samples, mean = 31.0 (flags = 0x41)
0   ... 
25  -O                                                                        (1 = 100.0%) {0.0%}
32  ... 

Histogram: Startup.Renderer.LoadTime.ProcessCreationToRendererStartRunLoop recorded 1 samples, mean = 140.0 (flags = 0x41)
0    ... 
136  -O                                                                        (1 = 100.0%) {0.0%}
173  ... 

Histogram: Startup.Temperature recorded 1 samples, mean = 3.0 (flags = 0x41)
0  ... 
3  -O                                                                        (1 = 100.0%) {0.0%}
4  O                                                                         (0 = 0.0%) {100.0%}

Histogram: Storage.Blob.CreateDirectoryResult recorded 1 samples, mean = 0.0 (flags = 0x41)
0  -O                                                                        (1 = 100.0%)
1  ... 

Histogram: Storage.SessionStorage.RendererAreaCacheHit recorded 2 samples, mean = 1.0 (flags = 0x41)
0  -O                                                                        (1 = 50.0%)
1  O                                                                         (0 = 0.0%) {50.0%}
2  -O                                                                        (1 = 50.0%) {50.0%}
3  O                                                                         (0 = 0.0%) {100.0%}

Histogram: Storage.SharedStorage.Database.Timing.OpenImpl recorded 1 samples, mean = 3.0 (flags = 0x41)
0  ... 
3  -O                                                                        (1 = 100.0%) {0.0%}
4  ... 

Histogram: Storage.SharedStorage.OnShutdown.NumSqlErrors recorded 1 samples, mean = 0.0 (flags = 0x41)
0  -O                                                                        (1 = 100.0%)
1  ... 

Histogram: Storage.SharedStorage.OnShutdown.RecoveryFromInitFailureAttempted recorded 1 samples, mean = 0.0 (flags = 0x41)
0  -O                                                                        (1 = 100.0%)
1  ... 

Histogram: Storage.SharedStorage.OnShutdown.RecoveryOnDiskAttempted recorded 1 samples, mean = 0.0 (flags = 0x41)
0  -O                                                                        (1 = 100.0%)
1  ... 

Histogram: Storage.SharedStorage.Worklet.NumPerPage recorded 1 samples, mean = 0.0 (flags = 0x41)
0  -O                                                                        (1 = 100.0%)
1  ... 

Histogram: Storage.SharedStorage.Worklet.SelectURL.CallsPerPage recorded 1 samples, mean = 0.0 (flags = 0x41)
0  -O                                                                        (1 = 100.0%)
1  ... 

Histogram: Style.InvalidationTime recorded 3 samples, mean = 104.7 (flags = 0x41)
0    ... 
76   --O                                                                       (2 = 66.7%) {0.0%}
105  -O                                                                        (1 = 33.3%) {66.7%}
146  ... 

Histogram: Style.RebuildLayoutTreeTime recorded 9 samples, mean = 432.1 (flags = 0x41)
0     ... 
15    -O                                                                        (1 = 11.1%) {0.0%}
21    ... 
55    -O                                                                        (1 = 11.1%) {11.1%}
76    ---O                                                                      (3 = 33.3%) {22.2%}
105   --O                                                                       (2 = 22.2%) {55.6%}
146   -O                                                                        (1 = 11.1%) {77.8%}
203   ... 
2786  -O                                                                        (1 = 11.1%) {88.9%}
3865  ... 

Histogram: Style.RecalcTime recorded 11 samples, mean = 2285.4 (flags = 0x41)
0     ... 
3     -O                                                                        (1 = 9.1%) {0.0%}
4     ... 
76    --O                                                                       (2 = 18.2%) {9.1%}
105   O                                                                         (0 = 0.0%) {27.3%}
146   -O                                                                        (1 = 9.1%) {27.3%}
203   -O                                                                        (1 = 9.1%) {36.4%}
282   ... 
542   -O                                                                        (1 = 9.1%) {45.5%}
752   ... 
2008  -O                                                                        (1 = 9.1%) {54.5%}
2786  -O                                                                        (1 = 9.1%) {63.6%}
3865  -O                                                                        (1 = 9.1%) {72.7%}
5362  -O                                                                        (1 = 9.1%) {81.8%}
7439  -O                                                                        (1 = 9.1%) {90.9%}
10321 ... 

Histogram: SubresourceFilter.MainFrameLoad.RulesetIsAvailableAnyActivationLevel recorded 1 samples, mean = 0.0 (flags = 0x41)
0  -O                                                                        (1 = 100.0%)
1  ... 

Histogram: SubresourceFilter.PageLoad.ActivationDecision recorded 1 samples, mean = 1.0 (flags = 0x41)
0  O                                                                         (0 = 0.0%)
1  -O                                                                        (1 = 100.0%) {0.0%}
2  ... 

Histogram: SubresourceFilter.PageLoad.ActivationList recorded 1 samples, mean = 0.0 (flags = 0x41)
0  -O                                                                        (1 = 100.0%)
1  ... 

Histogram: SubresourceFilter.PageLoad.ActivationState recorded 2 samples, mean = 0.0 (flags = 0x41)
0  --O                                                                       (2 = 100.0%)
1  ... 

Histogram: SubresourceFilter.PageLoad.SafeBrowsingDelay recorded 1 samples, mean = 0.0 (flags = 0x41)
0  -O                                                                        (1 = 100.0%)
1  ... 

Histogram: SubresourceFilter.SafeBrowsing.TotalCheckTime recorded 3 samples, mean = 0.0 (flags = 0x41)
0  ---O                                                                      (3 = 100.0%)
1  ... 

Histogram: Sync.ModelTypeErrorSite.DEVICE_INFO recorded 1 samples, mean = 0.0 (flags = 0x41)
0  -O                                                                        (1 = 100.0%)
1  ... 

Histogram: Sync.ModelTypeErrorSite.READING_LIST recorded 2 samples, mean = 0.0 (flags = 0x41)
0  --O                                                                       (2 = 100.0%)
1  ... 

Histogram: Sync.ModelTypeErrorSite.SEND_TAB_TO_SELF recorded 1 samples, mean = 0.0 (flags = 0x41)
0  -O                                                                        (1 = 100.0%)
1  ... 

Histogram: Sync.ModelTypeErrorSite.WEB_APP recorded 1 samples, mean = 0.0 (flags = 0x41)
0  -O                                                                        (1 = 100.0%)
1  ... 

Histogram: Sync.ModelTypeStoreBackendError.Init recorded 1 samples, mean = 5.0 (flags = 0x41)
0  ... 
5  -O                                                                        (1 = 100.0%) {0.0%}
6  O                                                                         (0 = 0.0%) {100.0%}

Histogram: Sync.ModelTypeStoreBackendInitializationSuccess recorded 1 samples, mean = 0.0 (flags = 0x41)
0  -O                                                                        (1 = 100.0%)
1  ... 

Histogram: Sync.PassphraseType2 recorded 1 samples, mean = 0.0 (flags = 0x41)
0  -O                                                                        (1 = 100.0%)
1  ... 

Histogram: Sync.SyncToSigninMigrationDecision recorded 1 samples, mean = 1.0 (flags = 0x41)
0  O                                                                         (0 = 0.0%)
1  -O                                                                        (1 = 100.0%) {0.0%}
2  ... 

Histogram: Sync.TrustedVaultFileReadStatus recorded 1 samples, mean = 0.0 (flags = 0x41)
0  -O                                                                        (1 = 100.0%)
1  ... 

Histogram: Sync.TrustedVaultFileWriteSuccess recorded 1 samples, mean = 1.0 (flags = 0x41)
0  O                                                                         (0 = 0.0%)
1  -O                                                                        (1 = 100.0%) {0.0%}
2  O                                                                         (0 = 0.0%) {100.0%}

Histogram: TabGroups.CollapsedGroupCountPerLoad recorded 1 samples, mean = 0.0 (flags = 0x41)
0  -O                                                                        (1 = 100.0%)
1  ... 

Histogram: TabGroups.UserCustomizedGroupCountPerLoad recorded 1 samples, mean = 0.0 (flags = 0x41)
0  -O                                                                        (1 = 100.0%)
1  ... 

Histogram: TabGroups.UserGroupCountPerLoad recorded 1 samples, mean = 0.0 (flags = 0x41)
0  -O                                                                        (1 = 100.0%)
1  ... 

Histogram: TabGroups.UserPinnedTabCountPerLoad recorded 1 samples, mean = 0.0 (flags = 0x41)
0  -O                                                                        (1 = 100.0%)
1  ... 

Histogram: Tabs.NewNavigationWithSameOriginTab recorded 1 samples, mean = 0.0 (flags = 0x41)
0  -O                                                                        (1 = 100.0%)
1  ... 

Histogram: Tabs.NumberOfTabsOnResume recorded 3 samples, mean = 0.0 (flags = 0x41)
0  ---O                                                                      (3 = 100.0%)
1  ... 

Histogram: Tabs.NumberOfTabsOnResume.PluggedIn recorded 3 samples, mean = 0.0 (flags = 0x41)
0  ---O                                                                      (3 = 100.0%)
1  ... 

Histogram: Tabs.TabCount recorded 63 samples, mean = 0.0 (flags = 0x41)
0  ---------------------------------------------------------------O          (63 = 100.0%)
1  ... 

Histogram: Tabs.TabCount.PluggedIn recorded 63 samples, mean = 0.0 (flags = 0x41)
0  ---------------------------------------------------------------O          (63 = 100.0%)
1  ... 

Histogram: Tabs.TabCountPerLoad recorded 1 samples, mean = 0.0 (flags = 0x41)
0  -O                                                                        (1 = 100.0%)
1  ... 

Histogram: Tabs.WindowCount recorded 63 samples, mean = 0.0 (flags = 0x41)
0  ---------------------------------------------------------------O          (63 = 100.0%)
1  ... 

Histogram: Tabs.WindowCount.PluggedIn recorded 63 samples, mean = 0.0 (flags = 0x41)
0  ---------------------------------------------------------------O          (63 = 100.0%)
1  ... 

Histogram: ThirdPartyModules.InputMethodEditorsCount recorded 1 samples, mean = 0.0 (flags = 0x41)
0  -O                                                                        (1 = 100.0%)
1  ... 

Histogram: ThreadPool.UnnecessaryWakeup.Browser.Background recorded 3 samples, mean = 1.0 (flags = 0x41)
0  O                                                                         (0 = 0.0%)
1  ---O                                                                      (3 = 100.0%) {0.0%}
2  O                                                                         (0 = 0.0%) {100.0%}

Histogram: ThreadPool.UnnecessaryWakeup.Browser.Foreground recorded 102 samples, mean = 1.0 (flags = 0x41)
0  O                                                                         (0 = 0.0%)
1  ------------------------------------------------------------------------O (102 = 100.0%) {0.0%}
2  O                                                                         (0 = 0.0%) {100.0%}

Histogram: ThreadPool.UnnecessaryWakeup.ContentChild.Foreground recorded 17 samples, mean = 1.0 (flags = 0x41)
0  O                                                                         (0 = 0.0%)
1  -----------------O                                                        (17 = 100.0%) {0.0%}
2  O                                                                         (0 = 0.0%) {100.0%}

Histogram: ThreadPool.UnnecessaryWakeup.GPU.Foreground recorded 2 samples, mean = 1.0 (flags = 0x41)
0  O                                                                         (0 = 0.0%)
1  --O                                                                       (2 = 100.0%) {0.0%}
2  O                                                                         (0 = 0.0%) {100.0%}

Histogram: ThreadPool.UnnecessaryWakeup.Renderer.Foreground recorded 68 samples, mean = 1.0 (flags = 0x41)
0  O                                                                         (0 = 0.0%)
1  --------------------------------------------------------------------O     (68 = 100.0%) {0.0%}
2  O                                                                         (0 = 0.0%) {100.0%}

Histogram: Translate.ApplicationStart.AlwaysTranslateLanguage.Count recorded 1 samples, mean = 0.0 (flags = 0x41)
0  -O                                                                        (1 = 100.0%)
1  ... 

Histogram: Translate.ApplicationStart.NeverTranslateLanguage recorded 1 samples (flags = 0x41)
-74147910-O                                                                        (1 = 100.0%)

Histogram: Translate.ApplicationStart.NeverTranslateLanguage.Count recorded 1 samples, mean = 1.0 (flags = 0x41)
0  O                                                                         (0 = 0.0%)
1  -O                                                                        (1 = 100.0%) {0.0%}
2  ... 

Histogram: Translate.ApplicationStart.NeverTranslateSite.Count recorded 1 samples, mean = 0.0 (flags = 0x41)
0  -O                                                                        (1 = 100.0%)
1  ... 

Histogram: Translate.LanguageDetection.LanguageVerification recorded 1 samples, mean = 2.0 (flags = 0x41)
0  ... 
2  -O                                                                        (1 = 100.0%) {0.0%}
3  ... 

Histogram: Translate.LanguageDeterminedDuration recorded 1 samples, mean = 1565.0 (flags = 0x41)
0     ... 
1340  -O                                                                        (1 = 100.0%) {0.0%}
1816  ... 

Histogram: Translate.PageLoad.FinalSourceLanguage recorded 1 samples (flags = 0x41)
-74147910-O                                                                        (1 = 100.0%)

Histogram: Translate.PageLoad.FinalState recorded 1 samples, mean = 1.0 (flags = 0x41)
0  O                                                                         (0 = 0.0%)
1  -O                                                                        (1 = 100.0%) {0.0%}
2  ... 

Histogram: Translate.PageLoad.FinalTargetLanguage recorded 1 samples (flags = 0x41)
-74147910-O                                                                        (1 = 100.0%)

Histogram: Translate.PageLoad.InitialSourceLanguage recorded 1 samples (flags = 0x41)
-74147910-O                                                                        (1 = 100.0%)

Histogram: Translate.PageLoad.InitialState recorded 1 samples, mean = 1.0 (flags = 0x41)
0  O                                                                         (0 = 0.0%)
1  -O                                                                        (1 = 100.0%) {0.0%}
2  ... 

Histogram: Translate.PageLoad.InitialTargetLanguage recorded 1 samples (flags = 0x41)
-74147910-O                                                                        (1 = 100.0%)

Histogram: Translate.PageLoad.InitialTargetLanguage.Origin recorded 1 samples, mean = 1.0 (flags = 0x41)
0  O                                                                         (0 = 0.0%)
1  -O                                                                        (1 = 100.0%) {0.0%}
2  ... 

Histogram: Translate.PageLoad.IsInitialSourceLanguageInUsersContentLanguages recorded 1 samples, mean = 1.0 (flags = 0x41)
0  O                                                                         (0 = 0.0%)
1  -O                                                                        (1 = 100.0%) {0.0%}
2  O                                                                         (0 = 0.0%) {100.0%}

Histogram: Translate.PageLoad.NumReversions recorded 1 samples, mean = 0.0 (flags = 0x41)
0  -O                                                                        (1 = 100.0%)
1  ... 

Histogram: Translate.PageLoad.NumTargetLanguageChanges recorded 1 samples, mean = 0.0 (flags = 0x41)
0  -O                                                                        (1 = 100.0%)
1  ... 

Histogram: Translate.PageLoad.NumTranslations recorded 1 samples, mean = 0.0 (flags = 0x41)
0  -O                                                                        (1 = 100.0%)
1  ... 

Histogram: Translate.PageLoad.Ranker.Decision recorded 1 samples, mean = 1.0 (flags = 0x41)
0  O                                                                         (0 = 0.0%)
1  -O                                                                        (1 = 100.0%) {0.0%}
2  ... 

Histogram: Translate.PageLoad.Ranker.Version recorded 1 samples (flags = 0x41)
0  -O                                                                        (1 = 100.0%)

Histogram: Translate.PageLoad.TriggerDecision recorded 1 samples, mean = 4.0 (flags = 0x41)
0  ... 
4  -O                                                                        (1 = 100.0%) {0.0%}
5  ... 

Histogram: Translate.Ranker.Model.Status2 recorded 2 samples, mean = 6.5 (flags = 0x41)
0  ... 
6  -O                                                                        (1 = 50.0%) {0.0%}
7  -O                                                                        (1 = 50.0%) {50.0%}
8  O                                                                         (0 = 0.0%) {100.0%}

Histogram: UI.DeviceScale recorded 1 samples (flags = 0x41)
150  -O                                                                        (1 = 100.0%)

Histogram: UKM.Entries.Dropped recorded 415 samples, mean = 1.0 (flags = 0x41)
0  O                                                                         (0 = 0.0%)
1  ------------------------------------------------------------------------O (415 = 100.0%) {0.0%}
2  ... 

Histogram: UKM.Entries.Dropped.ByEntryHash recorded 415 samples (flags = 0x41)
58315124    O                                                                         (1 = 0.2%)
181657211   -O                                                                        (2 = 0.5%)
189164898   O                                                                         (1 = 0.2%)
251237400   O                                                                         (1 = 0.2%)
270025173   O                                                                         (1 = 0.2%)
277070773   O                                                                         (1 = 0.2%)
385121421   O                                                                         (1 = 0.2%)
480593958   --O                                                                       (4 = 1.0%)
532600439   -O                                                                        (3 = 0.7%)
575234402   O                                                                         (1 = 0.2%)
624513781   O                                                                         (1 = 0.2%)
654949485   -------O                                                                  (16 = 3.9%)
661477988   O                                                                         (1 = 0.2%)
705322609   -O                                                                        (3 = 0.7%)
805578149   O                                                                         (1 = 0.2%)
810755299   O                                                                         (1 = 0.2%)
828084724   -----------------------------------------------------------------------O  (154 = 37.1%)
854760832   O                                                                         (1 = 0.2%)
888761441   O                                                                         (1 = 0.2%)
902138984   ----O                                                                     (8 = 1.9%)
923024503   O                                                                         (1 = 0.2%)
986870865   --O                                                                       (4 = 1.0%)
1004547038  O                                                                         (1 = 0.2%)
1035062417  O                                                                         (1 = 0.2%)
1078164680  -O                                                                        (2 = 0.5%)
1149114043  O                                                                         (1 = 0.2%)
1262170432  ---O                                                                      (7 = 1.7%)
1321082436  -O                                                                        (2 = 0.5%)
1350795912  O                                                                         (1 = 0.2%)
1354891390  O                                                                         (1 = 0.2%)
1404242571  ------------------------------------------------------------------------O (156 = 37.6%)
1548358279  O                                                                         (1 = 0.2%)
1576109827  O                                                                         (1 = 0.2%)
1604233346  ---O                                                                      (7 = 1.7%)
1645426679  --O                                                                       (5 = 1.2%)
1663717192  O                                                                         (1 = 0.2%)
1767609109  -----O                                                                    (11 = 2.7%)
1832900131  --O                                                                       (4 = 1.0%)
1866365893  O                                                                         (1 = 0.2%)
1871083634  O                                                                         (1 = 0.2%)
2037740339  -O                                                                        (2 = 0.5%)
2066033668  O                                                                         (1 = 0.2%)

Histogram: UKM.PersistentLogRecall.Status recorded 1 samples, mean = 1.0 (flags = 0x41)
0  O                                                                         (0 = 0.0%)
1  -O                                                                        (1 = 100.0%) {0.0%}
2  ... 

Histogram: UKM.Sources.Dropped recorded 7 samples, mean = 1.0 (flags = 0x41)
0  O                                                                         (0 = 0.0%)
1  -------O                                                                  (7 = 100.0%) {0.0%}
2  ... 

Histogram: UKM.WebDXFeatureSets.Dropped recorded 2 samples, mean = 1.0 (flags = 0x41)
0  O                                                                         (0 = 0.0%)
1  --O                                                                       (2 = 100.0%) {0.0%}
2  ... 

Histogram: UMA.ChildProcess.Ping.Periodic recorded 84 samples, mean = 1.0 (flags = 0x41)
0  ----------------------------O                                             (28 = 33.3%)
1  ----------------------------O                                             (28 = 33.3%) {33.3%}
2  ----------------------------O                                             (28 = 33.3%) {66.7%}
3  O                                                                         (0 = 0.0%) {100.0%}

Histogram: UMA.ChildProcess.Ping.SharedMemorySetUp recorded 22 samples, mean = 1.0 (flags = 0x41)
0  --------O                                                                 (8 = 36.4%)
1  -------O                                                                  (7 = 31.8%) {36.4%}
2  -------O                                                                  (7 = 31.8%) {68.2%}
3  O                                                                         (0 = 0.0%) {100.0%}

Histogram: UMA.CleanExitBeaconConsistency3 recorded 1 samples, mean = 0.0 (flags = 0x41)
0  -O                                                                        (1 = 100.0%)
1  ... 

Histogram: UMA.EntropySourceType recorded 1 samples, mean = 1.0 (flags = 0x41)
0  O                                                                         (0 = 0.0%)
1  -O                                                                        (1 = 100.0%) {0.0%}
2  ... 

Histogram: UMA.LocalHistogram recorded 9 samples, mean = 1.0 (flags = 0x40)
0  O                                                                         (0 = 0.0%)
1  ---------O                                                                (9 = 100.0%) {0.0%}
2  O                                                                         (0 = 0.0%) {100.0%}

Histogram: UMA.MachineIdState recorded 1 samples, mean = 3.0 (flags = 0x41)
0  ... 
3  -O                                                                        (1 = 100.0%) {0.0%}
4  O                                                                         (0 = 0.0%) {100.0%}

Histogram: UMA.MetricsService.Initialize.Time recorded 1 samples, mean = 32.0 (flags = 0x41)
0   ... 
28  -O                                                                        (1 = 100.0%) {0.0%}
37  ... 

Histogram: UMA.MetricsService.PendingOngoingLogOnDisable recorded 1 samples, mean = 0.0 (flags = 0x41)
0  -O                                                                        (1 = 100.0%)
1  ... 

Histogram: UMA.PersistentAllocator.BrowserMetrics.Errors recorded 0 samples (flags = 0x41)
0 ... 

Histogram: UMA.PersistentAllocator.BrowserMetrics.UsedPct recorded 0 samples (flags = 0x41)
0 ... 

Histogram: UMA.PersistentAllocator.EarlyHistograms.BrowserMetrics recorded 1 samples, mean = 1.0 (flags = 0x41)
0  O                                                                         (0 = 0.0%)
1  -O                                                                        (1 = 100.0%) {0.0%}
2  ... 

Histogram: UMA.PersistentAllocator.EarlyHistograms.GpuMetrics recorded 1 samples, mean = 25.0 (flags = 0x41)
0   ... 
25  -O                                                                        (1 = 100.0%) {0.0%}
26  ... 

Histogram: UMA.PersistentAllocator.EarlyHistograms.RendererMetrics recorded 3 samples, mean = 29.0 (flags = 0x41)
0   ... 
26  -O                                                                        (1 = 33.3%) {0.0%}
28  O                                                                         (0 = 0.0%) {33.3%}
30  --O                                                                       (2 = 66.7%) {33.3%}
32  ... 

Histogram: UMA.PersistentAllocator.EarlyHistograms.UtilityMetrics recorded 3 samples, mean = 7.0 (flags = 0x41)
0  ... 
7  ---O                                                                      (3 = 100.0%) {0.0%}
8  ... 

Histogram: UMA.PersistentAllocator.FieldTrialAllocator.Errors recorded 0 samples (flags = 0x41)
0 ... 

Histogram: UMA.PersistentAllocator.FieldTrialAllocator.UsedPct recorded 8 samples, mean = 0.0 (flags = 0x41)
0  --------O                                                                 (8 = 100.0%)
1  ... 

Histogram: UMA.PersistentHistograms.InitResult recorded 1 samples, mean = 2.0 (flags = 0x41)
0  ... 
2  -O                                                                        (1 = 100.0%) {0.0%}
3  ... 

Histogram: UMA.Pseudo.PageLoad.LayoutInstability.CumulativeShiftScore recorded 1 samples, mean = 0.0 (flags = 0x41)
0  -O                                                                        (1 = 100.0%)
1  ... 

Histogram: UMA.Pseudo.PageLoad.LayoutInstability.MaxCumulativeShiftScore.SessionWindow.Gap1000ms.Max5000ms2 recorded 1 samples, mean = 0.0 (flags = 0x41)
0  -O                                                                        (1 = 100.0%)
1  ... 

Histogram: UnifiedConsent.MakeSearchesAndBrowsingBetter.OnProfileLoad recorded 1 samples, mean = 0.0 (flags = 0x41)
0  -O                                                                        (1 = 100.0%)
1  ... 

Histogram: V8.CollectSourcePositions recorded 4 samples, mean = 263.8 (flags = 0x41)
0    ... 
65   -O                                                                        (1 = 25.0%) {0.0%}
86   ... 
196  -O                                                                        (1 = 25.0%) {25.0%}
258  O                                                                         (0 = 0.0%) {50.0%}
340  --O                                                                       (2 = 50.0%) {50.0%}
448  ... 

Histogram: V8.CompileDeserializeMicroSeconds recorded 20 samples, mean = 15.1 (flags = 0x41)
0    O                                                                         (0 = 0.0%)
1    -O                                                                        (1 = 5.0%) {0.0%}
2    --O                                                                       (2 = 10.0%) {5.0%}
3    --O                                                                       (2 = 10.0%) {15.0%}
4    --O                                                                       (2 = 10.0%) {25.0%}
5    --O                                                                       (2 = 10.0%) {35.0%}
7    ---O                                                                      (3 = 15.0%) {45.0%}
9    --O                                                                       (2 = 10.0%) {60.0%}
12   ---O                                                                      (3 = 15.0%) {70.0%}
16   ... 
28   -O                                                                        (1 = 5.0%) {85.0%}
37   -O                                                                        (1 = 5.0%) {90.0%}
49   ... 
113  -O                                                                        (1 = 5.0%) {95.0%}
149  ... 

Histogram: V8.CompileLazyMicroSeconds recorded 5 samples, mean = 7502.8 (flags = 0x41)
0      ... 
55     -O                                                                        (1 = 20.0%) {0.0%}
76     ... 
2786   -O                                                                        (1 = 20.0%) {20.0%}
3865   -O                                                                        (1 = 20.0%) {40.0%}
5362   -O                                                                        (1 = 20.0%) {60.0%}
7439   ... 
19866  -O                                                                        (1 = 20.0%) {80.0%}
27562  ... 

Histogram: V8.CompileMicroSeconds recorded 23 samples, mean = 33.5 (flags = 0x41)
0    O                                                                         (0 = 0.0%)
1    ---O                                                                      (3 = 13.0%) {0.0%}
2    --------O                                                                 (8 = 34.8%) {13.0%}
3    -O                                                                        (1 = 4.3%) {47.8%}
4    O                                                                         (0 = 0.0%) {52.2%}
5    -O                                                                        (1 = 4.3%) {52.2%}
7    -O                                                                        (1 = 4.3%) {56.5%}
9    O                                                                         (0 = 0.0%) {60.9%}
12   -O                                                                        (1 = 4.3%) {60.9%}
16   --O                                                                       (2 = 8.7%) {65.2%}
21   -O                                                                        (1 = 4.3%) {73.9%}
28   --O                                                                       (2 = 8.7%) {78.3%}
37   -O                                                                        (1 = 4.3%) {87.0%}
49   ... 
258  --O                                                                       (2 = 8.7%) {91.3%}
340  ... 

Histogram: V8.CompileScript.CacheBehaviour recorded 50 samples, mean = 5.0 (flags = 0x41)
0   O                                                                         (0 = 0.0%)
1   -O                                                                        (1 = 2.0%) {0.0%}
2   --------------------O                                                     (20 = 40.0%) {2.0%}
3   O                                                                         (0 = 0.0%) {42.0%}
4   -----------------O                                                        (17 = 34.0%) {42.0%}
5   ... 
8   --O                                                                       (2 = 4.0%) {76.0%}
9   ... 
12  ------O                                                                   (6 = 12.0%) {80.0%}
13  ----O                                                                     (4 = 8.0%) {92.0%}
14  ... 

Histogram: V8.CompileScriptMicroSeconds recorded 50 samples, mean = 56.2 (flags = 0x41)
0    ... 
2    -O                                                                        (1 = 2.0%) {0.0%}
3    ---O                                                                      (3 = 6.0%) {2.0%}
4    --O                                                                       (2 = 4.0%) {8.0%}
5    ----O                                                                     (4 = 8.0%) {12.0%}
7    --O                                                                       (2 = 4.0%) {20.0%}
9    ----O                                                                     (4 = 8.0%) {24.0%}
12   ---------O                                                                (9 = 18.0%) {32.0%}
16   -----O                                                                    (5 = 10.0%) {50.0%}
21   --O                                                                       (2 = 4.0%) {60.0%}
28   ----O                                                                     (4 = 8.0%) {64.0%}
37   ----O                                                                     (4 = 8.0%) {72.0%}
49   -O                                                                        (1 = 2.0%) {80.0%}
65   --O                                                                       (2 = 4.0%) {82.0%}
86   -O                                                                        (1 = 2.0%) {86.0%}
113  ---O                                                                      (3 = 6.0%) {88.0%}
149  -O                                                                        (1 = 2.0%) {94.0%}
196  ... 
590  --O                                                                       (2 = 4.0%) {96.0%}
777  ... 

Histogram: V8.CompileScriptMicroSeconds.BackgroundThread recorded 6 samples, mean = 55753.3 (flags = 0x41)
0       ... 
258     --O                                                                       (2 = 33.3%) {0.0%}
340     ... 
777     -O                                                                        (1 = 16.7%) {33.3%}
1023    ... 
1774    -O                                                                        (1 = 16.7%) {50.0%}
2336    ... 
63662   -O                                                                        (1 = 16.7%) {66.7%}
83848   ... 
252312  -O                                                                        (1 = 16.7%) {83.3%}
332315  ... 

Histogram: V8.CompileScriptMicroSeconds.ConsumeCache recorded 20 samples, mean = 19.5 (flags = 0x41)
0    ... 
2    -O                                                                        (1 = 5.0%) {0.0%}
3    --O                                                                       (2 = 10.0%) {5.0%}
4    --O                                                                       (2 = 10.0%) {15.0%}
5    ---O                                                                      (3 = 15.0%) {25.0%}
7    O                                                                         (0 = 0.0%) {40.0%}
9    --O                                                                       (2 = 10.0%) {40.0%}
12   -----O                                                                    (5 = 25.0%) {50.0%}
16   -O                                                                        (1 = 5.0%) {75.0%}
21   O                                                                         (0 = 0.0%) {80.0%}
28   -O                                                                        (1 = 5.0%) {80.0%}
37   -O                                                                        (1 = 5.0%) {85.0%}
49   -O                                                                        (1 = 5.0%) {90.0%}
65   ... 
113  -O                                                                        (1 = 5.0%) {95.0%}
149  ... 

Histogram: V8.CompileScriptMicroSeconds.ConsumeCache.BackgroundThread recorded 20 samples, mean = 432.5 (flags = 0x41)
0     ... 
28    --O                                                                       (2 = 10.0%) {0.0%}
37    -O                                                                        (1 = 5.0%) {10.0%}
49    --O                                                                       (2 = 10.0%) {15.0%}
65    ----O                                                                     (4 = 20.0%) {25.0%}
86    -O                                                                        (1 = 5.0%) {45.0%}
113   --O                                                                       (2 = 10.0%) {50.0%}
149   --O                                                                       (2 = 10.0%) {60.0%}
196   ---O                                                                      (3 = 15.0%) {70.0%}
258   -O                                                                        (1 = 5.0%) {85.0%}
340   O                                                                         (0 = 0.0%) {90.0%}
448   -O                                                                        (1 = 5.0%) {90.0%}
590   ... 
5338  -O                                                                        (1 = 5.0%) {95.0%}
7031  ... 

Histogram: V8.CompileScriptMicroSeconds.IsolateCacheHit recorded 1 samples, mean = 94.0 (flags = 0x41)
0   ... 
86  -O                                                                        (1 = 100.0%) {0.0%}
113 ... 

Histogram: V8.CompileScriptMicroSeconds.NoCache.InlineScript recorded 17 samples, mean = 42.4 (flags = 0x41)
0    ... 
4    -O                                                                        (1 = 5.9%) {0.0%}
5    -O                                                                        (1 = 5.9%) {5.9%}
7    -O                                                                        (1 = 5.9%) {11.8%}
9    --O                                                                       (2 = 11.8%) {17.6%}
12   ---O                                                                      (3 = 17.6%) {29.4%}
16   --O                                                                       (2 = 11.8%) {47.1%}
21   -O                                                                        (1 = 5.9%) {58.8%}
28   -O                                                                        (1 = 5.9%) {64.7%}
37   -O                                                                        (1 = 5.9%) {70.6%}
49   O                                                                         (0 = 0.0%) {76.5%}
65   -O                                                                        (1 = 5.9%) {76.5%}
86   O                                                                         (0 = 0.0%) {82.4%}
113  --O                                                                       (2 = 11.8%) {82.4%}
149  -O                                                                        (1 = 5.9%) {94.1%}
196  ... 

Histogram: V8.CompileScriptMicroSeconds.NoCache.Other recorded 6 samples, mean = 259.0 (flags = 0x41)
0    ... 
21   -O                                                                        (1 = 16.7%) {0.0%}
28   -O                                                                        (1 = 16.7%) {16.7%}
37   -O                                                                        (1 = 16.7%) {33.3%}
49   O                                                                         (0 = 0.0%) {50.0%}
65   -O                                                                        (1 = 16.7%) {50.0%}
86   ... 
590  --O                                                                       (2 = 33.3%) {66.7%}
777  ... 

Histogram: V8.CompileScriptMicroSeconds.StreamingFinalization recorded 6 samples, mean = 24.8 (flags = 0x41)
0   ... 
12  --O                                                                       (2 = 33.3%) {0.0%}
16  --O                                                                       (2 = 33.3%) {33.3%}
21  ... 
37  --O                                                                       (2 = 33.3%) {66.7%}
49  ... 

Histogram: V8.ErrorsThrownPerContext recorded 1 samples, mean = 0.0 (flags = 0x41)
0  -O                                                                        (1 = 100.0%)
1  ... 

Histogram: V8.GC.Cycle.CollectionRate.Full recorded 1 samples, mean = 76.0 (flags = 0x41)
0   ... 
64  -O                                                                        (1 = 100.0%) {0.0%}
80  ... 

Histogram: V8.GC.Cycle.CollectionRate.Full.Cpp recorded 1 samples, mean = 54.0 (flags = 0x41)
0   ... 
51  -O                                                                        (1 = 100.0%) {0.0%}
64  ... 

Histogram: V8.GC.Cycle.CollectionRate.Young recorded 18 samples, mean = 30.2 (flags = 0x41)
0   --O                                                                       (2 = 11.1%)
1   ... 
7   -O                                                                        (1 = 5.6%) {11.1%}
9   ... 
14  -O                                                                        (1 = 5.6%) {16.7%}
17  ---O                                                                      (3 = 16.7%) {22.2%}
21  O                                                                         (0 = 0.0%) {38.9%}
26  --O                                                                       (2 = 11.1%) {38.9%}
33  --O                                                                       (2 = 11.1%) {50.0%}
41  -----O                                                                    (5 = 27.8%) {61.1%}
51  --O                                                                       (2 = 11.1%) {88.9%}
64  ... 

Histogram: V8.GC.Cycle.CollectionWeight.Full recorded 1 samples, mean = 0.0 (flags = 0x41)
0  -O                                                                        (1 = 100.0%)
1  ... 

Histogram: V8.GC.Cycle.CollectionWeight.Full.Cpp recorded 1 samples, mean = 0.0 (flags = 0x41)
0  -O                                                                        (1 = 100.0%)
1  ... 

Histogram: V8.GC.Cycle.CollectionWeight.MainThread.Full recorded 1 samples, mean = 0.0 (flags = 0x41)
0  -O                                                                        (1 = 100.0%)
1  ... 

Histogram: V8.GC.Cycle.CollectionWeight.MainThread.Full.Cpp recorded 1 samples, mean = 0.0 (flags = 0x41)
0  -O                                                                        (1 = 100.0%)
1  ... 

Histogram: V8.GC.Cycle.Efficiency.Full recorded 1 samples, mean = 26.0 (flags = 0x41)
0   ... 
26  -O                                                                        (1 = 100.0%) {0.0%}
35  ... 

Histogram: V8.GC.Cycle.Efficiency.Full.Cpp recorded 1 samples, mean = 58.0 (flags = 0x41)
0   ... 
48  -O                                                                        (1 = 100.0%) {0.0%}
65  ... 

Histogram: V8.GC.Cycle.Efficiency.MainThread.Full recorded 1 samples, mean = 127.0 (flags = 0x41)
0    ... 
120  -O                                                                        (1 = 100.0%) {0.0%}
163  ... 

Histogram: V8.GC.Cycle.Efficiency.MainThread.Full.Cpp recorded 1 samples, mean = 131.0 (flags = 0x41)
0    ... 
120  -O                                                                        (1 = 100.0%) {0.0%}
163  ... 

Histogram: V8.GC.Cycle.Efficiency.MainThread.Young recorded 18 samples, mean = 2516.2 (flags = 0x41)
0      ... 
411    ---O                                                                      (3 = 16.7%) {0.0%}
559    ----O                                                                     (4 = 22.2%) {16.7%}
760    ---O                                                                      (3 = 16.7%) {38.9%}
1034   O                                                                         (0 = 0.0%) {55.6%}
1407   --O                                                                       (2 = 11.1%) {55.6%}
1914   ---O                                                                      (3 = 16.7%) {66.7%}
2604   O                                                                         (0 = 0.0%) {83.3%}
3542   -O                                                                        (1 = 5.6%) {83.3%}
4818   ... 
8915   -O                                                                        (1 = 5.6%) {88.9%}
12127  -O                                                                        (1 = 5.6%) {94.4%}
16496  ... 

Histogram: V8.GC.Cycle.Efficiency.Young recorded 18 samples, mean = 1972.1 (flags = 0x41)
0      ... 
120    -O                                                                        (1 = 5.6%) {0.0%}
163    O                                                                         (0 = 0.0%) {5.6%}
222    --O                                                                       (2 = 11.1%) {5.6%}
302    ----O                                                                     (4 = 22.2%) {16.7%}
411    --O                                                                       (2 = 11.1%) {38.9%}
559    -O                                                                        (1 = 5.6%) {50.0%}
760    --O                                                                       (2 = 11.1%) {55.6%}
1034   ---O                                                                      (3 = 16.7%) {66.7%}
1407   ... 
2604   -O                                                                        (1 = 5.6%) {83.3%}
3542   ... 
8915   -O                                                                        (1 = 5.6%) {88.9%}
12127  -O                                                                        (1 = 5.6%) {94.4%}
16496  ... 

Histogram: V8.GC.Cycle.Full recorded 1 samples, mean = 148.0 (flags = 0x41)
0    ... 
135  -O                                                                        (1 = 100.0%) {0.0%}
160  ... 

Histogram: V8.GC.Cycle.Full.Compact recorded 1 samples, mean = 17.0 (flags = 0x41)
0   ... 
17  -O                                                                        (1 = 100.0%) {0.0%}
20  ... 

Histogram: V8.GC.Cycle.Full.Compact.Cpp recorded 1 samples, mean = 5.0 (flags = 0x41)
0  ... 
5  -O                                                                        (1 = 100.0%) {0.0%}
6  ... 

Histogram: V8.GC.Cycle.Full.Cpp recorded 1 samples, mean = 77.0 (flags = 0x41)
0   ... 
68  -O                                                                        (1 = 100.0%) {0.0%}
81  ... 

Histogram: V8.GC.Cycle.Full.Mark recorded 1 samples, mean = 110.0 (flags = 0x41)
0   ... 
96  -O                                                                        (1 = 100.0%) {0.0%}
114 ... 

Histogram: V8.GC.Cycle.Full.Mark.Cpp recorded 1 samples, mean = 55.0 (flags = 0x41)
0   ... 
48  -O                                                                        (1 = 100.0%) {0.0%}
57  ... 

Histogram: V8.GC.Cycle.Full.Sweep recorded 1 samples, mean = 11.0 (flags = 0x41)
0   ... 
10  -O                                                                        (1 = 100.0%) {0.0%}
12  ... 

Histogram: V8.GC.Cycle.Full.Sweep.Cpp recorded 1 samples, mean = 14.0 (flags = 0x41)
0   ... 
14  -O                                                                        (1 = 100.0%) {0.0%}
17  ... 

Histogram: V8.GC.Cycle.Full.Weak recorded 1 samples, mean = 1.0 (flags = 0x41)
0  O                                                                         (0 = 0.0%)
1  -O                                                                        (1 = 100.0%) {0.0%}
2  ... 

Histogram: V8.GC.Cycle.Full.Weak.Cpp recorded 1 samples, mean = 0.0 (flags = 0x41)
0  -O                                                                        (1 = 100.0%)
1  ... 

Histogram: V8.GC.Cycle.MainThread.Full recorded 1 samples, mean = 30.0 (flags = 0x41)
0   ... 
29  -O                                                                        (1 = 100.0%) {0.0%}
34  ... 

Histogram: V8.GC.Cycle.MainThread.Full.Atomic recorded 1 samples, mean = 16.0 (flags = 0x41)
0   ... 
14  -O                                                                        (1 = 100.0%) {0.0%}
17  ... 

Histogram: V8.GC.Cycle.MainThread.Full.Atomic.Compact recorded 1 samples, mean = 5.0 (flags = 0x41)
0  ... 
5  -O                                                                        (1 = 100.0%) {0.0%}
6  ... 

Histogram: V8.GC.Cycle.MainThread.Full.Atomic.Compact.Cpp recorded 1 samples, mean = 5.0 (flags = 0x41)
0  ... 
5  -O                                                                        (1 = 100.0%) {0.0%}
6  ... 

Histogram: V8.GC.Cycle.MainThread.Full.Atomic.Cpp recorded 1 samples, mean = 7.0 (flags = 0x41)
0  ... 
7  -O                                                                        (1 = 100.0%) {0.0%}
8  ... 

Histogram: V8.GC.Cycle.MainThread.Full.Atomic.Mark recorded 1 samples, mean = 0.0 (flags = 0x41)
0  -O                                                                        (1 = 100.0%)
1  ... 

Histogram: V8.GC.Cycle.MainThread.Full.Atomic.Mark.Cpp recorded 1 samples, mean = 0.0 (flags = 0x41)
0  -O                                                                        (1 = 100.0%)
1  ... 

Histogram: V8.GC.Cycle.MainThread.Full.Atomic.Sweep recorded 1 samples, mean = 1.0 (flags = 0x41)
0  O                                                                         (0 = 0.0%)
1  -O                                                                        (1 = 100.0%) {0.0%}
2  ... 

Histogram: V8.GC.Cycle.MainThread.Full.Atomic.Sweep.Cpp recorded 1 samples, mean = 0.0 (flags = 0x41)
0  -O                                                                        (1 = 100.0%)
1  ... 

Histogram: V8.GC.Cycle.MainThread.Full.Atomic.Weak recorded 1 samples, mean = 1.0 (flags = 0x41)
0  O                                                                         (0 = 0.0%)
1  -O                                                                        (1 = 100.0%) {0.0%}
2  ... 

Histogram: V8.GC.Cycle.MainThread.Full.Atomic.Weak.Cpp recorded 1 samples, mean = 0.0 (flags = 0x41)
0  -O                                                                        (1 = 100.0%)
1  ... 

Histogram: V8.GC.Cycle.MainThread.Full.Compact recorded 1 samples, mean = 5.0 (flags = 0x41)
0  ... 
5  -O                                                                        (1 = 100.0%) {0.0%}
6  ... 

Histogram: V8.GC.Cycle.MainThread.Full.Compact.Cpp recorded 1 samples, mean = 5.0 (flags = 0x41)
0  ... 
5  -O                                                                        (1 = 100.0%) {0.0%}
6  ... 

Histogram: V8.GC.Cycle.MainThread.Full.Cpp recorded 1 samples, mean = 33.0 (flags = 0x41)
0   ... 
29  -O                                                                        (1 = 100.0%) {0.0%}
34  ... 

Histogram: V8.GC.Cycle.MainThread.Full.Incremental.Mark recorded 1 samples, mean = 13.0 (flags = 0x41)
0   ... 
12  -O                                                                        (1 = 100.0%) {0.0%}
14  ... 

Histogram: V8.GC.Cycle.MainThread.Full.Incremental.Mark.Cpp recorded 1 samples, mean = 14.0 (flags = 0x41)
0   ... 
14  -O                                                                        (1 = 100.0%) {0.0%}
17  ... 

Histogram: V8.GC.Cycle.MainThread.Full.Incremental.Mark.StartStop recorded 1 samples, mean = 28.0 (flags = 0x41)
0   ... 
24  -O                                                                        (1 = 100.0%) {0.0%}
29  ... 

Histogram: V8.GC.Cycle.MainThread.Full.Incremental.Sweep recorded 1 samples, mean = 0.0 (flags = 0x41)
0  -O                                                                        (1 = 100.0%)
1  ... 

Histogram: V8.GC.Cycle.MainThread.Full.Incremental.Sweep.Cpp recorded 1 samples, mean = 12.0 (flags = 0x41)
0   ... 
12  -O                                                                        (1 = 100.0%) {0.0%}
14  ... 

Histogram: V8.GC.Cycle.MainThread.Full.Mark recorded 1 samples, mean = 14.0 (flags = 0x41)
0   ... 
14  -O                                                                        (1 = 100.0%) {0.0%}
17  ... 

Histogram: V8.GC.Cycle.MainThread.Full.Mark.Cpp recorded 1 samples, mean = 14.0 (flags = 0x41)
0   ... 
14  -O                                                                        (1 = 100.0%) {0.0%}
17  ... 

Histogram: V8.GC.Cycle.MainThread.Full.Sweep recorded 1 samples, mean = 1.0 (flags = 0x41)
0  O                                                                         (0 = 0.0%)
1  -O                                                                        (1 = 100.0%) {0.0%}
2  ... 

Histogram: V8.GC.Cycle.MainThread.Full.Sweep.Cpp recorded 1 samples, mean = 12.0 (flags = 0x41)
0   ... 
12  -O                                                                        (1 = 100.0%) {0.0%}
14  ... 

Histogram: V8.GC.Cycle.MainThread.Full.Weak recorded 1 samples, mean = 1.0 (flags = 0x41)
0  O                                                                         (0 = 0.0%)
1  -O                                                                        (1 = 100.0%) {0.0%}
2  ... 

Histogram: V8.GC.Cycle.MainThread.Full.Weak.Cpp recorded 1 samples, mean = 0.0 (flags = 0x41)
0  -O                                                                        (1 = 100.0%)
1  ... 

Histogram: V8.GC.Cycle.MainThread.Young recorded 18 samples, mean = 0.3 (flags = 0x41)
0  --------------O                                                           (14 = 77.8%)
1  ---O                                                                      (3 = 16.7%) {77.8%}
2  -O                                                                        (1 = 5.6%) {94.4%}
3  ... 

Histogram: V8.GC.Cycle.Memory.Freed.Full recorded 1 samples, mean = 8328.0 (flags = 0x41)
0     ... 
6554  -O                                                                        (1 = 100.0%) {0.0%}
8915  ... 

Histogram: V8.GC.Cycle.Memory.Freed.Full.Cpp recorded 1 samples, mean = 4224.0 (flags = 0x41)
0     ... 
3542  -O                                                                        (1 = 100.0%) {0.0%}
4818  ... 

Histogram: V8.GC.Cycle.Objects.After.Full recorded 1 samples, mean = 12726.0 (flags = 0x41)
0      ... 
12127  -O                                                                        (1 = 100.0%) {0.0%}
16496  ... 

Histogram: V8.GC.Cycle.Objects.After.Full.Cpp recorded 1 samples, mean = 5259.0 (flags = 0x41)
0     ... 
4818  -O                                                                        (1 = 100.0%) {0.0%}
6554  ... 

Histogram: V8.GC.Cycle.Objects.Before.Full recorded 1 samples, mean = 16621.0 (flags = 0x41)
0      ... 
16496  -O                                                                        (1 = 100.0%) {0.0%}
22439  ... 

Histogram: V8.GC.Cycle.Objects.Before.Full.Cpp recorded 1 samples, mean = 9734.0 (flags = 0x41)
0     ... 
8915  -O                                                                        (1 = 100.0%) {0.0%}
12127 ... 

Histogram: V8.GC.Cycle.Objects.Freed.Full recorded 1 samples, mean = 3894.0 (flags = 0x41)
0     ... 
3542  -O                                                                        (1 = 100.0%) {0.0%}
4818  ... 

Histogram: V8.GC.Cycle.Objects.Freed.Full.Cpp recorded 1 samples, mean = 4475.0 (flags = 0x41)
0     ... 
3542  -O                                                                        (1 = 100.0%) {0.0%}
4818  ... 

Histogram: V8.GC.Cycle.Reason.Full recorded 1 samples, mean = 9.0 (flags = 0x41)
0  ... 
9  -O                                                                        (1 = 100.0%) {0.0%}
10 ... 

Histogram: V8.GC.Cycle.Reason.Young recorded 18 samples, mean = 2.2 (flags = 0x41)
0   O                                                                         (0 = 0.0%)
1   ----------------O                                                         (16 = 88.9%) {0.0%}
2   ... 
12  --O                                                                       (2 = 11.1%) {88.9%}
13  ... 

Histogram: V8.GC.Cycle.Young recorded 18 samples, mean = 1.3 (flags = 0x41)
0  -------O                                                                  (7 = 38.9%)
1  --------O                                                                 (8 = 44.4%) {38.9%}
2  O                                                                         (0 = 0.0%) {83.3%}
3  -O                                                                        (1 = 5.6%) {83.3%}
4  -O                                                                        (1 = 5.6%) {88.9%}
5  ... 
8  -O                                                                        (1 = 5.6%) {94.4%}
10 ... 

Histogram: V8.GC.Event.MainThread.Full.Finalize.Incremental.ReduceMemory recorded 2 samples, mean = 12.5 (flags = 0x41)
0   ... 
8   -O                                                                        (1 = 50.0%) {0.0%}
10  ... 
14  -O                                                                        (1 = 50.0%) {50.0%}
17  ... 

Histogram: V8.GC.Event.MainThread.Full.Finalize.Incremental.ReduceMemory.Foreground recorded 2 samples, mean = 12.5 (flags = 0x41)
0   ... 
8   -O                                                                        (1 = 50.0%) {0.0%}
10  ... 
14  -O                                                                        (1 = 50.0%) {50.0%}
17  ... 

Histogram: V8.GC.Event.MainThread.Full.Incremental.Mark recorded 39 samples, mean = 0.0 (flags = 0x41)
0  ---------------------------------------O                                  (39 = 100.0%)
1  ... 

Histogram: V8.GC.Event.MainThread.Full.Incremental.Mark.Cpp recorded 41 samples, mean = 0.3 (flags = 0x41)
0  -------------------------------O                                          (31 = 75.6%)
1  --------O                                                                 (8 = 19.5%) {75.6%}
2  -O                                                                        (1 = 2.4%) {95.1%}
3  -O                                                                        (1 = 2.4%) {97.6%}
4  ... 

Histogram: V8.GC.Event.MainThread.Full.Incremental.Sweep.Cpp recorded 99 samples, mean = 0.1 (flags = 0x41)
0  ------------------------------------------------------------------------O (96 = 97.0%)
1  -O                                                                        (1 = 1.0%) {97.0%}
2  ... 
5  --O                                                                       (2 = 2.0%) {98.0%}
6  ... 

Histogram: V8.GC.TimeToSafepoint recorded 22 samples, mean = 4.0 (flags = 0x41)
0   ---------O                                                                (9 = 40.9%)
1   ---------O                                                                (9 = 40.9%) {40.9%}
2   ... 
4   --O                                                                       (2 = 9.1%) {81.8%}
6   ... 
11  -O                                                                        (1 = 4.5%) {90.9%}
15  ... 
55  -O                                                                        (1 = 4.5%) {95.5%}
76  ... 

Histogram: V8.GCIncrementalMarking recorded 52 samples, mean = 0.2 (flags = 0x41)
0  -------------------------------------------O                              (43 = 82.7%)
1  --------O                                                                 (8 = 15.4%) {82.7%}
2  -O                                                                        (1 = 1.9%) {98.1%}
3  ... 

Histogram: V8.GCIncrementalMarkingReason recorded 2 samples, mean = 17.0 (flags = 0x41)
0   ... 
17  --O                                                                       (2 = 100.0%) {0.0%}
18  ... 

Histogram: V8.GCIncrementalMarkingStart recorded 2 samples, mean = 5.0 (flags = 0x41)
0   -O                                                                        (1 = 50.0%)
1   ... 
10  -O                                                                        (1 = 50.0%) {50.0%}
12  ... 

Histogram: V8.GCMarkCompactReason recorded 1 samples, mean = 9.0 (flags = 0x41)
0  ... 
9  -O                                                                        (1 = 100.0%) {0.0%}
10 ... 

Histogram: V8.GCScavenger.ScavengeMain recorded 18 samples, mean = 0.2 (flags = 0x41)
0  ---------------O                                                          (15 = 83.3%)
1  ---O                                                                      (3 = 16.7%) {83.3%}
2  ... 

Histogram: V8.GCScavenger.ScavengeRoots recorded 18 samples, mean = 0.0 (flags = 0x41)
0  ------------------O                                                       (18 = 100.0%)
1  ... 

Histogram: V8.JSDispatchTableEntriesCount recorded 2 samples, mean = 0.0 (flags = 0x41)
0  --O                                                                       (2 = 100.0%)
1  ... 

Histogram: V8.LocalWindowProxy.CreateContextTime recorded 4 samples, mean = 1.8 (flags = 0x41)
0  -O                                                                        (1 = 25.0%)
1  -O                                                                        (1 = 25.0%) {25.0%}
2  O                                                                         (0 = 0.0%) {50.0%}
3  --O                                                                       (2 = 50.0%) {50.0%}
4  ... 

Histogram: V8.LocalWindowProxy.InitializeTime recorded 4 samples, mean = 3.2 (flags = 0x41)
0  O                                                                         (0 = 0.0%)
1  -O                                                                        (1 = 25.0%) {0.0%}
2  -O                                                                        (1 = 25.0%) {25.0%}
3  ... 
5  --O                                                                       (2 = 50.0%) {50.0%}
6  ... 

Histogram: V8.MaglevOptimizeExecute recorded 194 samples, mean = 365.3 (flags = 0x41)
0     ... 
16    --O                                                                       (2 = 1.0%) {0.0%}
20    -O                                                                        (1 = 0.5%) {1.0%}
25    -----O                                                                    (5 = 2.6%) {1.5%}
31    ----O                                                                     (4 = 2.1%) {4.1%}
39    -----O                                                                    (5 = 2.6%) {6.2%}
49    -----O                                                                    (5 = 2.6%) {8.8%}
61    --------O                                                                 (8 = 4.1%) {11.3%}
76    ------O                                                                   (6 = 3.1%) {15.5%}
95    -------O                                                                  (7 = 3.6%) {18.6%}
119   ----------------------O                                                   (22 = 11.3%) {22.2%}
149   -------------------O                                                      (19 = 9.8%) {33.5%}
186   -----------------O                                                        (17 = 8.8%) {43.3%}
233   ---------------O                                                          (15 = 7.7%) {52.1%}
292   ----------------------O                                                   (22 = 11.3%) {59.8%}
365   ----------------O                                                         (16 = 8.2%) {71.1%}
457   -------------O                                                            (13 = 6.7%) {79.4%}
572   --------O                                                                 (8 = 4.1%) {86.1%}
716   ---O                                                                      (3 = 1.5%) {90.2%}
896   ----O                                                                     (4 = 2.1%) {91.8%}
1122  ----O                                                                     (4 = 2.1%) {93.8%}
1404  --O                                                                       (2 = 1.0%) {95.9%}
1757  ---O                                                                      (3 = 1.5%) {96.9%}
2199  -O                                                                        (1 = 0.5%) {98.5%}
2753  --O                                                                       (2 = 1.0%) {99.0%}
3446  ... 

Histogram: V8.MaglevOptimizeFinalize recorded 194 samples, mean = 9.0 (flags = 0x41)
0    ----------------O                                                         (16 = 8.2%)
1    -----------------O                                                        (17 = 8.8%) {8.2%}
2    ------------------O                                                       (18 = 9.3%) {17.0%}
3    -------------O                                                            (13 = 6.7%) {26.3%}
4    --------------O                                                           (14 = 7.2%) {33.0%}
5    -----------------O                                                        (17 = 8.8%) {40.2%}
6    ------------------------------O                                           (30 = 15.5%) {49.0%}
8    -----------------------O                                                  (23 = 11.9%) {64.4%}
10   --------------------O                                                     (20 = 10.3%) {76.3%}
13   ---O                                                                      (3 = 1.5%) {86.6%}
16   ---------O                                                                (9 = 4.6%) {88.1%}
20   -O                                                                        (1 = 0.5%) {92.8%}
25   ----O                                                                     (4 = 2.1%) {93.3%}
31   ---O                                                                      (3 = 1.5%) {95.4%}
39   -O                                                                        (1 = 0.5%) {96.9%}
49   ----O                                                                     (4 = 2.1%) {97.4%}
61   ... 
149  -O                                                                        (1 = 0.5%) {99.5%}
186  ... 

Histogram: V8.MaglevOptimizePrepare recorded 194 samples, mean = 0.1 (flags = 0x41)
0  ------------------------------------------------------------------------O (166 = 85.6%)
1  ------------O                                                             (28 = 14.4%) {85.6%}
2  ... 

Histogram: V8.MaglevOptimizeTotalTime recorded 194 samples, mean = 836.7 (flags = 0x41)
0      ... 
37     -O                                                                        (1 = 0.5%) {0.0%}
49     O                                                                         (0 = 0.0%) {0.5%}
65     ----O                                                                     (4 = 2.1%) {0.5%}
86     --------O                                                                 (8 = 4.1%) {2.6%}
113    ----------O                                                               (10 = 5.2%) {6.7%}
149    ----------------------O                                                   (22 = 11.3%) {11.9%}
196    -----------------------------O                                            (29 = 14.9%) {23.2%}
258    ---------------------O                                                    (21 = 10.8%) {38.1%}
340    -------------------O                                                      (19 = 9.8%) {49.0%}
448    ---------------------------O                                              (27 = 13.9%) {58.8%}
590    ----------------O                                                         (16 = 8.2%) {72.7%}
777    ------------O                                                             (12 = 6.2%) {80.9%}
1023   ---------O                                                                (9 = 4.6%) {87.1%}
1347   ----O                                                                     (4 = 2.1%) {91.8%}
1774   -----O                                                                    (5 = 2.6%) {93.8%}
2336   --O                                                                       (2 = 1.0%) {96.4%}
3077   --O                                                                       (2 = 1.0%) {97.4%}
4053   ... 
7031   --O                                                                       (2 = 1.0%) {98.5%}
9260   ... 
36699  -O                                                                        (1 = 0.5%) {99.5%}
48336  ... 

Histogram: V8.MemoryExternalFragmentationCodeSpace recorded 20 samples, mean = 43.6 (flags = 0x41)
0   ... 
13  --O                                                                       (2 = 10.0%) {0.0%}
14  ... 
21  -O                                                                        (1 = 5.0%) {10.0%}
22  --O                                                                       (2 = 10.0%) {15.0%}
23  O                                                                         (0 = 0.0%) {25.0%}
24  -O                                                                        (1 = 5.0%) {25.0%}
25  -O                                                                        (1 = 5.0%) {30.0%}
26  ... 
30  --O                                                                       (2 = 10.0%) {35.0%}
31  --O                                                                       (2 = 10.0%) {45.0%}
32  ... 
35  -O                                                                        (1 = 5.0%) {55.0%}
36  ... 
64  -O                                                                        (1 = 5.0%) {60.0%}
65  O                                                                         (0 = 0.0%) {65.0%}
66  --O                                                                       (2 = 10.0%) {65.0%}
67  ... 
69  -O                                                                        (1 = 5.0%) {75.0%}
70  ... 
72  -O                                                                        (1 = 5.0%) {80.0%}
73  -O                                                                        (1 = 5.0%) {85.0%}
74  ... 
79  -O                                                                        (1 = 5.0%) {90.0%}
80  ... 
86  -O                                                                        (1 = 5.0%) {95.0%}
87  ... 

Histogram: V8.MemoryExternalFragmentationLoSpace recorded 20 samples, mean = 1.8 (flags = 0x41)
0  O                                                                         (0 = 0.0%)
1  ------------O                                                             (12 = 60.0%) {0.0%}
2  O                                                                         (0 = 0.0%) {60.0%}
3  --------O                                                                 (8 = 40.0%) {60.0%}
4  ... 

Histogram: V8.MemoryExternalFragmentationOldSpace recorded 20 samples, mean = 7.4 (flags = 0x41)
0   O                                                                         (0 = 0.0%)
1   -O                                                                        (1 = 5.0%) {0.0%}
2   ... 
4   -O                                                                        (1 = 5.0%) {5.0%}
5   --O                                                                       (2 = 10.0%) {10.0%}
6   ---O                                                                      (3 = 15.0%) {20.0%}
7   ------O                                                                   (6 = 30.0%) {35.0%}
8   --O                                                                       (2 = 10.0%) {65.0%}
9   -O                                                                        (1 = 5.0%) {75.0%}
10  --O                                                                       (2 = 10.0%) {80.0%}
11  ... 
14  --O                                                                       (2 = 10.0%) {90.0%}
15  ... 

Histogram: V8.MemoryExternalFragmentationTotal recorded 20 samples, mean = 30.8 (flags = 0x41)
0   ... 
15  -O                                                                        (1 = 5.0%) {0.0%}
16  ... 
20  -O                                                                        (1 = 5.0%) {5.0%}
21  ... 
24  --O                                                                       (2 = 10.0%) {10.0%}
25  O                                                                         (0 = 0.0%) {20.0%}
26  -O                                                                        (1 = 5.0%) {20.0%}
27  ---O                                                                      (3 = 15.0%) {25.0%}
28  -O                                                                        (1 = 5.0%) {40.0%}
29  O                                                                         (0 = 0.0%) {45.0%}
30  -O                                                                        (1 = 5.0%) {45.0%}
31  -O                                                                        (1 = 5.0%) {50.0%}
32  ... 
34  -O                                                                        (1 = 5.0%) {55.0%}
35  -O                                                                        (1 = 5.0%) {60.0%}
36  O                                                                         (0 = 0.0%) {65.0%}
37  ----O                                                                     (4 = 20.0%) {65.0%}
38  -O                                                                        (1 = 5.0%) {85.0%}
39  -O                                                                        (1 = 5.0%) {90.0%}
40  ... 
42  -O                                                                        (1 = 5.0%) {95.0%}
43  ... 

Histogram: V8.MemoryHeapSampleCodeSpaceCommitted recorded 20 samples, mean = 921.6 (flags = 0x41)
0     --------------O                                                           (14 = 70.0%)
1000  O                                                                         (0 = 0.0%) {70.0%}
1138  --O                                                                       (2 = 10.0%) {70.0%}
1295  O                                                                         (0 = 0.0%) {80.0%}
1474  --O                                                                       (2 = 10.0%) {80.0%}
1678  O                                                                         (0 = 0.0%) {90.0%}
1910  --O                                                                       (2 = 10.0%) {90.0%}
2174  ... 

Histogram: V8.MemoryHeapSampleMaximumCommitted recorded 20 samples, mean = 12581.6 (flags = 0x41)
0      ... 
4153   -O                                                                        (1 = 5.0%) {0.0%}
4727   O                                                                         (0 = 0.0%) {5.0%}
5380   --O                                                                       (2 = 10.0%) {5.0%}
6124   O                                                                         (0 = 0.0%) {15.0%}
6971   -O                                                                        (1 = 5.0%) {15.0%}
7935   ----O                                                                     (4 = 20.0%) {20.0%}
9032   O                                                                         (0 = 0.0%) {40.0%}
10281  --O                                                                       (2 = 10.0%) {40.0%}
11702  O                                                                         (0 = 0.0%) {50.0%}
13320  -----O                                                                    (5 = 25.0%) {50.0%}
15161  -O                                                                        (1 = 5.0%) {75.0%}
17257  -O                                                                        (1 = 5.0%) {80.0%}
19642  O                                                                         (0 = 0.0%) {85.0%}
22357  ---O                                                                      (3 = 15.0%) {85.0%}
25447  ... 

Histogram: V8.MemoryHeapSampleTotalCommitted recorded 20 samples, mean = 11582.4 (flags = 0x41)
0      ... 
4153   -O                                                                        (1 = 5.0%) {0.0%}
4727   O                                                                         (0 = 0.0%) {5.0%}
5380   --O                                                                       (2 = 10.0%) {5.0%}
6124   O                                                                         (0 = 0.0%) {15.0%}
6971   -----O                                                                    (5 = 25.0%) {15.0%}
7935   ... 
10281  --O                                                                       (2 = 10.0%) {40.0%}
11702  O                                                                         (0 = 0.0%) {50.0%}
13320  ------O                                                                   (6 = 30.0%) {50.0%}
15161  --O                                                                       (2 = 10.0%) {80.0%}
17257  -O                                                                        (1 = 5.0%) {90.0%}
19642  O                                                                         (0 = 0.0%) {95.0%}
22357  -O                                                                        (1 = 5.0%) {95.0%}
25447  ... 

Histogram: V8.MemoryHeapSampleTotalUsed recorded 20 samples, mean = 7969.6 (flags = 0x41)
0      ... 
2475   -O                                                                        (1 = 5.0%) {0.0%}
2817   O                                                                         (0 = 0.0%) {5.0%}
3206   -O                                                                        (1 = 5.0%) {5.0%}
3649   O                                                                         (0 = 0.0%) {10.0%}
4153   --O                                                                       (2 = 10.0%) {10.0%}
4727   --O                                                                       (2 = 10.0%) {20.0%}
5380   --O                                                                       (2 = 10.0%) {30.0%}
6124   O                                                                         (0 = 0.0%) {40.0%}
6971   -O                                                                        (1 = 5.0%) {40.0%}
7935   -----O                                                                    (5 = 25.0%) {45.0%}
9032   -O                                                                        (1 = 5.0%) {70.0%}
10281  -O                                                                        (1 = 5.0%) {75.0%}
11702  ---O                                                                      (3 = 15.0%) {80.0%}
13320  -O                                                                        (1 = 5.0%) {95.0%}
15161  ... 

Histogram: V8.RegExpBacktracks recorded 261 samples, mean = 1.7 (flags = 0x41)
0    ------O                                                                   (18 = 6.9%)
1    ------------------------------------------------------------------------O (229 = 87.7%) {6.9%}
2    --O                                                                       (5 = 1.9%) {94.6%}
3    -O                                                                        (4 = 1.5%) {96.6%}
4    -O                                                                        (3 = 1.1%) {98.1%}
6    O                                                                         (0 = 0.0%) {99.2%}
9    O                                                                         (1 = 0.4%) {99.2%}
13   ... 
127  O                                                                         (1 = 0.4%) {99.6%}
185  ... 

Histogram: V8.SandboxedCodePointersCount recorded 2 samples, mean = 1182.5 (flags = 0x41)
0     ... 
1136  --O                                                                       (2 = 100.0%) {0.0%}
1321  ... 

Histogram: V8.SandboxedCppHeapPointersCount recorded 2 samples, mean = 4373.0 (flags = 0x41)
0     ... 
537   -O                                                                        (1 = 50.0%) {0.0%}
638   ... 
7152  -O                                                                        (1 = 50.0%) {50.0%}
8499  ... 

Histogram: V8.SandboxedExternalPointersCount recorded 22 samples, mean = 1371.9 (flags = 0x41)
0      --------O                                                                 (8 = 36.4%)
1      O                                                                         (0 = 0.0%) {36.4%}
2      -O                                                                        (1 = 4.5%) {36.4%}
3      -O                                                                        (1 = 4.5%) {40.9%}
4      ... 
8      -O                                                                        (1 = 4.5%) {45.5%}
10     ... 
29     -O                                                                        (1 = 4.5%) {50.0%}
34     -O                                                                        (1 = 4.5%) {54.5%}
40     -O                                                                        (1 = 4.5%) {59.1%}
48     -O                                                                        (1 = 4.5%) {63.6%}
57     ... 
81     -O                                                                        (1 = 4.5%) {68.2%}
96     ... 
160    -O                                                                        (1 = 4.5%) {72.7%}
190    ... 
758    --O                                                                       (2 = 9.1%) {77.3%}
901    ... 
1798   -O                                                                        (1 = 4.5%) {86.4%}
2137   ... 
12002  --O                                                                       (2 = 9.1%) {90.9%}
14263  ... 

Histogram: V8.SandboxedTrustedPointersCount recorded 2 samples, mean = 3971.0 (flags = 0x41)
0     ... 
3799  --O                                                                       (2 = 100.0%) {0.0%}
4418  ... 

Histogram: V8.SnapshotDeserializeContextMicroSeconds recorded 6 samples, mean = 881.7 (flags = 0x41)
0     ... 
340   --O                                                                       (2 = 33.3%) {0.0%}
448   -O                                                                        (1 = 16.7%) {33.3%}
590   O                                                                         (0 = 0.0%) {50.0%}
777   -O                                                                        (1 = 16.7%) {50.0%}
1023  -O                                                                        (1 = 16.7%) {66.7%}
1347  -O                                                                        (1 = 16.7%) {83.3%}
1774  ... 

Histogram: V8.TurboFan1KTicks recorded 30 samples, mean = 17.3 (flags = 0x41)
0    O                                                                         (0 = 0.0%)
1    ----O                                                                     (4 = 13.3%) {0.0%}
2    -O                                                                        (1 = 3.3%) {13.3%}
3    --O                                                                       (2 = 6.7%) {16.7%}
4    --O                                                                       (2 = 6.7%) {23.3%}
5    ----O                                                                     (4 = 13.3%) {30.0%}
6    -O                                                                        (1 = 3.3%) {43.3%}
7    -O                                                                        (1 = 3.3%) {46.7%}
8    O                                                                         (0 = 0.0%) {50.0%}
9    --O                                                                       (2 = 6.7%) {50.0%}
10   O                                                                         (0 = 0.0%) {56.7%}
11   -O                                                                        (1 = 3.3%) {56.7%}
12   ... 
14   --O                                                                       (2 = 6.7%) {60.0%}
15   -O                                                                        (1 = 3.3%) {66.7%}
16   -O                                                                        (1 = 3.3%) {70.0%}
17   O                                                                         (0 = 0.0%) {73.3%}
18   -O                                                                        (1 = 3.3%) {73.3%}
19   O                                                                         (0 = 0.0%) {76.7%}
20   -O                                                                        (1 = 3.3%) {76.7%}
21   O                                                                         (0 = 0.0%) {80.0%}
22   --O                                                                       (2 = 6.7%) {80.0%}
23   ... 
31   -O                                                                        (1 = 3.3%) {86.7%}
33   ... 
45   -O                                                                        (1 = 3.3%) {90.0%}
47   ... 
97   -O                                                                        (1 = 3.3%) {93.3%}
102  ... 
117  -O                                                                        (1 = 3.3%) {96.7%}
123  ... 

Histogram: V8.TurboFanOptimizeConcurrentTotalTime recorded 27 samples, mean = 3580.3 (flags = 0x41)
0      ... 
752    -----O                                                                    (5 = 18.5%) {0.0%}
1043   -----O                                                                    (5 = 18.5%) {18.5%}
1447   -----O                                                                    (5 = 18.5%) {37.0%}
2008   ----O                                                                     (4 = 14.8%) {55.6%}
2786   ---O                                                                      (3 = 11.1%) {70.4%}
3865   -O                                                                        (1 = 3.7%) {81.5%}
5362   -O                                                                        (1 = 3.7%) {85.2%}
7439   -O                                                                        (1 = 3.7%) {88.9%}
10321  -O                                                                        (1 = 3.7%) {92.6%}
14319  O                                                                         (0 = 0.0%) {96.3%}
19866  -O                                                                        (1 = 3.7%) {96.3%}
27562  ... 

Histogram: V8.TurboFanOptimizeExecute recorded 27 samples, mean = 3057.8 (flags = 0x41)
0      ... 
590    ----O                                                                     (4 = 14.8%) {0.0%}
777    ---O                                                                      (3 = 11.1%) {14.8%}
1023   ----O                                                                     (4 = 14.8%) {25.9%}
1347   ----O                                                                     (4 = 14.8%) {40.7%}
1774   ---O                                                                      (3 = 11.1%) {55.6%}
2336   -----O                                                                    (5 = 18.5%) {66.7%}
3077   ... 
5338   --O                                                                       (2 = 7.4%) {85.2%}
7031   -O                                                                        (1 = 3.7%) {92.6%}
9260   ... 
21156  -O                                                                        (1 = 3.7%) {96.3%}
27864  ... 

Histogram: V8.TurboFanOptimizeFinalize recorded 27 samples, mean = 36.0 (flags = 0x41)
0    ... 
3    -O                                                                        (1 = 3.7%) {0.0%}
4    -O                                                                        (1 = 3.7%) {3.7%}
5    -O                                                                        (1 = 3.7%) {7.4%}
7    -O                                                                        (1 = 3.7%) {11.1%}
9    -O                                                                        (1 = 3.7%) {14.8%}
12   --O                                                                       (2 = 7.4%) {18.5%}
16   ---O                                                                      (3 = 11.1%) {25.9%}
21   ----O                                                                     (4 = 14.8%) {37.0%}
28   -------O                                                                  (7 = 25.9%) {51.9%}
37   -O                                                                        (1 = 3.7%) {77.8%}
49   -O                                                                        (1 = 3.7%) {81.5%}
65   -O                                                                        (1 = 3.7%) {85.2%}
86   --O                                                                       (2 = 7.4%) {88.9%}
113  O                                                                         (0 = 0.0%) {96.3%}
149  -O                                                                        (1 = 3.7%) {96.3%}
196  ... 

Histogram: V8.TurboFanOptimizeForOnStackReplacementExecute recorded 3 samples, mean = 12258.7 (flags = 0x41)
0      ... 
2336   -O                                                                        (1 = 33.3%) {0.0%}
3077   ... 
5338   -O                                                                        (1 = 33.3%) {33.3%}
7031   ... 
21156  -O                                                                        (1 = 33.3%) {66.7%}
27864  ... 

Histogram: V8.TurboFanOptimizeForOnStackReplacementFinalize recorded 3 samples, mean = 73.0 (flags = 0x41)
0    ... 
37   --O                                                                       (2 = 66.7%) {0.0%}
49   ... 
113  -O                                                                        (1 = 33.3%) {66.7%}
149  ... 

Histogram: V8.TurboFanOptimizeForOnStackReplacementPrepare recorded 3 samples, mean = 88.0 (flags = 0x41)
0    ... 
16   -O                                                                        (1 = 33.3%) {0.0%}
21   -O                                                                        (1 = 33.3%) {33.3%}
28   ... 
196  -O                                                                        (1 = 33.3%) {66.7%}
258  ... 

Histogram: V8.TurboFanOptimizeForOnStackReplacementTotalTime recorded 3 samples, mean = 12722.0 (flags = 0x41)
0      ... 
2786   -O                                                                        (1 = 33.3%) {0.0%}
3865   O                                                                         (0 = 0.0%) {33.3%}
5362   -O                                                                        (1 = 33.3%) {33.3%}
7439   ... 
27562  -O                                                                        (1 = 33.3%) {66.7%}
38240  ... 

Histogram: V8.TurboFanOptimizePrepare recorded 27 samples, mean = 11.6 (flags = 0x41)
0   ... 
3   ---O                                                                      (3 = 11.1%) {0.0%}
4   -O                                                                        (1 = 3.7%) {11.1%}
5   --------O                                                                 (8 = 29.6%) {14.8%}
7   ----O                                                                     (4 = 14.8%) {44.4%}
9   ----O                                                                     (4 = 14.8%) {59.3%}
12  --O                                                                       (2 = 7.4%) {74.1%}
16  -O                                                                        (1 = 3.7%) {81.5%}
21  O                                                                         (0 = 0.0%) {85.2%}
28  --O                                                                       (2 = 7.4%) {85.2%}
37  --O                                                                       (2 = 7.4%) {92.6%}
49  ... 

Histogram: V8.TurboFanOptimizeTotalBackground recorded 27 samples, mean = 3057.8 (flags = 0x41)
0      ... 
542    ---O                                                                      (3 = 11.1%) {0.0%}
752    ----O                                                                     (4 = 14.8%) {11.1%}
1043   ------O                                                                   (6 = 22.2%) {25.9%}
1447   ---O                                                                      (3 = 11.1%) {48.1%}
2008   -----O                                                                    (5 = 18.5%) {59.3%}
2786   --O                                                                       (2 = 7.4%) {77.8%}
3865   O                                                                         (0 = 0.0%) {85.2%}
5362   --O                                                                       (2 = 7.4%) {85.2%}
7439   -O                                                                        (1 = 3.7%) {92.6%}
10321  ... 
19866  -O                                                                        (1 = 3.7%) {96.3%}
27562  ... 

Histogram: V8.TurboFanOptimizeTotalForeground recorded 27 samples, mean = 47.6 (flags = 0x41)
0    ... 
8    -O                                                                        (1 = 3.7%) {0.0%}
11   -O                                                                        (1 = 3.7%) {3.7%}
15   ---O                                                                      (3 = 11.1%) {7.4%}
21   ----O                                                                     (4 = 14.8%) {18.5%}
29   -------O                                                                  (7 = 25.9%) {33.3%}
40   ----O                                                                     (4 = 14.8%) {59.3%}
55   --O                                                                       (2 = 7.4%) {74.1%}
76   ---O                                                                      (3 = 11.1%) {81.5%}
105  -O                                                                        (1 = 3.7%) {92.6%}
146  -O                                                                        (1 = 3.7%) {96.3%}
203  ... 

Histogram: V8.TurboFanOptimizeTotalTime recorded 27 samples, mean = 3580.3 (flags = 0x41)
0      ... 
752    -----O                                                                    (5 = 18.5%) {0.0%}
1043   -----O                                                                    (5 = 18.5%) {18.5%}
1447   -----O                                                                    (5 = 18.5%) {37.0%}
2008   ----O                                                                     (4 = 14.8%) {55.6%}
2786   ---O                                                                      (3 = 11.1%) {70.4%}
3865   -O                                                                        (1 = 3.7%) {81.5%}
5362   -O                                                                        (1 = 3.7%) {85.2%}
7439   -O                                                                        (1 = 3.7%) {88.9%}
10321  -O                                                                        (1 = 3.7%) {92.6%}
14319  O                                                                         (0 = 0.0%) {96.3%}
19866  -O                                                                        (1 = 3.7%) {96.3%}
27562  ... 

Histogram: Variations.ExtendedSafeMode.BeaconFileStateAtStartup recorded 1 samples, mean = 0.0 (flags = 0x41)
0  -O                                                                        (1 = 100.0%)
1  ... 

Histogram: Variations.ExtendedSafeMode.BeaconFileWrite recorded 2 samples, mean = 1.0 (flags = 0x41)
0  O                                                                         (0 = 0.0%)
1  --O                                                                       (2 = 100.0%) {0.0%}
2  O                                                                         (0 = 0.0%) {100.0%}

Histogram: Variations.ForcedFieldTrialsAtStartupForInternalsPage recorded 1 samples, mean = 0.0 (flags = 0x41)
0  -O                                                                        (1 = 100.0%)
1  ... 

Histogram: Variations.Headers.ExperimentCount recorded 92 samples, mean = 1.0 (flags = 0x41)
0  O                                                                         (0 = 0.0%)
1  ------------------------------------------------------------------------O (92 = 100.0%) {0.0%}
2  ... 

Histogram: Variations.Headers.HasLowEntropySourceValue recorded 92 samples, mean = 1.0 (flags = 0x41)
0  O                                                                         (0 = 0.0%)
1  ------------------------------------------------------------------------O (92 = 100.0%) {0.0%}
2  O                                                                         (0 = 0.0%) {100.0%}

Histogram: Variations.Headers.RequestContextCategory recorded 49 samples, mean = 3.8 (flags = 0x41)
0  --O                                                                       (2 = 4.1%)
1  ... 
4  -----------------------------------------------O                          (47 = 95.9%) {4.1%}
5  ... 

Histogram: Variations.Headers.URLValidationResult.Append recorded 49 samples, mean = 2.0 (flags = 0x41)
0  ... 
2  ------------------------------------------------O                         (48 = 98.0%) {0.0%}
3  -O                                                                        (1 = 2.0%) {98.0%}
4  ... 

Histogram: Variations.Headers.URLValidationResult.Remove recorded 3 samples, mean = 2.0 (flags = 0x41)
0  ... 
2  ---O                                                                      (3 = 100.0%) {0.0%}
3  ... 

Histogram: Variations.Limits.VariationKeySize.Default recorded 23 samples, mean = 0.0 (flags = 0x41)
0  -----------------------O                                                  (23 = 100.0%)
1  ... 

Histogram: Variations.LoadPermanentConsistencyCountryResult recorded 1 samples, mean = 0.0 (flags = 0x41)
0  -O                                                                        (1 = 100.0%)
1  ... 

Histogram: Variations.PolicyRestriction recorded 1 samples, mean = 0.0 (flags = 0x41)
0  -O                                                                        (1 = 100.0%)
1  ... 

Histogram: Variations.SafeMode.Streak.Crashes recorded 1 samples (flags = 0x41)
0  -O                                                                        (1 = 100.0%)

Histogram: Variations.SafeMode.Streak.FetchFailures recorded 1 samples (flags = 0x41)
0  -O                                                                        (1 = 100.0%)

Histogram: Variations.SeedLoadResult recorded 1 samples, mean = 1.0 (flags = 0x41)
0  O                                                                         (0 = 0.0%)
1  -O                                                                        (1 = 100.0%) {0.0%}
2  ... 

Histogram: Variations.SeedUsage recorded 1 samples, mean = 2.0 (flags = 0x41)
0  ... 
2  -O                                                                        (1 = 100.0%) {0.0%}
3  ... 

Histogram: Variations.UserChannel recorded 1 samples (flags = 0x41)
-1 -O                                                                        (1 = 100.0%)

Histogram: Views.Browser.NumColorProvidersInitializedDuringOnNativeThemeUpdated recorded 3 samples, mean = 0.0 (flags = 0x41)
0  ---O                                                                      (3 = 100.0%)
1  ... 

Histogram: Views.Browser.TimeSpentInitializingColorProvider recorded 3 samples, mean = 0.7 (flags = 0x41)
0  -O                                                                        (1 = 33.3%)
1  --O                                                                       (2 = 66.7%) {33.3%}
2  ... 

Histogram: Views.Browser.TimeSpentProcessingOnNativeThemeUpdatedEvent recorded 3 samples, mean = 0.0 (flags = 0x41)
0  ---O                                                                      (3 = 100.0%)
1  ... 

Histogram: Views.ColorProviderCacheSize recorded 3 samples, mean = 2.0 (flags = 0x41)
0  O                                                                         (0 = 0.0%)
1  -O                                                                        (1 = 33.3%) {0.0%}
2  -O                                                                        (1 = 33.3%) {33.3%}
3  -O                                                                        (1 = 33.3%) {66.7%}
4  ... 

Histogram: Viz.FrameSink.GpuBusyDuration recorded 1 samples, mean = 9541.0 (flags = 0x41)
0     ... 
8981  -O                                                                        (1 = 100.0%) {0.0%}
10403 ... 

Histogram: Viz.FrameSinkVideoCapturer.CaptureDuration recorded 1 samples, mean = 86.0 (flags = 0x41)
0   ... 
84  -O                                                                        (1 = 100.0%) {0.0%}
95  ... 

Histogram: Viz.FrameSinkVideoCapturer.CaptureSucceeded recorded 1 samples, mean = 1.0 (flags = 0x41)
0  O                                                                         (0 = 0.0%)
1  -O                                                                        (1 = 100.0%) {0.0%}
2  O                                                                         (0 = 0.0%) {100.0%}

Histogram: Viz.FrameSinkVideoCapturer.FrameResurrected recorded 1 samples, mean = 0.0 (flags = 0x41)
0  -O                                                                        (1 = 100.0%)
1  ... 

Histogram: Viz.FrameSinkVideoCapturer.RGBA.CaptureDuration recorded 1 samples, mean = 86.0 (flags = 0x41)
0   ... 
84  -O                                                                        (1 = 100.0%) {0.0%}
95  ... 

Histogram: Viz.FrameSinkVideoCapturer.RGBA.CaptureSucceeded recorded 1 samples, mean = 1.0 (flags = 0x41)
0  O                                                                         (0 = 0.0%)
1  -O                                                                        (1 = 100.0%) {0.0%}
2  O                                                                         (0 = 0.0%) {100.0%}

Histogram: Viz.FrameSinkVideoCapturer.ReserveFrameDuration recorded 1 samples, mean = 65.0 (flags = 0x41)
0   ... 
64  -O                                                                        (1 = 100.0%) {0.0%}
70  ... 

Histogram: Viz.FrameSinkVideoCapturer.TotalDuration recorded 1 samples, mean = 86.0 (flags = 0x41)
0   ... 
84  -O                                                                        (1 = 100.0%) {0.0%}
95  ... 

Histogram: WebAuthentication.Windows.KeyCredentialManagerSupported recorded 1 samples, mean = 0.0 (flags = 0x41)
0  -O                                                                        (1 = 100.0%)
1  ... 

Histogram: WebContentsObserver.DOMContentLoaded recorded 3 samples, mean = 0.0 (flags = 0x41)
0  ---O                                                                      (3 = 100.0%)
1  ... 

Histogram: WebContentsObserver.DidChangeVisibleSecurityState recorded 2 samples, mean = 0.0 (flags = 0x41)
0  --O                                                                       (2 = 100.0%)
1  ... 

Histogram: WebContentsObserver.DidFinishLoad recorded 3 samples, mean = 0.0 (flags = 0x41)
0  ---O                                                                      (3 = 100.0%)
1  ... 

Histogram: WebContentsObserver.DidFinishNavigation recorded 5 samples, mean = 0.2 (flags = 0x41)
0  ----O                                                                     (4 = 80.0%)
1  -O                                                                        (1 = 20.0%) {80.0%}
2  ... 

Histogram: WebContentsObserver.DidFirstVisuallyNonEmptyPaint recorded 1 samples, mean = 0.0 (flags = 0x41)
0  -O                                                                        (1 = 100.0%)
1  ... 

Histogram: WebContentsObserver.DidRedirectNavigation recorded 1 samples, mean = 0.0 (flags = 0x41)
0  -O                                                                        (1 = 100.0%)
1  ... 

Histogram: WebContentsObserver.DidStartLoading recorded 2 samples, mean = 0.0 (flags = 0x41)
0  --O                                                                       (2 = 100.0%)
1  ... 

Histogram: WebContentsObserver.DidStartNavigation recorded 5 samples, mean = 0.0 (flags = 0x41)
0  -----O                                                                    (5 = 100.0%)
1  ... 

Histogram: WebContentsObserver.DidStartNavigation.MainFrame recorded 3 samples, mean = 0.0 (flags = 0x41)
0  ---O                                                                      (3 = 100.0%)
1  ... 

Histogram: WebContentsObserver.DidStartNavigation.Subframe recorded 2 samples, mean = 0.0 (flags = 0x41)
0  --O                                                                       (2 = 100.0%)
1  ... 

Histogram: WebContentsObserver.DidStopLoading recorded 2 samples, mean = 0.0 (flags = 0x41)
0  --O                                                                       (2 = 100.0%)
1  ... 

Histogram: WebContentsObserver.DidUpdateNavigationHandleTiming recorded 5 samples, mean = 0.0 (flags = 0x41)
0  -----O                                                                    (5 = 100.0%)
1  ... 

Histogram: WebContentsObserver.LoadProgressChanged recorded 10 samples, mean = 0.0 (flags = 0x41)
0  ----------O                                                               (10 = 100.0%)
1  ... 

Histogram: WebContentsObserver.NavigationEntryChanged recorded 3 samples, mean = 0.0 (flags = 0x41)
0  ---O                                                                      (3 = 100.0%)
1  ... 

Histogram: WebContentsObserver.NavigationEntryCommitted recorded 2 samples, mean = 0.0 (flags = 0x41)
0  --O                                                                       (2 = 100.0%)
1  ... 

Histogram: WebContentsObserver.PrimaryMainDocumentElementAvailable recorded 1 samples, mean = 0.0 (flags = 0x41)
0  -O                                                                        (1 = 100.0%)
1  ... 

Histogram: WebContentsObserver.RenderFrameCreated recorded 4 samples, mean = 0.0 (flags = 0x41)
0  ----O                                                                     (4 = 100.0%)
1  ... 

Histogram: WebContentsObserver.RenderFrameDeleted recorded 4 samples, mean = 0.2 (flags = 0x41)
0  ---O                                                                      (3 = 75.0%)
1  -O                                                                        (1 = 25.0%) {75.0%}
2  ... 

Histogram: WebContentsObserver.RenderViewReady recorded 2 samples, mean = 0.0 (flags = 0x41)
0  --O                                                                       (2 = 100.0%)
1  ... 

Histogram: WebContentsObserver.TitleWasSet recorded 1 samples, mean = 0.0 (flags = 0x41)
0  -O                                                                        (1 = 100.0%)
1  ... 

Histogram: WebCore.Scripts.Async.NotStreamingReason recorded 20 samples, mean = 9.0 (flags = 0x41)
0  ... 
9  --------------------O                                                     (20 = 100.0%) {0.0%}
10 ... 

Histogram: WebCore.Scripts.Async.StartedStreaming recorded 26 samples, mean = 0.2 (flags = 0x41)
0  --------------------O                                                     (20 = 76.9%)
1  ------O                                                                   (6 = 23.1%) {76.9%}
2  O                                                                         (0 = 0.0%) {100.0%}

Histogram: WebCore.Scripts.Other.NotStreamingReason recorded 18 samples, mean = 11.0 (flags = 0x41)
0   ... 
11  ------------------O                                                       (18 = 100.0%) {0.0%}
12  ... 

Histogram: WebCore.Scripts.Other.StartedStreaming recorded 18 samples, mean = 0.0 (flags = 0x41)
0  ------------------O                                                       (18 = 100.0%)
1  ... 

Histogram: WebCore.Scripts.V8CodeCacheMetadata.Get recorded 49 samples, mean = 4.1 (flags = 0x41)
0  ---------O                                                                (9 = 18.4%)
1  ... 
5  ----------------------------------------O                                 (40 = 81.6%) {18.4%}
6  O                                                                         (0 = 0.0%) {100.0%}

Histogram: WebCore.Scripts.V8CodeCacheMetadata.Set recorded 3 samples, mean = 0.0 (flags = 0x41)
0  ---O                                                                      (3 = 100.0%)
1  ... 

Histogram: WebCore.Scripts.V8CompileHintsStatus recorded 46 samples, mean = 8.7 (flags = 0x41)
0   ... 
6   --------------------O                                                     (20 = 43.5%) {0.0%}
7   ... 
10  ------O                                                                   (6 = 13.0%) {43.5%}
11  --------------------O                                                     (20 = 43.5%) {56.5%}
12  ... 

Histogram: WebCore.Scripts.V8CrowdsourcedCompileHints.ModelQuality recorded 1 samples, mean = 0.0 (flags = 0x41)
0  -O                                                                        (1 = 100.0%)
1  ... 

Histogram: WebDatabase.InitResult recorded 2 samples, mean = 0.0 (flags = 0x41)
0  --O                                                                       (2 = 100.0%)
1  ... 

Histogram: WebFont.CacheHit recorded 5 samples, mean = 1.4 (flags = 0x41)
0  O                                                                         (0 = 0.0%)
1  ----O                                                                     (4 = 80.0%) {0.0%}
2  O                                                                         (0 = 0.0%) {80.0%}
3  -O                                                                        (1 = 20.0%) {80.0%}
4  O                                                                         (0 = 0.0%) {100.0%}

Histogram: WebFont.Clients.RenderBlockingFonts.ExpiredFonts recorded 1 samples, mean = 1.0 (flags = 0x41)
0  O                                                                         (0 = 0.0%)
1  -O                                                                        (1 = 100.0%) {0.0%}
2  O                                                                         (0 = 0.0%) {100.0%}

Histogram: WebFont.HadBlankText recorded 1 samples, mean = 0.0 (flags = 0x41)
0  -O                                                                        (1 = 100.0%)
1  ... 

Histogram: WebFont.LocalFontUsed recorded 1 samples, mean = 1.0 (flags = 0x41)
0  O                                                                         (0 = 0.0%)
1  -O                                                                        (1 = 100.0%) {0.0%}
2  O                                                                         (0 = 0.0%) {100.0%}

Histogram: Windows.AcLayersLoaded recorded 1 samples, mean = 0.0 (flags = 0x41)
0  -O                                                                        (1 = 100.0%)
1  ... 

Histogram: Windows.CetAvailable recorded 1 samples, mean = 1.0 (flags = 0x41)
0  O                                                                         (0 = 0.0%)
1  -O                                                                        (1 = 100.0%) {0.0%}
2  O                                                                         (0 = 0.0%) {100.0%}

Histogram: Windows.CetEnabled recorded 1 samples, mean = 0.0 (flags = 0x41)
0  -O                                                                        (1 = 100.0%)
1  ... 

Histogram: Windows.DisplayIdFromDeviceId recorded 91 samples, mean = 3.0 (flags = 0x41)
0  ... 
3  ------------------------------------------------------------------------O (91 = 100.0%) {0.0%}
4  O                                                                         (0 = 0.0%) {100.0%}

Histogram: Windows.DisplayIdFromDeviceKey recorded 91 samples, mean = 3.0 (flags = 0x41)
0  ... 
3  ------------------------------------------------------------------------O (91 = 100.0%) {0.0%}
4  O                                                                         (0 = 0.0%) {100.0%}

Histogram: Windows.Enclave.SGX.Available recorded 1 samples, mean = 0.0 (flags = 0x41)
0  -O                                                                        (1 = 100.0%)
1  ... 

Histogram: Windows.Enclave.SGX2.Available recorded 1 samples, mean = 0.0 (flags = 0x41)
0  -O                                                                        (1 = 100.0%)
1  ... 

Histogram: Windows.Enclave.VBS.Available recorded 1 samples, mean = 1.0 (flags = 0x41)
0  O                                                                         (0 = 0.0%)
1  -O                                                                        (1 = 100.0%) {0.0%}
2  O                                                                         (0 = 0.0%) {100.0%}

Histogram: Windows.Enclave.VBSBasic.Available recorded 1 samples, mean = 0.0 (flags = 0x41)
0  -O                                                                        (1 = 100.0%)
1  ... 

Histogram: Windows.HasHighResolutionTimeTicks recorded 1 samples, mean = 1.0 (flags = 0x41)
0  O                                                                         (0 = 0.0%)
1  -O                                                                        (1 = 100.0%) {0.0%}
2  O                                                                         (0 = 0.0%) {100.0%}

Histogram: Windows.HasThreadTicks recorded 1 samples, mean = 1.0 (flags = 0x41)
0  O                                                                         (0 = 0.0%)
1  -O                                                                        (1 = 100.0%) {0.0%}
2  O                                                                         (0 = 0.0%) {100.0%}

Histogram: Windows.HighResolutionTimerUsage recorded 180 samples, mean = 0.0 (flags = 0x41)
0  ------------------------------------------------------------------------O (180 = 100.0%)
1  ... 

Histogram: Windows.HypervPresent recorded 1 samples, mean = 1.0 (flags = 0x41)
0  O                                                                         (0 = 0.0%)
1  -O                                                                        (1 = 100.0%) {0.0%}
2  O                                                                         (0 = 0.0%) {100.0%}

Histogram: Windows.LegacyDisplayIdAlgorithm recorded 184 samples, mean = 0.0 (flags = 0x41)
0  ------------------------------------------------------------------------O (184 = 100.0%)
1  ... 

Histogram: Windows.ParallelDllLoadingEnabled recorded 1 samples, mean = 1.0 (flags = 0x41)
0  O                                                                         (0 = 0.0%)
1  -O                                                                        (1 = 100.0%) {0.0%}
2  O                                                                         (0 = 0.0%) {100.0%}

Histogram: Windows.PatchLevel recorded 1 samples (flags = 0x41)
1717052075  -O                                                                        (1 = 100.0%)

Histogram: Windows.PatchLevelKernel32 recorded 1 samples (flags = 0x41)
1710498475  -O                                                                        (1 = 100.0%)

Histogram: Windows.ProcessorFamily recorded 1 samples (flags = 0x41)
107  -O                                                                        (1 = 100.0%)

Histogram: Windows.ProcessorVirtualizationFirmwareEnabled recorded 1 samples, mean = 1.0 (flags = 0x41)
0  O                                                                         (0 = 0.0%)
1  -O                                                                        (1 = 100.0%) {0.0%}
2  O                                                                         (0 = 0.0%) {100.0%}


